solid OpenSCAD_Model
  facet normal -0.9945218953682734 0.10452846326765311 0
    outer loop
      vertex -20 16 -9.978087581473094
      vertex -19.912590402935223 16.83164676327104 9.978087581473094
      vertex -19.912590402935223 16.83164676327104 -9.978087581473094
    endloop
  endfacet
  facet normal -0.9510565162951542 0.30901699437494556 0
    outer loop
      vertex -19.912590402935223 16.83164676327104 -9.978087581473094
      vertex -19.654181830570405 17.626946572303204 9.978087581473094
      vertex -19.654181830570405 17.626946572303204 -9.978087581473094
    endloop
  endfacet
  facet normal -0.8660254037844373 0.5000000000000022 0
    outer loop
      vertex -19.654181830570405 17.626946572303204 -9.978087581473094
      vertex -19.23606797749979 18.351141009169893 9.978087581473094
      vertex -19.23606797749979 18.351141009169893 -9.978087581473094
    endloop
  endfacet
  facet normal -0.7431448254773932 0.6691306063588592 0
    outer loop
      vertex -19.23606797749979 18.351141009169893 -9.978087581473094
      vertex -18.676522425435433 18.972579301909576 9.978087581473094
      vertex -18.676522425435433 18.972579301909576 -9.978087581473094
    endloop
  endfacet
  facet normal -0.5877852522924757 0.8090169943749455 0
    outer loop
      vertex -18.676522425435433 18.972579301909576 -9.978087581473094
      vertex -18 19.464101615137757 9.978087581473094
      vertex -18 19.464101615137757 -9.978087581473094
    endloop
  endfacet
  facet normal -0.4067366430757981 0.9135454576426019 0
    outer loop
      vertex -18 19.464101615137757 -9.978087581473094
      vertex -17.23606797749979 19.804226065180615 9.978087581473094
      vertex -17.23606797749979 19.804226065180615 -9.978087581473094
    endloop
  endfacet
  facet normal -0.20791169081775598 0.9781476007338064 0
    outer loop
      vertex -17.23606797749979 19.804226065180615 -9.978087581473094
      vertex -16.418113853070615 19.97808758147309 9.978087581473094
      vertex -16.418113853070615 19.97808758147309 -9.978087581473094
    endloop
  endfacet
  facet normal 0 1 0
    outer loop
      vertex -16.418113853070615 19.97808758147309 -9.978087581473094
      vertex -16.418113853070615 19.97808758147309 9.978087581473094
      vertex -15.15 19.97808758147309 -9.978087581473094
    endloop
  endfacet
  facet normal -0.9945218953682734 0.10452846326765311 0
    outer loop
      vertex -20 16 -9.978087581473094
      vertex -20 16 9.978087581473094
      vertex -19.912590402935223 16.83164676327104 9.978087581473094
    endloop
  endfacet
  facet normal -0.9510565162951542 0.30901699437494556 0
    outer loop
      vertex -19.912590402935223 16.83164676327104 -9.978087581473094
      vertex -19.912590402935223 16.83164676327104 9.978087581473094
      vertex -19.654181830570405 17.626946572303204 9.978087581473094
    endloop
  endfacet
  facet normal -0.8660254037844373 0.5000000000000022 0
    outer loop
      vertex -19.654181830570405 17.626946572303204 -9.978087581473094
      vertex -19.654181830570405 17.626946572303204 9.978087581473094
      vertex -19.23606797749979 18.351141009169893 9.978087581473094
    endloop
  endfacet
  facet normal -0.7431448254773932 0.6691306063588592 0
    outer loop
      vertex -19.23606797749979 18.351141009169893 -9.978087581473094
      vertex -19.23606797749979 18.351141009169893 9.978087581473094
      vertex -18.676522425435433 18.972579301909576 9.978087581473094
    endloop
  endfacet
  facet normal -0.5877852522924757 0.8090169943749455 0
    outer loop
      vertex -18.676522425435433 18.972579301909576 -9.978087581473094
      vertex -18.676522425435433 18.972579301909576 9.978087581473094
      vertex -18 19.464101615137757 9.978087581473094
    endloop
  endfacet
  facet normal -0.4067366430757981 0.9135454576426019 0
    outer loop
      vertex -18 19.464101615137757 -9.978087581473094
      vertex -18 19.464101615137757 9.978087581473094
      vertex -17.23606797749979 19.804226065180615 9.978087581473094
    endloop
  endfacet
  facet normal -0.20791169081775598 0.9781476007338064 0
    outer loop
      vertex -17.23606797749979 19.804226065180615 -9.978087581473094
      vertex -17.23606797749979 19.804226065180615 9.978087581473094
      vertex -16.418113853070615 19.97808758147309 9.978087581473094
    endloop
  endfacet
  facet normal 0 1 0
    outer loop
      vertex -16.418113853070615 19.97808758147309 9.978087581473094
      vertex -15.15 19.97808758147309 9.978087581473094
      vertex -15.15 19.97808758147309 -9.978087581473094
    endloop
  endfacet
  facet normal -1 0 0
    outer loop
      vertex -20 -9.634163840159182 -7.626946572303201
      vertex -20 -9.891156823326853 -6.831646763271038
      vertex -20 -6.415823381635519 -9.978087581473094
    endloop
  endfacet
  facet normal -1 0 0
    outer loop
      vertex -20 -9.218340458523667 -8.351141009169893
      vertex -20 -9.634163840159182 -7.626946572303201
      vertex -20 -6.415823381635519 -9.978087581473094
    endloop
  endfacet
  facet normal -1 0 0
    outer loop
      vertex -20 -6.415823381635519 -9.978087581473094
      vertex -20 -9.891156823326853 -6.831646763271038
      vertex -20 -9.978087581473094 -6
    endloop
  endfacet
  facet normal -1 0 0
    outer loop
      vertex -20 -8.661860155539735 -8.972579301909576
      vertex -20 -6.415823381635519 -9.978087581473094
      vertex -20 -7.989043790736545 -9.464101615137753
    endloop
  endfacet
  facet normal -1 0 0
    outer loop
      vertex -20 -7.989043790736545 -9.464101615137753
      vertex -20 -6.415823381635519 -9.978087581473094
      vertex -20 -7.229296667787118 -9.804226065180615
    endloop
  endfacet
  facet normal -1 0 0
    outer loop
      vertex -20 -8.661860155539735 -8.972579301909576
      vertex -20 -9.218340458523667 -8.351141009169893
      vertex -20 -6.415823381635519 -9.978087581473094
    endloop
  endfacet
  facet normal -1 0 0
    outer loop
      vertex -20 -6.415823381635519 -9.978087581473094
      vertex -20 -9.978087581473094 -6
      vertex -20 -9.978087581473094 6
    endloop
  endfacet
  facet normal -1 0 0
    outer loop
      vertex -20 -6.415823381635519 -9.978087581473094
      vertex -20 -2.04477151003458 -0.6643865379061369
      vertex -20 -1.861954618136543 -1.075
    endloop
  endfacet
  facet normal -1 0 0
    outer loop
      vertex -20 -6.415823381635519 -9.978087581473094
      vertex -20 -1.5977613747763975 -1.4386308036715452
      vertex -20 -1.2637382924288172 -1.7393865379061368
    endloop
  endfacet
  facet normal -1 0 0
    outer loop
      vertex -20 -6.415823381635519 -9.978087581473094
      vertex -20 -0.8744837826129704 -1.9641227339315919
      vertex -20 -0.44701013525818256 -2.103017341577682
    endloop
  endfacet
  facet normal -1 0 0
    outer loop
      vertex -20 -6.415823381635519 -9.978087581473094
      vertex -20 -1.2637382924288172 -1.7393865379061368
      vertex -20 -0.8744837826129704 -1.9641227339315919
    endloop
  endfacet
  facet normal -1 0 0
    outer loop
      vertex -20 -6.415823381635519 -9.978087581473094
      vertex -20 -1.861954618136543 -1.075
      vertex -20 -1.5977613747763975 -1.4386308036715452
    endloop
  endfacet
  facet normal -1 0 0
    outer loop
      vertex -20 -6.415823381635519 -9.978087581473094
      vertex -20 -2.1382220750417873 -0.22473619602545494
      vertex -20 -2.04477151003458 -0.6643865379061369
    endloop
  endfacet
  facet normal -1 0 0
    outer loop
      vertex -20 -6.415823381635519 -9.978087581473094
      vertex -20 -2.1382220750417873 0.22473619602545494
      vertex -20 -2.1382220750417873 -0.22473619602545494
    endloop
  endfacet
  facet normal -1 0 0
    outer loop
      vertex -20 -6.415823381635519 -9.978087581473094
      vertex -20 -0.44701013525818256 -2.103017341577682
      vertex -20 0 -2.15
    endloop
  endfacet
  facet normal -1 0 0
    outer loop
      vertex -20 -6.415823381635519 -9.978087581473094
      vertex -20 0 -2.15
      vertex -20 0.44701013525818256 -2.103017341577682
    endloop
  endfacet
  facet normal -1 0 0
    outer loop
      vertex -20 -6.415823381635519 -9.978087581473094
      vertex -20 0.44701013525818256 -2.103017341577682
      vertex -20 0.8744837826129704 -1.9641227339315919
    endloop
  endfacet
  facet normal -1 0 0
    outer loop
      vertex -20 -6.415823381635519 -9.978087581473094
      vertex -20 0.8744837826129704 -1.9641227339315919
      vertex -20 1.2637382924288172 -1.7393865379061368
    endloop
  endfacet
  facet normal -1 0 0
    outer loop
      vertex -20 -6.415823381635519 -9.978087581473094
      vertex -20 1.2637382924288172 -1.7393865379061368
      vertex -20 16 9.978087581473094
    endloop
  endfacet
  facet normal -1 0 0
    outer loop
      vertex -20 -6.415823381635519 -9.978087581473094
      vertex -20 -9.978087581473094 6
      vertex -20 -9.891156823326853 6.8316467632710385
    endloop
  endfacet
  facet normal -1 0 0
    outer loop
      vertex -20 -6.415823381635519 -9.978087581473094
      vertex -20 -9.891156823326853 6.8316467632710385
      vertex -20 -9.634163840159182 7.626946572303201
    endloop
  endfacet
  facet normal -1 0 0
    outer loop
      vertex -20 -6.415823381635519 -9.978087581473094
      vertex -20 -9.634163840159182 7.626946572303201
      vertex -20 -9.218340458523667 8.351141009169893
    endloop
  endfacet
  facet normal -1 0 0
    outer loop
      vertex -20 -6.415823381635519 -9.978087581473094
      vertex -20 -9.218340458523667 8.351141009169893
      vertex -20 -8.661860155539735 8.972579301909576
    endloop
  endfacet
  facet normal -1 0 0
    outer loop
      vertex -20 -6.415823381635519 -9.978087581473094
      vertex -20 -8.661860155539735 8.972579301909576
      vertex -20 -7.989043790736545 9.464101615137753
    endloop
  endfacet
  facet normal -1 0 0
    outer loop
      vertex -20 -6.415823381635519 -9.978087581473094
      vertex -20 -7.989043790736545 9.464101615137753
      vertex -20 -7.229296667787118 9.804226065180615
    endloop
  endfacet
  facet normal -1 0 0
    outer loop
      vertex -20 -6.415823381635519 -9.978087581473094
      vertex -20 -7.229296667787118 9.804226065180615
      vertex -20 -6.415823381635519 9.978087581473094
    endloop
  endfacet
  facet normal -1 0 0
    outer loop
      vertex -20 -6.415823381635519 -9.978087581473094
      vertex -20 -6.415823381635519 9.978087581473094
      vertex -20 -2.1382220750417873 0.22473619602545494
    endloop
  endfacet
  facet normal -1 0 0
    outer loop
      vertex -20 -6.415823381635519 9.978087581473094
      vertex -20 -2.04477151003458 0.6643865379061369
      vertex -20 -2.1382220750417873 0.22473619602545494
    endloop
  endfacet
  facet normal -1 0 0
    outer loop
      vertex -20 -6.415823381635519 9.978087581473094
      vertex -20 -1.861954618136543 1.075
      vertex -20 -2.04477151003458 0.6643865379061369
    endloop
  endfacet
  facet normal -1 0 0
    outer loop
      vertex -20 -6.415823381635519 9.978087581473094
      vertex -20 -1.5977613747763975 1.4386308036715452
      vertex -20 -1.861954618136543 1.075
    endloop
  endfacet
  facet normal -1 0 0
    outer loop
      vertex -20 -6.415823381635519 9.978087581473094
      vertex -20 -1.2637382924288172 1.7393865379061368
      vertex -20 -1.5977613747763975 1.4386308036715452
    endloop
  endfacet
  facet normal -1 0 0
    outer loop
      vertex -20 -6.415823381635519 9.978087581473094
      vertex -20 -0.8744837826129704 1.9641227339315919
      vertex -20 -1.2637382924288172 1.7393865379061368
    endloop
  endfacet
  facet normal -1 0 0
    outer loop
      vertex -20 16 9.978087581473094
      vertex -20 -0.44701013525818256 2.103017341577682
      vertex -20 -0.8744837826129704 1.9641227339315919
    endloop
  endfacet
  facet normal -1 0 0
    outer loop
      vertex -20 -6.415823381635519 9.978087581473094
      vertex -20 16 9.978087581473094
      vertex -20 -0.8744837826129704 1.9641227339315919
    endloop
  endfacet
  facet normal -1 0 0
    outer loop
      vertex -20 -6.415823381635519 -9.978087581473094
      vertex -20 16 9.978087581473094
      vertex -20 16 -9.978087581473094
    endloop
  endfacet
  facet normal -1 0 0
    outer loop
      vertex -20 16 9.978087581473094
      vertex -20 1.2637382924288172 -1.7393865379061368
      vertex -20 1.5977613747763975 -1.4386308036715452
    endloop
  endfacet
  facet normal -1 0 0
    outer loop
      vertex -20 16 9.978087581473094
      vertex -20 1.5977613747763975 -1.4386308036715452
      vertex -20 1.861954618136543 -1.075
    endloop
  endfacet
  facet normal -1 0 0
    outer loop
      vertex -20 16 9.978087581473094
      vertex -20 1.861954618136543 -1.075
      vertex -20 2.04477151003458 -0.6643865379061369
    endloop
  endfacet
  facet normal -1 0 0
    outer loop
      vertex -20 16 9.978087581473094
      vertex -20 2.04477151003458 -0.6643865379061369
      vertex -20 2.1382220750417873 -0.22473619602545494
    endloop
  endfacet
  facet normal -1 0 0
    outer loop
      vertex -20 16 9.978087581473094
      vertex -20 2.1382220750417873 -0.22473619602545494
      vertex -20 2.1382220750417873 0.22473619602545494
    endloop
  endfacet
  facet normal -1 0 0
    outer loop
      vertex -20 16 9.978087581473094
      vertex -20 2.1382220750417873 0.22473619602545494
      vertex -20 2.04477151003458 0.6643865379061369
    endloop
  endfacet
  facet normal -1 0 0
    outer loop
      vertex -20 16 9.978087581473094
      vertex -20 0 2.15
      vertex -20 -0.44701013525818256 2.103017341577682
    endloop
  endfacet
  facet normal -1 0 0
    outer loop
      vertex -20 16 9.978087581473094
      vertex -20 0.44701013525818256 2.103017341577682
      vertex -20 0 2.15
    endloop
  endfacet
  facet normal -1 0 0
    outer loop
      vertex -20 16 9.978087581473094
      vertex -20 0.8744837826129704 1.9641227339315919
      vertex -20 0.44701013525818256 2.103017341577682
    endloop
  endfacet
  facet normal -1 0 0
    outer loop
      vertex -20 16 9.978087581473094
      vertex -20 2.04477151003458 0.6643865379061369
      vertex -20 1.861954618136543 1.075
    endloop
  endfacet
  facet normal -1 0 0
    outer loop
      vertex -20 16 9.978087581473094
      vertex -20 1.861954618136543 1.075
      vertex -20 1.5977613747763975 1.4386308036715452
    endloop
  endfacet
  facet normal -1 0 0
    outer loop
      vertex -20 16 9.978087581473094
      vertex -20 1.2637382924288172 1.7393865379061368
      vertex -20 0.8744837826129704 1.9641227339315919
    endloop
  endfacet
  facet normal -1 0 0
    outer loop
      vertex -20 16 9.978087581473094
      vertex -20 1.5977613747763975 1.4386308036715452
      vertex -20 1.2637382924288172 1.7393865379061368
    endloop
  endfacet
  facet normal 0 -0.5898983039010385 -0.8074775483285451
    outer loop
      vertex -20 -8.661860155539735 -8.972579301909576
      vertex -20 -7.989043790736545 -9.464101615137753
      vertex -15.1 -8.661860155539735 -8.972579301909576
    endloop
  endfacet
  facet normal 0 -0.867210628268918 -0.4979414887488577
    outer loop
      vertex -20 -9.218340458523667 -8.351141009169893
      vertex -15.1 -9.634163840159182 -7.626946572303201
      vertex -20 -9.634163840159182 -7.626946572303201
    endloop
  endfacet
  facet normal 0 -0.7449692731463952 -0.6670987798427845
    outer loop
      vertex -20 -8.661860155539735 -8.972579301909576
      vertex -15.1 -9.218340458523667 -8.351141009169893
      vertex -20 -9.218340458523667 -8.351141009169893
    endloop
  endfacet
  facet normal 0 -0.40860386257263887 -0.9127118293802925
    outer loop
      vertex -20 -7.989043790736545 -9.464101615137753
      vertex -20 -7.229296667787118 -9.804226065180615
      vertex -15.1 -7.989043790736545 -9.464101615137753
    endloop
  endfacet
  facet normal 0 -0.20900702920465275 -0.9779141382263811
    outer loop
      vertex -20 -7.229296667787118 -9.804226065180615
      vertex -20 -6.415823381635519 -9.978087581473094
      vertex -15.1 -7.229296667787118 -9.804226065180615
    endloop
  endfacet
  facet normal 0 -0.7449692731463952 -0.6670987798427845
    outer loop
      vertex -20 -8.661860155539735 -8.972579301909576
      vertex -15.1 -8.661860155539735 -8.972579301909576
      vertex -15.1 -9.218340458523667 -8.351141009169893
    endloop
  endfacet
  facet normal 0 -0.5898983039010385 -0.8074775483285451
    outer loop
      vertex -20 -7.989043790736545 -9.464101615137753
      vertex -15.1 -7.989043790736545 -9.464101615137753
      vertex -15.1 -8.661860155539735 -8.972579301909576
    endloop
  endfacet
  facet normal 0 -0.867210628268918 -0.4979414887488577
    outer loop
      vertex -20 -9.218340458523667 -8.351141009169893
      vertex -15.1 -9.218340458523667 -8.351141009169893
      vertex -15.1 -9.634163840159182 -7.626946572303201
    endloop
  endfacet
  facet normal 0 -0.40860386257263887 -0.9127118293802925
    outer loop
      vertex -20 -7.229296667787118 -9.804226065180615
      vertex -15.1 -7.229296667787118 -9.804226065180615
      vertex -15.1 -7.989043790736545 -9.464101615137753
    endloop
  endfacet
  facet normal 0 -0.20900702920465275 -0.9779141382263811
    outer loop
      vertex -20 -6.415823381635519 -9.978087581473094
      vertex -15.1 -6.415823381635519 -9.978087581473094
      vertex -15.1 -7.229296667787118 -9.804226065180615
    endloop
  endfacet
  facet normal 0 -0.9515530516714598 -0.3074846172652093
    outer loop
      vertex -20 -9.634163840159182 -7.626946572303201
      vertex -15.1 -9.891156823326853 -6.831646763271038
      vertex -20 -9.891156823326853 -6.831646763271038
    endloop
  endfacet
  facet normal 0 -0.994581264610143 -0.10396205118450001
    outer loop
      vertex -20 -9.891156823326853 -6.831646763271038
      vertex -15.1 -9.978087581473094 -6
      vertex -20 -9.978087581473094 -6
    endloop
  endfacet
  facet normal 0 -0.9515530516714598 -0.3074846172652093
    outer loop
      vertex -20 -9.634163840159182 -7.626946572303201
      vertex -15.1 -9.634163840159182 -7.626946572303201
      vertex -15.1 -9.891156823326853 -6.831646763271038
    endloop
  endfacet
  facet normal 0 -0.994581264610143 -0.10396205118450001
    outer loop
      vertex -20 -9.891156823326853 -6.831646763271038
      vertex -15.1 -9.891156823326853 -6.831646763271038
      vertex -15.1 -9.978087581473094 -6
    endloop
  endfacet
  facet normal 0 -1 0
    outer loop
      vertex -20 -9.978087581473094 -6
      vertex -15.1 -9.978087581473094 -6
      vertex -15.1 -9.978087581473094 6
    endloop
  endfacet
  facet normal 0 0 -1
    outer loop
      vertex -20 -6.415823381635519 -9.978087581473094
      vertex -15.1 14.5 -9.978087581473094
      vertex -15.1 -6.415823381635519 -9.978087581473094
    endloop
  endfacet
  facet normal 0 -1 0
    outer loop
      vertex -20 -9.978087581473094 -6
      vertex -15.1 -9.978087581473094 6
      vertex -20 -9.978087581473094 6
    endloop
  endfacet
  facet normal 0 -0.994581264610143 0.1039620511844999
    outer loop
      vertex -20 -9.978087581473094 6
      vertex -15.1 -9.891156823326853 6.8316467632710385
      vertex -20 -9.891156823326853 6.8316467632710385
    endloop
  endfacet
  facet normal 0 -0.9515530516714596 0.30748461726520965
    outer loop
      vertex -20 -9.891156823326853 6.8316467632710385
      vertex -15.1 -9.634163840159182 7.626946572303201
      vertex -20 -9.634163840159182 7.626946572303201
    endloop
  endfacet
  facet normal 0 -0.994581264610143 0.1039620511844999
    outer loop
      vertex -20 -9.978087581473094 6
      vertex -15.1 -9.978087581473094 6
      vertex -15.1 -9.891156823326853 6.8316467632710385
    endloop
  endfacet
  facet normal 0 -0.9515530516714596 0.30748461726520965
    outer loop
      vertex -20 -9.891156823326853 6.8316467632710385
      vertex -15.1 -9.891156823326853 6.8316467632710385
      vertex -15.1 -9.634163840159182 7.626946572303201
    endloop
  endfacet
  facet normal 0 -0.867210628268918 0.4979414887488577
    outer loop
      vertex -20 -9.634163840159182 7.626946572303201
      vertex -15.1 -9.218340458523667 8.351141009169893
      vertex -20 -9.218340458523667 8.351141009169893
    endloop
  endfacet
  facet normal 0 -0.7449692731463952 0.6670987798427845
    outer loop
      vertex -20 -9.218340458523667 8.351141009169893
      vertex -15.1 -8.661860155539735 8.972579301909576
      vertex -20 -8.661860155539735 8.972579301909576
    endloop
  endfacet
  facet normal 0 -0.5898983039010385 0.8074775483285451
    outer loop
      vertex -20 -8.661860155539735 8.972579301909576
      vertex -15.1 -7.989043790736545 9.464101615137753
      vertex -20 -7.989043790736545 9.464101615137753
    endloop
  endfacet
  facet normal 0 -0.40860386257263887 0.9127118293802925
    outer loop
      vertex -20 -7.989043790736545 9.464101615137753
      vertex -15.1 -7.229296667787118 9.804226065180615
      vertex -20 -7.229296667787118 9.804226065180615
    endloop
  endfacet
  facet normal 0 -0.20900702920465275 0.9779141382263811
    outer loop
      vertex -20 -7.229296667787118 9.804226065180615
      vertex -15.1 -6.415823381635519 9.978087581473094
      vertex -20 -6.415823381635519 9.978087581473094
    endloop
  endfacet
  facet normal 0 -0.867210628268918 0.4979414887488577
    outer loop
      vertex -20 -9.634163840159182 7.626946572303201
      vertex -15.1 -9.634163840159182 7.626946572303201
      vertex -15.1 -9.218340458523667 8.351141009169893
    endloop
  endfacet
  facet normal 0 -0.7449692731463952 0.6670987798427845
    outer loop
      vertex -20 -9.218340458523667 8.351141009169893
      vertex -15.1 -9.218340458523667 8.351141009169893
      vertex -15.1 -8.661860155539735 8.972579301909576
    endloop
  endfacet
  facet normal 0 -0.5898983039010385 0.8074775483285451
    outer loop
      vertex -20 -8.661860155539735 8.972579301909576
      vertex -15.1 -8.661860155539735 8.972579301909576
      vertex -15.1 -7.989043790736545 9.464101615137753
    endloop
  endfacet
  facet normal 0 -0.40860386257263887 0.9127118293802925
    outer loop
      vertex -20 -7.989043790736545 9.464101615137753
      vertex -15.1 -7.989043790736545 9.464101615137753
      vertex -15.1 -7.229296667787118 9.804226065180615
    endloop
  endfacet
  facet normal 0 -0.20900702920465275 0.9779141382263811
    outer loop
      vertex -20 -7.229296667787118 9.804226065180615
      vertex -15.1 -7.229296667787118 9.804226065180615
      vertex -15.1 -6.415823381635519 9.978087581473094
    endloop
  endfacet
  facet normal 0 0 1
    outer loop
      vertex -20 -6.415823381635519 9.978087581473094
      vertex -15.1 -6.415823381635519 9.978087581473094
      vertex -15.1 4.161752776406588 9.978087581473094
    endloop
  endfacet
  facet normal 0 0 1
    outer loop
      vertex -20 -6.415823381635519 9.978087581473094
      vertex -15.1 4.161752776406588 9.978087581473094
      vertex -20 16 9.978087581473094
    endloop
  endfacet
  facet normal 0 0 -1
    outer loop
      vertex -20 -6.415823381635519 -9.978087581473094
      vertex -20 16 -9.978087581473094
      vertex -15.1 14.5 -9.978087581473094
    endloop
  endfacet
  facet normal 0 0 -1
    outer loop
      vertex -20 16 -9.978087581473094
      vertex -19.912590402935223 16.83164676327104 -9.978087581473094
      vertex -15.1 14.5 -9.978087581473094
    endloop
  endfacet
  facet normal 0 0 -1
    outer loop
      vertex -19.912590402935223 16.83164676327104 -9.978087581473094
      vertex -19.654181830570405 17.626946572303204 -9.978087581473094
      vertex -15.1 14.5 -9.978087581473094
    endloop
  endfacet
  facet normal 0 0 -1
    outer loop
      vertex -19.654181830570405 17.626946572303204 -9.978087581473094
      vertex -19.23606797749979 18.351141009169893 -9.978087581473094
      vertex -15.1 14.5 -9.978087581473094
    endloop
  endfacet
  facet normal 0 0 -1
    outer loop
      vertex -19.23606797749979 18.351141009169893 -9.978087581473094
      vertex -18.676522425435433 18.972579301909576 -9.978087581473094
      vertex -15.1 14.5 -9.978087581473094
    endloop
  endfacet
  facet normal 0 0 -1
    outer loop
      vertex -18.676522425435433 18.972579301909576 -9.978087581473094
      vertex -18 19.464101615137757 -9.978087581473094
      vertex -15.1 14.5 -9.978087581473094
    endloop
  endfacet
  facet normal 0 0 -1
    outer loop
      vertex -18 19.464101615137757 -9.978087581473094
      vertex -17.23606797749979 19.804226065180615 -9.978087581473094
      vertex -15.1 14.5 -9.978087581473094
    endloop
  endfacet
  facet normal 0 0 -1
    outer loop
      vertex -17.23606797749979 19.804226065180615 -9.978087581473094
      vertex -16.418113853070615 19.97808758147309 -9.978087581473094
      vertex -15.1 14.5 -9.978087581473094
    endloop
  endfacet
  facet normal 0 0 -1
    outer loop
      vertex -15.1 14.5 -9.978087581473094
      vertex -15.15 19.4 -9.978087581473094
      vertex -6.10675506083772 14.5 -9.978087581473094
    endloop
  endfacet
  facet normal 0 0 -1
    outer loop
      vertex -16.418113853070615 19.97808758147309 -9.978087581473094
      vertex -15.15 19.4 -9.978087581473094
      vertex -15.1 14.5 -9.978087581473094
    endloop
  endfacet
  facet normal 0 0 -1
    outer loop
      vertex -16.418113853070615 19.97808758147309 -9.978087581473094
      vertex -15.15 19.97808758147309 -9.978087581473094
      vertex -15.15 19.4 -9.978087581473094
    endloop
  endfacet
  facet normal 0 0 -1
    outer loop
      vertex -6.10675506083772 14.5 -9.978087581473094
      vertex -15.15 19.4 -9.978087581473094
      vertex 11.218113853070616 19.4 -9.978087581473094
    endloop
  endfacet
  facet normal 0 0 1
    outer loop
      vertex -20 16 9.978087581473094
      vertex -15.1 4.161752776406588 9.978087581473094
      vertex -15.1 14.5 9.978087581473094
    endloop
  endfacet
  facet normal 0 0 1
    outer loop
      vertex -20 16 9.978087581473094
      vertex -15.1 14.5 9.978087581473094
      vertex -19.912590402935223 16.83164676327104 9.978087581473094
    endloop
  endfacet
  facet normal 0 0 1
    outer loop
      vertex -19.912590402935223 16.83164676327104 9.978087581473094
      vertex -15.1 14.5 9.978087581473094
      vertex -19.654181830570405 17.626946572303204 9.978087581473094
    endloop
  endfacet
  facet normal 0 0 1
    outer loop
      vertex -19.654181830570405 17.626946572303204 9.978087581473094
      vertex -15.1 14.5 9.978087581473094
      vertex -19.23606797749979 18.351141009169893 9.978087581473094
    endloop
  endfacet
  facet normal 0 0 1
    outer loop
      vertex -19.23606797749979 18.351141009169893 9.978087581473094
      vertex -15.1 14.5 9.978087581473094
      vertex -18.676522425435433 18.972579301909576 9.978087581473094
    endloop
  endfacet
  facet normal 0 0 1
    outer loop
      vertex -18.676522425435433 18.972579301909576 9.978087581473094
      vertex -15.1 14.5 9.978087581473094
      vertex -18 19.464101615137757 9.978087581473094
    endloop
  endfacet
  facet normal 0 0 1
    outer loop
      vertex -18 19.464101615137757 9.978087581473094
      vertex -15.1 14.5 9.978087581473094
      vertex -17.23606797749979 19.804226065180615 9.978087581473094
    endloop
  endfacet
  facet normal 0 0 1
    outer loop
      vertex -17.23606797749979 19.804226065180615 9.978087581473094
      vertex -15.1 14.5 9.978087581473094
      vertex -16.418113853070615 19.97808758147309 9.978087581473094
    endloop
  endfacet
  facet normal 0 0 1
    outer loop
      vertex -16.418113853070615 19.97808758147309 9.978087581473094
      vertex -15.1 14.5 9.978087581473094
      vertex -15.15 19.4 9.978087581473094
    endloop
  endfacet
  facet normal 0 0 1
    outer loop
      vertex -16.418113853070615 19.97808758147309 9.978087581473094
      vertex -15.15 19.4 9.978087581473094
      vertex -15.15 19.97808758147309 9.978087581473094
    endloop
  endfacet
  facet normal 0 0 1
    outer loop
      vertex 11.218113853070616 14.5 9.978087581473094
      vertex -15.15 19.4 9.978087581473094
      vertex -15.1 14.5 9.978087581473094
    endloop
  endfacet
  facet normal 0 0 -1
    outer loop
      vertex 11.218113853070616 14.5 -9.978087581473094
      vertex -6.10675506083772 14.5 -9.978087581473094
      vertex 11.218113853070616 19.4 -9.978087581473094
    endloop
  endfacet
  facet normal 0.20791169081776092 0 -0.9781476007338052
    outer loop
      vertex 12.036067977499787 14.5 -9.804226065180615
      vertex 11.218113853070616 14.5 -9.978087581473094
      vertex 12.036067977499787 19.4 -9.804226065180615
    endloop
  endfacet
  facet normal 0.4067366430758 0 -0.9135454576426009
    outer loop
      vertex 12.8 14.5 -9.464101615137753
      vertex 12.036067977499787 14.5 -9.804226065180615
      vertex 12.8 19.4 -9.464101615137753
    endloop
  endfacet
  facet normal 0.5877852522924709 0 -0.8090169943749492
    outer loop
      vertex 13.476522425435437 14.5 -8.972579301909576
      vertex 12.8 14.5 -9.464101615137753
      vertex 13.476522425435437 19.4 -8.972579301909576
    endloop
  endfacet
  facet normal 0.7431448254773975 0 -0.6691306063588546
    outer loop
      vertex 14.036067977499787 14.5 -8.351141009169893
      vertex 13.476522425435437 14.5 -8.972579301909576
      vertex 14.036067977499787 19.4 -8.351141009169893
    endloop
  endfacet
  facet normal 0.8660254037844385 0 -0.5000000000000004
    outer loop
      vertex 14.454181830570402 14.5 -7.626946572303201
      vertex 14.036067977499787 14.5 -8.351141009169893
      vertex 14.454181830570402 19.4 -7.626946572303201
    endloop
  endfacet
  facet normal 0.9510565162951526 0 -0.30901699437495034
    outer loop
      vertex 14.712590402935223 14.5 -6.831646763271038
      vertex 14.454181830570402 14.5 -7.626946572303201
      vertex 14.712590402935223 19.4 -6.831646763271038
    endloop
  endfacet
  facet normal 0.9945218953682733 0 -0.10452846326765318
    outer loop
      vertex 14.8 14.5 -6
      vertex 14.712590402935223 14.5 -6.831646763271038
      vertex 14.8 19.4 -6
    endloop
  endfacet
  facet normal 0.20791169081776092 0 -0.9781476007338052
    outer loop
      vertex 11.218113853070616 14.5 -9.978087581473094
      vertex 11.218113853070616 19.4 -9.978087581473094
      vertex 12.036067977499787 19.4 -9.804226065180615
    endloop
  endfacet
  facet normal 0.4067366430758 0 -0.9135454576426009
    outer loop
      vertex 12.036067977499787 14.5 -9.804226065180615
      vertex 12.036067977499787 19.4 -9.804226065180615
      vertex 12.8 19.4 -9.464101615137753
    endloop
  endfacet
  facet normal 0.5877852522924709 0 -0.8090169943749492
    outer loop
      vertex 12.8 14.5 -9.464101615137753
      vertex 12.8 19.4 -9.464101615137753
      vertex 13.476522425435437 19.4 -8.972579301909576
    endloop
  endfacet
  facet normal 0.7431448254773975 0 -0.6691306063588546
    outer loop
      vertex 13.476522425435437 14.5 -8.972579301909576
      vertex 13.476522425435437 19.4 -8.972579301909576
      vertex 14.036067977499787 19.4 -8.351141009169893
    endloop
  endfacet
  facet normal 0.8660254037844385 0 -0.5000000000000004
    outer loop
      vertex 14.036067977499787 14.5 -8.351141009169893
      vertex 14.036067977499787 19.4 -8.351141009169893
      vertex 14.454181830570402 19.4 -7.626946572303201
    endloop
  endfacet
  facet normal 0.9510565162951526 0 -0.30901699437495034
    outer loop
      vertex 14.454181830570402 14.5 -7.626946572303201
      vertex 14.454181830570402 19.4 -7.626946572303201
      vertex 14.712590402935223 19.4 -6.831646763271038
    endloop
  endfacet
  facet normal 0.9945218953682733 0 -0.10452846326765318
    outer loop
      vertex 14.712590402935223 14.5 -6.831646763271038
      vertex 14.712590402935223 19.4 -6.831646763271038
      vertex 14.8 19.4 -6
    endloop
  endfacet
  facet normal 1 0 0
    outer loop
      vertex 14.8 14.5 -6
      vertex 14.8 19.4 -6
      vertex 14.8 19.4 6
    endloop
  endfacet
  facet normal 0 0 1
    outer loop
      vertex 11.218113853070616 14.5 9.978087581473094
      vertex 11.218113853070616 19.4 9.978087581473094
      vertex -15.15 19.4 9.978087581473094
    endloop
  endfacet
  facet normal 1 0 0
    outer loop
      vertex 14.8 14.5 6
      vertex 14.8 14.5 -6
      vertex 14.8 19.4 6
    endloop
  endfacet
  facet normal 0.9945218953682734 0 0.1045284632676531
    outer loop
      vertex 14.712590402935223 14.5 6.8316467632710385
      vertex 14.8 14.5 6
      vertex 14.712590402935223 19.4 6.8316467632710385
    endloop
  endfacet
  facet normal 0.9510565162951526 0 0.30901699437495067
    outer loop
      vertex 14.454181830570402 14.5 7.626946572303201
      vertex 14.712590402935223 14.5 6.8316467632710385
      vertex 14.454181830570402 19.4 7.626946572303201
    endloop
  endfacet
  facet normal 0.20791169081776092 0 0.9781476007338052
    outer loop
      vertex 11.218113853070616 14.5 9.978087581473094
      vertex 12.036067977499787 14.5 9.804226065180615
      vertex 11.218113853070616 19.4 9.978087581473094
    endloop
  endfacet
  facet normal 0.4067366430758 0 0.9135454576426009
    outer loop
      vertex 12.036067977499787 14.5 9.804226065180615
      vertex 12.8 14.5 9.464101615137753
      vertex 12.036067977499787 19.4 9.804226065180615
    endloop
  endfacet
  facet normal 0.8660254037844385 0 0.5000000000000004
    outer loop
      vertex 14.036067977499787 14.5 8.351141009169893
      vertex 14.454181830570402 14.5 7.626946572303201
      vertex 14.036067977499787 19.4 8.351141009169893
    endloop
  endfacet
  facet normal 0.5877852522924709 0 0.8090169943749492
    outer loop
      vertex 12.8 14.5 9.464101615137753
      vertex 13.476522425435437 14.5 8.972579301909576
      vertex 12.8 19.4 9.464101615137753
    endloop
  endfacet
  facet normal 0.7431448254773975 0 0.6691306063588546
    outer loop
      vertex 13.476522425435437 14.5 8.972579301909576
      vertex 14.036067977499787 14.5 8.351141009169893
      vertex 13.476522425435437 19.4 8.972579301909576
    endloop
  endfacet
  facet normal 0.9945218953682734 0 0.1045284632676531
    outer loop
      vertex 14.8 14.5 6
      vertex 14.8 19.4 6
      vertex 14.712590402935223 19.4 6.8316467632710385
    endloop
  endfacet
  facet normal 0.9510565162951526 0 0.30901699437495067
    outer loop
      vertex 14.712590402935223 14.5 6.8316467632710385
      vertex 14.712590402935223 19.4 6.8316467632710385
      vertex 14.454181830570402 19.4 7.626946572303201
    endloop
  endfacet
  facet normal 0.20791169081776092 0 0.9781476007338052
    outer loop
      vertex 12.036067977499787 14.5 9.804226065180615
      vertex 12.036067977499787 19.4 9.804226065180615
      vertex 11.218113853070616 19.4 9.978087581473094
    endloop
  endfacet
  facet normal 0.4067366430758 0 0.9135454576426009
    outer loop
      vertex 12.8 14.5 9.464101615137753
      vertex 12.8 19.4 9.464101615137753
      vertex 12.036067977499787 19.4 9.804226065180615
    endloop
  endfacet
  facet normal 0.8660254037844385 0 0.5000000000000004
    outer loop
      vertex 14.454181830570402 14.5 7.626946572303201
      vertex 14.454181830570402 19.4 7.626946572303201
      vertex 14.036067977499787 19.4 8.351141009169893
    endloop
  endfacet
  facet normal 0.7431448254773975 0 0.6691306063588546
    outer loop
      vertex 14.036067977499787 14.5 8.351141009169893
      vertex 14.036067977499787 19.4 8.351141009169893
      vertex 13.476522425435437 19.4 8.972579301909576
    endloop
  endfacet
  facet normal 0.5877852522924709 0 0.8090169943749492
    outer loop
      vertex 13.476522425435437 14.5 8.972579301909576
      vertex 13.476522425435437 19.4 8.972579301909576
      vertex 12.8 19.4 9.464101615137753
    endloop
  endfacet
  facet normal 1 0 0
    outer loop
      vertex -15.1 -2.04477151003458 -0.6643865379061369
      vertex -15.1 -9.891156823326853 -6.831646763271038
      vertex -15.1 -9.634163840159182 -7.626946572303201
    endloop
  endfacet
  facet normal 1 0 0
    outer loop
      vertex -15.1 -2.04477151003458 -0.6643865379061369
      vertex -15.1 -9.218340458523667 -8.351141009169893
      vertex -15.1 -8.661860155539735 -8.972579301909576
    endloop
  endfacet
  facet normal 1 0 0
    outer loop
      vertex -15.1 -2.04477151003458 -0.6643865379061369
      vertex -15.1 -9.634163840159182 -7.626946572303201
      vertex -15.1 -9.218340458523667 -8.351141009169893
    endloop
  endfacet
  facet normal 1 0 0
    outer loop
      vertex -15.1 -2.04477151003458 -0.6643865379061369
      vertex -15.1 -8.661860155539735 -8.972579301909576
      vertex -15.1 -7.989043790736545 -9.464101615137753
    endloop
  endfacet
  facet normal 1 0 0
    outer loop
      vertex -15.1 -2.04477151003458 -0.6643865379061369
      vertex -15.1 -7.989043790736545 -9.464101615137753
      vertex -15.1 -7.229296667787118 -9.804226065180615
    endloop
  endfacet
  facet normal 1 0 0
    outer loop
      vertex -15.1 -2.04477151003458 -0.6643865379061369
      vertex -15.1 -7.229296667787118 -9.804226065180615
      vertex -15.1 -6.415823381635519 -9.978087581473094
    endloop
  endfacet
  facet normal 1 0 0
    outer loop
      vertex -15.1 -2.04477151003458 -0.6643865379061369
      vertex -15.1 -9.978087581473094 -6
      vertex -15.1 -9.891156823326853 -6.831646763271038
    endloop
  endfacet
  facet normal 1 0 0
    outer loop
      vertex -15.1 -2.04477151003458 -0.6643865379061369
      vertex -15.1 -9.978087581473094 6
      vertex -15.1 -9.978087581473094 -6
    endloop
  endfacet
  facet normal 1 0 0
    outer loop
      vertex -15.1 -1.861954618136543 -1.075
      vertex -15.1 -2.04477151003458 -0.6643865379061369
      vertex -15.1 -6.415823381635519 -9.978087581473094
    endloop
  endfacet
  facet normal 1 0 0
    outer loop
      vertex -15.1 -1.5977613747763975 -1.4386308036715452
      vertex -15.1 -6.415823381635519 -9.978087581473094
      vertex -15.1 -1.2637382924288172 -1.7393865379061368
    endloop
  endfacet
  facet normal 1 0 0
    outer loop
      vertex -15.1 -0.8744837826129704 -1.9641227339315919
      vertex -15.1 -6.415823381635519 -9.978087581473094
      vertex -15.1 -0.44701013525818256 -2.103017341577682
    endloop
  endfacet
  facet normal 1 0 0
    outer loop
      vertex -15.1 -1.2637382924288172 -1.7393865379061368
      vertex -15.1 -6.415823381635519 -9.978087581473094
      vertex -15.1 -0.8744837826129704 -1.9641227339315919
    endloop
  endfacet
  facet normal 1 0 0
    outer loop
      vertex -15.1 -1.5977613747763975 -1.4386308036715452
      vertex -15.1 -1.861954618136543 -1.075
      vertex -15.1 -6.415823381635519 -9.978087581473094
    endloop
  endfacet
  facet normal 1 0 0
    outer loop
      vertex -15.1 0 -2.15
      vertex -15.1 -6.415823381635519 -9.978087581473094
      vertex -15.1 14.5 -9.978087581473094
    endloop
  endfacet
  facet normal 1 0 0
    outer loop
      vertex -15.1 -0.44701013525818256 -2.103017341577682
      vertex -15.1 -6.415823381635519 -9.978087581473094
      vertex -15.1 0 -2.15
    endloop
  endfacet
  facet normal 1 0 0
    outer loop
      vertex -15.1 0 -2.15
      vertex -15.1 14.5 -9.978087581473094
      vertex -15.1 0.44701013525818256 -2.103017341577682
    endloop
  endfacet
  facet normal 1 0 0
    outer loop
      vertex -15.1 -2.04477151003458 -0.6643865379061369
      vertex -15.1 -9.891156823326853 6.8316467632710385
      vertex -15.1 -9.978087581473094 6
    endloop
  endfacet
  facet normal 1 0 0
    outer loop
      vertex -15.1 -2.04477151003458 -0.6643865379061369
      vertex -15.1 -9.634163840159182 7.626946572303201
      vertex -15.1 -9.891156823326853 6.8316467632710385
    endloop
  endfacet
  facet normal 1 0 0
    outer loop
      vertex -15.1 -2.04477151003458 -0.6643865379061369
      vertex -15.1 -2.1382220750417873 -0.22473619602545494
      vertex -15.1 -6.415823381635519 9.978087581473094
    endloop
  endfacet
  facet normal 1 0 0
    outer loop
      vertex -15.1 -2.1382220750417873 -0.22473619602545494
      vertex -15.1 -2.1382220750417873 0.22473619602545494
      vertex -15.1 -6.415823381635519 9.978087581473094
    endloop
  endfacet
  facet normal 1 0 0
    outer loop
      vertex -15.1 -2.1382220750417873 0.22473619602545494
      vertex -15.1 -2.04477151003458 0.6643865379061369
      vertex -15.1 -6.415823381635519 9.978087581473094
    endloop
  endfacet
  facet normal 1 0 0
    outer loop
      vertex -15.1 -2.04477151003458 0.6643865379061369
      vertex -15.1 -1.861954618136543 1.075
      vertex -15.1 -6.415823381635519 9.978087581473094
    endloop
  endfacet
  facet normal 1 0 0
    outer loop
      vertex -15.1 -1.861954618136543 1.075
      vertex -15.1 -1.5977613747763975 1.4386308036715452
      vertex -15.1 -6.415823381635519 9.978087581473094
    endloop
  endfacet
  facet normal 1 0 0
    outer loop
      vertex -15.1 -2.04477151003458 -0.6643865379061369
      vertex -15.1 -9.218340458523667 8.351141009169893
      vertex -15.1 -9.634163840159182 7.626946572303201
    endloop
  endfacet
  facet normal 1 0 0
    outer loop
      vertex -15.1 -2.04477151003458 -0.6643865379061369
      vertex -15.1 -8.661860155539735 8.972579301909576
      vertex -15.1 -9.218340458523667 8.351141009169893
    endloop
  endfacet
  facet normal 1 0 0
    outer loop
      vertex -15.1 -2.04477151003458 -0.6643865379061369
      vertex -15.1 -7.989043790736545 9.464101615137753
      vertex -15.1 -8.661860155539735 8.972579301909576
    endloop
  endfacet
  facet normal 1 0 0
    outer loop
      vertex -15.1 -2.04477151003458 -0.6643865379061369
      vertex -15.1 -7.229296667787118 9.804226065180615
      vertex -15.1 -7.989043790736545 9.464101615137753
    endloop
  endfacet
  facet normal 1 0 0
    outer loop
      vertex -15.1 -2.04477151003458 -0.6643865379061369
      vertex -15.1 -6.415823381635519 9.978087581473094
      vertex -15.1 -7.229296667787118 9.804226065180615
    endloop
  endfacet
  facet normal 1 0 0
    outer loop
      vertex -15.1 -1.5977613747763975 1.4386308036715452
      vertex -15.1 -1.2637382924288172 1.7393865379061368
      vertex -15.1 4.161752776406588 9.978087581473094
    endloop
  endfacet
  facet normal 1 0 0
    outer loop
      vertex -15.1 -1.2637382924288172 1.7393865379061368
      vertex -15.1 -0.8744837826129704 1.9641227339315919
      vertex -15.1 4.161752776406588 9.978087581473094
    endloop
  endfacet
  facet normal 1 0 0
    outer loop
      vertex -15.1 -0.8744837826129704 1.9641227339315919
      vertex -15.1 -0.44701013525818256 2.103017341577682
      vertex -15.1 4.161752776406588 9.978087581473094
    endloop
  endfacet
  facet normal 1 0 0
    outer loop
      vertex -15.1 -0.44701013525818256 2.103017341577682
      vertex -15.1 0 2.15
      vertex -15.1 4.161752776406588 9.978087581473094
    endloop
  endfacet
  facet normal 1 0 0
    outer loop
      vertex -15.1 0 2.15
      vertex -15.1 0.44701013525818256 2.103017341577682
      vertex -15.1 4.161752776406588 9.978087581473094
    endloop
  endfacet
  facet normal 1 0 0
    outer loop
      vertex -15.1 0.8744837826129704 1.9641227339315919
      vertex -15.1 1.2637382924288172 1.7393865379061368
      vertex -15.1 4.161752776406588 9.978087581473094
    endloop
  endfacet
  facet normal 1 0 0
    outer loop
      vertex -15.1 0.44701013525818256 2.103017341577682
      vertex -15.1 0.8744837826129704 1.9641227339315919
      vertex -15.1 4.161752776406588 9.978087581473094
    endloop
  endfacet
  facet normal 1 0 0
    outer loop
      vertex -15.1 1.861954618136543 1.075
      vertex -15.1 4.161752776406588 9.978087581473094
      vertex -15.1 1.5977613747763975 1.4386308036715452
    endloop
  endfacet
  facet normal 1 0 0
    outer loop
      vertex -15.1 1.2637382924288172 1.7393865379061368
      vertex -15.1 1.5977613747763975 1.4386308036715452
      vertex -15.1 4.161752776406588 9.978087581473094
    endloop
  endfacet
  facet normal 1 0 0
    outer loop
      vertex -15.1 -1.5977613747763975 1.4386308036715452
      vertex -15.1 4.161752776406588 9.978087581473094
      vertex -15.1 -6.415823381635519 9.978087581473094
    endloop
  endfacet
  facet normal 1 0 0
    outer loop
      vertex -15.1 0.44701013525818256 -2.103017341577682
      vertex -15.1 14.5 -9.978087581473094
      vertex -15.1 0.8744837826129704 -1.9641227339315919
    endloop
  endfacet
  facet normal 1 0 0
    outer loop
      vertex -15.1 0.8744837826129704 -1.9641227339315919
      vertex -15.1 14.5 -9.978087581473094
      vertex -15.1 1.2637382924288172 -1.7393865379061368
    endloop
  endfacet
  facet normal 1 0 0
    outer loop
      vertex -15.1 1.2637382924288172 -1.7393865379061368
      vertex -15.1 14.5 -9.978087581473094
      vertex -15.1 1.5977613747763975 -1.4386308036715452
    endloop
  endfacet
  facet normal 1 0 0
    outer loop
      vertex -15.1 1.5977613747763975 -1.4386308036715452
      vertex -15.1 14.5 -9.978087581473094
      vertex -15.1 1.861954618136543 -1.075
    endloop
  endfacet
  facet normal 1 0 0
    outer loop
      vertex -15.1 1.861954618136543 -1.075
      vertex -15.1 14.5 -9.978087581473094
      vertex -15.1 2.04477151003458 -0.6643865379061369
    endloop
  endfacet
  facet normal 1 0 0
    outer loop
      vertex -15.1 2.04477151003458 -0.6643865379061369
      vertex -15.1 14.5 -9.978087581473094
      vertex -15.1 2.1382220750417873 -0.22473619602545494
    endloop
  endfacet
  facet normal 1 0 0
    outer loop
      vertex -15.1 2.1382220750417873 -0.22473619602545494
      vertex -15.1 14.5 -9.978087581473094
      vertex -15.1 2.1382220750417873 0.22473619602545494
    endloop
  endfacet
  facet normal 1 0 0
    outer loop
      vertex -15.1 2.1382220750417873 0.22473619602545494
      vertex -15.1 14.5 -9.978087581473094
      vertex -15.1 2.04477151003458 0.6643865379061369
    endloop
  endfacet
  facet normal 0 -1 0
    outer loop
      vertex -3.4208003449485327 14.5 1.975
      vertex -15.1 14.5 -9.978087581473094
      vertex -6.10675506083772 14.5 -9.978087581473094
    endloop
  endfacet
  facet normal 0 -1 0
    outer loop
      vertex -3.4208003449485327 14.5 -1.9749999999999999
      vertex -6.10675506083772 14.5 -9.978087581473094
      vertex 0 14.5 -3.95
    endloop
  endfacet
  facet normal 0 -1 0
    outer loop
      vertex -3.4208003449485327 14.5 -1.9749999999999999
      vertex -3.4208003449485327 14.5 1.975
      vertex -6.10675506083772 14.5 -9.978087581473094
    endloop
  endfacet
  facet normal 1 0 0
    outer loop
      vertex -15.1 2.04477151003458 0.6643865379061369
      vertex -15.1 14.5 9.978087581473094
      vertex -15.1 1.861954618136543 1.075
    endloop
  endfacet
  facet normal 1 0 0
    outer loop
      vertex -15.1 2.04477151003458 0.6643865379061369
      vertex -15.1 14.5 -9.978087581473094
      vertex -15.1 14.5 9.978087581473094
    endloop
  endfacet
  facet normal 1 0 0
    outer loop
      vertex -15.1 1.861954618136543 1.075
      vertex -15.1 14.5 9.978087581473094
      vertex -15.1 4.161752776406588 9.978087581473094
    endloop
  endfacet
  facet normal 0 -1 0
    outer loop
      vertex -3.4208003449485327 14.5 1.975
      vertex -15.1 14.5 9.978087581473094
      vertex -15.1 14.5 -9.978087581473094
    endloop
  endfacet
  facet normal 0 -1 0
    outer loop
      vertex -3.4208003449485327 14.5 1.975
      vertex 0 14.5 3.95
      vertex -15.1 14.5 9.978087581473094
    endloop
  endfacet
  facet normal 0 -1 0
    outer loop
      vertex 0 14.5 -3.95
      vertex -6.10675506083772 14.5 -9.978087581473094
      vertex 3.4208003449485327 14.5 -1.975
    endloop
  endfacet
  facet normal 0 -1 0
    outer loop
      vertex 3.4208003449485327 14.5 -1.975
      vertex -6.10675506083772 14.5 -9.978087581473094
      vertex 11.218113853070616 14.5 -9.978087581473094
    endloop
  endfacet
  facet normal 0 -1 0
    outer loop
      vertex 3.4208003449485327 14.5 -1.975
      vertex 11.218113853070616 14.5 -9.978087581473094
      vertex 12.036067977499787 14.5 -9.804226065180615
    endloop
  endfacet
  facet normal 0 -1 0
    outer loop
      vertex 3.4208003449485327 14.5 -1.975
      vertex 12.036067977499787 14.5 -9.804226065180615
      vertex 12.8 14.5 -9.464101615137753
    endloop
  endfacet
  facet normal 0 -1 0
    outer loop
      vertex 3.4208003449485327 14.5 -1.975
      vertex 12.8 14.5 -9.464101615137753
      vertex 13.476522425435437 14.5 -8.972579301909576
    endloop
  endfacet
  facet normal 0 -1 0
    outer loop
      vertex 3.4208003449485327 14.5 -1.975
      vertex 13.476522425435437 14.5 -8.972579301909576
      vertex 14.036067977499787 14.5 -8.351141009169893
    endloop
  endfacet
  facet normal 0 -1 0
    outer loop
      vertex 3.4208003449485327 14.5 -1.975
      vertex 14.036067977499787 14.5 -8.351141009169893
      vertex 14.454181830570402 14.5 -7.626946572303201
    endloop
  endfacet
  facet normal 0 -1 0
    outer loop
      vertex 3.4208003449485327 14.5 -1.975
      vertex 14.454181830570402 14.5 -7.626946572303201
      vertex 14.712590402935223 14.5 -6.831646763271038
    endloop
  endfacet
  facet normal 0 -1 0
    outer loop
      vertex 3.4208003449485327 14.5 -1.975
      vertex 14.712590402935223 14.5 -6.831646763271038
      vertex 14.8 14.5 -6
    endloop
  endfacet
  facet normal 0 -1 0
    outer loop
      vertex 3.4208003449485327 14.5 -1.975
      vertex 14.8 14.5 -6
      vertex 14.8 14.5 6
    endloop
  endfacet
  facet normal 0 -1 0
    outer loop
      vertex 3.4208003449485327 14.5 -1.975
      vertex 11.218113853070616 14.5 9.978087581473094
      vertex 3.4208003449485327 14.5 1.9749999999999999
    endloop
  endfacet
  facet normal 0 -1 0
    outer loop
      vertex 0 14.5 3.95
      vertex 11.218113853070616 14.5 9.978087581473094
      vertex -15.1 14.5 9.978087581473094
    endloop
  endfacet
  facet normal 0 -1 0
    outer loop
      vertex 0 14.5 3.95
      vertex 3.4208003449485327 14.5 1.9749999999999999
      vertex 11.218113853070616 14.5 9.978087581473094
    endloop
  endfacet
  facet normal 0 -1 0
    outer loop
      vertex 3.4208003449485327 14.5 -1.975
      vertex 14.8 14.5 6
      vertex 14.712590402935223 14.5 6.8316467632710385
    endloop
  endfacet
  facet normal 0 -1 0
    outer loop
      vertex 3.4208003449485327 14.5 -1.975
      vertex 14.712590402935223 14.5 6.8316467632710385
      vertex 14.454181830570402 14.5 7.626946572303201
    endloop
  endfacet
  facet normal 0 -1 0
    outer loop
      vertex 3.4208003449485327 14.5 -1.975
      vertex 14.454181830570402 14.5 7.626946572303201
      vertex 14.036067977499787 14.5 8.351141009169893
    endloop
  endfacet
  facet normal 0 -1 0
    outer loop
      vertex 3.4208003449485327 14.5 -1.975
      vertex 12.036067977499787 14.5 9.804226065180615
      vertex 11.218113853070616 14.5 9.978087581473094
    endloop
  endfacet
  facet normal 0 -1 0
    outer loop
      vertex 3.4208003449485327 14.5 -1.975
      vertex 13.476522425435437 14.5 8.972579301909576
      vertex 12.8 14.5 9.464101615137753
    endloop
  endfacet
  facet normal 0 -1 0
    outer loop
      vertex 3.4208003449485327 14.5 -1.975
      vertex 14.036067977499787 14.5 8.351141009169893
      vertex 13.476522425435437 14.5 8.972579301909576
    endloop
  endfacet
  facet normal 0 -1 0
    outer loop
      vertex 3.4208003449485327 14.5 -1.975
      vertex 12.8 14.5 9.464101615137753
      vertex 12.036067977499787 14.5 9.804226065180615
    endloop
  endfacet
  facet normal 1 0 0
    outer loop
      vertex -15.15 19.97808758147309 -9.978087581473094
      vertex -15.15 19.4 9.978087581473094
      vertex -15.15 19.4 -9.978087581473094
    endloop
  endfacet
  facet normal 0 1 0
    outer loop
      vertex -1.618033988749895 19.4 -1.1755705045849463
      vertex -1.3382612127177165 19.4 -1.4862896509547885
      vertex -15.15 19.4 -9.978087581473094
    endloop
  endfacet
  facet normal 0 1 0
    outer loop
      vertex -1.618033988749895 19.4 -1.1755705045849463
      vertex -15.15 19.4 -9.978087581473094
      vertex -1.8270909152852017 19.4 -0.8134732861516004
    endloop
  endfacet
  facet normal 0 1 0
    outer loop
      vertex -1 19.4 -1.7320508075688772
      vertex -15.15 19.4 -9.978087581473094
      vertex -1.3382612127177165 19.4 -1.4862896509547885
    endloop
  endfacet
  facet normal 0 1 0
    outer loop
      vertex -1.8270909152852017 19.4 -0.8134732861516004
      vertex -15.15 19.4 -9.978087581473094
      vertex -1.9562952014676114 19.4 -0.4158233816355187
    endloop
  endfacet
  facet normal 0 1 0
    outer loop
      vertex -1.9562952014676114 19.4 -0.4158233816355187
      vertex -15.15 19.4 -9.978087581473094
      vertex -2 19.4 0
    endloop
  endfacet
  facet normal 0 1 0
    outer loop
      vertex -2 19.4 0
      vertex -15.15 19.4 -9.978087581473094
      vertex -1.9562952014676114 19.4 0.4158233816355187
    endloop
  endfacet
  facet normal 1 0 0
    outer loop
      vertex -15.15 19.97808758147309 9.978087581473094
      vertex -15.15 19.4 9.978087581473094
      vertex -15.15 19.97808758147309 -9.978087581473094
    endloop
  endfacet
  facet normal 0 1 0
    outer loop
      vertex -1.9562952014676114 19.4 0.4158233816355187
      vertex -15.15 19.4 -9.978087581473094
      vertex -15.15 19.4 9.978087581473094
    endloop
  endfacet
  facet normal 0 1 0
    outer loop
      vertex -1.9562952014676114 19.4 0.4158233816355187
      vertex -15.15 19.4 9.978087581473094
      vertex -1.8270909152852017 19.4 0.8134732861516004
    endloop
  endfacet
  facet normal 0 1 0
    outer loop
      vertex -1.8270909152852017 19.4 0.8134732861516004
      vertex -15.15 19.4 9.978087581473094
      vertex -1.618033988749895 19.4 1.1755705045849463
    endloop
  endfacet
  facet normal 0 1 0
    outer loop
      vertex -1.618033988749895 19.4 1.1755705045849463
      vertex -15.15 19.4 9.978087581473094
      vertex -1.3382612127177165 19.4 1.4862896509547885
    endloop
  endfacet
  facet normal 0 1 0
    outer loop
      vertex -1.3382612127177165 19.4 1.4862896509547885
      vertex -15.15 19.4 9.978087581473094
      vertex -1 19.4 1.7320508075688772
    endloop
  endfacet
  facet normal 0 1 0
    outer loop
      vertex -1 19.4 1.7320508075688772
      vertex -15.15 19.4 9.978087581473094
      vertex -0.6180339887498948 19.4 1.902113032590307
    endloop
  endfacet
  facet normal 0 1 0
    outer loop
      vertex -0.6180339887498948 19.4 1.902113032590307
      vertex -15.15 19.4 9.978087581473094
      vertex -0.20905692653530694 19.4 1.9890437907365466
    endloop
  endfacet
  facet normal 0 1 0
    outer loop
      vertex -0.20905692653530694 19.4 1.9890437907365466
      vertex -15.15 19.4 9.978087581473094
      vertex 0.20905692653530694 19.4 1.9890437907365466
    endloop
  endfacet
  facet normal 0 1 0
    outer loop
      vertex 0.20905692653530694 19.4 1.9890437907365466
      vertex -15.15 19.4 9.978087581473094
      vertex 0.6180339887498948 19.4 1.902113032590307
    endloop
  endfacet
  facet normal 0 1 0
    outer loop
      vertex -1 19.4 -1.7320508075688772
      vertex 11.218113853070616 19.4 -9.978087581473094
      vertex -15.15 19.4 -9.978087581473094
    endloop
  endfacet
  facet normal 0 1 0
    outer loop
      vertex -1 19.4 -1.7320508075688772
      vertex -0.6180339887498948 19.4 -1.902113032590307
      vertex 11.218113853070616 19.4 -9.978087581473094
    endloop
  endfacet
  facet normal 0 1 0
    outer loop
      vertex -0.6180339887498948 19.4 -1.902113032590307
      vertex -0.20905692653530694 19.4 -1.9890437907365466
      vertex 11.218113853070616 19.4 -9.978087581473094
    endloop
  endfacet
  facet normal 0 1 0
    outer loop
      vertex -0.20905692653530694 19.4 -1.9890437907365466
      vertex 0.20905692653530694 19.4 -1.9890437907365466
      vertex 11.218113853070616 19.4 -9.978087581473094
    endloop
  endfacet
  facet normal 0 1 0
    outer loop
      vertex 0.20905692653530694 19.4 -1.9890437907365466
      vertex 0.6180339887498948 19.4 -1.902113032590307
      vertex 11.218113853070616 19.4 -9.978087581473094
    endloop
  endfacet
  facet normal 0 1 0
    outer loop
      vertex 0.6180339887498948 19.4 -1.902113032590307
      vertex 1 19.4 -1.7320508075688772
      vertex 11.218113853070616 19.4 -9.978087581473094
    endloop
  endfacet
  facet normal 0 1 0
    outer loop
      vertex 1 19.4 -1.7320508075688772
      vertex 1.3382612127177165 19.4 -1.4862896509547885
      vertex 11.218113853070616 19.4 -9.978087581473094
    endloop
  endfacet
  facet normal 0 1 0
    outer loop
      vertex 1.3382612127177165 19.4 -1.4862896509547885
      vertex 1.618033988749895 19.4 -1.1755705045849463
      vertex 11.218113853070616 19.4 -9.978087581473094
    endloop
  endfacet
  facet normal 0 1 0
    outer loop
      vertex 1.618033988749895 19.4 -1.1755705045849463
      vertex 1.8270909152852017 19.4 -0.8134732861516004
      vertex 11.218113853070616 19.4 -9.978087581473094
    endloop
  endfacet
  facet normal 0 1 0
    outer loop
      vertex 1.8270909152852017 19.4 -0.8134732861516004
      vertex 1.9562952014676114 19.4 -0.4158233816355187
      vertex 11.218113853070616 19.4 -9.978087581473094
    endloop
  endfacet
  facet normal 0 1 0
    outer loop
      vertex 1.9562952014676114 19.4 -0.4158233816355187
      vertex 12.036067977499787 19.4 -9.804226065180615
      vertex 11.218113853070616 19.4 -9.978087581473094
    endloop
  endfacet
  facet normal 0 1 0
    outer loop
      vertex 1.9562952014676114 19.4 -0.4158233816355187
      vertex 12.8 19.4 -9.464101615137753
      vertex 12.036067977499787 19.4 -9.804226065180615
    endloop
  endfacet
  facet normal 0 1 0
    outer loop
      vertex 1.9562952014676114 19.4 -0.4158233816355187
      vertex 13.476522425435437 19.4 -8.972579301909576
      vertex 12.8 19.4 -9.464101615137753
    endloop
  endfacet
  facet normal 0 1 0
    outer loop
      vertex 1.9562952014676114 19.4 -0.4158233816355187
      vertex 14.036067977499787 19.4 -8.351141009169893
      vertex 13.476522425435437 19.4 -8.972579301909576
    endloop
  endfacet
  facet normal 0 1 0
    outer loop
      vertex 1.9562952014676114 19.4 -0.4158233816355187
      vertex 14.454181830570402 19.4 -7.626946572303201
      vertex 14.036067977499787 19.4 -8.351141009169893
    endloop
  endfacet
  facet normal 0 1 0
    outer loop
      vertex 1.9562952014676114 19.4 -0.4158233816355187
      vertex 14.712590402935223 19.4 -6.831646763271038
      vertex 14.454181830570402 19.4 -7.626946572303201
    endloop
  endfacet
  facet normal 0 1 0
    outer loop
      vertex 1.9562952014676114 19.4 -0.4158233816355187
      vertex 14.8 19.4 -6
      vertex 14.712590402935223 19.4 -6.831646763271038
    endloop
  endfacet
  facet normal 0 1 0
    outer loop
      vertex 1.9562952014676114 19.4 -0.4158233816355187
      vertex 14.8 19.4 6
      vertex 14.8 19.4 -6
    endloop
  endfacet
  facet normal 0 1 0
    outer loop
      vertex 1.9562952014676114 19.4 0.4158233816355187
      vertex 1.8270909152852017 19.4 0.8134732861516004
      vertex 11.218113853070616 19.4 9.978087581473094
    endloop
  endfacet
  facet normal 0 1 0
    outer loop
      vertex 1.9562952014676114 19.4 -0.4158233816355187
      vertex 2 19.4 0
      vertex 11.218113853070616 19.4 9.978087581473094
    endloop
  endfacet
  facet normal 0 1 0
    outer loop
      vertex 2 19.4 0
      vertex 1.9562952014676114 19.4 0.4158233816355187
      vertex 11.218113853070616 19.4 9.978087581473094
    endloop
  endfacet
  facet normal 0 1 0
    outer loop
      vertex 1.8270909152852017 19.4 0.8134732861516004
      vertex 1.618033988749895 19.4 1.1755705045849463
      vertex 11.218113853070616 19.4 9.978087581473094
    endloop
  endfacet
  facet normal 0 1 0
    outer loop
      vertex 1.3382612127177165 19.4 1.4862896509547885
      vertex 11.218113853070616 19.4 9.978087581473094
      vertex 1.618033988749895 19.4 1.1755705045849463
    endloop
  endfacet
  facet normal 0 1 0
    outer loop
      vertex 0.6180339887498948 19.4 1.902113032590307
      vertex 11.218113853070616 19.4 9.978087581473094
      vertex 1 19.4 1.7320508075688772
    endloop
  endfacet
  facet normal 0 1 0
    outer loop
      vertex 1.3382612127177165 19.4 1.4862896509547885
      vertex 1 19.4 1.7320508075688772
      vertex 11.218113853070616 19.4 9.978087581473094
    endloop
  endfacet
  facet normal 0 1 0
    outer loop
      vertex 0.6180339887498948 19.4 1.902113032590307
      vertex -15.15 19.4 9.978087581473094
      vertex 11.218113853070616 19.4 9.978087581473094
    endloop
  endfacet
  facet normal 0 1 0
    outer loop
      vertex 1.9562952014676114 19.4 -0.4158233816355187
      vertex 14.454181830570402 19.4 7.626946572303201
      vertex 14.712590402935223 19.4 6.8316467632710385
    endloop
  endfacet
  facet normal 0 1 0
    outer loop
      vertex 1.9562952014676114 19.4 -0.4158233816355187
      vertex 14.712590402935223 19.4 6.8316467632710385
      vertex 14.8 19.4 6
    endloop
  endfacet
  facet normal 0 1 0
    outer loop
      vertex 1.9562952014676114 19.4 -0.4158233816355187
      vertex 14.036067977499787 19.4 8.351141009169893
      vertex 14.454181830570402 19.4 7.626946572303201
    endloop
  endfacet
  facet normal 0 1 0
    outer loop
      vertex 1.9562952014676114 19.4 -0.4158233816355187
      vertex 13.476522425435437 19.4 8.972579301909576
      vertex 14.036067977499787 19.4 8.351141009169893
    endloop
  endfacet
  facet normal 0 1 0
    outer loop
      vertex 1.9562952014676114 19.4 -0.4158233816355187
      vertex 12.8 19.4 9.464101615137753
      vertex 13.476522425435437 19.4 8.972579301909576
    endloop
  endfacet
  facet normal 0 1 0
    outer loop
      vertex 1.9562952014676114 19.4 -0.4158233816355187
      vertex 11.218113853070616 19.4 9.978087581473094
      vertex 12.036067977499787 19.4 9.804226065180615
    endloop
  endfacet
  facet normal 0 1 0
    outer loop
      vertex 1.9562952014676114 19.4 -0.4158233816355187
      vertex 12.036067977499787 19.4 9.804226065180615
      vertex 12.8 19.4 9.464101615137753
    endloop
  endfacet
  facet normal 0 0.3090169943749474 0.9510565162951536
    outer loop
      vertex -15.1 -0.8744837826129704 -1.9641227339315919
      vertex -20 -0.44701013525818256 -2.103017341577682
      vertex -20 -0.8744837826129704 -1.9641227339315919
    endloop
  endfacet
  facet normal 0 0.5000000000000001 0.8660254037844386
    outer loop
      vertex -15.1 -1.2637382924288172 -1.7393865379061368
      vertex -20 -0.8744837826129704 -1.9641227339315919
      vertex -20 -1.2637382924288172 -1.7393865379061368
    endloop
  endfacet
  facet normal 0 0.6691306063588582 0.7431448254773942
    outer loop
      vertex -15.1 -1.5977613747763975 -1.4386308036715452
      vertex -20 -1.2637382924288172 -1.7393865379061368
      vertex -20 -1.5977613747763975 -1.4386308036715452
    endloop
  endfacet
  facet normal 0 0.8090169943749475 0.5877852522924731
    outer loop
      vertex -15.1 -1.861954618136543 -1.075
      vertex -20 -1.5977613747763975 -1.4386308036715452
      vertex -20 -1.861954618136543 -1.075
    endloop
  endfacet
  facet normal 0 0.9135454576426012 0.4067366430757998
    outer loop
      vertex -15.1 -2.04477151003458 -0.6643865379061369
      vertex -20 -1.861954618136543 -1.075
      vertex -20 -2.04477151003458 -0.6643865379061369
    endloop
  endfacet
  facet normal 0 0.9781476007338055 0.20791169081775934
    outer loop
      vertex -15.1 -2.1382220750417873 -0.22473619602545494
      vertex -20 -2.04477151003458 -0.6643865379061369
      vertex -20 -2.1382220750417873 -0.22473619602545494
    endloop
  endfacet
  facet normal 0 0.10452846326765344 0.9945218953682734
    outer loop
      vertex -15.1 -0.44701013525818256 -2.103017341577682
      vertex -20 0 -2.15
      vertex -20 -0.44701013525818256 -2.103017341577682
    endloop
  endfacet
  facet normal 0 -0.10452846326765344 0.9945218953682734
    outer loop
      vertex -15.1 0 -2.15
      vertex -20 0.44701013525818256 -2.103017341577682
      vertex -20 0 -2.15
    endloop
  endfacet
  facet normal 0 -0.3090169943749474 0.9510565162951536
    outer loop
      vertex -15.1 0.44701013525818256 -2.103017341577682
      vertex -20 0.8744837826129704 -1.9641227339315919
      vertex -20 0.44701013525818256 -2.103017341577682
    endloop
  endfacet
  facet normal 0 -0.5000000000000001 0.8660254037844386
    outer loop
      vertex -15.1 0.8744837826129704 -1.9641227339315919
      vertex -20 1.2637382924288172 -1.7393865379061368
      vertex -20 0.8744837826129704 -1.9641227339315919
    endloop
  endfacet
  facet normal 0 0.8090169943749475 0.5877852522924731
    outer loop
      vertex -15.1 -1.5977613747763975 -1.4386308036715452
      vertex -20 -1.5977613747763975 -1.4386308036715452
      vertex -15.1 -1.861954618136543 -1.075
    endloop
  endfacet
  facet normal 0 0.5000000000000001 0.8660254037844386
    outer loop
      vertex -15.1 -1.2637382924288172 -1.7393865379061368
      vertex -15.1 -0.8744837826129704 -1.9641227339315919
      vertex -20 -0.8744837826129704 -1.9641227339315919
    endloop
  endfacet
  facet normal 0 0.6691306063588582 0.7431448254773942
    outer loop
      vertex -15.1 -1.5977613747763975 -1.4386308036715452
      vertex -15.1 -1.2637382924288172 -1.7393865379061368
      vertex -20 -1.2637382924288172 -1.7393865379061368
    endloop
  endfacet
  facet normal 0 0.9135454576426012 0.4067366430757998
    outer loop
      vertex -15.1 -1.861954618136543 -1.075
      vertex -20 -1.861954618136543 -1.075
      vertex -15.1 -2.04477151003458 -0.6643865379061369
    endloop
  endfacet
  facet normal 0 0.9781476007338055 0.20791169081775934
    outer loop
      vertex -15.1 -2.04477151003458 -0.6643865379061369
      vertex -20 -2.04477151003458 -0.6643865379061369
      vertex -15.1 -2.1382220750417873 -0.22473619602545494
    endloop
  endfacet
  facet normal 0 1 0
    outer loop
      vertex -15.1 -2.1382220750417873 -0.22473619602545494
      vertex -20 -2.1382220750417873 -0.22473619602545494
      vertex -15.1 -2.1382220750417873 0.22473619602545494
    endloop
  endfacet
  facet normal 0 0.3090169943749474 0.9510565162951536
    outer loop
      vertex -15.1 -0.8744837826129704 -1.9641227339315919
      vertex -15.1 -0.44701013525818256 -2.103017341577682
      vertex -20 -0.44701013525818256 -2.103017341577682
    endloop
  endfacet
  facet normal 0 0.10452846326765344 0.9945218953682734
    outer loop
      vertex -15.1 -0.44701013525818256 -2.103017341577682
      vertex -15.1 0 -2.15
      vertex -20 0 -2.15
    endloop
  endfacet
  facet normal 0 -0.10452846326765344 0.9945218953682734
    outer loop
      vertex -15.1 0 -2.15
      vertex -15.1 0.44701013525818256 -2.103017341577682
      vertex -20 0.44701013525818256 -2.103017341577682
    endloop
  endfacet
  facet normal 0 -0.3090169943749474 0.9510565162951536
    outer loop
      vertex -15.1 0.44701013525818256 -2.103017341577682
      vertex -15.1 0.8744837826129704 -1.9641227339315919
      vertex -20 0.8744837826129704 -1.9641227339315919
    endloop
  endfacet
  facet normal 0 -0.5000000000000001 0.8660254037844386
    outer loop
      vertex -15.1 0.8744837826129704 -1.9641227339315919
      vertex -15.1 1.2637382924288172 -1.7393865379061368
      vertex -20 1.2637382924288172 -1.7393865379061368
    endloop
  endfacet
  facet normal 0 -0.6691306063588582 0.7431448254773942
    outer loop
      vertex -15.1 1.2637382924288172 -1.7393865379061368
      vertex -20 1.5977613747763975 -1.4386308036715452
      vertex -20 1.2637382924288172 -1.7393865379061368
    endloop
  endfacet
  facet normal 0 -0.8090169943749475 0.5877852522924731
    outer loop
      vertex -15.1 1.5977613747763975 -1.4386308036715452
      vertex -20 1.861954618136543 -1.075
      vertex -20 1.5977613747763975 -1.4386308036715452
    endloop
  endfacet
  facet normal 0 -0.9135454576426012 0.4067366430757998
    outer loop
      vertex -15.1 1.861954618136543 -1.075
      vertex -20 2.04477151003458 -0.6643865379061369
      vertex -20 1.861954618136543 -1.075
    endloop
  endfacet
  facet normal 0 -0.9781476007338055 0.20791169081775934
    outer loop
      vertex -15.1 2.04477151003458 -0.6643865379061369
      vertex -20 2.1382220750417873 -0.22473619602545494
      vertex -20 2.04477151003458 -0.6643865379061369
    endloop
  endfacet
  facet normal 0 -1 0
    outer loop
      vertex -15.1 2.1382220750417873 -0.22473619602545494
      vertex -20 2.1382220750417873 0.22473619602545494
      vertex -20 2.1382220750417873 -0.22473619602545494
    endloop
  endfacet
  facet normal 0 -0.6691306063588582 0.7431448254773942
    outer loop
      vertex -15.1 1.2637382924288172 -1.7393865379061368
      vertex -15.1 1.5977613747763975 -1.4386308036715452
      vertex -20 1.5977613747763975 -1.4386308036715452
    endloop
  endfacet
  facet normal 0 -0.8090169943749475 0.5877852522924731
    outer loop
      vertex -15.1 1.5977613747763975 -1.4386308036715452
      vertex -15.1 1.861954618136543 -1.075
      vertex -20 1.861954618136543 -1.075
    endloop
  endfacet
  facet normal 0 -0.9135454576426012 0.4067366430757998
    outer loop
      vertex -15.1 1.861954618136543 -1.075
      vertex -15.1 2.04477151003458 -0.6643865379061369
      vertex -20 2.04477151003458 -0.6643865379061369
    endloop
  endfacet
  facet normal 0 -0.9781476007338055 0.20791169081775934
    outer loop
      vertex -15.1 2.04477151003458 -0.6643865379061369
      vertex -15.1 2.1382220750417873 -0.22473619602545494
      vertex -20 2.1382220750417873 -0.22473619602545494
    endloop
  endfacet
  facet normal 0 1 0
    outer loop
      vertex -15.1 -2.1382220750417873 0.22473619602545494
      vertex -20 -2.1382220750417873 -0.22473619602545494
      vertex -20 -2.1382220750417873 0.22473619602545494
    endloop
  endfacet
  facet normal 0 0.9781476007338055 -0.20791169081775934
    outer loop
      vertex -15.1 -2.04477151003458 0.6643865379061369
      vertex -20 -2.1382220750417873 0.22473619602545494
      vertex -20 -2.04477151003458 0.6643865379061369
    endloop
  endfacet
  facet normal 0 0.9135454576426012 -0.4067366430757998
    outer loop
      vertex -15.1 -1.861954618136543 1.075
      vertex -20 -2.04477151003458 0.6643865379061369
      vertex -20 -1.861954618136543 1.075
    endloop
  endfacet
  facet normal 0 0.8090169943749475 -0.5877852522924731
    outer loop
      vertex -15.1 -1.5977613747763975 1.4386308036715452
      vertex -20 -1.861954618136543 1.075
      vertex -20 -1.5977613747763975 1.4386308036715452
    endloop
  endfacet
  facet normal 0 0.6691306063588582 -0.7431448254773942
    outer loop
      vertex -15.1 -1.2637382924288172 1.7393865379061368
      vertex -20 -1.5977613747763975 1.4386308036715452
      vertex -20 -1.2637382924288172 1.7393865379061368
    endloop
  endfacet
  facet normal 0 0.5000000000000001 -0.8660254037844386
    outer loop
      vertex -15.1 -0.8744837826129704 1.9641227339315919
      vertex -20 -1.2637382924288172 1.7393865379061368
      vertex -20 -0.8744837826129704 1.9641227339315919
    endloop
  endfacet
  facet normal 0 0.3090169943749474 -0.9510565162951536
    outer loop
      vertex -15.1 -0.44701013525818256 2.103017341577682
      vertex -20 -0.8744837826129704 1.9641227339315919
      vertex -20 -0.44701013525818256 2.103017341577682
    endloop
  endfacet
  facet normal 0 0.10452846326765344 -0.9945218953682734
    outer loop
      vertex -15.1 0 2.15
      vertex -20 -0.44701013525818256 2.103017341577682
      vertex -20 0 2.15
    endloop
  endfacet
  facet normal 0 -0.10452846326765344 -0.9945218953682734
    outer loop
      vertex -15.1 0.44701013525818256 2.103017341577682
      vertex -20 0 2.15
      vertex -20 0.44701013525818256 2.103017341577682
    endloop
  endfacet
  facet normal 0 -0.5000000000000001 -0.8660254037844386
    outer loop
      vertex -15.1 1.2637382924288172 1.7393865379061368
      vertex -20 0.8744837826129704 1.9641227339315919
      vertex -20 1.2637382924288172 1.7393865379061368
    endloop
  endfacet
  facet normal 0 -0.3090169943749474 -0.9510565162951536
    outer loop
      vertex -15.1 0.8744837826129704 1.9641227339315919
      vertex -20 0.44701013525818256 2.103017341577682
      vertex -20 0.8744837826129704 1.9641227339315919
    endloop
  endfacet
  facet normal 0 0.9781476007338055 -0.20791169081775934
    outer loop
      vertex -15.1 -2.1382220750417873 0.22473619602545494
      vertex -20 -2.1382220750417873 0.22473619602545494
      vertex -15.1 -2.04477151003458 0.6643865379061369
    endloop
  endfacet
  facet normal 0 0.9135454576426012 -0.4067366430757998
    outer loop
      vertex -15.1 -2.04477151003458 0.6643865379061369
      vertex -20 -2.04477151003458 0.6643865379061369
      vertex -15.1 -1.861954618136543 1.075
    endloop
  endfacet
  facet normal 0 0.8090169943749475 -0.5877852522924731
    outer loop
      vertex -15.1 -1.861954618136543 1.075
      vertex -20 -1.861954618136543 1.075
      vertex -15.1 -1.5977613747763975 1.4386308036715452
    endloop
  endfacet
  facet normal 0 0.6691306063588582 -0.7431448254773942
    outer loop
      vertex -15.1 -1.5977613747763975 1.4386308036715452
      vertex -20 -1.5977613747763975 1.4386308036715452
      vertex -15.1 -1.2637382924288172 1.7393865379061368
    endloop
  endfacet
  facet normal 0 0.5000000000000001 -0.8660254037844386
    outer loop
      vertex -15.1 -1.2637382924288172 1.7393865379061368
      vertex -20 -1.2637382924288172 1.7393865379061368
      vertex -15.1 -0.8744837826129704 1.9641227339315919
    endloop
  endfacet
  facet normal 0 0.3090169943749474 -0.9510565162951536
    outer loop
      vertex -15.1 -0.8744837826129704 1.9641227339315919
      vertex -20 -0.8744837826129704 1.9641227339315919
      vertex -15.1 -0.44701013525818256 2.103017341577682
    endloop
  endfacet
  facet normal 0 0.10452846326765344 -0.9945218953682734
    outer loop
      vertex -15.1 -0.44701013525818256 2.103017341577682
      vertex -20 -0.44701013525818256 2.103017341577682
      vertex -15.1 0 2.15
    endloop
  endfacet
  facet normal 0 -0.10452846326765344 -0.9945218953682734
    outer loop
      vertex -15.1 0 2.15
      vertex -20 0 2.15
      vertex -15.1 0.44701013525818256 2.103017341577682
    endloop
  endfacet
  facet normal 0 -0.3090169943749474 -0.9510565162951536
    outer loop
      vertex -15.1 0.44701013525818256 2.103017341577682
      vertex -20 0.44701013525818256 2.103017341577682
      vertex -15.1 0.8744837826129704 1.9641227339315919
    endloop
  endfacet
  facet normal 0 -0.5000000000000001 -0.8660254037844386
    outer loop
      vertex -15.1 0.8744837826129704 1.9641227339315919
      vertex -20 0.8744837826129704 1.9641227339315919
      vertex -15.1 1.2637382924288172 1.7393865379061368
    endloop
  endfacet
  facet normal 0 -0.9781476007338055 -0.20791169081775934
    outer loop
      vertex -15.1 2.1382220750417873 0.22473619602545494
      vertex -20 2.04477151003458 0.6643865379061369
      vertex -20 2.1382220750417873 0.22473619602545494
    endloop
  endfacet
  facet normal 0 -0.9135454576426012 -0.4067366430757998
    outer loop
      vertex -15.1 2.04477151003458 0.6643865379061369
      vertex -20 1.861954618136543 1.075
      vertex -20 2.04477151003458 0.6643865379061369
    endloop
  endfacet
  facet normal 0 -0.8090169943749475 -0.5877852522924731
    outer loop
      vertex -15.1 1.861954618136543 1.075
      vertex -20 1.5977613747763975 1.4386308036715452
      vertex -20 1.861954618136543 1.075
    endloop
  endfacet
  facet normal 0 -0.6691306063588582 -0.7431448254773942
    outer loop
      vertex -15.1 1.5977613747763975 1.4386308036715452
      vertex -20 1.2637382924288172 1.7393865379061368
      vertex -20 1.5977613747763975 1.4386308036715452
    endloop
  endfacet
  facet normal 0 -1 0
    outer loop
      vertex -15.1 2.1382220750417873 -0.22473619602545494
      vertex -15.1 2.1382220750417873 0.22473619602545494
      vertex -20 2.1382220750417873 0.22473619602545494
    endloop
  endfacet
  facet normal 0 -0.9781476007338055 -0.20791169081775934
    outer loop
      vertex -15.1 2.1382220750417873 0.22473619602545494
      vertex -15.1 2.04477151003458 0.6643865379061369
      vertex -20 2.04477151003458 0.6643865379061369
    endloop
  endfacet
  facet normal 0 -0.9135454576426012 -0.4067366430757998
    outer loop
      vertex -15.1 2.04477151003458 0.6643865379061369
      vertex -15.1 1.861954618136543 1.075
      vertex -20 1.861954618136543 1.075
    endloop
  endfacet
  facet normal 0 -0.8090169943749475 -0.5877852522924731
    outer loop
      vertex -15.1 1.861954618136543 1.075
      vertex -15.1 1.5977613747763975 1.4386308036715452
      vertex -20 1.5977613747763975 1.4386308036715452
    endloop
  endfacet
  facet normal 0 -0.6691306063588582 -0.7431448254773942
    outer loop
      vertex -15.1 1.2637382924288172 1.7393865379061368
      vertex -20 1.2637382924288172 1.7393865379061368
      vertex -15.1 1.5977613747763975 1.4386308036715452
    endloop
  endfacet
  facet normal 0.7431448254773942 0 0.6691306063588581
    outer loop
      vertex -1.618033988749895 17.8 -1.1755705045849463
      vertex -1.3382612127177165 17.8 -1.4862896509547885
      vertex -1.618033988749895 19.4 -1.1755705045849463
    endloop
  endfacet
  facet normal 0.20791169081775934 0 0.9781476007338057
    outer loop
      vertex -0.6180339887498948 17.8 -1.902113032590307
      vertex -0.20905692653530694 17.8 -1.9890437907365466
      vertex -0.6180339887498948 19.4 -1.902113032590307
    endloop
  endfacet
  facet normal 0.5877852522924728 0 0.8090169943749476
    outer loop
      vertex -1 17.8 -1.7320508075688772
      vertex -1.3382612127177165 19.4 -1.4862896509547885
      vertex -1.3382612127177165 17.8 -1.4862896509547885
    endloop
  endfacet
  facet normal 0.5877852522924728 0 0.8090169943749476
    outer loop
      vertex -1 17.8 -1.7320508075688772
      vertex -1 19.4 -1.7320508075688772
      vertex -1.3382612127177165 19.4 -1.4862896509547885
    endloop
  endfacet
  facet normal 0.7431448254773942 0 0.6691306063588581
    outer loop
      vertex -1.3382612127177165 17.8 -1.4862896509547885
      vertex -1.3382612127177165 19.4 -1.4862896509547885
      vertex -1.618033988749895 19.4 -1.1755705045849463
    endloop
  endfacet
  facet normal 0.40673664307580015 0 0.9135454576426009
    outer loop
      vertex -1 17.8 -1.7320508075688772
      vertex -0.6180339887498948 17.8 -1.902113032590307
      vertex -1 19.4 -1.7320508075688772
    endloop
  endfacet
  facet normal 0.40673664307580015 0 0.9135454576426009
    outer loop
      vertex -0.6180339887498948 17.8 -1.902113032590307
      vertex -0.6180339887498948 19.4 -1.902113032590307
      vertex -1 19.4 -1.7320508075688772
    endloop
  endfacet
  facet normal 0.8660254037844387 0 0.49999999999999983
    outer loop
      vertex -1.618033988749895 17.8 -1.1755705045849463
      vertex -1.8270909152852017 19.4 -0.8134732861516004
      vertex -1.8270909152852017 17.8 -0.8134732861516004
    endloop
  endfacet
  facet normal 0.8660254037844387 0 0.49999999999999983
    outer loop
      vertex -1.618033988749895 17.8 -1.1755705045849463
      vertex -1.618033988749895 19.4 -1.1755705045849463
      vertex -1.8270909152852017 19.4 -0.8134732861516004
    endloop
  endfacet
  facet normal 0.9510565162951535 0 0.3090169943749478
    outer loop
      vertex -1.8270909152852017 17.8 -0.8134732861516004
      vertex -1.8270909152852017 19.4 -0.8134732861516004
      vertex -1.9562952014676114 19.4 -0.4158233816355187
    endloop
  endfacet
  facet normal 0.9510565162951535 0 0.3090169943749478
    outer loop
      vertex -1.8270909152852017 17.8 -0.8134732861516004
      vertex -1.9562952014676114 19.4 -0.4158233816355187
      vertex -1.9562952014676114 17.8 -0.4158233816355187
    endloop
  endfacet
  facet normal 0.9945218953682734 0 0.10452846326765322
    outer loop
      vertex -1.9562952014676114 17.8 -0.4158233816355187
      vertex -2 19.4 0
      vertex -2 17.8 0
    endloop
  endfacet
  facet normal 0.9945218953682734 0 0.10452846326765322
    outer loop
      vertex -1.9562952014676114 17.8 -0.4158233816355187
      vertex -1.9562952014676114 19.4 -0.4158233816355187
      vertex -2 19.4 0
    endloop
  endfacet
  facet normal 0 0 1
    outer loop
      vertex -0.20905692653530694 17.8 -1.9890437907365466
      vertex 0.20905692653530694 17.8 -1.9890437907365466
      vertex -0.20905692653530694 19.4 -1.9890437907365466
    endloop
  endfacet
  facet normal 0.20791169081775934 0 0.9781476007338057
    outer loop
      vertex -0.20905692653530694 17.8 -1.9890437907365466
      vertex -0.20905692653530694 19.4 -1.9890437907365466
      vertex -0.6180339887498948 19.4 -1.902113032590307
    endloop
  endfacet
  facet normal 0 0 1
    outer loop
      vertex -0.20905692653530694 19.4 -1.9890437907365466
      vertex 0.20905692653530694 17.8 -1.9890437907365466
      vertex 0.20905692653530694 19.4 -1.9890437907365466
    endloop
  endfacet
  facet normal -0.20791169081775934 0 0.9781476007338057
    outer loop
      vertex 0.20905692653530694 17.8 -1.9890437907365466
      vertex 0.6180339887498948 17.8 -1.902113032590307
      vertex 0.20905692653530694 19.4 -1.9890437907365466
    endloop
  endfacet
  facet normal -0.20791169081775934 0 0.9781476007338057
    outer loop
      vertex 0.6180339887498948 17.8 -1.902113032590307
      vertex 0.6180339887498948 19.4 -1.902113032590307
      vertex 0.20905692653530694 19.4 -1.9890437907365466
    endloop
  endfacet
  facet normal -0.40673664307580015 0 0.9135454576426009
    outer loop
      vertex 0.6180339887498948 17.8 -1.902113032590307
      vertex 1 17.8 -1.7320508075688772
      vertex 0.6180339887498948 19.4 -1.902113032590307
    endloop
  endfacet
  facet normal -0.5877852522924728 0 0.8090169943749476
    outer loop
      vertex 1 17.8 -1.7320508075688772
      vertex 1.3382612127177165 17.8 -1.4862896509547885
      vertex 1 19.4 -1.7320508075688772
    endloop
  endfacet
  facet normal -0.40673664307580015 0 0.9135454576426009
    outer loop
      vertex 1 17.8 -1.7320508075688772
      vertex 1 19.4 -1.7320508075688772
      vertex 0.6180339887498948 19.4 -1.902113032590307
    endloop
  endfacet
  facet normal -0.7431448254773942 0 0.6691306063588581
    outer loop
      vertex 1.3382612127177165 17.8 -1.4862896509547885
      vertex 1.618033988749895 17.8 -1.1755705045849463
      vertex 1.3382612127177165 19.4 -1.4862896509547885
    endloop
  endfacet
  facet normal -0.5877852522924728 0 0.8090169943749476
    outer loop
      vertex 1.3382612127177165 17.8 -1.4862896509547885
      vertex 1.3382612127177165 19.4 -1.4862896509547885
      vertex 1 19.4 -1.7320508075688772
    endloop
  endfacet
  facet normal -0.7431448254773942 0 0.6691306063588581
    outer loop
      vertex 1.618033988749895 17.8 -1.1755705045849463
      vertex 1.618033988749895 19.4 -1.1755705045849463
      vertex 1.3382612127177165 19.4 -1.4862896509547885
    endloop
  endfacet
  facet normal -0.8660254037844387 0 0.49999999999999983
    outer loop
      vertex 1.618033988749895 17.8 -1.1755705045849463
      vertex 1.8270909152852017 17.8 -0.8134732861516004
      vertex 1.618033988749895 19.4 -1.1755705045849463
    endloop
  endfacet
  facet normal -0.9510565162951535 0 0.3090169943749478
    outer loop
      vertex 1.8270909152852017 17.8 -0.8134732861516004
      vertex 1.9562952014676114 17.8 -0.4158233816355187
      vertex 1.8270909152852017 19.4 -0.8134732861516004
    endloop
  endfacet
  facet normal -0.8660254037844387 0 0.49999999999999983
    outer loop
      vertex 1.8270909152852017 17.8 -0.8134732861516004
      vertex 1.8270909152852017 19.4 -0.8134732861516004
      vertex 1.618033988749895 19.4 -1.1755705045849463
    endloop
  endfacet
  facet normal -0.9945218953682734 0 0.10452846326765322
    outer loop
      vertex 1.9562952014676114 17.8 -0.4158233816355187
      vertex 2 17.8 0
      vertex 1.9562952014676114 19.4 -0.4158233816355187
    endloop
  endfacet
  facet normal -0.9510565162951535 0 0.3090169943749478
    outer loop
      vertex 1.9562952014676114 17.8 -0.4158233816355187
      vertex 1.9562952014676114 19.4 -0.4158233816355187
      vertex 1.8270909152852017 19.4 -0.8134732861516004
    endloop
  endfacet
  facet normal -0.9945218953682734 0 0.10452846326765322
    outer loop
      vertex 1.9562952014676114 19.4 -0.4158233816355187
      vertex 2 17.8 0
      vertex 2 19.4 0
    endloop
  endfacet
  facet normal 0.9945218953682734 0 -0.10452846326765322
    outer loop
      vertex -2 17.8 0
      vertex -1.9562952014676114 19.4 0.4158233816355187
      vertex -1.9562952014676114 17.8 0.4158233816355187
    endloop
  endfacet
  facet normal 0.9945218953682734 0 -0.10452846326765322
    outer loop
      vertex -2 17.8 0
      vertex -2 19.4 0
      vertex -1.9562952014676114 19.4 0.4158233816355187
    endloop
  endfacet
  facet normal 0.9510565162951535 0 -0.3090169943749478
    outer loop
      vertex -1.9562952014676114 17.8 0.4158233816355187
      vertex -1.9562952014676114 19.4 0.4158233816355187
      vertex -1.8270909152852017 19.4 0.8134732861516004
    endloop
  endfacet
  facet normal 0.9510565162951535 0 -0.3090169943749478
    outer loop
      vertex -1.9562952014676114 17.8 0.4158233816355187
      vertex -1.8270909152852017 19.4 0.8134732861516004
      vertex -1.8270909152852017 17.8 0.8134732861516004
    endloop
  endfacet
  facet normal 0.8660254037844387 0 -0.49999999999999983
    outer loop
      vertex -1.8270909152852017 17.8 0.8134732861516004
      vertex -1.618033988749895 19.4 1.1755705045849463
      vertex -1.618033988749895 17.8 1.1755705045849463
    endloop
  endfacet
  facet normal 0.8660254037844387 0 -0.49999999999999983
    outer loop
      vertex -1.8270909152852017 17.8 0.8134732861516004
      vertex -1.8270909152852017 19.4 0.8134732861516004
      vertex -1.618033988749895 19.4 1.1755705045849463
    endloop
  endfacet
  facet normal 0.7431448254773942 0 -0.6691306063588581
    outer loop
      vertex -1.618033988749895 17.8 1.1755705045849463
      vertex -1.618033988749895 19.4 1.1755705045849463
      vertex -1.3382612127177165 19.4 1.4862896509547885
    endloop
  endfacet
  facet normal 0.7431448254773942 0 -0.6691306063588581
    outer loop
      vertex -1.618033988749895 17.8 1.1755705045849463
      vertex -1.3382612127177165 19.4 1.4862896509547885
      vertex -1.3382612127177165 17.8 1.4862896509547885
    endloop
  endfacet
  facet normal 0.5877852522924728 0 -0.8090169943749476
    outer loop
      vertex -1.3382612127177165 17.8 1.4862896509547885
      vertex -1 19.4 1.7320508075688772
      vertex -1 17.8 1.7320508075688772
    endloop
  endfacet
  facet normal 0.5877852522924728 0 -0.8090169943749476
    outer loop
      vertex -1.3382612127177165 17.8 1.4862896509547885
      vertex -1.3382612127177165 19.4 1.4862896509547885
      vertex -1 19.4 1.7320508075688772
    endloop
  endfacet
  facet normal 0.40673664307580015 0 -0.9135454576426009
    outer loop
      vertex -1 17.8 1.7320508075688772
      vertex -0.6180339887498948 19.4 1.902113032590307
      vertex -0.6180339887498948 17.8 1.902113032590307
    endloop
  endfacet
  facet normal 0.40673664307580015 0 -0.9135454576426009
    outer loop
      vertex -1 17.8 1.7320508075688772
      vertex -1 19.4 1.7320508075688772
      vertex -0.6180339887498948 19.4 1.902113032590307
    endloop
  endfacet
  facet normal 0.20791169081775934 0 -0.9781476007338057
    outer loop
      vertex -0.6180339887498948 17.8 1.902113032590307
      vertex -0.6180339887498948 19.4 1.902113032590307
      vertex -0.20905692653530694 19.4 1.9890437907365466
    endloop
  endfacet
  facet normal -0.8660254037844387 0 -0.49999999999999983
    outer loop
      vertex 1.618033988749895 17.8 1.1755705045849463
      vertex 1.618033988749895 19.4 1.1755705045849463
      vertex 1.8270909152852017 19.4 0.8134732861516004
    endloop
  endfacet
  facet normal 0.20791169081775934 0 -0.9781476007338057
    outer loop
      vertex -0.6180339887498948 17.8 1.902113032590307
      vertex -0.20905692653530694 19.4 1.9890437907365466
      vertex -0.20905692653530694 17.8 1.9890437907365466
    endloop
  endfacet
  facet normal 0 0 -1
    outer loop
      vertex -0.20905692653530694 17.8 1.9890437907365466
      vertex 0.20905692653530694 19.4 1.9890437907365466
      vertex 0.20905692653530694 17.8 1.9890437907365466
    endloop
  endfacet
  facet normal 0 0 -1
    outer loop
      vertex -0.20905692653530694 17.8 1.9890437907365466
      vertex -0.20905692653530694 19.4 1.9890437907365466
      vertex 0.20905692653530694 19.4 1.9890437907365466
    endloop
  endfacet
  facet normal -0.20791169081775934 0 -0.9781476007338057
    outer loop
      vertex 0.20905692653530694 17.8 1.9890437907365466
      vertex 0.6180339887498948 19.4 1.902113032590307
      vertex 0.6180339887498948 17.8 1.902113032590307
    endloop
  endfacet
  facet normal -0.20791169081775934 0 -0.9781476007338057
    outer loop
      vertex 0.20905692653530694 17.8 1.9890437907365466
      vertex 0.20905692653530694 19.4 1.9890437907365466
      vertex 0.6180339887498948 19.4 1.902113032590307
    endloop
  endfacet
  facet normal -0.40673664307580015 0 -0.9135454576426009
    outer loop
      vertex 0.6180339887498948 17.8 1.902113032590307
      vertex 1 19.4 1.7320508075688772
      vertex 1 17.8 1.7320508075688772
    endloop
  endfacet
  facet normal -0.40673664307580015 0 -0.9135454576426009
    outer loop
      vertex 0.6180339887498948 17.8 1.902113032590307
      vertex 0.6180339887498948 19.4 1.902113032590307
      vertex 1 19.4 1.7320508075688772
    endloop
  endfacet
  facet normal -0.5877852522924728 0 -0.8090169943749476
    outer loop
      vertex 1 17.8 1.7320508075688772
      vertex 1 19.4 1.7320508075688772
      vertex 1.3382612127177165 19.4 1.4862896509547885
    endloop
  endfacet
  facet normal -0.7431448254773942 0 -0.6691306063588581
    outer loop
      vertex 1.3382612127177165 17.8 1.4862896509547885
      vertex 1.618033988749895 19.4 1.1755705045849463
      vertex 1.618033988749895 17.8 1.1755705045849463
    endloop
  endfacet
  facet normal -0.5877852522924728 0 -0.8090169943749476
    outer loop
      vertex 1.3382612127177165 17.8 1.4862896509547885
      vertex 1 17.8 1.7320508075688772
      vertex 1.3382612127177165 19.4 1.4862896509547885
    endloop
  endfacet
  facet normal -0.7431448254773942 0 -0.6691306063588581
    outer loop
      vertex 1.3382612127177165 17.8 1.4862896509547885
      vertex 1.3382612127177165 19.4 1.4862896509547885
      vertex 1.618033988749895 19.4 1.1755705045849463
    endloop
  endfacet
  facet normal -0.9945218953682734 0 -0.10452846326765322
    outer loop
      vertex 2 17.8 0
      vertex 1.9562952014676114 17.8 0.4158233816355187
      vertex 2 19.4 0
    endloop
  endfacet
  facet normal -0.9510565162951535 0 -0.3090169943749478
    outer loop
      vertex 1.9562952014676114 17.8 0.4158233816355187
      vertex 1.8270909152852017 17.8 0.8134732861516004
      vertex 1.9562952014676114 19.4 0.4158233816355187
    endloop
  endfacet
  facet normal -0.9945218953682734 0 -0.10452846326765322
    outer loop
      vertex 1.9562952014676114 17.8 0.4158233816355187
      vertex 1.9562952014676114 19.4 0.4158233816355187
      vertex 2 19.4 0
    endloop
  endfacet
  facet normal -0.8660254037844387 0 -0.49999999999999983
    outer loop
      vertex 1.8270909152852017 17.8 0.8134732861516004
      vertex 1.618033988749895 17.8 1.1755705045849463
      vertex 1.8270909152852017 19.4 0.8134732861516004
    endloop
  endfacet
  facet normal -0.9510565162951535 0 -0.3090169943749478
    outer loop
      vertex 1.8270909152852017 17.8 0.8134732861516004
      vertex 1.8270909152852017 19.4 0.8134732861516004
      vertex 1.9562952014676114 19.4 0.4158233816355187
    endloop
  endfacet
  facet normal 1 0 0
    outer loop
      vertex -3.4208003449485327 14.5 -1.9749999999999999
      vertex -3.4208003449485327 17.8 -1.9749999999999999
      vertex -3.4208003449485327 14.5 1.975
    endloop
  endfacet
  facet normal 0 -1 0
    outer loop
      vertex -3.4208003449485327 17.8 -1.9749999999999999
      vertex -1.8270909152852017 17.8 -0.8134732861516004
      vertex -3.4208003449485327 17.8 1.975
    endloop
  endfacet
  facet normal 1 0 0
    outer loop
      vertex -3.4208003449485327 17.8 -1.9749999999999999
      vertex -3.4208003449485327 17.8 1.975
      vertex -3.4208003449485327 14.5 1.975
    endloop
  endfacet
  facet normal 0.5000000000000001 0 0.8660254037844386
    outer loop
      vertex -3.4208003449485327 14.5 -1.9749999999999999
      vertex 0 14.5 -3.95
      vertex 0 17.8 -3.95
    endloop
  endfacet
  facet normal 0.5000000000000001 0 0.8660254037844386
    outer loop
      vertex -3.4208003449485327 14.5 -1.9749999999999999
      vertex 0 17.8 -3.95
      vertex -3.4208003449485327 17.8 -1.9749999999999999
    endloop
  endfacet
  facet normal 0 -1 0
    outer loop
      vertex -1 17.8 -1.7320508075688772
      vertex 0 17.8 -3.95
      vertex -0.6180339887498948 17.8 -1.902113032590307
    endloop
  endfacet
  facet normal 0 -1 0
    outer loop
      vertex -0.6180339887498948 17.8 -1.902113032590307
      vertex 0 17.8 -3.95
      vertex -0.20905692653530694 17.8 -1.9890437907365466
    endloop
  endfacet
  facet normal 0 -1 0
    outer loop
      vertex -0.20905692653530694 17.8 -1.9890437907365466
      vertex 0 17.8 -3.95
      vertex 0.20905692653530694 17.8 -1.9890437907365466
    endloop
  endfacet
  facet normal 0 -1 0
    outer loop
      vertex 0 17.8 -3.95
      vertex 0.6180339887498948 17.8 -1.902113032590307
      vertex 0.20905692653530694 17.8 -1.9890437907365466
    endloop
  endfacet
  facet normal 0 -1 0
    outer loop
      vertex 0 17.8 -3.95
      vertex 1 17.8 -1.7320508075688772
      vertex 0.6180339887498948 17.8 -1.902113032590307
    endloop
  endfacet
  facet normal -0.5000000000000001 0 0.8660254037844387
    outer loop
      vertex 0 14.5 -3.95
      vertex 3.4208003449485327 17.8 -1.975
      vertex 0 17.8 -3.95
    endloop
  endfacet
  facet normal 0 -1 0
    outer loop
      vertex -3.4208003449485327 17.8 -1.9749999999999999
      vertex 0 17.8 -3.95
      vertex -1.3382612127177165 17.8 -1.4862896509547885
    endloop
  endfacet
  facet normal 0 -1 0
    outer loop
      vertex -3.4208003449485327 17.8 -1.9749999999999999
      vertex -1.3382612127177165 17.8 -1.4862896509547885
      vertex -1.618033988749895 17.8 -1.1755705045849463
    endloop
  endfacet
  facet normal 0 -1 0
    outer loop
      vertex -3.4208003449485327 17.8 -1.9749999999999999
      vertex -1.618033988749895 17.8 -1.1755705045849463
      vertex -1.8270909152852017 17.8 -0.8134732861516004
    endloop
  endfacet
  facet normal 0 -1 0
    outer loop
      vertex -1 17.8 -1.7320508075688772
      vertex -1.3382612127177165 17.8 -1.4862896509547885
      vertex 0 17.8 -3.95
    endloop
  endfacet
  facet normal 0 -1 0
    outer loop
      vertex 0 17.8 -3.95
      vertex 1.3382612127177165 17.8 -1.4862896509547885
      vertex 1 17.8 -1.7320508075688772
    endloop
  endfacet
  facet normal 0 -1 0
    outer loop
      vertex 0 17.8 -3.95
      vertex 1.618033988749895 17.8 -1.1755705045849463
      vertex 1.3382612127177165 17.8 -1.4862896509547885
    endloop
  endfacet
  facet normal 0 -1 0
    outer loop
      vertex 0 17.8 -3.95
      vertex 3.4208003449485327 17.8 -1.975
      vertex 1.618033988749895 17.8 -1.1755705045849463
    endloop
  endfacet
  facet normal -0.5000000000000001 0 0.8660254037844387
    outer loop
      vertex 0 14.5 -3.95
      vertex 3.4208003449485327 14.5 -1.975
      vertex 3.4208003449485327 17.8 -1.975
    endloop
  endfacet
  facet normal 0 -1 0
    outer loop
      vertex 1.618033988749895 17.8 -1.1755705045849463
      vertex 3.4208003449485327 17.8 -1.975
      vertex 1.8270909152852017 17.8 -0.8134732861516004
    endloop
  endfacet
  facet normal 0 -1 0
    outer loop
      vertex 1.8270909152852017 17.8 -0.8134732861516004
      vertex 3.4208003449485327 17.8 -1.975
      vertex 1.9562952014676114 17.8 -0.4158233816355187
    endloop
  endfacet
  facet normal -1 0 0
    outer loop
      vertex 3.4208003449485327 14.5 -1.975
      vertex 3.4208003449485327 17.8 1.9749999999999999
      vertex 3.4208003449485327 17.8 -1.975
    endloop
  endfacet
  facet normal 0 -1 0
    outer loop
      vertex 1.9562952014676114 17.8 -0.4158233816355187
      vertex 3.4208003449485327 17.8 -1.975
      vertex 3.4208003449485327 17.8 1.9749999999999999
    endloop
  endfacet
  facet normal 0.5000000000000001 0 -0.8660254037844387
    outer loop
      vertex -3.4208003449485327 14.5 1.975
      vertex -3.4208003449485327 17.8 1.975
      vertex 0 14.5 3.95
    endloop
  endfacet
  facet normal -0.5000000000000001 0 -0.8660254037844386
    outer loop
      vertex 0 14.5 3.95
      vertex 0 17.8 3.95
      vertex 3.4208003449485327 14.5 1.9749999999999999
    endloop
  endfacet
  facet normal 0 -1 0
    outer loop
      vertex -1.8270909152852017 17.8 -0.8134732861516004
      vertex -1.9562952014676114 17.8 -0.4158233816355187
      vertex -3.4208003449485327 17.8 1.975
    endloop
  endfacet
  facet normal 0 -1 0
    outer loop
      vertex -1.9562952014676114 17.8 -0.4158233816355187
      vertex -2 17.8 0
      vertex -3.4208003449485327 17.8 1.975
    endloop
  endfacet
  facet normal 0 -1 0
    outer loop
      vertex -3.4208003449485327 17.8 1.975
      vertex -2 17.8 0
      vertex -1.9562952014676114 17.8 0.4158233816355187
    endloop
  endfacet
  facet normal 0 -1 0
    outer loop
      vertex -3.4208003449485327 17.8 1.975
      vertex -1.9562952014676114 17.8 0.4158233816355187
      vertex -1.8270909152852017 17.8 0.8134732861516004
    endloop
  endfacet
  facet normal 0 -1 0
    outer loop
      vertex -3.4208003449485327 17.8 1.975
      vertex -1.8270909152852017 17.8 0.8134732861516004
      vertex -1.618033988749895 17.8 1.1755705045849463
    endloop
  endfacet
  facet normal 0 -1 0
    outer loop
      vertex -3.4208003449485327 17.8 1.975
      vertex -1.618033988749895 17.8 1.1755705045849463
      vertex -1.3382612127177165 17.8 1.4862896509547885
    endloop
  endfacet
  facet normal 0 -1 0
    outer loop
      vertex -3.4208003449485327 17.8 1.975
      vertex -1.3382612127177165 17.8 1.4862896509547885
      vertex -1 17.8 1.7320508075688772
    endloop
  endfacet
  facet normal 0 -1 0
    outer loop
      vertex 0.6180339887498948 17.8 1.902113032590307
      vertex 1 17.8 1.7320508075688772
      vertex 3.4208003449485327 17.8 1.9749999999999999
    endloop
  endfacet
  facet normal 0.5000000000000001 0 -0.8660254037844387
    outer loop
      vertex -3.4208003449485327 17.8 1.975
      vertex 0 17.8 3.95
      vertex 0 14.5 3.95
    endloop
  endfacet
  facet normal 0 -1 0
    outer loop
      vertex -3.4208003449485327 17.8 1.975
      vertex -1 17.8 1.7320508075688772
      vertex 0 17.8 3.95
    endloop
  endfacet
  facet normal 0 -1 0
    outer loop
      vertex -1 17.8 1.7320508075688772
      vertex -0.6180339887498948 17.8 1.902113032590307
      vertex 0 17.8 3.95
    endloop
  endfacet
  facet normal 0 -1 0
    outer loop
      vertex -0.6180339887498948 17.8 1.902113032590307
      vertex -0.20905692653530694 17.8 1.9890437907365466
      vertex 0 17.8 3.95
    endloop
  endfacet
  facet normal 0 -1 0
    outer loop
      vertex -0.20905692653530694 17.8 1.9890437907365466
      vertex 0.20905692653530694 17.8 1.9890437907365466
      vertex 0 17.8 3.95
    endloop
  endfacet
  facet normal 0 -1 0
    outer loop
      vertex 0.20905692653530694 17.8 1.9890437907365466
      vertex 0.6180339887498948 17.8 1.902113032590307
      vertex 0 17.8 3.95
    endloop
  endfacet
  facet normal 0 -1 0
    outer loop
      vertex 0.6180339887498948 17.8 1.902113032590307
      vertex 3.4208003449485327 17.8 1.9749999999999999
      vertex 0 17.8 3.95
    endloop
  endfacet
  facet normal -1 0 0
    outer loop
      vertex 3.4208003449485327 14.5 -1.975
      vertex 3.4208003449485327 14.5 1.9749999999999999
      vertex 3.4208003449485327 17.8 1.9749999999999999
    endloop
  endfacet
  facet normal 0 -1 0
    outer loop
      vertex 1.9562952014676114 17.8 -0.4158233816355187
      vertex 3.4208003449485327 17.8 1.9749999999999999
      vertex 2 17.8 0
    endloop
  endfacet
  facet normal 0 -1 0
    outer loop
      vertex 2 17.8 0
      vertex 3.4208003449485327 17.8 1.9749999999999999
      vertex 1.9562952014676114 17.8 0.4158233816355187
    endloop
  endfacet
  facet normal 0 -1 0
    outer loop
      vertex 1.9562952014676114 17.8 0.4158233816355187
      vertex 3.4208003449485327 17.8 1.9749999999999999
      vertex 1.8270909152852017 17.8 0.8134732861516004
    endloop
  endfacet
  facet normal 0 -1 0
    outer loop
      vertex 1.8270909152852017 17.8 0.8134732861516004
      vertex 3.4208003449485327 17.8 1.9749999999999999
      vertex 1.618033988749895 17.8 1.1755705045849463
    endloop
  endfacet
  facet normal 0 -1 0
    outer loop
      vertex 1.3382612127177165 17.8 1.4862896509547885
      vertex 1.618033988749895 17.8 1.1755705045849463
      vertex 3.4208003449485327 17.8 1.9749999999999999
    endloop
  endfacet
  facet normal 0 -1 0
    outer loop
      vertex 1.3382612127177165 17.8 1.4862896509547885
      vertex 3.4208003449485327 17.8 1.9749999999999999
      vertex 1 17.8 1.7320508075688772
    endloop
  endfacet
  facet normal -0.5000000000000001 0 -0.8660254037844386
    outer loop
      vertex 0 17.8 3.95
      vertex 3.4208003449485327 17.8 1.9749999999999999
      vertex 3.4208003449485327 14.5 1.9749999999999999
    endloop
  endfacet
endsolid OpenSCAD_Model
