solid OpenSCAD_Model
  facet normal -0.5486609712297946 -0.8360449381756812 0
    outer loop
      vertex -50.3399772644043 -79.47361755371094 0
      vertex -52.87751007080078 -77.80834197998047 15.005807495117182
      vertex -52.87751007080078 -77.80834197998047 0
    endloop
  endfacet
  facet normal -0.5214048643992747 -0.8533094206562903 0
    outer loop
      vertex -50.3399772644043 -79.47361755371094 0
      vertex -47.75004196166992 -81.05616760253906 0
      vertex -50.3399772644043 -79.47361755371094 15.005807495117182
    endloop
  endfacet
  facet normal -0.5486609712297946 -0.8360449381756812 0
    outer loop
      vertex -50.3399772644043 -79.47361755371094 0
      vertex -50.3399772644043 -79.47361755371094 15.005807495117182
      vertex -52.87751007080078 -77.80834197998047 15.005807495117182
    endloop
  endfacet
  facet normal -0.5214048643992747 -0.8533094206562903 0
    outer loop
      vertex -47.75004196166992 -81.05616760253906 0
      vertex -47.75004196166992 -81.05616760253906 15.005807495117182
      vertex -50.3399772644043 -79.47361755371094 15.005807495117182
    endloop
  endfacet
  facet normal -0.6268908041633936 -0.7791071297680273 0
    outer loop
      vertex -60.149593353271484 -72.33391571044922 0
      vertex -57.784873962402344 -74.23663330078125 0
      vertex -60.149593353271484 -72.33391571044922 15.005807495117182
    endloop
  endfacet
  facet normal -0.6516973957884011 -0.7584790730947136 0
    outer loop
      vertex -62.45170593261719 -70.35590362548828 0
      vertex -60.149593353271484 -72.33391571044922 0
      vertex -62.45170593261719 -70.35590362548828 15.005807495117182
    endloop
  endfacet
  facet normal -0.6992524095215095 -0.7148748616215029 0
    outer loop
      vertex -64.68881225585938 -68.3046646118164 0
      vertex -66.85857391357422 -66.18231964111328 15.005807495117182
      vertex -66.85857391357422 -66.18231964111328 0
    endloop
  endfacet
  facet normal -0.7219467135871741 -0.6919486561448609 0
    outer loop
      vertex -66.85857391357422 -66.18231964111328 0
      vertex -68.95875549316406 -63.9910888671875 15.005807495117182
      vertex -68.95875549316406 -63.9910888671875 0
    endloop
  endfacet
  facet normal -0.7438944820342136 -0.6682970893240889 0
    outer loop
      vertex -68.95875549316406 -63.9910888671875 0
      vertex -70.98714447021484 -61.73324966430664 15.005807495117182
      vertex -70.98714447021484 -61.73324966430664 0
    endloop
  endfacet
  facet normal -0.675824561920688 -0.7370625221137691 0
    outer loop
      vertex -62.45170593261719 -70.35590362548828 0
      vertex -64.68881225585938 -68.3046646118164 15.005807495117182
      vertex -64.68881225585938 -68.3046646118164 0
    endloop
  endfacet
  facet normal 0.661528482119041 0.7499200406345182 0
    outer loop
      vertex -60.68901824951172 -66.56131744384766 0
      vertex -58.46964645385742 -68.51909637451172 13.005807495117182
      vertex -58.46964645385742 -68.51909637451172 0
    endloop
  endfacet
  facet normal 0.6858061226194849 0.7277842827223105 0
    outer loop
      vertex -60.68901824951172 -66.56131744384766 0
      vertex -62.84287643432617 -64.53169250488281 0
      vertex -60.68901824951172 -66.56131744384766 13.005807495117182
    endloop
  endfacet
  facet normal 0.709345404118597 0.7048610484739699 0
    outer loop
      vertex -64.92889404296875 -62.432403564453125 0
      vertex -62.84287643432617 -64.53169250488281 13.005807495117182
      vertex -62.84287643432617 -64.53169250488281 0
    endloop
  endfacet
  facet normal -0.6014302217879012 -0.7989253333823856 0
    outer loop
      vertex -57.784873962402344 -74.23663330078125 0
      vertex -55.36000442504883 -76.06207275390625 0
      vertex -57.784873962402344 -74.23663330078125 15.005807495117182
    endloop
  endfacet
  facet normal -0.5753454859626793 -0.8179104913022993 0
    outer loop
      vertex -55.36000442504883 -76.06207275390625 0
      vertex -52.87751007080078 -77.80834197998047 0
      vertex -55.36000442504883 -76.06207275390625 15.005807495117182
    endloop
  endfacet
  facet normal 0.6108543162013184 0.7917430166273776 0
    outer loop
      vertex -56.18716049194336 -70.40290832519531 0
      vertex -53.844017028808594 -72.2107162475586 13.005807495117182
      vertex -53.844017028808594 -72.2107162475586 0
    endloop
  endfacet
  facet normal 0.5299733340099978 0.8480143072132258 0
    outer loop
      vertex -48.985958099365234 -75.59062194824219 0
      vertex -46.476280212402344 -77.15906524658203 13.005807495117182
      vertex -46.476280212402344 -77.15906524658203 0
    endloop
  endfacet
  facet normal 0.557545391565857 0.830146454755831 0
    outer loop
      vertex -51.442752838134766 -73.94058227539062 0
      vertex -48.985958099365234 -75.59062194824219 13.005807495117182
      vertex -48.985958099365234 -75.59062194824219 0
    endloop
  endfacet
  facet normal 0.584517407300132 0.8113811684794832 0
    outer loop
      vertex -53.844017028808594 -72.2107162475586 0
      vertex -51.442752838134766 -73.94058227539062 13.005807495117182
      vertex -51.442752838134766 -73.94058227539062 0
    endloop
  endfacet
  facet normal 0.6365359514772336 0.7712470307735212 0
    outer loop
      vertex -56.18716049194336 -70.40290832519531 0
      vertex -58.46964645385742 -68.51909637451172 0
      vertex -56.18716049194336 -70.40290832519531 13.005807495117182
    endloop
  endfacet
  facet normal -0.6516973957884011 -0.7584790730947136 0
    outer loop
      vertex -60.149593353271484 -72.33391571044922 0
      vertex -60.149593353271484 -72.33391571044922 15.005807495117182
      vertex -62.45170593261719 -70.35590362548828 15.005807495117182
    endloop
  endfacet
  facet normal -0.6992524095215095 -0.7148748616215029 0
    outer loop
      vertex -64.68881225585938 -68.3046646118164 0
      vertex -64.68881225585938 -68.3046646118164 15.005807495117182
      vertex -66.85857391357422 -66.18231964111328 15.005807495117182
    endloop
  endfacet
  facet normal -0.7438944820342136 -0.6682970893240889 0
    outer loop
      vertex -68.95875549316406 -63.9910888671875 0
      vertex -68.95875549316406 -63.9910888671875 15.005807495117182
      vertex -70.98714447021484 -61.73324966430664 15.005807495117182
    endloop
  endfacet
  facet normal -0.7219467135871741 -0.6919486561448609 0
    outer loop
      vertex -66.85857391357422 -66.18231964111328 0
      vertex -66.85857391357422 -66.18231964111328 15.005807495117182
      vertex -68.95875549316406 -63.9910888671875 15.005807495117182
    endloop
  endfacet
  facet normal 0.661528482119041 0.7499200406345182 0
    outer loop
      vertex -60.68901824951172 -66.56131744384766 0
      vertex -60.68901824951172 -66.56131744384766 13.005807495117182
      vertex -58.46964645385742 -68.51909637451172 13.005807495117182
    endloop
  endfacet
  facet normal -0.675824561920688 -0.7370625221137691 0
    outer loop
      vertex -62.45170593261719 -70.35590362548828 0
      vertex -62.45170593261719 -70.35590362548828 15.005807495117182
      vertex -64.68881225585938 -68.3046646118164 15.005807495117182
    endloop
  endfacet
  facet normal 0.6858061226194849 0.7277842827223105 0
    outer loop
      vertex -62.84287643432617 -64.53169250488281 0
      vertex -62.84287643432617 -64.53169250488281 13.005807495117182
      vertex -60.68901824951172 -66.56131744384766 13.005807495117182
    endloop
  endfacet
  facet normal 0.709345404118597 0.7048610484739699 0
    outer loop
      vertex -64.92889404296875 -62.432403564453125 0
      vertex -64.92889404296875 -62.432403564453125 13.005807495117182
      vertex -62.84287643432617 -64.53169250488281 13.005807495117182
    endloop
  endfacet
  facet normal -0.6014302217879012 -0.7989253333823856 0
    outer loop
      vertex -55.36000442504883 -76.06207275390625 0
      vertex -55.36000442504883 -76.06207275390625 15.005807495117182
      vertex -57.784873962402344 -74.23663330078125 15.005807495117182
    endloop
  endfacet
  facet normal -0.5753454859626793 -0.8179104913022993 0
    outer loop
      vertex -52.87751007080078 -77.80834197998047 0
      vertex -52.87751007080078 -77.80834197998047 15.005807495117182
      vertex -55.36000442504883 -76.06207275390625 15.005807495117182
    endloop
  endfacet
  facet normal 0.584517407300132 0.8113811684794832 0
    outer loop
      vertex -53.844017028808594 -72.2107162475586 0
      vertex -53.844017028808594 -72.2107162475586 13.005807495117182
      vertex -51.442752838134766 -73.94058227539062 13.005807495117182
    endloop
  endfacet
  facet normal 0.6108543162013184 0.7917430166273776 0
    outer loop
      vertex -56.18716049194336 -70.40290832519531 0
      vertex -56.18716049194336 -70.40290832519531 13.005807495117182
      vertex -53.844017028808594 -72.2107162475586 13.005807495117182
    endloop
  endfacet
  facet normal -0.6268908041633936 -0.7791071297680273 0
    outer loop
      vertex -57.784873962402344 -74.23663330078125 0
      vertex -57.784873962402344 -74.23663330078125 15.005807495117182
      vertex -60.149593353271484 -72.33391571044922 15.005807495117182
    endloop
  endfacet
  facet normal 0.557545391565857 0.830146454755831 0
    outer loop
      vertex -51.442752838134766 -73.94058227539062 0
      vertex -51.442752838134766 -73.94058227539062 13.005807495117182
      vertex -48.985958099365234 -75.59062194824219 13.005807495117182
    endloop
  endfacet
  facet normal 0.5299733340099978 0.8480143072132258 0
    outer loop
      vertex -48.985958099365234 -75.59062194824219 0
      vertex -48.985958099365234 -75.59062194824219 13.005807495117182
      vertex -46.476280212402344 -77.15906524658203 13.005807495117182
    endloop
  endfacet
  facet normal 0.6365359514772336 0.7712470307735212 0
    outer loop
      vertex -58.46964645385742 -68.51909637451172 0
      vertex -58.46964645385742 -68.51909637451172 13.005807495117182
      vertex -56.18716049194336 -70.40290832519531 13.005807495117182
    endloop
  endfacet
  facet normal -0.5486609712297946 -0.836044938175681 0
    outer loop
      vertex -50.3399772644043 -79.47361755371094 15.005807495117182
      vertex -50.3399772644043 -79.47361755371094 55.00580749511718
      vertex -52.87751007080078 -77.80834197998047 15.005807495117182
    endloop
  endfacet
  facet normal -0.5214048643992748 -0.8533094206562903 0
    outer loop
      vertex -50.3399772644043 -79.47361755371094 15.005807495117182
      vertex -47.75004196166992 -81.05616760253906 15.005807495117182
      vertex -47.75004196166992 -81.05616760253906 55.00580749511718
    endloop
  endfacet
  facet normal -0.6516973957884011 -0.7584790730947136 0
    outer loop
      vertex -62.45170593261719 -70.35590362548828 15.005807495117182
      vertex -60.149593353271484 -72.33391571044922 15.005807495117182
      vertex -60.149593353271484 -72.33391571044922 55.00580749511718
    endloop
  endfacet
  facet normal 0.661528482119041 0.7499200406345183 0
    outer loop
      vertex -60.68901824951172 -66.56131744384766 13.005807495117182
      vertex -60.68901824951172 -66.56131744384766 51.00580749511718
      vertex -58.46964645385742 -68.51909637451172 13.005807495117182
    endloop
  endfacet
  facet normal 0.6858061226194849 0.7277842827223105 0
    outer loop
      vertex -60.68901824951172 -66.56131744384766 13.005807495117182
      vertex -62.84287643432617 -64.53169250488281 13.005807495117182
      vertex -62.84287643432617 -64.53169250488281 51.00580749511718
    endloop
  endfacet
  facet normal 0.709345404118597 0.7048610484739699 0
    outer loop
      vertex -64.92889404296875 -62.432403564453125 13.005807495117182
      vertex -64.92889404296875 -62.432403564453125 51.00580749511718
      vertex -62.84287643432617 -64.53169250488281 13.005807495117182
    endloop
  endfacet
  facet normal -0.6992524095215096 -0.714874861621503 0
    outer loop
      vertex -64.68881225585938 -68.3046646118164 15.005807495117182
      vertex -64.68881225585938 -68.3046646118164 55.00580749511718
      vertex -66.85857391357422 -66.18231964111328 15.005807495117182
    endloop
  endfacet
  facet normal -0.7438944820342135 -0.6682970893240888 0
    outer loop
      vertex -68.95875549316406 -63.9910888671875 15.005807495117182
      vertex -68.95875549316406 -63.9910888671875 55.00580749511718
      vertex -70.98714447021484 -61.73324966430664 15.005807495117182
    endloop
  endfacet
  facet normal -0.7219467135871741 -0.6919486561448608 0
    outer loop
      vertex -66.85857391357422 -66.18231964111328 15.005807495117182
      vertex -66.85857391357422 -66.18231964111328 55.00580749511718
      vertex -68.95875549316406 -63.9910888671875 15.005807495117182
    endloop
  endfacet
  facet normal -0.675824561920688 -0.7370625221137691 0
    outer loop
      vertex -62.45170593261719 -70.35590362548828 15.005807495117182
      vertex -62.45170593261719 -70.35590362548828 55.00580749511718
      vertex -64.68881225585938 -68.3046646118164 15.005807495117182
    endloop
  endfacet
  facet normal 0.584517407300132 0.8113811684794833 0
    outer loop
      vertex -53.844017028808594 -72.2107162475586 13.005807495117182
      vertex -53.844017028808594 -72.2107162475586 51.00580749511718
      vertex -51.442752838134766 -73.94058227539062 13.005807495117182
    endloop
  endfacet
  facet normal 0.6108543162013184 0.7917430166273776 0
    outer loop
      vertex -56.18716049194336 -70.40290832519531 13.005807495117182
      vertex -56.18716049194336 -70.40290832519531 51.00580749511718
      vertex -53.844017028808594 -72.2107162475586 13.005807495117182
    endloop
  endfacet
  facet normal 0.5575453915658571 0.8301464547558312 0
    outer loop
      vertex -51.442752838134766 -73.94058227539062 13.005807495117182
      vertex -51.442752838134766 -73.94058227539062 51.00580749511718
      vertex -48.985958099365234 -75.59062194824219 13.005807495117182
    endloop
  endfacet
  facet normal 0.5299733340099978 0.8480143072132258 0
    outer loop
      vertex -48.985958099365234 -75.59062194824219 13.005807495117182
      vertex -48.985958099365234 -75.59062194824219 51.00580749511718
      vertex -46.476280212402344 -77.15906524658203 13.005807495117182
    endloop
  endfacet
  facet normal -0.6014302217879012 -0.7989253333823856 0
    outer loop
      vertex -57.784873962402344 -74.23663330078125 15.005807495117182
      vertex -55.36000442504883 -76.06207275390625 15.005807495117182
      vertex -55.36000442504883 -76.06207275390625 55.00580749511718
    endloop
  endfacet
  facet normal -0.5753454859626792 -0.8179104913022992 0
    outer loop
      vertex -55.36000442504883 -76.06207275390625 15.005807495117182
      vertex -52.87751007080078 -77.80834197998047 15.005807495117182
      vertex -52.87751007080078 -77.80834197998047 55.00580749511718
    endloop
  endfacet
  facet normal -0.6268908041633937 -0.7791071297680272 0
    outer loop
      vertex -60.149593353271484 -72.33391571044922 15.005807495117182
      vertex -57.784873962402344 -74.23663330078125 15.005807495117182
      vertex -57.784873962402344 -74.23663330078125 55.00580749511718
    endloop
  endfacet
  facet normal 0.6365359514772337 0.7712470307735213 0
    outer loop
      vertex -56.18716049194336 -70.40290832519531 13.005807495117182
      vertex -58.46964645385742 -68.51909637451172 13.005807495117182
      vertex -58.46964645385742 -68.51909637451172 51.00580749511718
    endloop
  endfacet
  facet normal -0.7854402369145829 -0.6189375043052115 0
    outer loop
      vertex -72.941650390625 -59.41114807128906 0
      vertex -74.82022857666016 -57.02720642089844 15.005807495117182
      vertex -74.82022857666016 -57.02720642089844 0
    endloop
  endfacet
  facet normal -0.7650650760793563 -0.6439529713913034 0
    outer loop
      vertex -70.98714447021484 -61.73324966430664 0
      vertex -72.941650390625 -59.41114807128906 15.005807495117182
      vertex -72.941650390625 -59.41114807128906 0
    endloop
  endfacet
  facet normal -0.8049972654079491 -0.5932785203306487 0
    outer loop
      vertex -76.62092590332031 -54.58390808105469 0
      vertex -74.82022857666016 -57.02720642089844 0
      vertex -76.62092590332031 -54.58390808105469 15.005807495117182
    endloop
  endfacet
  facet normal 0.7955999334107398 0.6058223716212752 0
    outer loop
      vertex -70.7577896118164 -55.73958969116211 0
      vertex -72.55070495605469 -53.385032653808594 0
      vertex -70.7577896118164 -55.73958969116211 13.005807495117182
    endloop
  endfacet
  facet normal -0.8415794136307011 -0.540133400701165 0
    outer loop
      vertex -78.34186553955078 -52.08378982543945 0
      vertex -79.98126220703125 -49.52945327758789 15.005807495117182
      vertex -79.98126220703125 -49.52945327758789 0
    endloop
  endfacet
  facet normal -0.8237175027657365 -0.5670004194331595 0
    outer loop
      vertex -76.62092590332031 -54.58390808105469 0
      vertex -78.34186553955078 -52.08378982543945 15.005807495117182
      vertex -78.34186553955078 -52.08378982543945 0
    endloop
  endfacet
  facet normal -0.8585660906677178 -0.5127029041809225 0
    outer loop
      vertex -79.98126220703125 -49.52945327758789 0
      vertex -81.53739929199219 -46.92356491088867 15.005807495117182
      vertex -81.53739929199219 -46.92356491088867 0
    endloop
  endfacet
  facet normal 0.8336653109389919 0.5522699967742174 0
    outer loop
      vertex -74.26530456542969 -50.97284698486328 0
      vertex -75.89973449707031 -48.50563430786133 0
      vertex -74.26530456542969 -50.97284698486328 13.005807495117182
    endloop
  endfacet
  facet normal 0.8150721910922486 0.5793594077151772 0
    outer loop
      vertex -74.26530456542969 -50.97284698486328 0
      vertex -72.55070495605469 -53.385032653808594 13.005807495117182
      vertex -72.55070495605469 -53.385032653808594 0
    endloop
  endfacet
  facet normal 0.8513574960020613 0.5245859452950491 0
    outer loop
      vertex -77.45223236083984 -45.98606491088867 0
      vertex -75.89973449707031 -48.50563430786133 13.005807495117182
      vertex -75.89973449707031 -48.50563430786133 0
    endloop
  endfacet
  facet normal -0.8237175027657365 -0.5670004194331595 0
    outer loop
      vertex -76.62092590332031 -54.58390808105469 0
      vertex -76.62092590332031 -54.58390808105469 15.005807495117182
      vertex -78.34186553955078 -52.08378982543945 15.005807495117182
    endloop
  endfacet
  facet normal -0.7854402369145829 -0.6189375043052115 0
    outer loop
      vertex -72.941650390625 -59.41114807128906 0
      vertex -72.941650390625 -59.41114807128906 15.005807495117182
      vertex -74.82022857666016 -57.02720642089844 15.005807495117182
    endloop
  endfacet
  facet normal -0.7650650760793563 -0.6439529713913034 0
    outer loop
      vertex -70.98714447021484 -61.73324966430664 0
      vertex -70.98714447021484 -61.73324966430664 15.005807495117182
      vertex -72.941650390625 -59.41114807128906 15.005807495117182
    endloop
  endfacet
  facet normal 0.7955999334107398 0.6058223716212752 0
    outer loop
      vertex -72.55070495605469 -53.385032653808594 0
      vertex -72.55070495605469 -53.385032653808594 13.005807495117182
      vertex -70.7577896118164 -55.73958969116211 13.005807495117182
    endloop
  endfacet
  facet normal -0.8049972654079491 -0.5932785203306487 0
    outer loop
      vertex -74.82022857666016 -57.02720642089844 0
      vertex -74.82022857666016 -57.02720642089844 15.005807495117182
      vertex -76.62092590332031 -54.58390808105469 15.005807495117182
    endloop
  endfacet
  facet normal -0.8415794136307011 -0.540133400701165 0
    outer loop
      vertex -78.34186553955078 -52.08378982543945 0
      vertex -78.34186553955078 -52.08378982543945 15.005807495117182
      vertex -79.98126220703125 -49.52945327758789 15.005807495117182
    endloop
  endfacet
  facet normal 0.8513574960020613 0.5245859452950491 0
    outer loop
      vertex -77.45223236083984 -45.98606491088867 0
      vertex -77.45223236083984 -45.98606491088867 13.005807495117182
      vertex -75.89973449707031 -48.50563430786133 13.005807495117182
    endloop
  endfacet
  facet normal -0.8585660906677178 -0.5127029041809225 0
    outer loop
      vertex -79.98126220703125 -49.52945327758789 0
      vertex -79.98126220703125 -49.52945327758789 15.005807495117182
      vertex -81.53739929199219 -46.92356491088867 15.005807495117182
    endloop
  endfacet
  facet normal -0.8746580025608177 -0.48474052704134435 0
    outer loop
      vertex -81.53739929199219 -46.92356491088867 0
      vertex -81.53739929199219 -46.92356491088867 15.005807495117182
      vertex -83.0086669921875 -44.26883316040039 15.005807495117182
    endloop
  endfacet
  facet normal 0.8150721910922486 0.5793594077151772 0
    outer loop
      vertex -74.26530456542969 -50.97284698486328 0
      vertex -74.26530456542969 -50.97284698486328 13.005807495117182
      vertex -72.55070495605469 -53.385032653808594 13.005807495117182
    endloop
  endfacet
  facet normal 0.8336653109389919 0.5522699967742174 0
    outer loop
      vertex -75.89973449707031 -48.50563430786133 0
      vertex -75.89973449707031 -48.50563430786133 13.005807495117182
      vertex -74.26530456542969 -50.97284698486328 13.005807495117182
    endloop
  endfacet
  facet normal -0.8746580025608177 -0.48474052704134435 0
    outer loop
      vertex -81.53739929199219 -46.92356491088867 0
      vertex -83.0086669921875 -44.26883316040039 15.005807495117182
      vertex -83.0086669921875 -44.26883316040039 0
    endloop
  endfacet
  facet normal -0.8898396280987041 -0.456273422703054 0
    outer loop
      vertex -83.0086669921875 -44.26883316040039 0
      vertex -84.3935317993164 -41.568023681640625 15.005807495117182
      vertex -84.3935317993164 -41.568023681640625 0
    endloop
  endfacet
  facet normal -0.9040953452746396 -0.4273307930078642 0
    outer loop
      vertex -85.6905517578125 -38.823944091796875 0
      vertex -84.3935317993164 -41.568023681640625 0
      vertex -85.6905517578125 -38.823944091796875 15.005807495117182
    endloop
  endfacet
  facet normal -0.9411623342982324 -0.3379548202027931 0
    outer loop
      vertex -89.04148864746094 -30.36086082458496 0
      vertex -88.01573944091797 -33.217445373535156 0
      vertex -89.04148864746094 -30.36086082458496 15.005807495117182
    endloop
  endfacet
  facet normal -0.9174108840441035 -0.3979412894352838 0
    outer loop
      vertex -85.6905517578125 -38.823944091796875 0
      vertex -86.89836883544922 -36.039451599121094 15.005807495117182
      vertex -86.89836883544922 -36.039451599121094 0
    endloop
  endfacet
  facet normal -0.9297697985438141 -0.36814144254049314 0
    outer loop
      vertex -86.89836883544922 -36.039451599121094 0
      vertex -88.01573944091797 -33.217445373535156 15.005807495117182
      vertex -88.01573944091797 -33.217445373535156 0
    endloop
  endfacet
  facet normal 0.925689590562012 0.37828399639045596 0
    outer loop
      vertex -82.81074523925781 -35.43934631347656 0
      vertex -83.93026733398438 -32.699790954589844 0
      vertex -82.81074523925781 -35.43934631347656 13.005807495117182
    endloop
  endfacet
  facet normal 0.9376166543597613 0.34767083493903855 0
    outer loop
      vertex -83.93026733398438 -32.699790954589844 0
      vertex -84.95919036865234 -29.924938201904297 0
      vertex -83.93026733398438 -32.699790954589844 13.005807495117182
    endloop
  endfacet
  facet normal 0.8839676320632023 0.4675480996267389 0
    outer loop
      vertex -78.9211196899414 -43.41685104370117 0
      vertex -80.30481719970703 -40.8007698059082 0
      vertex -78.9211196899414 -43.41685104370117 13.005807495117182
    endloop
  endfacet
  facet normal 0.8681317525625909 0.49633381931176546 0
    outer loop
      vertex -77.45223236083984 -45.98606491088867 0
      vertex -78.9211196899414 -43.41685104370117 0
      vertex -77.45223236083984 -45.98606491088867 13.005807495117182
    endloop
  endfacet
  facet normal 0.8988506617904857 0.43825504880013183 0
    outer loop
      vertex -80.30481719970703 -40.8007698059082 0
      vertex -81.60182189941406 -38.14064407348633 0
      vertex -80.30481719970703 -40.8007698059082 13.005807495117182
    endloop
  endfacet
  facet normal 0.9127618115841085 0.40849219737186726 0
    outer loop
      vertex -82.81074523925781 -35.43934631347656 0
      vertex -81.60182189941406 -38.14064407348633 13.005807495117182
      vertex -81.60182189941406 -38.14064407348633 0
    endloop
  endfacet
  facet normal -0.8898396280987041 -0.456273422703054 0
    outer loop
      vertex -83.0086669921875 -44.26883316040039 0
      vertex -83.0086669921875 -44.26883316040039 15.005807495117182
      vertex -84.3935317993164 -41.568023681640625 15.005807495117182
    endloop
  endfacet
  facet normal -0.9174108840441035 -0.3979412894352838 0
    outer loop
      vertex -85.6905517578125 -38.823944091796875 0
      vertex -85.6905517578125 -38.823944091796875 15.005807495117182
      vertex -86.89836883544922 -36.039451599121094 15.005807495117182
    endloop
  endfacet
  facet normal -0.9040953452746396 -0.4273307930078642 0
    outer loop
      vertex -84.3935317993164 -41.568023681640625 0
      vertex -84.3935317993164 -41.568023681640625 15.005807495117182
      vertex -85.6905517578125 -38.823944091796875 15.005807495117182
    endloop
  endfacet
  facet normal -0.9411623342982324 -0.3379548202027931 0
    outer loop
      vertex -88.01573944091797 -33.217445373535156 0
      vertex -88.01573944091797 -33.217445373535156 15.005807495117182
      vertex -89.04148864746094 -30.36086082458496 15.005807495117182
    endloop
  endfacet
  facet normal 0.9127618115841085 0.40849219737186726 0
    outer loop
      vertex -82.81074523925781 -35.43934631347656 0
      vertex -82.81074523925781 -35.43934631347656 13.005807495117182
      vertex -81.60182189941406 -38.14064407348633 13.005807495117182
    endloop
  endfacet
  facet normal 0.925689590562012 0.37828399639045596 0
    outer loop
      vertex -83.93026733398438 -32.699790954589844 0
      vertex -83.93026733398438 -32.699790954589844 13.005807495117182
      vertex -82.81074523925781 -35.43934631347656 13.005807495117182
    endloop
  endfacet
  facet normal -0.9297697985438141 -0.36814144254049314 0
    outer loop
      vertex -86.89836883544922 -36.039451599121094 0
      vertex -86.89836883544922 -36.039451599121094 15.005807495117182
      vertex -88.01573944091797 -33.217445373535156 15.005807495117182
    endloop
  endfacet
  facet normal 0.9376166543597613 0.34767083493903855 0
    outer loop
      vertex -84.95919036865234 -29.924938201904297 0
      vertex -84.95919036865234 -29.924938201904297 13.005807495117182
      vertex -83.93026733398438 -32.699790954589844 13.005807495117182
    endloop
  endfacet
  facet normal 0.8839676320632023 0.4675480996267389 0
    outer loop
      vertex -80.30481719970703 -40.8007698059082 0
      vertex -80.30481719970703 -40.8007698059082 13.005807495117182
      vertex -78.9211196899414 -43.41685104370117 13.005807495117182
    endloop
  endfacet
  facet normal 0.8681317525625909 0.49633381931176546 0
    outer loop
      vertex -77.45223236083984 -45.98606491088867 13.005807495117182
      vertex -78.9211196899414 -43.41685104370117 0
      vertex -78.9211196899414 -43.41685104370117 13.005807495117182
    endloop
  endfacet
  facet normal 0.8988506617904857 0.43825504880013183 0
    outer loop
      vertex -81.60182189941406 -38.14064407348633 0
      vertex -81.60182189941406 -38.14064407348633 13.005807495117182
      vertex -80.30481719970703 -40.8007698059082 13.005807495117182
    endloop
  endfacet
  facet normal 0.7321180886853048 0.6811777332090181 0
    outer loop
      vertex -64.92889404296875 -62.432403564453125 0
      vertex -66.94482421875 -60.265716552734375 0
      vertex -64.92889404296875 -62.432403564453125 13.005807495117182
    endloop
  endfacet
  facet normal 0.7540996969666499 0.6567599615040544 0
    outer loop
      vertex -68.88848876953125 -58.03397750854492 0
      vertex -66.94482421875 -60.265716552734375 13.005807495117182
      vertex -66.94482421875 -60.265716552734375 0
    endloop
  endfacet
  facet normal 0.7752681344315641 0.6316322662237914 0
    outer loop
      vertex -70.7577896118164 -55.73958969116211 0
      vertex -68.88848876953125 -58.03397750854492 13.005807495117182
      vertex -68.88848876953125 -58.03397750854492 0
    endloop
  endfacet
  facet normal 0.7540996969666499 0.6567599615040544 0
    outer loop
      vertex -68.88848876953125 -58.03397750854492 0
      vertex -68.88848876953125 -58.03397750854492 13.005807495117182
      vertex -66.94482421875 -60.265716552734375 13.005807495117182
    endloop
  endfacet
  facet normal 0.7321180886853048 0.6811777332090181 0
    outer loop
      vertex -64.92889404296875 -62.432403564453125 13.005807495117182
      vertex -66.94482421875 -60.265716552734375 0
      vertex -66.94482421875 -60.265716552734375 13.005807495117182
    endloop
  endfacet
  facet normal 0.7752681344315641 0.6316322662237914 0
    outer loop
      vertex -70.7577896118164 -55.73958969116211 0
      vertex -70.7577896118164 -55.73958969116211 13.005807495117182
      vertex -68.88848876953125 -58.03397750854492 13.005807495117182
    endloop
  endfacet
  facet normal 0.7955999334107399 0.6058223716212752 0
    outer loop
      vertex -70.7577896118164 -55.73958969116211 13.005807495117182
      vertex -72.55070495605469 -53.385032653808594 13.005807495117182
      vertex -72.55070495605469 -53.385032653808594 51.00580749511718
    endloop
  endfacet
  facet normal -0.8237175027657366 -0.5670004194331595 0
    outer loop
      vertex -76.62092590332031 -54.58390808105469 15.005807495117182
      vertex -76.62092590332031 -54.58390808105469 55.00580749511718
      vertex -78.34186553955078 -52.08378982543945 15.005807495117182
    endloop
  endfacet
  facet normal -0.785440236914583 -0.6189375043052115 0
    outer loop
      vertex -72.941650390625 -59.41114807128906 15.005807495117182
      vertex -72.941650390625 -59.41114807128906 55.00580749511718
      vertex -74.82022857666016 -57.02720642089844 15.005807495117182
    endloop
  endfacet
  facet normal -0.7650650760793563 -0.6439529713913034 0
    outer loop
      vertex -70.98714447021484 -61.73324966430664 15.005807495117182
      vertex -70.98714447021484 -61.73324966430664 55.00580749511718
      vertex -72.941650390625 -59.41114807128906 15.005807495117182
    endloop
  endfacet
  facet normal -0.8049972654079491 -0.5932785203306487 0
    outer loop
      vertex -76.62092590332031 -54.58390808105469 15.005807495117182
      vertex -74.82022857666016 -57.02720642089844 15.005807495117182
      vertex -74.82022857666016 -57.02720642089844 55.00580749511718
    endloop
  endfacet
  facet normal 0.8513574960020613 0.524585945295049 0
    outer loop
      vertex -77.45223236083984 -45.98606491088867 13.005807495117182
      vertex -77.45223236083984 -45.98606491088867 51.00580749511718
      vertex -75.89973449707031 -48.50563430786133 13.005807495117182
    endloop
  endfacet
  facet normal 0.8150721910922487 0.5793594077151772 0
    outer loop
      vertex -74.26530456542969 -50.97284698486328 13.005807495117182
      vertex -74.26530456542969 -50.97284698486328 51.00580749511718
      vertex -72.55070495605469 -53.385032653808594 13.005807495117182
    endloop
  endfacet
  facet normal 0.8336653109389918 0.5522699967742173 0
    outer loop
      vertex -74.26530456542969 -50.97284698486328 13.005807495117182
      vertex -75.89973449707031 -48.50563430786133 13.005807495117182
      vertex -75.89973449707031 -48.50563430786133 51.00580749511718
    endloop
  endfacet
  facet normal -0.8415794136307012 -0.540133400701165 0
    outer loop
      vertex -78.34186553955078 -52.08378982543945 15.005807495117182
      vertex -78.34186553955078 -52.08378982543945 55.00580749511718
      vertex -79.98126220703125 -49.52945327758789 15.005807495117182
    endloop
  endfacet
  facet normal -0.8585660906677178 -0.5127029041809226 0
    outer loop
      vertex -79.98126220703125 -49.52945327758789 15.005807495117182
      vertex -79.98126220703125 -49.52945327758789 55.00580749511718
      vertex -81.53739929199219 -46.92356491088867 15.005807495117182
    endloop
  endfacet
  facet normal -0.8746580025608178 -0.4847405270413444 0
    outer loop
      vertex -81.53739929199219 -46.92356491088867 15.005807495117182
      vertex -81.53739929199219 -46.92356491088867 55.00580749511718
      vertex -83.0086669921875 -44.26883316040039 15.005807495117182
    endloop
  endfacet
  facet normal -0.8898396280987042 -0.45627342270305404 0
    outer loop
      vertex -83.0086669921875 -44.26883316040039 15.005807495117182
      vertex -83.0086669921875 -44.26883316040039 55.00580749511718
      vertex -84.3935317993164 -41.568023681640625 15.005807495117182
    endloop
  endfacet
  facet normal -0.9174108840441036 -0.3979412894352838 0
    outer loop
      vertex -85.6905517578125 -38.823944091796875 15.005807495117182
      vertex -85.6905517578125 -38.823944091796875 55.00580749511718
      vertex -86.89836883544922 -36.039451599121094 15.005807495117182
    endloop
  endfacet
  facet normal -0.9040953452746396 -0.4273307930078643 0
    outer loop
      vertex -85.6905517578125 -38.823944091796875 15.005807495117182
      vertex -84.3935317993164 -41.568023681640625 15.005807495117182
      vertex -84.3935317993164 -41.568023681640625 55.00580749511718
    endloop
  endfacet
  facet normal 0.9127618115841085 0.40849219737186726 0
    outer loop
      vertex -82.81074523925781 -35.43934631347656 13.005807495117182
      vertex -82.81074523925781 -35.43934631347656 51.00580749511718
      vertex -81.60182189941406 -38.14064407348633 13.005807495117182
    endloop
  endfacet
  facet normal 0.925689590562012 0.3782839963904559 0
    outer loop
      vertex -82.81074523925781 -35.43934631347656 13.005807495117182
      vertex -83.93026733398438 -32.699790954589844 13.005807495117182
      vertex -83.93026733398438 -32.699790954589844 51.00580749511718
    endloop
  endfacet
  facet normal 0.9376166543597612 0.3476708349390385 0
    outer loop
      vertex -83.93026733398438 -32.699790954589844 13.005807495117182
      vertex -84.95919036865234 -29.924938201904297 13.005807495117182
      vertex -84.95919036865234 -29.924938201904297 51.00580749511718
    endloop
  endfacet
  facet normal -0.9411623342982324 -0.3379548202027931 0
    outer loop
      vertex -89.04148864746094 -30.36086082458496 15.005807495117182
      vertex -88.01573944091797 -33.217445373535156 15.005807495117182
      vertex -88.01573944091797 -33.217445373535156 55.00580749511718
    endloop
  endfacet
  facet normal -0.9297697985438141 -0.36814144254049314 0
    outer loop
      vertex -86.89836883544922 -36.039451599121094 15.005807495117182
      vertex -86.89836883544922 -36.039451599121094 55.00580749511718
      vertex -88.01573944091797 -33.217445373535156 15.005807495117182
    endloop
  endfacet
  facet normal 0.8839676320632023 0.4675480996267389 0
    outer loop
      vertex -78.9211196899414 -43.41685104370117 13.005807495117182
      vertex -80.30481719970703 -40.8007698059082 13.005807495117182
      vertex -80.30481719970703 -40.8007698059082 51.00580749511718
    endloop
  endfacet
  facet normal 0.868131752562591 0.49633381931176546 0
    outer loop
      vertex -77.45223236083984 -45.98606491088867 13.005807495117182
      vertex -78.9211196899414 -43.41685104370117 13.005807495117182
      vertex -78.9211196899414 -43.41685104370117 51.00580749511718
    endloop
  endfacet
  facet normal 0.8988506617904857 0.43825504880013183 0
    outer loop
      vertex -80.30481719970703 -40.8007698059082 13.005807495117182
      vertex -81.60182189941406 -38.14064407348633 13.005807495117182
      vertex -81.60182189941406 -38.14064407348633 51.00580749511718
    endloop
  endfacet
  facet normal 0.7540996969666498 0.6567599615040544 0
    outer loop
      vertex -68.88848876953125 -58.03397750854492 13.005807495117182
      vertex -68.88848876953125 -58.03397750854492 51.00580749511718
      vertex -66.94482421875 -60.265716552734375 13.005807495117182
    endloop
  endfacet
  facet normal 0.7321180886853047 0.681177733209018 0
    outer loop
      vertex -64.92889404296875 -62.432403564453125 13.005807495117182
      vertex -66.94482421875 -60.265716552734375 13.005807495117182
      vertex -66.94482421875 -60.265716552734375 51.00580749511718
    endloop
  endfacet
  facet normal 0.775268134431564 0.6316322662237913 0
    outer loop
      vertex -70.7577896118164 -55.73958969116211 13.005807495117182
      vertex -70.7577896118164 -55.73958969116211 51.00580749511718
      vertex -68.88848876953125 -58.03397750854492 13.005807495117182
    endloop
  endfacet
  facet normal -0.37757297770472276 -0.9259798305077649 0
    outer loop
      vertex -36.92098617553711 -86.52751159667969 0
      vertex -34.1104850769043 -87.67350769042969 0
      vertex -36.92098617553711 -86.52751159667969 15.005807495117182
    endloop
  endfacet
  facet normal -0.46529508974080247 -0.8851556244317146 0
    outer loop
      vertex -45.11040115356445 -82.55435180664062 0
      vertex -42.42380905151367 -83.96659851074219 0
      vertex -45.11040115356445 -82.55435180664062 15.005807495117182
    endloop
  endfacet
  facet normal -0.4364986017272789 -0.8997049353483231 0
    outer loop
      vertex -42.42380905151367 -83.96659851074219 0
      vertex -39.693058013916016 -85.29144287109375 0
      vertex -42.42380905151367 -83.96659851074219 15.005807495117182
    endloop
  endfacet
  facet normal -0.49360793451689183 -0.8696845445228791 0
    outer loop
      vertex -47.75004196166992 -81.05616760253906 0
      vertex -45.11040115356445 -82.55435180664062 0
      vertex -47.75004196166992 -81.05616760253906 15.005807495117182
    endloop
  endfacet
  facet normal 0.501829564150016 0.864966524522773 0
    outer loop
      vertex -43.91643142700195 -78.64421844482422 0
      vertex -46.476280212402344 -77.15906524658203 0
      vertex -43.91643142700195 -78.64421844482422 13.005807495117182
    endloop
  endfacet
  facet normal 0.4731427190584612 0.8809857929626141 0
    outer loop
      vertex -41.30917739868164 -80.04447174072266 0
      vertex -43.91643142700195 -78.64421844482422 0
      vertex -41.30917739868164 -80.04447174072266 13.005807495117182
    endloop
  endfacet
  facet normal -0.407248791041298 -0.913317262617652 0
    outer loop
      vertex -36.92098617553711 -86.52751159667969 0
      vertex -39.693058013916016 -85.29144287109375 15.005807495117182
      vertex -39.693058013916016 -85.29144287109375 0
    endloop
  endfacet
  facet normal 0.41427205049082383 0.9101531015066248 0
    outer loop
      vertex -35.96375274658203 -82.5843505859375 0
      vertex -38.65732955932617 -81.35832214355469 0
      vertex -35.96375274658203 -82.5843505859375 13.005807495117182
    endloop
  endfacet
  facet normal 0.4439469281418098 0.8960530815713156 0
    outer loop
      vertex -41.30917739868164 -80.04447174072266 0
      vertex -38.65732955932617 -81.35832214355469 13.005807495117182
      vertex -38.65732955932617 -81.35832214355469 0
    endloop
  endfacet
  facet normal -0.3475066575443396 -0.9376775154403358 0
    outer loop
      vertex -34.1104850769043 -87.67350769042969 0
      vertex -31.264476776123047 -88.7282485961914 0
      vertex -34.1104850769043 -87.67350769042969 15.005807495117182
    endloop
  endfacet
  facet normal -0.31707637888391016 -0.9484000052477156 0
    outer loop
      vertex -31.264476776123047 -88.7282485961914 0
      vertex -28.38592529296875 -89.69062805175781 0
      vertex -31.264476776123047 -88.7282485961914 15.005807495117182
    endloop
  endfacet
  facet normal -0.25526015729784046 -0.9668724073507744 0
    outer loop
      vertex -25.477828979492188 -90.55964660644531 0
      vertex -22.543209075927734 -91.33440399169922 0
      vertex -25.477828979492188 -90.55964660644531 15.005807495117182
    endloop
  endfacet
  facet normal -0.28631688450267884 -0.958134980912752 0
    outer loop
      vertex -25.477828979492188 -90.55964660644531 0
      vertex -28.38592529296875 -89.69062805175781 15.005807495117182
      vertex -28.38592529296875 -89.69062805175781 0
    endloop
  endfacet
  facet normal 0.291422473602396 0.9565944500567944 0
    outer loop
      vertex -24.830907821655273 -86.58517456054688 0
      vertex -27.661924362182617 -85.72271728515625 0
      vertex -24.830907821655273 -86.58517456054688 13.005807495117182
    endloop
  endfacet
  facet normal 0.38414654343204546 0.9232721338636901 0
    outer loop
      vertex -35.96375274658203 -82.5843505859375 0
      vertex -33.231353759765625 -83.72122192382812 13.005807495117182
      vertex -33.231353759765625 -83.72122192382812 0
    endloop
  endfacet
  facet normal 0.35361031666988413 0.9353928286792798 0
    outer loop
      vertex -33.231353759765625 -83.72122192382812 0
      vertex -30.46308135986328 -84.7677230834961 13.005807495117182
      vertex -30.46308135986328 -84.7677230834961 0
    endloop
  endfacet
  facet normal 0.322690370106293 0.9465045826833928 0
    outer loop
      vertex -30.46308135986328 -84.7677230834961 0
      vertex -27.661924362182617 -85.72271728515625 13.005807495117182
      vertex -27.661924362182617 -85.72271728515625 0
    endloop
  endfacet
  facet normal -0.407248791041298 -0.913317262617652 0
    outer loop
      vertex -36.92098617553711 -86.52751159667969 0
      vertex -36.92098617553711 -86.52751159667969 15.005807495117182
      vertex -39.693058013916016 -85.29144287109375 15.005807495117182
    endloop
  endfacet
  facet normal -0.49360793451689183 -0.8696845445228791 0
    outer loop
      vertex -47.75004196166992 -81.05616760253906 15.005807495117182
      vertex -45.11040115356445 -82.55435180664062 0
      vertex -45.11040115356445 -82.55435180664062 15.005807495117182
    endloop
  endfacet
  facet normal -0.46529508974080247 -0.8851556244317146 0
    outer loop
      vertex -42.42380905151367 -83.96659851074219 0
      vertex -42.42380905151367 -83.96659851074219 15.005807495117182
      vertex -45.11040115356445 -82.55435180664062 15.005807495117182
    endloop
  endfacet
  facet normal 0.4731427190584612 0.8809857929626141 0
    outer loop
      vertex -43.91643142700195 -78.64421844482422 0
      vertex -43.91643142700195 -78.64421844482422 13.005807495117182
      vertex -41.30917739868164 -80.04447174072266 13.005807495117182
    endloop
  endfacet
  facet normal -0.4364986017272789 -0.8997049353483231 0
    outer loop
      vertex -39.693058013916016 -85.29144287109375 0
      vertex -39.693058013916016 -85.29144287109375 15.005807495117182
      vertex -42.42380905151367 -83.96659851074219 15.005807495117182
    endloop
  endfacet
  facet normal 0.4439469281418098 0.8960530815713156 0
    outer loop
      vertex -41.30917739868164 -80.04447174072266 0
      vertex -41.30917739868164 -80.04447174072266 13.005807495117182
      vertex -38.65732955932617 -81.35832214355469 13.005807495117182
    endloop
  endfacet
  facet normal 0.41427205049082383 0.9101531015066248 0
    outer loop
      vertex -38.65732955932617 -81.35832214355469 0
      vertex -38.65732955932617 -81.35832214355469 13.005807495117182
      vertex -35.96375274658203 -82.5843505859375 13.005807495117182
    endloop
  endfacet
  facet normal -0.37757297770472276 -0.9259798305077649 0
    outer loop
      vertex -34.1104850769043 -87.67350769042969 0
      vertex -34.1104850769043 -87.67350769042969 15.005807495117182
      vertex -36.92098617553711 -86.52751159667969 15.005807495117182
    endloop
  endfacet
  facet normal -0.3475066575443396 -0.9376775154403358 0
    outer loop
      vertex -31.264476776123047 -88.7282485961914 0
      vertex -31.264476776123047 -88.7282485961914 15.005807495117182
      vertex -34.1104850769043 -87.67350769042969 15.005807495117182
    endloop
  endfacet
  facet normal -0.28631688450267884 -0.958134980912752 0
    outer loop
      vertex -25.477828979492188 -90.55964660644531 0
      vertex -25.477828979492188 -90.55964660644531 15.005807495117182
      vertex -28.38592529296875 -89.69062805175781 15.005807495117182
    endloop
  endfacet
  facet normal -0.25526015729784046 -0.9668724073507744 0
    outer loop
      vertex -25.477828979492188 -90.55964660644531 15.005807495117182
      vertex -22.543209075927734 -91.33440399169922 0
      vertex -22.543209075927734 -91.33440399169922 15.005807495117182
    endloop
  endfacet
  facet normal 0.291422473602396 0.9565944500567944 0
    outer loop
      vertex -27.661924362182617 -85.72271728515625 0
      vertex -27.661924362182617 -85.72271728515625 13.005807495117182
      vertex -24.830907821655273 -86.58517456054688 13.005807495117182
    endloop
  endfacet
  facet normal 0.2598398333190506 0.9656517286375704 0
    outer loop
      vertex -24.830907821655273 -86.58517456054688 0
      vertex -24.830907821655273 -86.58517456054688 13.005807495117182
      vertex -21.973085403442383 -87.35416412353516 13.005807495117182
    endloop
  endfacet
  facet normal -0.31707637888391016 -0.9484000052477156 0
    outer loop
      vertex -28.38592529296875 -89.69062805175781 0
      vertex -28.38592529296875 -89.69062805175781 15.005807495117182
      vertex -31.264476776123047 -88.7282485961914 15.005807495117182
    endloop
  endfacet
  facet normal 0.38414654343204546 0.9232721338636901 0
    outer loop
      vertex -35.96375274658203 -82.5843505859375 0
      vertex -35.96375274658203 -82.5843505859375 13.005807495117182
      vertex -33.231353759765625 -83.72122192382812 13.005807495117182
    endloop
  endfacet
  facet normal 0.35361031666988413 0.9353928286792798 0
    outer loop
      vertex -33.231353759765625 -83.72122192382812 0
      vertex -33.231353759765625 -83.72122192382812 13.005807495117182
      vertex -30.46308135986328 -84.7677230834961 13.005807495117182
    endloop
  endfacet
  facet normal 0.322690370106293 0.9465045826833928 0
    outer loop
      vertex -30.46308135986328 -84.7677230834961 0
      vertex -30.46308135986328 -84.7677230834961 13.005807495117182
      vertex -27.661924362182617 -85.72271728515625 13.005807495117182
    endloop
  endfacet
  facet normal 0.501829564150016 0.864966524522773 0
    outer loop
      vertex -43.91643142700195 -78.64421844482422 13.005807495117182
      vertex -46.476280212402344 -77.15906524658203 0
      vertex -46.476280212402344 -77.15906524658203 13.005807495117182
    endloop
  endfacet
  facet normal -0.22393520511667997 -0.9746040344208259 0
    outer loop
      vertex -22.543209075927734 -91.33440399169922 0
      vertex -19.585126876831055 -92.01408386230469 0
      vertex -22.543209075927734 -91.33440399169922 15.005807495117182
    endloop
  endfacet
  facet normal -0.1923808332431904 -0.9813203427019415 0
    outer loop
      vertex -19.585126876831055 -92.01408386230469 0
      vertex -16.60665512084961 -92.59799194335938 0
      vertex -19.585126876831055 -92.01408386230469 15.005807495117182
    endloop
  endfacet
  facet normal 0.2598398333190506 0.9656517286375704 0
    outer loop
      vertex -24.830907821655273 -86.58517456054688 0
      vertex -21.973085403442383 -87.35416412353516 13.005807495117182
      vertex -21.973085403442383 -87.35416412353516 0
    endloop
  endfacet
  facet normal 0.22797632732237527 0.97366667508989 0
    outer loop
      vertex -21.973085403442383 -87.35416412353516 0
      vertex -19.091543197631836 -88.02885437011719 13.005807495117182
      vertex -19.091543197631836 -88.02885437011719 0
    endloop
  endfacet
  facet normal -0.1606233589906557 -0.9870157732004888 0
    outer loop
      vertex -16.60665512084961 -92.59799194335938 0
      vertex -13.610899925231934 -93.08551025390625 0
      vertex -16.60665512084961 -92.59799194335938 15.005807495117182
    endloop
  endfacet
  facet normal -0.12869973387147715 -0.9916836080632829 0
    outer loop
      vertex -13.610899925231934 -93.08551025390625 0
      vertex -10.60097599029541 -93.47613525390625 0
      vertex -13.610899925231934 -93.08551025390625 15.005807495117182
    endloop
  endfacet
  facet normal 0.1958678767294492 0.9806302946908673 0
    outer loop
      vertex -19.091543197631836 -88.02885437011719 0
      vertex -16.18939208984375 -88.6085205078125 13.005807495117182
      vertex -16.18939208984375 -88.6085205078125 0
    endloop
  endfacet
  facet normal 0.1635479922239253 0.9865353791119318 0
    outer loop
      vertex -16.18939208984375 -88.6085205078125 0
      vertex -13.269763946533203 -89.09253692626953 13.005807495117182
      vertex -13.269763946533203 -89.09253692626953 0
    endloop
  endfacet
  facet normal -0.09664293887732832 -0.9953191158443371 0
    outer loop
      vertex -10.60097599029541 -93.47613525390625 0
      vertex -7.580017566680908 -93.76946258544922 0
      vertex -10.60097599029541 -93.47613525390625 15.005807495117182
    endloop
  endfacet
  facet normal -0.06448559715536999 -0.9979186378455488 0
    outer loop
      vertex -7.580017566680908 -93.76946258544922 0
      vertex -4.551168918609619 -93.9651870727539 0
      vertex -7.580017566680908 -93.76946258544922 15.005807495117182
    endloop
  endfacet
  facet normal 0.1310503736222447 0.9913757106029327 0
    outer loop
      vertex -13.269763946533203 -89.09253692626953 0
      vertex -10.33581256866455 -89.48037719726562 13.005807495117182
      vertex -10.33581256866455 -89.48037719726562 0
    endloop
  endfacet
  facet normal 0.098410851789672 0.9951458708400649 0
    outer loop
      vertex -10.33581256866455 -89.48037719726562 0
      vertex -7.390702724456787 -89.77162170410156 13.005807495117182
      vertex -7.390702724456787 -89.77162170410156 0
    endloop
  endfacet
  facet normal -0.032257882907469844 -0.999479579076195 0
    outer loop
      vertex -4.551168918609619 -93.9651870727539 0
      vertex -1.5175827741622925 -94.06309509277344 0
      vertex -4.551168918609619 -93.9651870727539 15.005807495117182
    endloop
  endfacet
  facet normal 0 -1 0
    outer loop
      vertex -1.5175827741622925 -94.06309509277344 0
      vertex 1.5175827741622925 -94.06309509277344 0
      vertex -1.5175827741622925 -94.06309509277344 15.005807495117182
    endloop
  endfacet
  facet normal 0.03285088454708064 0.9994602640347812 0
    outer loop
      vertex -1.479737639427185 -90.06317901611328 0
      vertex -4.437615394592285 -89.96595764160156 0
      vertex -1.479737639427185 -90.06317901611328 13.005807495117182
    endloop
  endfacet
  facet normal 0.06566568362678739 0.997841679823922 0
    outer loop
      vertex -7.390702724456787 -89.77162170410156 0
      vertex -4.437615394592285 -89.96595764160156 13.005807495117182
      vertex -4.437615394592285 -89.96595764160156 0
    endloop
  endfacet
  facet normal -0.22393520511667997 -0.9746040344208259 0
    outer loop
      vertex -19.585126876831055 -92.01408386230469 0
      vertex -19.585126876831055 -92.01408386230469 15.005807495117182
      vertex -22.543209075927734 -91.33440399169922 15.005807495117182
    endloop
  endfacet
  facet normal 0.22797632732237527 0.97366667508989 0
    outer loop
      vertex -21.973085403442383 -87.35416412353516 0
      vertex -21.973085403442383 -87.35416412353516 13.005807495117182
      vertex -19.091543197631836 -88.02885437011719 13.005807495117182
    endloop
  endfacet
  facet normal 0.1958678767294492 0.9806302946908673 0
    outer loop
      vertex -19.091543197631836 -88.02885437011719 0
      vertex -19.091543197631836 -88.02885437011719 13.005807495117182
      vertex -16.18939208984375 -88.6085205078125 13.005807495117182
    endloop
  endfacet
  facet normal -0.1923808332431904 -0.9813203427019415 0
    outer loop
      vertex -16.60665512084961 -92.59799194335938 0
      vertex -16.60665512084961 -92.59799194335938 15.005807495117182
      vertex -19.585126876831055 -92.01408386230469 15.005807495117182
    endloop
  endfacet
  facet normal -0.1606233589906557 -0.9870157732004888 0
    outer loop
      vertex -13.610899925231934 -93.08551025390625 0
      vertex -13.610899925231934 -93.08551025390625 15.005807495117182
      vertex -16.60665512084961 -92.59799194335938 15.005807495117182
    endloop
  endfacet
  facet normal 0.1635479922239253 0.9865353791119318 0
    outer loop
      vertex -16.18939208984375 -88.6085205078125 0
      vertex -16.18939208984375 -88.6085205078125 13.005807495117182
      vertex -13.269763946533203 -89.09253692626953 13.005807495117182
    endloop
  endfacet
  facet normal 0.1310503736222447 0.9913757106029327 0
    outer loop
      vertex -13.269763946533203 -89.09253692626953 0
      vertex -13.269763946533203 -89.09253692626953 13.005807495117182
      vertex -10.33581256866455 -89.48037719726562 13.005807495117182
    endloop
  endfacet
  facet normal -0.12869973387147715 -0.9916836080632829 0
    outer loop
      vertex -10.60097599029541 -93.47613525390625 0
      vertex -10.60097599029541 -93.47613525390625 15.005807495117182
      vertex -13.610899925231934 -93.08551025390625 15.005807495117182
    endloop
  endfacet
  facet normal -0.09664293887732832 -0.9953191158443371 0
    outer loop
      vertex -7.580017566680908 -93.76946258544922 0
      vertex -7.580017566680908 -93.76946258544922 15.005807495117182
      vertex -10.60097599029541 -93.47613525390625 15.005807495117182
    endloop
  endfacet
  facet normal 0.098410851789672 0.9951458708400649 0
    outer loop
      vertex -10.33581256866455 -89.48037719726562 0
      vertex -10.33581256866455 -89.48037719726562 13.005807495117182
      vertex -7.390702724456787 -89.77162170410156 13.005807495117182
    endloop
  endfacet
  facet normal 0.06566568362678739 0.997841679823922 0
    outer loop
      vertex -7.390702724456787 -89.77162170410156 0
      vertex -7.390702724456787 -89.77162170410156 13.005807495117182
      vertex -4.437615394592285 -89.96595764160156 13.005807495117182
    endloop
  endfacet
  facet normal 0 1 0
    outer loop
      vertex -1.479737639427185 -90.06317901611328 0
      vertex -1.479737639427185 -90.06317901611328 13.005807495117182
      vertex 1.479737639427185 -90.06317901611328 13.005807495117182
    endloop
  endfacet
  facet normal -0.06448559715536999 -0.9979186378455488 0
    outer loop
      vertex -4.551168918609619 -93.9651870727539 0
      vertex -4.551168918609619 -93.9651870727539 15.005807495117182
      vertex -7.580017566680908 -93.76946258544922 15.005807495117182
    endloop
  endfacet
  facet normal -0.032257882907469844 -0.999479579076195 0
    outer loop
      vertex -1.5175827741622925 -94.06309509277344 0
      vertex -1.5175827741622925 -94.06309509277344 15.005807495117182
      vertex -4.551168918609619 -93.9651870727539 15.005807495117182
    endloop
  endfacet
  facet normal 0.03285088454708064 0.9994602640347812 0
    outer loop
      vertex -4.437615394592285 -89.96595764160156 0
      vertex -4.437615394592285 -89.96595764160156 13.005807495117182
      vertex -1.479737639427185 -90.06317901611328 13.005807495117182
    endloop
  endfacet
  facet normal -0.407248791041298 -0.913317262617652 0
    outer loop
      vertex -36.92098617553711 -86.52751159667969 15.005807495117182
      vertex -36.92098617553711 -86.52751159667969 55.00580749511718
      vertex -39.693058013916016 -85.29144287109375 15.005807495117182
    endloop
  endfacet
  facet normal 0.4731427190584612 0.8809857929626141 0
    outer loop
      vertex -41.30917739868164 -80.04447174072266 13.005807495117182
      vertex -43.91643142700195 -78.64421844482422 13.005807495117182
      vertex -43.91643142700195 -78.64421844482422 51.00580749511718
    endloop
  endfacet
  facet normal 0.44394692814180986 0.8960530815713156 0
    outer loop
      vertex -41.30917739868164 -80.04447174072266 13.005807495117182
      vertex -41.30917739868164 -80.04447174072266 51.00580749511718
      vertex -38.65732955932617 -81.35832214355469 13.005807495117182
    endloop
  endfacet
  facet normal 0.41427205049082383 0.9101531015066248 0
    outer loop
      vertex -35.96375274658203 -82.5843505859375 13.005807495117182
      vertex -38.65732955932617 -81.35832214355469 13.005807495117182
      vertex -38.65732955932617 -81.35832214355469 51.00580749511718
    endloop
  endfacet
  facet normal -0.49360793451689183 -0.8696845445228791 0
    outer loop
      vertex -47.75004196166992 -81.05616760253906 15.005807495117182
      vertex -45.11040115356445 -82.55435180664062 15.005807495117182
      vertex -45.11040115356445 -82.55435180664062 55.00580749511718
    endloop
  endfacet
  facet normal -0.46529508974080247 -0.8851556244317146 0
    outer loop
      vertex -45.11040115356445 -82.55435180664062 15.005807495117182
      vertex -42.42380905151367 -83.96659851074219 15.005807495117182
      vertex -42.42380905151367 -83.96659851074219 55.00580749511718
    endloop
  endfacet
  facet normal -0.43649860172727895 -0.8997049353483232 0
    outer loop
      vertex -42.42380905151367 -83.96659851074219 15.005807495117182
      vertex -39.693058013916016 -85.29144287109375 15.005807495117182
      vertex -39.693058013916016 -85.29144287109375 55.00580749511718
    endloop
  endfacet
  facet normal 0.2914224736023959 0.9565944500567943 0
    outer loop
      vertex -24.830907821655273 -86.58517456054688 13.005807495117182
      vertex -27.661924362182617 -85.72271728515625 13.005807495117182
      vertex -27.661924362182617 -85.72271728515625 51.00580749511718
    endloop
  endfacet
  facet normal 0.2598398333190506 0.9656517286375704 0
    outer loop
      vertex -24.830907821655273 -86.58517456054688 13.005807495117182
      vertex -24.830907821655273 -86.58517456054688 51.00580749511718
      vertex -21.973085403442383 -87.35416412353516 13.005807495117182
    endloop
  endfacet
  facet normal -0.3775729777047227 -0.9259798305077649 0
    outer loop
      vertex -36.92098617553711 -86.52751159667969 15.005807495117182
      vertex -34.1104850769043 -87.67350769042969 15.005807495117182
      vertex -34.1104850769043 -87.67350769042969 55.00580749511718
    endloop
  endfacet
  facet normal -0.3475066575443396 -0.9376775154403357 0
    outer loop
      vertex -34.1104850769043 -87.67350769042969 15.005807495117182
      vertex -31.264476776123047 -88.7282485961914 15.005807495117182
      vertex -31.264476776123047 -88.7282485961914 55.00580749511718
    endloop
  endfacet
  facet normal -0.2863168845026789 -0.9581349809127521 0
    outer loop
      vertex -25.477828979492188 -90.55964660644531 15.005807495117182
      vertex -25.477828979492188 -90.55964660644531 55.00580749511718
      vertex -28.38592529296875 -89.69062805175781 15.005807495117182
    endloop
  endfacet
  facet normal -0.25526015729784046 -0.9668724073507743 0
    outer loop
      vertex -25.477828979492188 -90.55964660644531 15.005807495117182
      vertex -22.543209075927734 -91.33440399169922 15.005807495117182
      vertex -22.543209075927734 -91.33440399169922 55.00580749511718
    endloop
  endfacet
  facet normal -0.31707637888391016 -0.9484000052477156 0
    outer loop
      vertex -31.264476776123047 -88.7282485961914 15.005807495117182
      vertex -28.38592529296875 -89.69062805175781 15.005807495117182
      vertex -28.38592529296875 -89.69062805175781 55.00580749511718
    endloop
  endfacet
  facet normal 0.38414654343204546 0.9232721338636901 0
    outer loop
      vertex -35.96375274658203 -82.5843505859375 13.005807495117182
      vertex -35.96375274658203 -82.5843505859375 51.00580749511718
      vertex -33.231353759765625 -83.72122192382812 13.005807495117182
    endloop
  endfacet
  facet normal 0.35361031666988413 0.9353928286792798 0
    outer loop
      vertex -33.231353759765625 -83.72122192382812 13.005807495117182
      vertex -33.231353759765625 -83.72122192382812 51.00580749511718
      vertex -30.46308135986328 -84.7677230834961 13.005807495117182
    endloop
  endfacet
  facet normal 0.32269037010629303 0.9465045826833929 0
    outer loop
      vertex -30.46308135986328 -84.7677230834961 13.005807495117182
      vertex -30.46308135986328 -84.7677230834961 51.00580749511718
      vertex -27.661924362182617 -85.72271728515625 13.005807495117182
    endloop
  endfacet
  facet normal 0.501829564150016 0.8649665245227731 0
    outer loop
      vertex -43.91643142700195 -78.64421844482422 13.005807495117182
      vertex -46.476280212402344 -77.15906524658203 13.005807495117182
      vertex -46.476280212402344 -77.15906524658203 51.00580749511718
    endloop
  endfacet
  facet normal 0.22797632732237522 0.9736666750898899 0
    outer loop
      vertex -21.973085403442383 -87.35416412353516 13.005807495117182
      vertex -21.973085403442383 -87.35416412353516 51.00580749511718
      vertex -19.091543197631836 -88.02885437011719 13.005807495117182
    endloop
  endfacet
  facet normal 0.19586787672944916 0.9806302946908673 0
    outer loop
      vertex -19.091543197631836 -88.02885437011719 13.005807495117182
      vertex -19.091543197631836 -88.02885437011719 51.00580749511718
      vertex -16.18939208984375 -88.6085205078125 13.005807495117182
    endloop
  endfacet
  facet normal 0.1635479922239253 0.9865353791119318 0
    outer loop
      vertex -16.18939208984375 -88.6085205078125 13.005807495117182
      vertex -16.18939208984375 -88.6085205078125 51.00580749511718
      vertex -13.269763946533203 -89.09253692626953 13.005807495117182
    endloop
  endfacet
  facet normal 0.1310503736222447 0.9913757106029328 0
    outer loop
      vertex -13.269763946533203 -89.09253692626953 13.005807495117182
      vertex -13.269763946533203 -89.09253692626953 51.00580749511718
      vertex -10.33581256866455 -89.48037719726562 13.005807495117182
    endloop
  endfacet
  facet normal -0.22393520511668 -0.974604034420826 0
    outer loop
      vertex -22.543209075927734 -91.33440399169922 15.005807495117182
      vertex -19.585126876831055 -92.01408386230469 15.005807495117182
      vertex -19.585126876831055 -92.01408386230469 55.00580749511718
    endloop
  endfacet
  facet normal -0.19238083324319039 -0.9813203427019414 0
    outer loop
      vertex -19.585126876831055 -92.01408386230469 15.005807495117182
      vertex -16.60665512084961 -92.59799194335938 15.005807495117182
      vertex -16.60665512084961 -92.59799194335938 55.00580749511718
    endloop
  endfacet
  facet normal -0.1606233589906557 -0.9870157732004889 0
    outer loop
      vertex -16.60665512084961 -92.59799194335938 15.005807495117182
      vertex -13.610899925231934 -93.08551025390625 15.005807495117182
      vertex -13.610899925231934 -93.08551025390625 55.00580749511718
    endloop
  endfacet
  facet normal 0.09841085178967202 0.995145870840065 0
    outer loop
      vertex -10.33581256866455 -89.48037719726562 13.005807495117182
      vertex -10.33581256866455 -89.48037719726562 51.00580749511718
      vertex -7.390702724456787 -89.77162170410156 13.005807495117182
    endloop
  endfacet
  facet normal 0.0656656836267874 0.9978416798239221 0
    outer loop
      vertex -7.390702724456787 -89.77162170410156 13.005807495117182
      vertex -7.390702724456787 -89.77162170410156 51.00580749511718
      vertex -4.437615394592285 -89.96595764160156 13.005807495117182
    endloop
  endfacet
  facet normal 0 1 0
    outer loop
      vertex -1.479737639427185 -90.06317901611328 13.005807495117182
      vertex -1.479737639427185 -90.06317901611328 51.00580749511718
      vertex 1.479737639427185 -90.06317901611328 13.005807495117182
    endloop
  endfacet
  facet normal 0.03285088454708064 0.999460264034781 0
    outer loop
      vertex -1.479737639427185 -90.06317901611328 13.005807495117182
      vertex -4.437615394592285 -89.96595764160156 13.005807495117182
      vertex -4.437615394592285 -89.96595764160156 51.00580749511718
    endloop
  endfacet
  facet normal -0.12869973387147715 -0.9916836080632829 0
    outer loop
      vertex -13.610899925231934 -93.08551025390625 15.005807495117182
      vertex -10.60097599029541 -93.47613525390625 15.005807495117182
      vertex -10.60097599029541 -93.47613525390625 55.00580749511718
    endloop
  endfacet
  facet normal -0.09664293887732832 -0.9953191158443372 0
    outer loop
      vertex -10.60097599029541 -93.47613525390625 15.005807495117182
      vertex -7.580017566680908 -93.76946258544922 15.005807495117182
      vertex -7.580017566680908 -93.76946258544922 55.00580749511718
    endloop
  endfacet
  facet normal -0.06448559715536999 -0.9979186378455487 0
    outer loop
      vertex -7.580017566680908 -93.76946258544922 15.005807495117182
      vertex -4.551168918609619 -93.9651870727539 15.005807495117182
      vertex -4.551168918609619 -93.9651870727539 55.00580749511718
    endloop
  endfacet
  facet normal -0.032257882907469844 -0.9994795790761951 0
    outer loop
      vertex -4.551168918609619 -93.9651870727539 15.005807495117182
      vertex -1.5175827741622925 -94.06309509277344 15.005807495117182
      vertex -1.5175827741622925 -94.06309509277344 55.00580749511718
    endloop
  endfacet
  facet normal -0.6420188493407268 -0.7666888528544088 0
    outer loop
      vertex -39 -31.386003494262695 0
      vertex -37.187583923339844 -32.90370559692383 0
      vertex -37.187583923339844 -32.90370559692383 15.005807495117182
    endloop
  endfacet
  facet normal -0.6109754503121808 -0.7916495431160356 0
    outer loop
      vertex -35.316162109375 -34.3480224609375 0
      vertex -37.187583923339844 -32.90370559692383 15.005807495117182
      vertex -37.187583923339844 -32.90370559692383 0
    endloop
  endfacet
  facet normal -0.4422572238807288 -0.8968882583272629 0
    outer loop
      vertex -27.301118850708008 -39.34743881225586 0
      vertex -25.180917739868164 -40.392913818359375 0
      vertex -27.301118850708008 -39.34743881225586 15.005807495117182
    endloop
  endfacet
  facet normal -0.47762460736615875 -0.8785640184063555 0
    outer loop
      vertex -29.378002166748047 -38.21835708618164 0
      vertex -27.301118850708008 -39.34743881225586 0
      vertex -29.378002166748047 -38.21835708618164 15.005807495117182
    endloop
  endfacet
  facet normal -0.4061863772620958 -0.9137902532456199 0
    outer loop
      vertex -25.180917739868164 -40.392913818359375 0
      vertex -23.020761489868164 -41.353118896484375 0
      vertex -25.180917739868164 -40.392913818359375 15.005807495117182
    endloop
  endfacet
  facet normal -0.5460323200587712 -0.837764110863694 0
    outer loop
      vertex -33.38870620727539 -35.71666717529297 0
      vertex -31.40827178955078 -37.00746154785156 0
      vertex -33.38870620727539 -35.71666717529297 15.005807495117182
    endloop
  endfacet
  facet normal -0.5789643929635173 -0.815352826499293 0
    outer loop
      vertex -35.316162109375 -34.3480224609375 0
      vertex -33.38870620727539 -35.71666717529297 0
      vertex -35.316162109375 -34.3480224609375 15.005807495117182
    endloop
  endfacet
  facet normal -0.5122338449426038 -0.8588460211791847 0
    outer loop
      vertex -29.378002166748047 -38.21835708618164 0
      vertex -31.40827178955078 -37.00746154785156 15.005807495117182
      vertex -31.40827178955078 -37.00746154785156 0
    endloop
  endfacet
  facet normal 0.5573207132918669 0.8302973097245618 0
    outer loop
      vertex -30.442703247070312 -34.06830596923828 0
      vertex -32.34992599487305 -32.78812026977539 0
      vertex -30.442703247070312 -34.06830596923828 15.005807495117182
    endloop
  endfacet
  facet normal 0.5906978233049337 0.8068928562968032 0
    outer loop
      vertex -32.34992599487305 -32.78812026977539 0
      vertex -34.20338439941406 -31.4312686920166 0
      vertex -32.34992599487305 -32.78812026977539 15.005807495117182
    endloop
  endfacet
  facet normal 0.623094699900224 0.7821464025080279 0
    outer loop
      vertex -36 -30 0
      vertex -34.20338439941406 -31.4312686920166 15.005807495117182
      vertex -34.20338439941406 -31.4312686920166 0
    endloop
  endfacet
  facet normal 0.48784231285182117 0.8729317715557074 0
    outer loop
      vertex -26.479736328125 -36.39027786254883 0
      vertex -28.48488998413086 -35.26968765258789 0
      vertex -26.479736328125 -36.39027786254883 15.005807495117182
    endloop
  endfacet
  facet normal 0.5230150408429579 0.8523234521307267 0
    outer loop
      vertex -30.442703247070312 -34.06830596923828 0
      vertex -28.48488998413086 -35.26968765258789 15.005807495117182
      vertex -28.48488998413086 -35.26968765258789 0
    endloop
  endfacet
  facet normal 0.4518581913795498 0.8920897796092062 0
    outer loop
      vertex -26.479736328125 -36.39027786254883 0
      vertex -24.43057632446289 -37.4282112121582 15.005807495117182
      vertex -24.43057632446289 -37.4282112121582 0
    endloop
  endfacet
  facet normal -0.6109754503121808 -0.7916495431160356 0
    outer loop
      vertex -35.316162109375 -34.3480224609375 0
      vertex -35.316162109375 -34.3480224609375 15.005807495117182
      vertex -37.187583923339844 -32.90370559692383 15.005807495117182
    endloop
  endfacet
  facet normal -0.5122338449426038 -0.8588460211791847 0
    outer loop
      vertex -29.378002166748047 -38.21835708618164 0
      vertex -29.378002166748047 -38.21835708618164 15.005807495117182
      vertex -31.40827178955078 -37.00746154785156 15.005807495117182
    endloop
  endfacet
  facet normal -0.47762460736615875 -0.8785640184063555 0
    outer loop
      vertex -27.301118850708008 -39.34743881225586 0
      vertex -27.301118850708008 -39.34743881225586 15.005807495117182
      vertex -29.378002166748047 -38.21835708618164 15.005807495117182
    endloop
  endfacet
  facet normal -0.4422572238807288 -0.8968882583272629 0
    outer loop
      vertex -25.180917739868164 -40.392913818359375 0
      vertex -25.180917739868164 -40.392913818359375 15.005807495117182
      vertex -27.301118850708008 -39.34743881225586 15.005807495117182
    endloop
  endfacet
  facet normal -0.4061863772620958 -0.9137902532456199 0
    outer loop
      vertex -25.180917739868164 -40.392913818359375 15.005807495117182
      vertex -23.020761489868164 -41.353118896484375 0
      vertex -23.020761489868164 -41.353118896484375 15.005807495117182
    endloop
  endfacet
  facet normal 0.41512185585473677 0.9097658186542947 0
    outer loop
      vertex -24.43057632446289 -37.4282112121582 0
      vertex -24.43057632446289 -37.4282112121582 15.005807495117182
      vertex -22.3408145904541 -38.38175964355469 15.005807495117182
    endloop
  endfacet
  facet normal -0.5789643929635173 -0.815352826499293 0
    outer loop
      vertex -33.38870620727539 -35.71666717529297 0
      vertex -33.38870620727539 -35.71666717529297 15.005807495117182
      vertex -35.316162109375 -34.3480224609375 15.005807495117182
    endloop
  endfacet
  facet normal -0.5460323200587712 -0.837764110863694 0
    outer loop
      vertex -31.40827178955078 -37.00746154785156 0
      vertex -31.40827178955078 -37.00746154785156 15.005807495117182
      vertex -33.38870620727539 -35.71666717529297 15.005807495117182
    endloop
  endfacet
  facet normal 0.5230150408429579 0.8523234521307267 0
    outer loop
      vertex -30.442703247070312 -34.06830596923828 0
      vertex -30.442703247070312 -34.06830596923828 15.005807495117182
      vertex -28.48488998413086 -35.26968765258789 15.005807495117182
    endloop
  endfacet
  facet normal 0.5906978233049337 0.8068928562968032 0
    outer loop
      vertex -34.20338439941406 -31.4312686920166 0
      vertex -34.20338439941406 -31.4312686920166 15.005807495117182
      vertex -32.34992599487305 -32.78812026977539 15.005807495117182
    endloop
  endfacet
  facet normal 0.5573207132918669 0.8302973097245618 0
    outer loop
      vertex -32.34992599487305 -32.78812026977539 0
      vertex -32.34992599487305 -32.78812026977539 15.005807495117182
      vertex -30.442703247070312 -34.06830596923828 15.005807495117182
    endloop
  endfacet
  facet normal 0.48784231285182117 0.8729317715557074 0
    outer loop
      vertex -28.48488998413086 -35.26968765258789 0
      vertex -28.48488998413086 -35.26968765258789 15.005807495117182
      vertex -26.479736328125 -36.39027786254883 15.005807495117182
    endloop
  endfacet
  facet normal 0.4518581913795498 0.8920897796092062 0
    outer loop
      vertex -26.479736328125 -36.39027786254883 0
      vertex -26.479736328125 -36.39027786254883 15.005807495117182
      vertex -24.43057632446289 -37.4282112121582 15.005807495117182
    endloop
  endfacet
  facet normal -0.05971800482342812 -0.9982152873503337 0
    outer loop
      vertex -4.723216533660889 -45.81174850463867 0
      vertex -2.363483428955078 -45.952919006347656 0
      vertex -4.723216533660889 -45.81174850463867 15.005807495117182
    endloop
  endfacet
  facet normal -0.01991621970975803 -0.9998016524253561 0
    outer loop
      vertex -2.363483428955078 -45.952919006347656 0
      vertex -3.1885063737895495e-14 -46 0
      vertex -2.363483428955078 -45.952919006347656 15.005807495117182
    endloop
  endfacet
  facet normal -0.09942616951671575 -0.9950449421082613 0
    outer loop
      vertex -4.723216533660889 -45.81174850463867 0
      vertex -4.723216533660889 -45.81174850463867 15.005807495117182
      vertex -7.075455665588379 -45.57670974731445 15.005807495117182
    endloop
  endfacet
  facet normal -0.05971800482342812 -0.9982152873503337 0
    outer loop
      vertex -2.363483428955078 -45.952919006347656 0
      vertex -2.363483428955078 -45.952919006347656 15.005807495117182
      vertex -4.723216533660889 -45.81174850463867 15.005807495117182
    endloop
  endfacet
  facet normal -0.01991621970975801 -0.9998016524253561 2.902127246191258e-18
    outer loop
      vertex -3.1885063737895495e-14 -46 0
      vertex -2.969846590872294e-14 -46 15.005807495117182
      vertex -2.363483428955078 -45.952919006347656 15.005807495117182
    endloop
  endfacet
  facet normal -0.3694729279428292 -0.9292414947242471 0
    outer loop
      vertex -20.824077606201172 -42.22653579711914 0
      vertex -23.020761489868164 -41.353118896484375 15.005807495117182
      vertex -23.020761489868164 -41.353118896484375 0
    endloop
  endfacet
  facet normal -0.33217102076067934 -0.9432191754660251 0
    outer loop
      vertex -20.824077606201172 -42.22653579711914 0
      vertex -18.59435272216797 -43.01177215576172 0
      vertex -20.824077606201172 -42.22653579711914 15.005807495117182
    endloop
  endfacet
  facet normal -0.2943443781460241 -0.9556994229640564 0
    outer loop
      vertex -18.59435272216797 -43.01177215576172 0
      vertex -16.335124969482422 -43.70758819580078 0
      vertex -18.59435272216797 -43.01177215576172 15.005807495117182
    endloop
  endfacet
  facet normal 0.41512185585473677 0.9097658186542947 0
    outer loop
      vertex -24.43057632446289 -37.4282112121582 0
      vertex -22.3408145904541 -38.38175964355469 15.005807495117182
      vertex -22.3408145904541 -38.38175964355469 0
    endloop
  endfacet
  facet normal 0.37769763401240253 0.925928991479062 0
    outer loop
      vertex -22.3408145904541 -38.38175964355469 0
      vertex -20.213924407958984 -39.24934387207031 15.005807495117182
      vertex -20.213924407958984 -39.24934387207031 0
    endloop
  endfacet
  facet normal 0.3396444841821484 0.9405538923233704 0
    outer loop
      vertex -18.053442001342773 -40.029518127441406 0
      vertex -20.213924407958984 -39.24934387207031 0
      vertex -18.053442001342773 -40.029518127441406 15.005807495117182
    endloop
  endfacet
  facet normal -0.2560498687350254 -0.9666635737012006 0
    outer loop
      vertex -16.335124969482422 -43.70758819580078 0
      vertex -14.049979209899902 -44.3128776550293 0
      vertex -16.335124969482422 -43.70758819580078 15.005807495117182
    endloop
  endfacet
  facet normal -0.21735007418400204 -0.9760937174535079 0
    outer loop
      vertex -14.049979209899902 -44.3128776550293 0
      vertex -11.742539405822754 -44.826683044433594 0
      vertex -14.049979209899902 -44.3128776550293 15.005807495117182
    endloop
  endfacet
  facet normal 0.2223569372515594 0.974965328848214 0
    outer loop
      vertex -13.646105766296387 -41.322601318359375 0
      vertex -11.406578063964844 -41.8333625793457 15.005807495117182
      vertex -11.406578063964844 -41.8333625793457 0
    endloop
  endfacet
  facet normal 0.3010262940067501 0.9536158400092575 0
    outer loop
      vertex -18.053442001342773 -40.029518127441406 0
      vertex -15.862955093383789 -40.720985412597656 15.005807495117182
      vertex -15.862955093383789 -40.720985412597656 0
    endloop
  endfacet
  facet normal 0.2619099463539653 0.9650923168282207 0
    outer loop
      vertex -15.862955093383789 -40.720985412597656 0
      vertex -13.646105766296387 -41.322601318359375 15.005807495117182
      vertex -13.646105766296387 -41.322601318359375 0
    endloop
  endfacet
  facet normal -0.17830197862369956 -0.9839758149562791 0
    outer loop
      vertex -11.742539405822754 -44.826683044433594 0
      vertex -9.416467666625977 -45.2481803894043 0
      vertex -11.742539405822754 -44.826683044433594 15.005807495117182
    endloop
  endfacet
  facet normal 0.1824336298382879 0.9832181704504991 0
    outer loop
      vertex -11.406578063964844 -41.8333625793457 0
      vertex -9.148094177246094 -42.252418518066406 15.005807495117182
      vertex -9.148094177246094 -42.252418518066406 0
    endloop
  endfacet
  facet normal -0.13897463553362113 -0.9902959409582054 0
    outer loop
      vertex -9.416467666625977 -45.2481803894043 0
      vertex -7.075455665588379 -45.57670974731445 0
      vertex -9.416467666625977 -45.2481803894043 15.005807495117182
    endloop
  endfacet
  facet normal -0.09942616951671575 -0.9950449421082613 0
    outer loop
      vertex -4.723216533660889 -45.81174850463867 0
      vertex -7.075455665588379 -45.57670974731445 15.005807495117182
      vertex -7.075455665588379 -45.57670974731445 0
    endloop
  endfacet
  facet normal 0.14220959884375176 0.9898365673163924 0
    outer loop
      vertex -9.148094177246094 -42.252418518066406 0
      vertex -6.874406814575195 -42.579078674316406 15.005807495117182
      vertex -6.874406814575195 -42.579078674316406 0
    endloop
  endfacet
  facet normal 0.10174650939762596 0.9948103577191981 0
    outer loop
      vertex -6.874406814575195 -42.579078674316406 0
      vertex -4.589294910430908 -42.81279373168945 15.005807495117182
      vertex -4.589294910430908 -42.81279373168945 0
    endloop
  endfacet
  facet normal 0.061115653562311155 0.998130691287294 0
    outer loop
      vertex -4.589294910430908 -42.81279373168945 0
      vertex -2.296555757522583 -42.95317840576172 15.005807495117182
      vertex -2.296555757522583 -42.95317840576172 0
    endloop
  endfacet
  facet normal 0.020383509602005807 0.9997922346849394 -5.636657843355605e-18
    outer loop
      vertex -2.296555757522583 -42.95317840576172 0
      vertex -2.525757381022231e-14 -43 15.005807495117182
      vertex -2.911015093781205e-14 -43 0
    endloop
  endfacet
  facet normal -0.3694729279428292 -0.9292414947242471 0
    outer loop
      vertex -20.824077606201172 -42.22653579711914 0
      vertex -20.824077606201172 -42.22653579711914 15.005807495117182
      vertex -23.020761489868164 -41.353118896484375 15.005807495117182
    endloop
  endfacet
  facet normal -0.33217102076067934 -0.9432191754660251 0
    outer loop
      vertex -18.59435272216797 -43.01177215576172 0
      vertex -18.59435272216797 -43.01177215576172 15.005807495117182
      vertex -20.824077606201172 -42.22653579711914 15.005807495117182
    endloop
  endfacet
  facet normal 0.37769763401240253 0.925928991479062 0
    outer loop
      vertex -22.3408145904541 -38.38175964355469 0
      vertex -22.3408145904541 -38.38175964355469 15.005807495117182
      vertex -20.213924407958984 -39.24934387207031 15.005807495117182
    endloop
  endfacet
  facet normal 0.3396444841821484 0.9405538923233704 0
    outer loop
      vertex -20.213924407958984 -39.24934387207031 0
      vertex -20.213924407958984 -39.24934387207031 15.005807495117182
      vertex -18.053442001342773 -40.029518127441406 15.005807495117182
    endloop
  endfacet
  facet normal -0.2560498687350254 -0.9666635737012006 0
    outer loop
      vertex -14.049979209899902 -44.3128776550293 0
      vertex -14.049979209899902 -44.3128776550293 15.005807495117182
      vertex -16.335124969482422 -43.70758819580078 15.005807495117182
    endloop
  endfacet
  facet normal -0.2943443781460241 -0.9556994229640564 0
    outer loop
      vertex -16.335124969482422 -43.70758819580078 0
      vertex -16.335124969482422 -43.70758819580078 15.005807495117182
      vertex -18.59435272216797 -43.01177215576172 15.005807495117182
    endloop
  endfacet
  facet normal -0.21735007418400204 -0.9760937174535079 0
    outer loop
      vertex -11.742539405822754 -44.826683044433594 0
      vertex -11.742539405822754 -44.826683044433594 15.005807495117182
      vertex -14.049979209899902 -44.3128776550293 15.005807495117182
    endloop
  endfacet
  facet normal 0.3010262940067501 0.9536158400092575 0
    outer loop
      vertex -18.053442001342773 -40.029518127441406 0
      vertex -18.053442001342773 -40.029518127441406 15.005807495117182
      vertex -15.862955093383789 -40.720985412597656 15.005807495117182
    endloop
  endfacet
  facet normal 0.2619099463539653 0.9650923168282207 0
    outer loop
      vertex -15.862955093383789 -40.720985412597656 0
      vertex -15.862955093383789 -40.720985412597656 15.005807495117182
      vertex -13.646105766296387 -41.322601318359375 15.005807495117182
    endloop
  endfacet
  facet normal 0.2223569372515594 0.974965328848214 0
    outer loop
      vertex -13.646105766296387 -41.322601318359375 0
      vertex -13.646105766296387 -41.322601318359375 15.005807495117182
      vertex -11.406578063964844 -41.8333625793457 15.005807495117182
    endloop
  endfacet
  facet normal -0.17830197862369956 -0.9839758149562791 0
    outer loop
      vertex -9.416467666625977 -45.2481803894043 0
      vertex -9.416467666625977 -45.2481803894043 15.005807495117182
      vertex -11.742539405822754 -44.826683044433594 15.005807495117182
    endloop
  endfacet
  facet normal 0.1824336298382879 0.9832181704504991 0
    outer loop
      vertex -11.406578063964844 -41.8333625793457 0
      vertex -11.406578063964844 -41.8333625793457 15.005807495117182
      vertex -9.148094177246094 -42.252418518066406 15.005807495117182
    endloop
  endfacet
  facet normal -0.13897463553362113 -0.9902959409582054 0
    outer loop
      vertex -7.075455665588379 -45.57670974731445 0
      vertex -7.075455665588379 -45.57670974731445 15.005807495117182
      vertex -9.416467666625977 -45.2481803894043 15.005807495117182
    endloop
  endfacet
  facet normal 0.14220959884375176 0.9898365673163924 0
    outer loop
      vertex -9.148094177246094 -42.252418518066406 0
      vertex -9.148094177246094 -42.252418518066406 15.005807495117182
      vertex -6.874406814575195 -42.579078674316406 15.005807495117182
    endloop
  endfacet
  facet normal 0.10174650939762596 0.9948103577191981 0
    outer loop
      vertex -6.874406814575195 -42.579078674316406 0
      vertex -6.874406814575195 -42.579078674316406 15.005807495117182
      vertex -4.589294910430908 -42.81279373168945 15.005807495117182
    endloop
  endfacet
  facet normal 0.061115653562311155 0.998130691287294 0
    outer loop
      vertex -4.589294910430908 -42.81279373168945 0
      vertex -4.589294910430908 -42.81279373168945 15.005807495117182
      vertex -2.296555757522583 -42.95317840576172 15.005807495117182
    endloop
  endfacet
  facet normal 0.020383509602005773 0.9997922346849394 0
    outer loop
      vertex -2.296555757522583 -42.95317840576172 0
      vertex -2.296555757522583 -42.95317840576172 15.005807495117182
      vertex -2.525757381022231e-14 -43 15.005807495117182
    endloop
  endfacet
  facet normal -0.6420188493407267 -0.7666888528544087 0
    outer loop
      vertex -39 -31.386003494262695 0
      vertex -37.187583923339844 -32.90370559692383 15.005807495117182
      vertex -39 -31.386003494262695 55.00580749511718
    endloop
  endfacet
  facet normal 0.6230946999002239 0.7821464025080278 0
    outer loop
      vertex -36 -30 0
      vertex -36 -30 55.00580749511718
      vertex -34.20338439941406 -31.4312686920166 15.005807495117182
    endloop
  endfacet
  facet normal -0.6109754503121808 -0.7916495431160356 0
    outer loop
      vertex -35.316162109375 -34.3480224609375 15.005807495117182
      vertex -35.316162109375 -34.3480224609375 55.00580749511718
      vertex -37.187583923339844 -32.90370559692383 15.005807495117182
    endloop
  endfacet
  facet normal -0.5122338449426038 -0.8588460211791846 0
    outer loop
      vertex -29.378002166748047 -38.21835708618164 15.005807495117182
      vertex -29.378002166748047 -38.21835708618164 55.00580749511718
      vertex -31.40827178955078 -37.00746154785156 15.005807495117182
    endloop
  endfacet
  facet normal -0.47762460736615875 -0.8785640184063555 0
    outer loop
      vertex -29.378002166748047 -38.21835708618164 15.005807495117182
      vertex -27.301118850708008 -39.34743881225586 15.005807495117182
      vertex -27.301118850708008 -39.34743881225586 55.00580749511718
    endloop
  endfacet
  facet normal -0.4422572238807288 -0.8968882583272628 0
    outer loop
      vertex -27.301118850708008 -39.34743881225586 15.005807495117182
      vertex -25.180917739868164 -40.392913818359375 15.005807495117182
      vertex -25.180917739868164 -40.392913818359375 55.00580749511718
    endloop
  endfacet
  facet normal -0.4061863772620958 -0.91379025324562 0
    outer loop
      vertex -25.180917739868164 -40.392913818359375 15.005807495117182
      vertex -23.020761489868164 -41.353118896484375 15.005807495117182
      vertex -23.020761489868164 -41.353118896484375 55.00580749511718
    endloop
  endfacet
  facet normal 0.4151218558547367 0.9097658186542947 0
    outer loop
      vertex -24.43057632446289 -37.4282112121582 15.005807495117182
      vertex -24.43057632446289 -37.4282112121582 55.00580749511718
      vertex -22.3408145904541 -38.38175964355469 15.005807495117182
    endloop
  endfacet
  facet normal -0.5789643929635172 -0.8153528264992929 0
    outer loop
      vertex -35.316162109375 -34.3480224609375 15.005807495117182
      vertex -33.38870620727539 -35.71666717529297 15.005807495117182
      vertex -33.38870620727539 -35.71666717529297 55.00580749511718
    endloop
  endfacet
  facet normal -0.5460323200587712 -0.837764110863694 0
    outer loop
      vertex -33.38870620727539 -35.71666717529297 15.005807495117182
      vertex -31.40827178955078 -37.00746154785156 15.005807495117182
      vertex -31.40827178955078 -37.00746154785156 55.00580749511718
    endloop
  endfacet
  facet normal 0.5230150408429578 0.8523234521307266 0
    outer loop
      vertex -30.442703247070312 -34.06830596923828 15.005807495117182
      vertex -30.442703247070312 -34.06830596923828 55.00580749511718
      vertex -28.48488998413086 -35.26968765258789 15.005807495117182
    endloop
  endfacet
  facet normal 0.5906978233049337 0.8068928562968032 0
    outer loop
      vertex -32.34992599487305 -32.78812026977539 15.005807495117182
      vertex -34.20338439941406 -31.4312686920166 15.005807495117182
      vertex -34.20338439941406 -31.4312686920166 55.00580749511718
    endloop
  endfacet
  facet normal 0.5573207132918669 0.8302973097245617 0
    outer loop
      vertex -30.442703247070312 -34.06830596923828 15.005807495117182
      vertex -32.34992599487305 -32.78812026977539 15.005807495117182
      vertex -32.34992599487305 -32.78812026977539 55.00580749511718
    endloop
  endfacet
  facet normal 0.4878423128518211 0.8729317715557074 0
    outer loop
      vertex -26.479736328125 -36.39027786254883 15.005807495117182
      vertex -28.48488998413086 -35.26968765258789 15.005807495117182
      vertex -28.48488998413086 -35.26968765258789 55.00580749511718
    endloop
  endfacet
  facet normal 0.45185819137954986 0.8920897796092062 0
    outer loop
      vertex -26.479736328125 -36.39027786254883 15.005807495117182
      vertex -26.479736328125 -36.39027786254883 55.00580749511718
      vertex -24.43057632446289 -37.4282112121582 15.005807495117182
    endloop
  endfacet
  facet normal -0.09942616951671576 -0.9950449421082614 0
    outer loop
      vertex -4.723216533660889 -45.81174850463867 15.005807495117182
      vertex -4.723216533660889 -45.81174850463867 55.00580749511718
      vertex -7.075455665588379 -45.57670974731445 15.005807495117182
    endloop
  endfacet
  facet normal -0.059718004823428116 -0.9982152873503335 0
    outer loop
      vertex -4.723216533660889 -45.81174850463867 15.005807495117182
      vertex -2.363483428955078 -45.952919006347656 15.005807495117182
      vertex -2.363483428955078 -45.952919006347656 55.00580749511718
    endloop
  endfacet
  facet normal -0.019916219709758015 -0.9998016524253561 1.6144114354162637e-18
    outer loop
      vertex -2.363483428955078 -45.952919006347656 15.005807495117182
      vertex -2.969846590872294e-14 -46 15.005807495117182
      vertex -2.6645352591003757e-14 -46 55.00580749511718
    endloop
  endfacet
  facet normal -0.3694729279428292 -0.9292414947242471 0
    outer loop
      vertex -20.824077606201172 -42.22653579711914 15.005807495117182
      vertex -20.824077606201172 -42.22653579711914 55.00580749511718
      vertex -23.020761489868164 -41.353118896484375 15.005807495117182
    endloop
  endfacet
  facet normal -0.3321710207606794 -0.9432191754660252 0
    outer loop
      vertex -20.824077606201172 -42.22653579711914 15.005807495117182
      vertex -18.59435272216797 -43.01177215576172 15.005807495117182
      vertex -18.59435272216797 -43.01177215576172 55.00580749511718
    endloop
  endfacet
  facet normal 0.3776976340124026 0.9259289914790623 0
    outer loop
      vertex -22.3408145904541 -38.38175964355469 15.005807495117182
      vertex -22.3408145904541 -38.38175964355469 55.00580749511718
      vertex -20.213924407958984 -39.24934387207031 15.005807495117182
    endloop
  endfacet
  facet normal 0.3396444841821484 0.9405538923233705 0
    outer loop
      vertex -18.053442001342773 -40.029518127441406 15.005807495117182
      vertex -20.213924407958984 -39.24934387207031 15.005807495117182
      vertex -20.213924407958984 -39.24934387207031 55.00580749511718
    endloop
  endfacet
  facet normal -0.2560498687350254 -0.9666635737012005 0
    outer loop
      vertex -16.335124969482422 -43.70758819580078 15.005807495117182
      vertex -14.049979209899902 -44.3128776550293 15.005807495117182
      vertex -14.049979209899902 -44.3128776550293 55.00580749511718
    endloop
  endfacet
  facet normal -0.2943443781460241 -0.9556994229640564 0
    outer loop
      vertex -18.59435272216797 -43.01177215576172 15.005807495117182
      vertex -16.335124969482422 -43.70758819580078 15.005807495117182
      vertex -16.335124969482422 -43.70758819580078 55.00580749511718
    endloop
  endfacet
  facet normal -0.21735007418400207 -0.976093717453508 0
    outer loop
      vertex -14.049979209899902 -44.3128776550293 15.005807495117182
      vertex -11.742539405822754 -44.826683044433594 15.005807495117182
      vertex -11.742539405822754 -44.826683044433594 55.00580749511718
    endloop
  endfacet
  facet normal 0.30102629400675 0.9536158400092574 0
    outer loop
      vertex -18.053442001342773 -40.029518127441406 15.005807495117182
      vertex -18.053442001342773 -40.029518127441406 55.00580749511718
      vertex -15.862955093383789 -40.720985412597656 15.005807495117182
    endloop
  endfacet
  facet normal 0.26190994635396536 0.9650923168282209 0
    outer loop
      vertex -15.862955093383789 -40.720985412597656 15.005807495117182
      vertex -15.862955093383789 -40.720985412597656 55.00580749511718
      vertex -13.646105766296387 -41.322601318359375 15.005807495117182
    endloop
  endfacet
  facet normal 0.2223569372515594 0.9749653288482141 0
    outer loop
      vertex -13.646105766296387 -41.322601318359375 15.005807495117182
      vertex -13.646105766296387 -41.322601318359375 55.00580749511718
      vertex -11.406578063964844 -41.8333625793457 15.005807495117182
    endloop
  endfacet
  facet normal -0.17830197862369962 -0.9839758149562793 0
    outer loop
      vertex -11.742539405822754 -44.826683044433594 15.005807495117182
      vertex -9.416467666625977 -45.2481803894043 15.005807495117182
      vertex -9.416467666625977 -45.2481803894043 55.00580749511718
    endloop
  endfacet
  facet normal 0.18243362983828787 0.983218170450499 0
    outer loop
      vertex -11.406578063964844 -41.8333625793457 15.005807495117182
      vertex -11.406578063964844 -41.8333625793457 55.00580749511718
      vertex -9.148094177246094 -42.252418518066406 15.005807495117182
    endloop
  endfacet
  facet normal -0.1389746355336211 -0.9902959409582053 0
    outer loop
      vertex -9.416467666625977 -45.2481803894043 15.005807495117182
      vertex -7.075455665588379 -45.57670974731445 15.005807495117182
      vertex -7.075455665588379 -45.57670974731445 55.00580749511718
    endloop
  endfacet
  facet normal 0.14220959884375178 0.9898365673163925 0
    outer loop
      vertex -9.148094177246094 -42.252418518066406 15.005807495117182
      vertex -9.148094177246094 -42.252418518066406 55.00580749511718
      vertex -6.874406814575195 -42.579078674316406 15.005807495117182
    endloop
  endfacet
  facet normal 0.10174650939762596 0.994810357719198 0
    outer loop
      vertex -6.874406814575195 -42.579078674316406 15.005807495117182
      vertex -6.874406814575195 -42.579078674316406 55.00580749511718
      vertex -4.589294910430908 -42.81279373168945 15.005807495117182
    endloop
  endfacet
  facet normal 0.06111565356231116 0.998130691287294 0
    outer loop
      vertex -4.589294910430908 -42.81279373168945 15.005807495117182
      vertex -4.589294910430908 -42.81279373168945 55.00580749511718
      vertex -2.296555757522583 -42.95317840576172 15.005807495117182
    endloop
  endfacet
  facet normal 0.02038350960200577 0.9997922346849394 0
    outer loop
      vertex -2.296555757522583 -42.95317840576172 15.005807495117182
      vertex -2.296555757522583 -42.95317840576172 55.00580749511718
      vertex -2.525757381022231e-14 -43 15.005807495117182
    endloop
  endfacet
  facet normal -0.5486609712297946 -0.836044938175681 0
    outer loop
      vertex -52.87751007080078 -77.80834197998047 15.005807495117182
      vertex -50.3399772644043 -79.47361755371094 55.00580749511718
      vertex -52.87751007080078 -77.80834197998047 55.00580749511718
    endloop
  endfacet
  facet normal -0.5214048643992748 -0.8533094206562903 0
    outer loop
      vertex -50.3399772644043 -79.47361755371094 15.005807495117182
      vertex -47.75004196166992 -81.05616760253906 55.00580749511718
      vertex -50.3399772644043 -79.47361755371094 55.00580749511718
    endloop
  endfacet
  facet normal 0.661528482119041 0.7499200406345183 0
    outer loop
      vertex -58.46964645385742 -68.51909637451172 13.005807495117182
      vertex -60.68901824951172 -66.56131744384766 51.00580749511718
      vertex -58.46964645385742 -68.51909637451172 51.00580749511718
    endloop
  endfacet
  facet normal 0.6858061226194849 0.7277842827223105 0
    outer loop
      vertex -60.68901824951172 -66.56131744384766 13.005807495117182
      vertex -62.84287643432617 -64.53169250488281 51.00580749511718
      vertex -60.68901824951172 -66.56131744384766 51.00580749511718
    endloop
  endfacet
  facet normal 0.709345404118597 0.7048610484739699 0
    outer loop
      vertex -62.84287643432617 -64.53169250488281 13.005807495117182
      vertex -64.92889404296875 -62.432403564453125 51.00580749511718
      vertex -62.84287643432617 -64.53169250488281 51.00580749511718
    endloop
  endfacet
  facet normal 0.6108543162013184 0.7917430166273776 0
    outer loop
      vertex -53.844017028808594 -72.2107162475586 13.005807495117182
      vertex -56.18716049194336 -70.40290832519531 51.00580749511718
      vertex -53.844017028808594 -72.2107162475586 51.00580749511718
    endloop
  endfacet
  facet normal 0.5299733340099978 0.8480143072132258 0
    outer loop
      vertex -46.476280212402344 -77.15906524658203 13.005807495117182
      vertex -48.985958099365234 -75.59062194824219 51.00580749511718
      vertex -46.476280212402344 -77.15906524658203 51.00580749511718
    endloop
  endfacet
  facet normal 0.5575453915658571 0.8301464547558312 0
    outer loop
      vertex -48.985958099365234 -75.59062194824219 13.005807495117182
      vertex -51.442752838134766 -73.94058227539062 51.00580749511718
      vertex -48.985958099365234 -75.59062194824219 51.00580749511718
    endloop
  endfacet
  facet normal 0.584517407300132 0.8113811684794833 0
    outer loop
      vertex -51.442752838134766 -73.94058227539062 13.005807495117182
      vertex -53.844017028808594 -72.2107162475586 51.00580749511718
      vertex -51.442752838134766 -73.94058227539062 51.00580749511718
    endloop
  endfacet
  facet normal 0.6365359514772337 0.7712470307735213 0
    outer loop
      vertex -56.18716049194336 -70.40290832519531 13.005807495117182
      vertex -58.46964645385742 -68.51909637451172 51.00580749511718
      vertex -56.18716049194336 -70.40290832519531 51.00580749511718
    endloop
  endfacet
  facet normal -0.6268908041633937 -0.7791071297680272 0
    outer loop
      vertex -60.149593353271484 -72.33391571044922 15.005807495117182
      vertex -57.784873962402344 -74.23663330078125 55.00580749511718
      vertex -60.149593353271484 -72.33391571044922 55.00580749511718
    endloop
  endfacet
  facet normal -0.6516973957884011 -0.7584790730947136 0
    outer loop
      vertex -62.45170593261719 -70.35590362548828 15.005807495117182
      vertex -60.149593353271484 -72.33391571044922 55.00580749511718
      vertex -62.45170593261719 -70.35590362548828 55.00580749511718
    endloop
  endfacet
  facet normal -0.6992524095215096 -0.714874861621503 0
    outer loop
      vertex -66.85857391357422 -66.18231964111328 15.005807495117182
      vertex -64.68881225585938 -68.3046646118164 55.00580749511718
      vertex -66.85857391357422 -66.18231964111328 55.00580749511718
    endloop
  endfacet
  facet normal -0.7219467135871741 -0.6919486561448608 0
    outer loop
      vertex -68.95875549316406 -63.9910888671875 15.005807495117182
      vertex -66.85857391357422 -66.18231964111328 55.00580749511718
      vertex -68.95875549316406 -63.9910888671875 55.00580749511718
    endloop
  endfacet
  facet normal -0.7438944820342135 -0.6682970893240888 0
    outer loop
      vertex -70.98714447021484 -61.73324966430664 15.005807495117182
      vertex -68.95875549316406 -63.9910888671875 55.00580749511718
      vertex -70.98714447021484 -61.73324966430664 55.00580749511718
    endloop
  endfacet
  facet normal -0.675824561920688 -0.7370625221137691 0
    outer loop
      vertex -64.68881225585938 -68.3046646118164 15.005807495117182
      vertex -62.45170593261719 -70.35590362548828 55.00580749511718
      vertex -64.68881225585938 -68.3046646118164 55.00580749511718
    endloop
  endfacet
  facet normal -0.6014302217879012 -0.7989253333823856 0
    outer loop
      vertex -57.784873962402344 -74.23663330078125 15.005807495117182
      vertex -55.36000442504883 -76.06207275390625 55.00580749511718
      vertex -57.784873962402344 -74.23663330078125 55.00580749511718
    endloop
  endfacet
  facet normal -0.5753454859626792 -0.8179104913022992 0
    outer loop
      vertex -55.36000442504883 -76.06207275390625 15.005807495117182
      vertex -52.87751007080078 -77.80834197998047 55.00580749511718
      vertex -55.36000442504883 -76.06207275390625 55.00580749511718
    endloop
  endfacet
  facet normal 0 0 1
    outer loop
      vertex -50.3399772644043 -79.47361755371094 55.00580749511718
      vertex -47.75004196166992 -81.05616760253906 55.00580749511718
      vertex -46.476280212402344 -77.15906524658203 55.00580749511718
    endloop
  endfacet
  facet normal 0 0 1
    outer loop
      vertex -62.45170593261719 -70.35590362548828 55.00580749511718
      vertex -60.149593353271484 -72.33391571044922 55.00580749511718
      vertex -58.46964645385742 -68.51909637451172 55.00580749511718
    endloop
  endfacet
  facet normal 0 0 1
    outer loop
      vertex -64.68881225585938 -68.3046646118164 55.00580749511718
      vertex -62.84287643432617 -64.53169250488281 55.00580749511718
      vertex -66.85857391357422 -66.18231964111328 55.00580749511718
    endloop
  endfacet
  facet normal 0 0 1
    outer loop
      vertex -68.95875549316406 -63.9910888671875 55.00580749511718
      vertex -66.94482421875 -60.265716552734375 55.00580749511718
      vertex -70.98714447021484 -61.73324966430664 55.00580749511718
    endloop
  endfacet
  facet normal 0 0 1
    outer loop
      vertex -66.85857391357422 -66.18231964111328 55.00580749511718
      vertex -64.92889404296875 -62.432403564453125 55.00580749511718
      vertex -68.95875549316406 -63.9910888671875 55.00580749511718
    endloop
  endfacet
  facet normal 0 0 1
    outer loop
      vertex -66.85857391357422 -66.18231964111328 55.00580749511718
      vertex -62.84287643432617 -64.53169250488281 55.00580749511718
      vertex -64.92889404296875 -62.432403564453125 55.00580749511718
    endloop
  endfacet
  facet normal 0 0 1
    outer loop
      vertex -68.95875549316406 -63.9910888671875 55.00580749511718
      vertex -64.92889404296875 -62.432403564453125 55.00580749511718
      vertex -66.94482421875 -60.265716552734375 55.00580749511718
    endloop
  endfacet
  facet normal 0.5921444465592742 0.6712651071391469 -0.44583417359650707
    outer loop
      vertex -60.68901824951172 -66.56131744384766 51.00580749511718
      vertex -57.59713363647461 -66.63208770751953 55.00580749511718
      vertex -58.46964645385742 -68.51909637451172 51.00580749511718
    endloop
  endfacet
  facet normal 0 0 1
    outer loop
      vertex -62.45170593261719 -70.35590362548828 55.00580749511718
      vertex -60.68901824951172 -66.56131744384766 55.00580749511718
      vertex -64.68881225585938 -68.3046646118164 55.00580749511718
    endloop
  endfacet
  facet normal 0 0 1
    outer loop
      vertex -64.68881225585938 -68.3046646118164 55.00580749511718
      vertex -60.68901824951172 -66.56131744384766 55.00580749511718
      vertex -62.84287643432617 -64.53169250488281 55.00580749511718
    endloop
  endfacet
  facet normal 0 0 1
    outer loop
      vertex -62.45170593261719 -70.35590362548828 55.00580749511718
      vertex -58.46964645385742 -68.51909637451172 55.00580749511718
      vertex -60.68901824951172 -66.56131744384766 55.00580749511718
    endloop
  endfacet
  facet normal 0.5955910548359703 0.6663653659377047 -0.4485849913651652
    outer loop
      vertex -60.68901824951172 -66.56131744384766 51.00580749511718
      vertex -59.77415466308594 -64.68628692626953 55.00580749511718
      vertex -57.59713363647461 -66.63208770751953 55.00580749511718
    endloop
  endfacet
  facet normal 0.6349783536990217 0.6309641333374132 -0.445742922294283
    outer loop
      vertex -64.92889404296875 -62.432403564453125 51.00580749511718
      vertex -61.8854866027832 -62.66938400268555 55.00580749511718
      vertex -62.84287643432617 -64.53169250488281 51.00580749511718
    endloop
  endfacet
  facet normal 0.6138917195481729 0.6514680024640523 -0.44578739151717267
    outer loop
      vertex -60.68901824951172 -66.56131744384766 51.00580749511718
      vertex -62.84287643432617 -64.53169250488281 51.00580749511718
      vertex -59.77415466308594 -64.68628692626953 55.00580749511718
    endloop
  endfacet
  facet normal 0.6384022768289832 0.6254047785103721 -0.4486773851621705
    outer loop
      vertex -64.92889404296875 -62.432403564453125 51.00580749511718
      vertex -63.92879867553711 -60.5836067199707 55.00580749511718
      vertex -61.8854866027832 -62.66938400268555 55.00580749511718
    endloop
  endfacet
  facet normal 0.6173362884719527 0.6462392454015026 -0.44863208159757195
    outer loop
      vertex -62.84287643432617 -64.53169250488281 51.00580749511718
      vertex -61.8854866027832 -62.66938400268555 55.00580749511718
      vertex -59.77415466308594 -64.68628692626953 55.00580749511718
    endloop
  endfacet
  facet normal 0 0 1
    outer loop
      vertex -55.36000442504883 -76.06207275390625 55.00580749511718
      vertex -52.87751007080078 -77.80834197998047 55.00580749511718
      vertex -51.442752838134766 -73.94058227539062 55.00580749511718
    endloop
  endfacet
  facet normal 0 0 1
    outer loop
      vertex -57.784873962402344 -74.23663330078125 55.00580749511718
      vertex -55.36000442504883 -76.06207275390625 55.00580749511718
      vertex -53.844017028808594 -72.2107162475586 55.00580749511718
    endloop
  endfacet
  facet normal 0 0 1
    outer loop
      vertex -55.36000442504883 -76.06207275390625 55.00580749511718
      vertex -51.442752838134766 -73.94058227539062 55.00580749511718
      vertex -53.844017028808594 -72.2107162475586 55.00580749511718
    endloop
  endfacet
  facet normal 0.5467558285641546 0.7086634203683323 -0.4459307351629637
    outer loop
      vertex -56.18716049194336 -70.40290832519531 51.00580749511718
      vertex -53.055641174316406 -70.30194854736328 55.00580749511718
      vertex -53.844017028808594 -72.2107162475586 51.00580749511718
    endloop
  endfacet
  facet normal 0 0 1
    outer loop
      vertex -60.149593353271484 -72.33391571044922 55.00580749511718
      vertex -57.784873962402344 -74.23663330078125 55.00580749511718
      vertex -56.18716049194336 -70.40290832519531 55.00580749511718
    endloop
  endfacet
  facet normal 0 0 1
    outer loop
      vertex -57.784873962402344 -74.23663330078125 55.00580749511718
      vertex -53.844017028808594 -72.2107162475586 55.00580749511718
      vertex -56.18716049194336 -70.40290832519531 55.00580749511718
    endloop
  endfacet
  facet normal 0 0 1
    outer loop
      vertex -60.149593353271484 -72.33391571044922 55.00580749511718
      vertex -56.18716049194336 -70.40290832519531 55.00580749511718
      vertex -58.46964645385742 -68.51909637451172 55.00580749511718
    endloop
  endfacet
  facet normal 0.4743208182959583 0.7589642993556153 -0.4460862625487278
    outer loop
      vertex -48.985958099365234 -75.59062194824219 51.00580749511718
      vertex -45.812713623046875 -75.22274017333984 55.00580749511718
      vertex -46.476280212402344 -77.15906524658203 51.00580749511718
    endloop
  endfacet
  facet normal 0.4990122630822804 0.7429946823056248 -0.44603325364715196
    outer loop
      vertex -51.442752838134766 -73.94058227539062 51.00580749511718
      vertex -48.28097152709961 -73.66283416748047 55.00580749511718
      vertex -48.985958099365234 -75.59062194824219 51.00580749511718
    endloop
  endfacet
  facet normal 0 0 1
    outer loop
      vertex -50.3399772644043 -79.47361755371094 55.00580749511718
      vertex -48.985958099365234 -75.59062194824219 55.00580749511718
      vertex -52.87751007080078 -77.80834197998047 55.00580749511718
    endloop
  endfacet
  facet normal 0 0 1
    outer loop
      vertex -52.87751007080078 -77.80834197998047 55.00580749511718
      vertex -48.985958099365234 -75.59062194824219 55.00580749511718
      vertex -51.442752838134766 -73.94058227539062 55.00580749511718
    endloop
  endfacet
  facet normal 0 0 1
    outer loop
      vertex -50.3399772644043 -79.47361755371094 55.00580749511718
      vertex -46.476280212402344 -77.15906524658203 55.00580749511718
      vertex -48.985958099365234 -75.59062194824219 55.00580749511718
    endloop
  endfacet
  facet normal 0.4775391224115876 0.7556158569550797 -0.44833142125486936
    outer loop
      vertex -48.985958099365234 -75.59062194824219 51.00580749511718
      vertex -48.28097152709961 -73.66283416748047 55.00580749511718
      vertex -45.812713623046875 -75.22274017333984 55.00580749511718
    endloop
  endfacet
  facet normal 0.5231674685138523 0.7262200006564747 -0.4459824105671851
    outer loop
      vertex -53.844017028808594 -72.2107162475586 51.00580749511718
      vertex -50.696163177490234 -72.02196502685547 55.00580749511718
      vertex -51.442752838134766 -73.94058227539062 51.00580749511718
    endloop
  endfacet
  facet normal 0.502309257938216 0.7393478831737903 -0.44838612493697216
    outer loop
      vertex -51.442752838134766 -73.94058227539062 51.00580749511718
      vertex -50.696163177490234 -72.02196502685547 55.00580749511718
      vertex -48.28097152709961 -73.66283416748047 55.00580749511718
    endloop
  endfacet
  facet normal 0.5265233680161122 0.7222723249812145 -0.4484370987097303
    outer loop
      vertex -53.844017028808594 -72.2107162475586 51.00580749511718
      vertex -53.055641174316406 -70.30194854736328 55.00580749511718
      vertex -50.696163177490234 -72.02196502685547 55.00580749511718
    endloop
  endfacet
  facet normal 0.5697579579426486 0.6903367080886224 -0.4458823822785415
    outer loop
      vertex -56.18716049194336 -70.40290832519531 51.00580749511718
      vertex -58.46964645385742 -68.51909637451172 51.00580749511718
      vertex -55.356807708740234 -68.5046615600586 55.00580749511718
    endloop
  endfacet
  facet normal 0.5731911667899374 0.6857593524370906 -0.4485376203386425
    outer loop
      vertex -58.46964645385742 -68.51909637451172 51.00580749511718
      vertex -57.59713363647461 -66.63208770751953 55.00580749511718
      vertex -55.356807708740234 -68.5046615600586 55.00580749511718
    endloop
  endfacet
  facet normal 0.5501606340422259 0.7044012717823916 -0.44848871230121845
    outer loop
      vertex -56.18716049194336 -70.40290832519531 51.00580749511718
      vertex -55.356807708740234 -68.5046615600586 55.00580749511718
      vertex -53.055641174316406 -70.30194854736328 55.00580749511718
    endloop
  endfacet
  facet normal -0.6607104299102174 -0.7489926826109952 0.04971608595857789
    outer loop
      vertex -60.68901824951172 -66.56131744384766 55.00580749511718
      vertex -58.46964645385742 -68.51909637451172 55.00580749511718
      vertex -60.45859146118164 -66.41389465332031 60.289086914062494
    endloop
  endfacet
  facet normal -0.6601179428068243 -0.749486941317735 0.0501360786128341
    outer loop
      vertex -58.46964645385742 -68.51909637451172 55.00580749511718
      vertex -58.24658966064453 -68.36213684082031 60.289086914062494
      vertex -60.45859146118164 -66.41389465332031 60.289086914062494
    endloop
  endfacet
  facet normal -0.6849583507713312 -0.7268846187997078 0.049707229464348426
    outer loop
      vertex -60.68901824951172 -66.56131744384766 55.00580749511718
      vertex -62.605472564697266 -64.39411163330078 60.289086914062494
      vertex -62.84287643432617 -64.53169250488281 55.00580749511718
    endloop
  endfacet
  facet normal -0.7084688669085664 -0.7039900525764827 0.04969779164764881
    outer loop
      vertex -64.92889404296875 -62.432403564453125 55.00580749511718
      vertex -62.84287643432617 -64.53169250488281 55.00580749511718
      vertex -64.6849136352539 -62.30496597290039 60.289086914062494
    endloop
  endfacet
  facet normal -0.70785901692656 -0.7045708395836955 0.05015520076812163
    outer loop
      vertex -62.84287643432617 -64.53169250488281 55.00580749511718
      vertex -62.605472564697266 -64.39411163330078 60.289086914062494
      vertex -64.6849136352539 -62.30496597290039 60.289086914062494
    endloop
  endfacet
  facet normal 0.666402909469523 0.7455918201338819 0
    outer loop
      vertex -59.77415466308594 -64.68628692626953 55.00580749511718
      vertex -59.77415466308594 -64.68628692626953 62.150537109374994
      vertex -57.59713363647461 -66.63208770751953 55.00580749511718
    endloop
  endfacet
  facet normal -0.6843567382367631 -0.7274209827597661 0.05014547507756473
    outer loop
      vertex -60.68901824951172 -66.56131744384766 55.00580749511718
      vertex -60.45859146118164 -66.41389465332031 60.289086914062494
      vertex -62.605472564697266 -64.39411163330078 60.289086914062494
    endloop
  endfacet
  facet normal 0.6907517767271328 0.72309196022934 0
    outer loop
      vertex -61.8854866027832 -62.66938400268555 55.00580749511718
      vertex -61.8854866027832 -62.66938400268555 62.150537109374994
      vertex -59.77415466308594 -64.68628692626953 55.00580749511718
    endloop
  endfacet
  facet normal -0.48628414567220485 -0.5440694752707568 0.68375151608348
    outer loop
      vertex -60.45859146118164 -66.41389465332031 60.289086914062494
      vertex -57.59713363647461 -66.63208770751953 62.150537109374994
      vertex -59.77415466308594 -64.68628692626953 62.150537109374994
    endloop
  endfacet
  facet normal 0.7143411742067934 0.6997976041919974 0
    outer loop
      vertex -61.8854866027832 -62.66938400268555 55.00580749511718
      vertex -63.92879867553711 -60.5836067199707 62.150537109374994
      vertex -61.8854866027832 -62.66938400268555 62.150537109374994
    endloop
  endfacet
  facet normal -0.5195733192928974 -0.5171597748220313 0.6801392013293945
    outer loop
      vertex -64.6849136352539 -62.30496597290039 60.289086914062494
      vertex -62.605472564697266 -64.39411163330078 60.289086914062494
      vertex -61.8854866027832 -62.66938400268555 62.150537109374994
    endloop
  endfacet
  facet normal 0.6907517767271328 0.72309196022934 0
    outer loop
      vertex -59.77415466308594 -64.68628692626953 55.00580749511718
      vertex -61.8854866027832 -62.66938400268555 62.150537109374994
      vertex -59.77415466308594 -64.68628692626953 62.150537109374994
    endloop
  endfacet
  facet normal -0.5022879093127345 -0.5338951809870409 0.680193201875068
    outer loop
      vertex -60.45859146118164 -66.41389465332031 60.289086914062494
      vertex -59.77415466308594 -64.68628692626953 62.150537109374994
      vertex -62.605472564697266 -64.39411163330078 60.289086914062494
    endloop
  endfacet
  facet normal -0.5211918871857041 -0.5105807240942782 0.6838613462648454
    outer loop
      vertex -64.6849136352539 -62.30496597290039 60.289086914062494
      vertex -61.8854866027832 -62.66938400268555 62.150537109374994
      vertex -63.92879867553711 -60.5836067199707 62.150537109374994
    endloop
  endfacet
  facet normal -0.5040157507781597 -0.527613173785017 0.6838073279923443
    outer loop
      vertex -62.605472564697266 -64.39411163330078 60.289086914062494
      vertex -59.77415466308594 -64.68628692626953 62.150537109374994
      vertex -61.8854866027832 -62.66938400268555 62.150537109374994
    endloop
  endfacet
  facet normal -0.5837937758587894 -0.8103766801321867 0.04974398020336672
    outer loop
      vertex -53.844017028808594 -72.2107162475586 55.00580749511718
      vertex -51.442752838134766 -73.94058227539062 55.00580749511718
      vertex -53.63680648803711 -72.03568267822266 60.289086914062494
    endloop
  endfacet
  facet normal -0.6100983516813983 -0.7907631927747987 0.049735040245761725
    outer loop
      vertex -56.18716049194336 -70.40290832519531 55.00580749511718
      vertex -53.844017028808594 -72.2107162475586 55.00580749511718
      vertex -55.97184371948242 -70.23674011230469 60.289086914062494
    endloop
  endfacet
  facet normal -0.6095319298588069 -0.791175758993035 0.05011731102516784
    outer loop
      vertex -53.844017028808594 -72.2107162475586 55.00580749511718
      vertex -53.63680648803711 -72.03568267822266 60.289086914062494
      vertex -55.97184371948242 -70.23674011230469 60.289086914062494
    endloop
  endfacet
  facet normal -0.5568548857315879 -0.8291183394149494 0.04975354743791436
    outer loop
      vertex -51.442752838134766 -73.94058227539062 55.00580749511718
      vertex -48.985958099365234 -75.59062194824219 55.00580749511718
      vertex -51.243995666503906 -73.75703430175781 60.289086914062494
    endloop
  endfacet
  facet normal -0.529316732231928 -0.8469636737828006 0.049762759887845294
    outer loop
      vertex -48.985958099365234 -75.59062194824219 55.00580749511718
      vertex -46.476280212402344 -77.15906524658203 55.00580749511718
      vertex -48.795982360839844 -75.39893341064453 60.289086914062494
    endloop
  endfacet
  facet normal -0.5288015405649557 -0.8472661618228173 0.05008973673479415
    outer loop
      vertex -48.795982360839844 -75.39893341064453 60.289086914062494
      vertex -46.476280212402344 -77.15906524658203 55.00580749511718
      vertex -46.295406341552734 -76.95960998535156 60.289086914062494
    endloop
  endfacet
  facet normal 0.5342393290559355 0.8453332711362209 0
    outer loop
      vertex -48.28097152709961 -73.66283416748047 55.00580749511718
      vertex -48.28097152709961 -73.66283416748047 62.150537109374994
      vertex -45.812713623046875 -75.22274017333984 55.00580749511718
    endloop
  endfacet
  facet normal -0.5563214738530219 -0.829455575466057 0.05009856343522918
    outer loop
      vertex -48.985958099365234 -75.59062194824219 55.00580749511718
      vertex -48.795982360839844 -75.39893341064453 60.289086914062494
      vertex -51.243995666503906 -73.75703430175781 60.289086914062494
    endloop
  endfacet
  facet normal -0.5832421616503378 -0.8107513519551649 0.05010814481013608
    outer loop
      vertex -51.442752838134766 -73.94058227539062 55.00580749511718
      vertex -51.243995666503906 -73.75703430175781 60.289086914062494
      vertex -53.63680648803711 -72.03568267822266 60.289086914062494
    endloop
  endfacet
  facet normal 0.5890746136426963 0.8080786468913208 0
    outer loop
      vertex -53.055641174316406 -70.30194854736328 55.00580749511718
      vertex -53.055641174316406 -70.30194854736328 62.150537109374994
      vertex -50.696163177490234 -72.02196502685547 55.00580749511718
    endloop
  endfacet
  facet normal 0.5619677768148791 0.8271591248494707 0
    outer loop
      vertex -50.696163177490234 -72.02196502685547 55.00580749511718
      vertex -50.696163177490234 -72.02196502685547 62.150537109374994
      vertex -48.28097152709961 -73.66283416748047 55.00580749511718
    endloop
  endfacet
  facet normal -0.4472698345386582 -0.5805586770454879 0.6803685160403546
    outer loop
      vertex -55.97184371948242 -70.23674011230469 60.289086914062494
      vertex -53.63680648803711 -72.03568267822266 60.289086914062494
      vertex -53.055641174316406 -70.30194854736328 62.150537109374994
    endloop
  endfacet
  facet normal -0.4081583475619372 -0.6085496119959319 0.6804955055363038
    outer loop
      vertex -48.795982360839844 -75.39893341064453 60.289086914062494
      vertex -48.28097152709961 -73.66283416748047 62.150537109374994
      vertex -51.243995666503906 -73.75703430175781 60.289086914062494
    endloop
  endfacet
  facet normal -0.38999701994605007 -0.6170969426510621 0.6834425270671354
    outer loop
      vertex -48.795982360839844 -75.39893341064453 60.289086914062494
      vertex -45.812713623046875 -75.22274017333984 62.150537109374994
      vertex -48.28097152709961 -73.66283416748047 62.150537109374994
    endloop
  endfacet
  facet normal -0.427943888765768 -0.5948748379164714 0.6804321827205734
    outer loop
      vertex -53.63680648803711 -72.03568267822266 60.289086914062494
      vertex -51.243995666503906 -73.75703430175781 60.289086914062494
      vertex -50.696163177490234 -72.02196502685547 62.150537109374994
    endloop
  endfacet
  facet normal 0.5890746136426963 0.8080786468913208 0
    outer loop
      vertex -50.696163177490234 -72.02196502685547 55.00580749511718
      vertex -53.055641174316406 -70.30194854736328 62.150537109374994
      vertex -50.696163177490234 -72.02196502685547 62.150537109374994
    endloop
  endfacet
  facet normal 0.5619677768148791 0.8271591248494707 0
    outer loop
      vertex -48.28097152709961 -73.66283416748047 55.00580749511718
      vertex -50.696163177490234 -72.02196502685547 62.150537109374994
      vertex -48.28097152709961 -73.66283416748047 62.150537109374994
    endloop
  endfacet
  facet normal -0.4102036022366674 -0.6037777727386567 0.6835096238231098
    outer loop
      vertex -51.243995666503906 -73.75703430175781 60.289086914062494
      vertex -48.28097152709961 -73.66283416748047 62.150537109374994
      vertex -50.696163177490234 -72.02196502685547 62.150537109374994
    endloop
  endfacet
  facet normal -0.42995535597812257 -0.5898026060468057 0.6835724378338571
    outer loop
      vertex -53.63680648803711 -72.03568267822266 60.289086914062494
      vertex -50.696163177490234 -72.02196502685547 62.150537109374994
      vertex -53.055641174316406 -70.30194854736328 62.150537109374994
    endloop
  endfacet
  facet normal -0.6357485121356219 -0.7702929444368062 0.04972533628059831
    outer loop
      vertex -56.18716049194336 -70.40290832519531 55.00580749511718
      vertex -58.24658966064453 -68.36213684082031 60.289086914062494
      vertex -58.46964645385742 -68.51909637451172 55.00580749511718
    endloop
  endfacet
  facet normal -0.6351670881410195 -0.7707464174883591 0.05012713906975164
    outer loop
      vertex -56.18716049194336 -70.40290832519531 55.00580749511718
      vertex -55.97184371948242 -70.23674011230469 60.289086914062494
      vertex -58.24658966064453 -68.36213684082031 60.289086914062494
    endloop
  endfacet
  facet normal 0.6413227620784578 0.7672712133529171 0
    outer loop
      vertex -57.59713363647461 -66.63208770751953 55.00580749511718
      vertex -57.59713363647461 -66.63208770751953 62.150537109374994
      vertex -55.356807708740234 -68.5046615600586 55.00580749511718
    endloop
  endfacet
  facet normal 0.6155378333084143 0.7881073377186529 0
    outer loop
      vertex -53.055641174316406 -70.30194854736328 55.00580749511718
      vertex -55.356807708740234 -68.5046615600586 55.00580749511718
      vertex -55.356807708740234 -68.5046615600586 62.150537109374994
    endloop
  endfacet
  facet normal 0.6413227620784578 0.7672712133529171 0
    outer loop
      vertex -55.356807708740234 -68.5046615600586 55.00580749511718
      vertex -57.59713363647461 -66.63208770751953 62.150537109374994
      vertex -55.356807708740234 -68.5046615600586 62.150537109374994
    endloop
  endfacet
  facet normal -0.46611625001551404 -0.5656109022966309 0.680308715712702
    outer loop
      vertex -55.97184371948242 -70.23674011230469 60.289086914062494
      vertex -55.356807708740234 -68.5046615600586 62.150537109374994
      vertex -58.24658966064453 -68.36213684082031 60.289086914062494
    endloop
  endfacet
  facet normal 0.666402909469523 0.7455918201338819 0
    outer loop
      vertex -57.59713363647461 -66.63208770751953 55.00580749511718
      vertex -59.77415466308594 -64.68628692626953 62.150537109374994
      vertex -57.59713363647461 -66.63208770751953 62.150537109374994
    endloop
  endfacet
  facet normal -0.48446251895623266 -0.5500506924136864 0.6802501771420615
    outer loop
      vertex -60.45859146118164 -66.41389465332031 60.289086914062494
      vertex -58.24658966064453 -68.36213684082031 60.289086914062494
      vertex -57.59713363647461 -66.63208770751953 62.150537109374994
    endloop
  endfacet
  facet normal 0.6155378333084143 0.7881073377186529 0
    outer loop
      vertex -53.055641174316406 -70.30194854736328 55.00580749511718
      vertex -55.356807708740234 -68.5046615600586 62.150537109374994
      vertex -53.055641174316406 -70.30194854736328 62.150537109374994
    endloop
  endfacet
  facet normal -0.46801703795913263 -0.5599302283002564 0.6836945162977268
    outer loop
      vertex -58.24658966064453 -68.36213684082031 60.289086914062494
      vertex -55.356807708740234 -68.5046615600586 62.150537109374994
      vertex -57.59713363647461 -66.63208770751953 62.150537109374994
    endloop
  endfacet
  facet normal -0.4492344594289858 -0.5751798746944975 0.6836347798407927
    outer loop
      vertex -55.97184371948242 -70.23674011230469 60.289086914062494
      vertex -53.055641174316406 -70.30194854736328 62.150537109374994
      vertex -55.356807708740234 -68.5046615600586 62.150537109374994
    endloop
  endfacet
  facet normal 0.7955999334107399 0.6058223716212752 0
    outer loop
      vertex -70.7577896118164 -55.73958969116211 13.005807495117182
      vertex -72.55070495605469 -53.385032653808594 51.00580749511718
      vertex -70.7577896118164 -55.73958969116211 51.00580749511718
    endloop
  endfacet
  facet normal 0.8336653109389918 0.5522699967742173 0
    outer loop
      vertex -74.26530456542969 -50.97284698486328 13.005807495117182
      vertex -75.89973449707031 -48.50563430786133 51.00580749511718
      vertex -74.26530456542969 -50.97284698486328 51.00580749511718
    endloop
  endfacet
  facet normal 0.8150721910922487 0.5793594077151772 0
    outer loop
      vertex -72.55070495605469 -53.385032653808594 13.005807495117182
      vertex -74.26530456542969 -50.97284698486328 51.00580749511718
      vertex -72.55070495605469 -53.385032653808594 51.00580749511718
    endloop
  endfacet
  facet normal 0.8513574960020613 0.524585945295049 0
    outer loop
      vertex -75.89973449707031 -48.50563430786133 13.005807495117182
      vertex -77.45223236083984 -45.98606491088867 51.00580749511718
      vertex -75.89973449707031 -48.50563430786133 51.00580749511718
    endloop
  endfacet
  facet normal -0.785440236914583 -0.6189375043052115 0
    outer loop
      vertex -74.82022857666016 -57.02720642089844 15.005807495117182
      vertex -72.941650390625 -59.41114807128906 55.00580749511718
      vertex -74.82022857666016 -57.02720642089844 55.00580749511718
    endloop
  endfacet
  facet normal -0.7650650760793563 -0.6439529713913034 0
    outer loop
      vertex -72.941650390625 -59.41114807128906 15.005807495117182
      vertex -70.98714447021484 -61.73324966430664 55.00580749511718
      vertex -72.941650390625 -59.41114807128906 55.00580749511718
    endloop
  endfacet
  facet normal -0.8049972654079491 -0.5932785203306487 0
    outer loop
      vertex -76.62092590332031 -54.58390808105469 15.005807495117182
      vertex -74.82022857666016 -57.02720642089844 55.00580749511718
      vertex -76.62092590332031 -54.58390808105469 55.00580749511718
    endloop
  endfacet
  facet normal -0.8415794136307012 -0.540133400701165 0
    outer loop
      vertex -79.98126220703125 -49.52945327758789 15.005807495117182
      vertex -78.34186553955078 -52.08378982543945 55.00580749511718
      vertex -79.98126220703125 -49.52945327758789 55.00580749511718
    endloop
  endfacet
  facet normal -0.8237175027657366 -0.5670004194331595 0
    outer loop
      vertex -78.34186553955078 -52.08378982543945 15.005807495117182
      vertex -76.62092590332031 -54.58390808105469 55.00580749511718
      vertex -78.34186553955078 -52.08378982543945 55.00580749511718
    endloop
  endfacet
  facet normal -0.8585660906677178 -0.5127029041809226 0
    outer loop
      vertex -81.53739929199219 -46.92356491088867 15.005807495117182
      vertex -79.98126220703125 -49.52945327758789 55.00580749511718
      vertex -81.53739929199219 -46.92356491088867 55.00580749511718
    endloop
  endfacet
  facet normal 0.925689590562012 0.3782839963904559 0
    outer loop
      vertex -82.81074523925781 -35.43934631347656 13.005807495117182
      vertex -83.93026733398438 -32.699790954589844 51.00580749511718
      vertex -82.81074523925781 -35.43934631347656 51.00580749511718
    endloop
  endfacet
  facet normal 0.9376166543597612 0.3476708349390385 0
    outer loop
      vertex -83.93026733398438 -32.699790954589844 13.005807495117182
      vertex -84.95919036865234 -29.924938201904297 51.00580749511718
      vertex -83.93026733398438 -32.699790954589844 51.00580749511718
    endloop
  endfacet
  facet normal 0.8839676320632023 0.4675480996267389 0
    outer loop
      vertex -78.9211196899414 -43.41685104370117 13.005807495117182
      vertex -80.30481719970703 -40.8007698059082 51.00580749511718
      vertex -78.9211196899414 -43.41685104370117 51.00580749511718
    endloop
  endfacet
  facet normal 0.868131752562591 0.49633381931176546 0
    outer loop
      vertex -77.45223236083984 -45.98606491088867 13.005807495117182
      vertex -78.9211196899414 -43.41685104370117 51.00580749511718
      vertex -77.45223236083984 -45.98606491088867 51.00580749511718
    endloop
  endfacet
  facet normal 0.8988506617904857 0.43825504880013183 0
    outer loop
      vertex -80.30481719970703 -40.8007698059082 13.005807495117182
      vertex -81.60182189941406 -38.14064407348633 51.00580749511718
      vertex -80.30481719970703 -40.8007698059082 51.00580749511718
    endloop
  endfacet
  facet normal 0.9127618115841085 0.40849219737186726 0
    outer loop
      vertex -81.60182189941406 -38.14064407348633 13.005807495117182
      vertex -82.81074523925781 -35.43934631347656 51.00580749511718
      vertex -81.60182189941406 -38.14064407348633 51.00580749511718
    endloop
  endfacet
  facet normal -0.8746580025608178 -0.4847405270413444 0
    outer loop
      vertex -83.0086669921875 -44.26883316040039 15.005807495117182
      vertex -81.53739929199219 -46.92356491088867 55.00580749511718
      vertex -83.0086669921875 -44.26883316040039 55.00580749511718
    endloop
  endfacet
  facet normal -0.8898396280987042 -0.45627342270305404 0
    outer loop
      vertex -84.3935317993164 -41.568023681640625 15.005807495117182
      vertex -83.0086669921875 -44.26883316040039 55.00580749511718
      vertex -84.3935317993164 -41.568023681640625 55.00580749511718
    endloop
  endfacet
  facet normal -0.9040953452746396 -0.4273307930078643 0
    outer loop
      vertex -85.6905517578125 -38.823944091796875 15.005807495117182
      vertex -84.3935317993164 -41.568023681640625 55.00580749511718
      vertex -85.6905517578125 -38.823944091796875 55.00580749511718
    endloop
  endfacet
  facet normal -0.9411623342982324 -0.3379548202027931 0
    outer loop
      vertex -89.04148864746094 -30.36086082458496 15.005807495117182
      vertex -88.01573944091797 -33.217445373535156 55.00580749511718
      vertex -89.04148864746094 -30.36086082458496 55.00580749511718
    endloop
  endfacet
  facet normal -0.9174108840441036 -0.3979412894352838 0
    outer loop
      vertex -86.89836883544922 -36.039451599121094 15.005807495117182
      vertex -85.6905517578125 -38.823944091796875 55.00580749511718
      vertex -86.89836883544922 -36.039451599121094 55.00580749511718
    endloop
  endfacet
  facet normal -0.9297697985438141 -0.36814144254049314 0
    outer loop
      vertex -88.01573944091797 -33.217445373535156 15.005807495117182
      vertex -86.89836883544922 -36.039451599121094 55.00580749511718
      vertex -88.01573944091797 -33.217445373535156 55.00580749511718
    endloop
  endfacet
  facet normal 0.7321180886853047 0.681177733209018 0
    outer loop
      vertex -64.92889404296875 -62.432403564453125 13.005807495117182
      vertex -66.94482421875 -60.265716552734375 51.00580749511718
      vertex -64.92889404296875 -62.432403564453125 51.00580749511718
    endloop
  endfacet
  facet normal 0.7540996969666498 0.6567599615040544 0
    outer loop
      vertex -66.94482421875 -60.265716552734375 13.005807495117182
      vertex -68.88848876953125 -58.03397750854492 51.00580749511718
      vertex -66.94482421875 -60.265716552734375 51.00580749511718
    endloop
  endfacet
  facet normal 0.775268134431564 0.6316322662237913 0
    outer loop
      vertex -68.88848876953125 -58.03397750854492 13.005807495117182
      vertex -70.7577896118164 -55.73958969116211 51.00580749511718
      vertex -68.88848876953125 -58.03397750854492 51.00580749511718
    endloop
  endfacet
  facet normal 0 0 1
    outer loop
      vertex -70.98714447021484 -61.73324966430664 55.00580749511718
      vertex -68.88848876953125 -58.03397750854492 55.00580749511718
      vertex -72.941650390625 -59.41114807128906 55.00580749511718
    endloop
  endfacet
  facet normal 0.7122557355495209 0.5423585910340923 -0.44557707067164615
    outer loop
      vertex -70.7577896118164 -55.73958969116211 51.00580749511718
      vertex -72.55070495605469 -53.385032653808594 51.00580749511718
      vertex -69.62858581542969 -53.93630599975586 55.00580749511718
    endloop
  endfacet
  facet normal 0 0 1
    outer loop
      vertex -76.62092590332031 -54.58390808105469 55.00580749511718
      vertex -74.82022857666016 -57.02720642089844 55.00580749511718
      vertex -72.55070495605469 -53.385032653808594 55.00580749511718
    endloop
  endfacet
  facet normal 0 0 1
    outer loop
      vertex -72.941650390625 -59.41114807128906 55.00580749511718
      vertex -70.7577896118164 -55.73958969116211 55.00580749511718
      vertex -74.82022857666016 -57.02720642089844 55.00580749511718
    endloop
  endfacet
  facet normal 0 0 1
    outer loop
      vertex -72.941650390625 -59.41114807128906 55.00580749511718
      vertex -68.88848876953125 -58.03397750854492 55.00580749511718
      vertex -70.7577896118164 -55.73958969116211 55.00580749511718
    endloop
  endfacet
  facet normal 0 0 1
    outer loop
      vertex -74.82022857666016 -57.02720642089844 55.00580749511718
      vertex -70.7577896118164 -55.73958969116211 55.00580749511718
      vertex -72.55070495605469 -53.385032653808594 55.00580749511718
    endloop
  endfacet
  facet normal 0 0 1
    outer loop
      vertex -78.34186553955078 -52.08378982543945 55.00580749511718
      vertex -75.89973449707031 -48.50563430786133 55.00580749511718
      vertex -79.98126220703125 -49.52945327758789 55.00580749511718
    endloop
  endfacet
  facet normal 0 0 1
    outer loop
      vertex -79.98126220703125 -49.52945327758789 55.00580749511718
      vertex -77.45223236083984 -45.98606491088867 55.00580749511718
      vertex -81.53739929199219 -46.92356491088867 55.00580749511718
    endloop
  endfacet
  facet normal 0 0 1
    outer loop
      vertex -79.98126220703125 -49.52945327758789 55.00580749511718
      vertex -75.89973449707031 -48.50563430786133 55.00580749511718
      vertex -77.45223236083984 -45.98606491088867 55.00580749511718
    endloop
  endfacet
  facet normal 0.7297036246033535 0.5186787923549332 -0.4455389215343104
    outer loop
      vertex -74.26530456542969 -50.97284698486328 51.00580749511718
      vertex -71.37816619873047 -51.59866714477539 55.00580749511718
      vertex -72.55070495605469 -53.385032653808594 51.00580749511718
    endloop
  endfacet
  facet normal 0 0 1
    outer loop
      vertex -76.62092590332031 -54.58390808105469 55.00580749511718
      vertex -74.26530456542969 -50.97284698486328 55.00580749511718
      vertex -78.34186553955078 -52.08378982543945 55.00580749511718
    endloop
  endfacet
  facet normal 0 0 1
    outer loop
      vertex -76.62092590332031 -54.58390808105469 55.00580749511718
      vertex -72.55070495605469 -53.385032653808594 55.00580749511718
      vertex -74.26530456542969 -50.97284698486328 55.00580749511718
    endloop
  endfacet
  facet normal 0 0 1
    outer loop
      vertex -78.34186553955078 -52.08378982543945 55.00580749511718
      vertex -74.26530456542969 -50.97284698486328 55.00580749511718
      vertex -75.89973449707031 -48.50563430786133 55.00580749511718
    endloop
  endfacet
  facet normal 0.7154239552226993 0.535451280309742 -0.44884350358244846
    outer loop
      vertex -72.55070495605469 -53.385032653808594 51.00580749511718
      vertex -71.37816619873047 -51.59866714477539 55.00580749511718
      vertex -69.62858581542969 -53.93630599975586 55.00580749511718
    endloop
  endfacet
  facet normal 0.7327636430376796 0.5114322809889695 -0.44888134891591097
    outer loop
      vertex -74.26530456542969 -50.97284698486328 51.00580749511718
      vertex -73.04930114746094 -49.20431900024414 55.00580749511718
      vertex -71.37816619873047 -51.59866714477539 55.00580749511718
    endloop
  endfacet
  facet normal 0.7463647236410343 0.49443684187045217 -0.44550186161835065
    outer loop
      vertex -74.26530456542969 -50.97284698486328 51.00580749511718
      vertex -75.89973449707031 -48.50563430786133 51.00580749511718
      vertex -73.04930114746094 -49.20431900024414 55.00580749511718
    endloop
  endfacet
  facet normal 0.7622187905503046 0.46966082596342396 -0.44546742180252114
    outer loop
      vertex -77.45223236083984 -45.98606491088867 51.00580749511718
      vertex -74.64014434814453 -46.755889892578125 55.00580749511718
      vertex -75.89973449707031 -48.50563430786133 51.00580749511718
    endloop
  endfacet
  facet normal 0.7492993113080393 0.4868500014720026 -0.44891827556918357
    outer loop
      vertex -75.89973449707031 -48.50563430786133 51.00580749511718
      vertex -74.64014434814453 -46.755889892578125 55.00580749511718
      vertex -73.04930114746094 -49.20431900024414 55.00580749511718
    endloop
  endfacet
  facet normal 0.7650086849355847 0.46173855640329853 -0.4489534691966698
    outer loop
      vertex -77.45223236083984 -45.98606491088867 51.00580749511718
      vertex -76.14896392822266 -44.25607681274414 55.00580749511718
      vertex -74.64014434814453 -46.755889892578125 55.00580749511718
    endloop
  endfacet
  facet normal -0.7946182513097053 -0.6050748539887921 0.04966141113528853
    outer loop
      vertex -70.7577896118164 -55.73958969116211 55.00580749511718
      vertex -72.28463745117188 -53.30082321166992 60.289086914062494
      vertex -72.55070495605469 -53.385032653808594 55.00580749511718
    endloop
  endfacet
  facet normal -0.7940027092522504 -0.6058386532699072 0.05019187089750579
    outer loop
      vertex -70.7577896118164 -55.73958969116211 55.00580749511718
      vertex -70.49658966064453 -55.64421081542969 60.289086914062494
      vertex -72.28463745117188 -53.30082321166992 60.289086914062494
    endloop
  endfacet
  facet normal -0.5829492028760961 -0.44480095077738424 0.6799428954358294
    outer loop
      vertex -72.28463745117188 -53.30082321166992 60.289086914062494
      vertex -70.49658966064453 -55.64421081542969 60.289086914062494
      vertex -69.62858581542969 -53.93630599975586 62.150537109374994
    endloop
  endfacet
  facet normal -0.8503081618021563 -0.5239393708820996 0.049634318896382215
    outer loop
      vertex -77.45223236083984 -45.98606491088867 55.00580749511718
      vertex -75.89973449707031 -48.50563430786133 55.00580749511718
      vertex -77.17433166503906 -45.93657302856445 60.289086914062494
    endloop
  endfacet
  facet normal -0.814066849806528 -0.57864480361236 0.04965234434031223
    outer loop
      vertex -74.26530456542969 -50.97284698486328 55.00580749511718
      vertex -72.55070495605469 -53.385032653808594 55.00580749511718
      vertex -73.99482727050781 -50.900020599365234 60.289086914062494
    endloop
  endfacet
  facet normal -0.8320317543708514 -0.5524509172597445 0.050210992197227855
    outer loop
      vertex -74.26530456542969 -50.97284698486328 55.00580749511718
      vertex -73.99482727050781 -50.900020599365234 60.289086914062494
      vertex -75.62531280517578 -48.44438934326172 60.289086914062494
    endloop
  endfacet
  facet normal 0.8005994246587347 0.5991999342757832 0
    outer loop
      vertex -71.37816619873047 -51.59866714477539 55.00580749511718
      vertex -71.37816619873047 -51.59866714477539 62.150537109374994
      vertex -69.62858581542969 -53.93630599975586 55.00580749511718
    endloop
  endfacet
  facet normal -0.8134550225292411 -0.5794572577050496 0.05020172123439218
    outer loop
      vertex -72.55070495605469 -53.385032653808594 55.00580749511718
      vertex -72.28463745117188 -53.30082321166992 60.289086914062494
      vertex -73.99482727050781 -50.900020599365234 60.289086914062494
    endloop
  endfacet
  facet normal 0.8200209497650087 0.5723335058744097 0
    outer loop
      vertex -71.37816619873047 -51.59866714477539 55.00580749511718
      vertex -73.04930114746094 -49.20431900024414 55.00580749511718
      vertex -73.04930114746094 -49.20431900024414 62.150537109374994
    endloop
  endfacet
  facet normal -0.832637439203294 -0.5515890727718515 0.049642619145950584
    outer loop
      vertex -74.26530456542969 -50.97284698486328 55.00580749511718
      vertex -75.62531280517578 -48.44438934326172 60.289086914062494
      vertex -75.89973449707031 -48.50563430786133 55.00580749511718
    endloop
  endfacet
  facet normal 0.838543088870735 0.5448352852992604 0
    outer loop
      vertex -74.64014434814453 -46.755889892578125 55.00580749511718
      vertex -74.64014434814453 -46.755889892578125 62.150537109374994
      vertex -73.04930114746094 -49.20431900024414 55.00580749511718
    endloop
  endfacet
  facet normal -0.8497133285989638 -0.5248478382420485 0.05021957679946883
    outer loop
      vertex -75.89973449707031 -48.50563430786133 55.00580749511718
      vertex -75.62531280517578 -48.44438934326172 60.289086914062494
      vertex -77.17433166503906 -45.93657302856445 60.289086914062494
    endloop
  endfacet
  facet normal -0.5972650012890672 -0.42545627008864534 0.6798981397808265
    outer loop
      vertex -73.99482727050781 -50.900020599365234 60.289086914062494
      vertex -72.28463745117188 -53.30082321166992 60.289086914062494
      vertex -71.37816619873047 -51.59866714477539 62.150537109374994
    endloop
  endfacet
  facet normal 0.8200209497650087 0.5723335058744097 0
    outer loop
      vertex -71.37816619873047 -51.59866714477539 55.00580749511718
      vertex -73.04930114746094 -49.20431900024414 62.150537109374994
      vertex -71.37816619873047 -51.59866714477539 62.150537109374994
    endloop
  endfacet
  facet normal -0.5839821211013977 -0.43707506876032104 0.6840542862244728
    outer loop
      vertex -72.28463745117188 -53.30082321166992 60.289086914062494
      vertex -69.62858581542969 -53.93630599975586 62.150537109374994
      vertex -71.37816619873047 -51.59866714477539 62.150537109374994
    endloop
  endfacet
  facet normal -0.5981157724141467 -0.41745481873684737 0.6840972131962054
    outer loop
      vertex -73.99482727050781 -50.900020599365234 60.289086914062494
      vertex -71.37816619873047 -51.59866714477539 62.150537109374994
      vertex -73.04930114746094 -49.20431900024414 62.150537109374994
    endloop
  endfacet
  facet normal 0.838543088870735 0.5448352852992604 0
    outer loop
      vertex -73.04930114746094 -49.20431900024414 55.00580749511718
      vertex -74.64014434814453 -46.755889892578125 62.150537109374994
      vertex -73.04930114746094 -49.20431900024414 62.150537109374994
    endloop
  endfacet
  facet normal -0.6109376605476355 -0.4056492666115578 0.6798557548642853
    outer loop
      vertex -73.99482727050781 -50.900020599365234 60.289086914062494
      vertex -73.04930114746094 -49.20431900024414 62.150537109374994
      vertex -75.62531280517578 -48.44438934326172 60.289086914062494
    endloop
  endfacet
  facet normal 0.8561404365910952 0.5167432175013127 0
    outer loop
      vertex -74.64014434814453 -46.755889892578125 55.00580749511718
      vertex -76.14896392822266 -44.25607681274414 62.150537109374994
      vertex -74.64014434814453 -46.755889892578125 62.150537109374994
    endloop
  endfacet
  facet normal -0.6239516134020406 -0.3854001631369711 0.6798169594729059
    outer loop
      vertex -77.17433166503906 -45.93657302856445 60.289086914062494
      vertex -75.62531280517578 -48.44438934326172 60.289086914062494
      vertex -74.64014434814453 -46.755889892578125 62.150537109374994
    endloop
  endfacet
  facet normal -0.611592499395166 -0.39737632844079157 0.6841393631991146
    outer loop
      vertex -75.62531280517578 -48.44438934326172 60.289086914062494
      vertex -73.04930114746094 -49.20431900024414 62.150537109374994
      vertex -74.64014434814453 -46.755889892578125 62.150537109374994
    endloop
  endfacet
  facet normal 0 0 1
    outer loop
      vertex -83.0086669921875 -44.26883316040039 55.00580749511718
      vertex -80.30481719970703 -40.8007698059082 55.00580749511718
      vertex -84.3935317993164 -41.568023681640625 55.00580749511718
    endloop
  endfacet
  facet normal 0 0 1
    outer loop
      vertex -85.6905517578125 -38.823944091796875 55.00580749511718
      vertex -84.3935317993164 -41.568023681640625 55.00580749511718
      vertex -81.60182189941406 -38.14064407348633 55.00580749511718
    endloop
  endfacet
  facet normal 0.8288401309791372 0.3387063658404324 -0.4453111665090531
    outer loop
      vertex -82.81074523925781 -35.43934631347656 51.00580749511718
      vertex -83.93026733398438 -32.699790954589844 51.00580749511718
      vertex -81.33212280273438 -33.798683166503906 55.00580749511718
    endloop
  endfacet
  facet normal 0 0 1
    outer loop
      vertex -86.89836883544922 -36.039451599121094 55.00580749511718
      vertex -83.93026733398438 -32.699790954589844 55.00580749511718
      vertex -88.01573944091797 -33.217445373535156 55.00580749511718
    endloop
  endfacet
  facet normal 0 0 1
    outer loop
      vertex -85.6905517578125 -38.823944091796875 55.00580749511718
      vertex -82.81074523925781 -35.43934631347656 55.00580749511718
      vertex -86.89836883544922 -36.039451599121094 55.00580749511718
    endloop
  endfacet
  facet normal 0 0 1
    outer loop
      vertex -85.6905517578125 -38.823944091796875 55.00580749511718
      vertex -81.60182189941406 -38.14064407348633 55.00580749511718
      vertex -82.81074523925781 -35.43934631347656 55.00580749511718
    endloop
  endfacet
  facet normal 0 0 1
    outer loop
      vertex -86.89836883544922 -36.039451599121094 55.00580749511718
      vertex -82.81074523925781 -35.43934631347656 55.00580749511718
      vertex -83.93026733398438 -32.699790954589844 55.00580749511718
    endloop
  endfacet
  facet normal 0.8395318767819181 0.3113007295695001 -0.4452842728376192
    outer loop
      vertex -83.93026733398438 -32.699790954589844 51.00580749511718
      vertex -84.95919036865234 -29.924938201904297 51.00580749511718
      vertex -82.40776062011719 -31.084169387817383 55.00580749511718
    endloop
  endfacet
  facet normal 0 0 1
    outer loop
      vertex -88.01573944091797 -33.217445373535156 55.00580749511718
      vertex -83.93026733398438 -32.699790954589844 55.00580749511718
      vertex -84.95919036865234 -29.924938201904297 55.00580749511718
    endloop
  endfacet
  facet normal 0 0 1
    outer loop
      vertex -89.04148864746094 -30.36086082458496 55.00580749511718
      vertex -88.01573944091797 -33.217445373535156 55.00580749511718
      vertex -84.95919036865234 -29.924938201904297 55.00580749511718
    endloop
  endfacet
  facet normal 0.8306415834985972 0.3291453176318593 -0.4491079153655225
    outer loop
      vertex -83.93026733398438 -32.699790954589844 51.00580749511718
      vertex -82.40776062011719 -31.084169387817383 55.00580749511718
      vertex -81.33212280273438 -33.798683166503906 55.00580749511718
    endloop
  endfacet
  facet normal 0.8410821869150036 0.30142875026828164 -0.4491341262540368
    outer loop
      vertex -84.95919036865234 -29.924938201904297 51.00580749511718
      vertex -83.39283752441406 -28.335491180419922 55.00580749511718
      vertex -82.40776062011719 -31.084169387817383 55.00580749511718
    endloop
  endfacet
  facet normal 0.7772516717029178 0.44437528018530775 -0.44543287843989354
    outer loop
      vertex -77.45223236083984 -45.98606491088867 51.00580749511718
      vertex -78.9211196899414 -43.41685104370117 51.00580749511718
      vertex -76.14896392822266 -44.25607681274414 55.00580749511718
    endloop
  endfacet
  facet normal 0.791444160174053 0.4186105911891597 -0.4454001731821065
    outer loop
      vertex -78.9211196899414 -43.41685104370117 51.00580749511718
      vertex -80.30481719970703 -40.8007698059082 51.00580749511718
      vertex -77.57408905029297 -41.70762252807617 55.00580749511718
    endloop
  endfacet
  facet normal 0 0 1
    outer loop
      vertex -81.53739929199219 -46.92356491088867 55.00580749511718
      vertex -78.9211196899414 -43.41685104370117 55.00580749511718
      vertex -83.0086669921875 -44.26883316040039 55.00580749511718
    endloop
  endfacet
  facet normal 0 0 1
    outer loop
      vertex -83.0086669921875 -44.26883316040039 55.00580749511718
      vertex -78.9211196899414 -43.41685104370117 55.00580749511718
      vertex -80.30481719970703 -40.8007698059082 55.00580749511718
    endloop
  endfacet
  facet normal 0 0 1
    outer loop
      vertex -81.53739929199219 -46.92356491088867 55.00580749511718
      vertex -77.45223236083984 -45.98606491088867 55.00580749511718
      vertex -78.9211196899414 -43.41685104370117 55.00580749511718
    endloop
  endfacet
  facet normal 0.7798796668931454 0.43611773307758317 -0.44898666802245535
    outer loop
      vertex -78.9211196899414 -43.41685104370117 51.00580749511718
      vertex -77.57408905029297 -41.70762252807617 55.00580749511718
      vertex -76.14896392822266 -44.25607681274414 55.00580749511718
    endloop
  endfacet
  facet normal 0.8047832543052217 0.3923903484550977 -0.4453692041769209
    outer loop
      vertex -80.30481719970703 -40.8007698059082 51.00580749511718
      vertex -81.60182189941406 -38.14064407348633 51.00580749511718
      vertex -78.91395568847656 -39.11333084106445 55.00580749511718
    endloop
  endfacet
  facet normal 0 0 1
    outer loop
      vertex -84.3935317993164 -41.568023681640625 55.00580749511718
      vertex -80.30481719970703 -40.8007698059082 55.00580749511718
      vertex -81.60182189941406 -38.14064407348633 55.00580749511718
    endloop
  endfacet
  facet normal 0.8070336391259918 0.3834719244028925 -0.44905009577306715
    outer loop
      vertex -81.60182189941406 -38.14064407348633 51.00580749511718
      vertex -80.1670913696289 -36.476051330566406 55.00580749511718
      vertex -78.91395568847656 -39.11333084106445 55.00580749511718
    endloop
  endfacet
  facet normal 0.7938926505984117 0.4100195371867417 -0.4490194187905446
    outer loop
      vertex -80.30481719970703 -40.8007698059082 51.00580749511718
      vertex -78.91395568847656 -39.11333084106445 55.00580749511718
      vertex -77.57408905029297 -41.70762252807617 55.00580749511718
    endloop
  endfacet
  facet normal 0.8172520072642118 0.36574828615424004 -0.44533958705447796
    outer loop
      vertex -82.81074523925781 -35.43934631347656 51.00580749511718
      vertex -80.1670913696289 -36.476051330566406 55.00580749511718
      vertex -81.60182189941406 -38.14064407348633 51.00580749511718
    endloop
  endfacet
  facet normal 0.8192869969481608 0.3565049876184716 -0.44908018263425725
    outer loop
      vertex -82.81074523925781 -35.43934631347656 51.00580749511718
      vertex -81.33212280273438 -33.798683166503906 55.00580749511718
      vertex -80.1670913696289 -36.476051330566406 55.00580749511718
    endloop
  endfacet
  facet normal -0.9245507880564136 -0.37781862358372953 0.0495875788636696
    outer loop
      vertex -82.81074523925781 -35.43934631347656 55.00580749511718
      vertex -83.64228057861328 -32.71110153198242 60.289086914062494
      vertex -83.93026733398438 -32.699790954589844 55.00580749511718
    endloop
  endfacet
  facet normal -0.9240403387233316 -0.37897601905173556 0.0502655885847295
    outer loop
      vertex -82.81074523925781 -35.43934631347656 55.00580749511718
      vertex -82.5237808227539 -35.438289642333984 60.289086914062494
      vertex -83.64228057861328 -32.71110153198242 60.289086914062494
    endloop
  endfacet
  facet normal -0.9364635793069005 -0.34724327153718193 0.04957897743866293
    outer loop
      vertex -83.93026733398438 -32.699790954589844 55.00580749511718
      vertex -84.6706771850586 -29.94867515563965 60.289086914062494
      vertex -84.95919036865234 -29.924938201904297 55.00580749511718
    endloop
  endfacet
  facet normal -0.9359794574625357 -0.3484466069395647 0.05027342558888999
    outer loop
      vertex -83.93026733398438 -32.699790954589844 55.00580749511718
      vertex -83.64228057861328 -32.71110153198242 60.289086914062494
      vertex -84.6706771850586 -29.94867515563965 60.289086914062494
    endloop
  endfacet
  facet normal -0.6786777990768769 -0.27834565195314265 0.6796470724419744
    outer loop
      vertex -82.5237808227539 -35.438289642333984 60.289086914062494
      vertex -81.33212280273438 -33.798683166503906 62.150537109374994
      vertex -83.64228057861328 -32.71110153198242 60.289086914062494
    endloop
  endfacet
  facet normal 0.9413718534771564 0.33737076559918927 0
    outer loop
      vertex -82.40776062011719 -31.084169387817383 55.00580749511718
      vertex -83.39283752441406 -28.335491180419922 62.150537109374994
      vertex -82.40776062011719 -31.084169387817383 62.150537109374994
    endloop
  endfacet
  facet normal -0.6874703122954092 -0.25593157604167455 0.6796201866463922
    outer loop
      vertex -83.64228057861328 -32.71110153198242 60.289086914062494
      vertex -82.40776062011719 -31.084169387817383 62.150537109374994
      vertex -84.6706771850586 -29.94867515563965 60.289086914062494
    endloop
  endfacet
  facet normal -0.6778799382157907 -0.2686128554274076 0.6843434249437124
    outer loop
      vertex -83.64228057861328 -32.71110153198242 60.289086914062494
      vertex -81.33212280273438 -33.798683166503906 62.150537109374994
      vertex -82.40776062011719 -31.084169387817383 62.150537109374994
    endloop
  endfacet
  facet normal -0.6863877935519959 -0.2459890579405287 0.6843691841662319
    outer loop
      vertex -84.6706771850586 -29.94867515563965 60.289086914062494
      vertex -82.40776062011719 -31.084169387817383 62.150537109374994
      vertex -83.39283752441406 -28.335491180419922 62.150537109374994
    endloop
  endfacet
  facet normal -0.8828789402170322 -0.46697226880975756 0.0496152908277034
    outer loop
      vertex -78.9211196899414 -43.41685104370117 55.00580749511718
      vertex -80.02140808105469 -40.77525329589844 60.289086914062494
      vertex -80.30481719970703 -40.8007698059082 55.00580749511718
    endloop
  endfacet
  facet normal -0.867062192412869 -0.4957223235652637 0.049623909632808445
    outer loop
      vertex -77.45223236083984 -45.98606491088867 55.00580749511718
      vertex -78.64022827148438 -43.379276275634766 60.289086914062494
      vertex -78.9211196899414 -43.41685104370117 55.00580749511718
    endloop
  endfacet
  facet normal -0.8664772843547255 -0.49668311244771096 0.05022948841581709
    outer loop
      vertex -77.45223236083984 -45.98606491088867 55.00580749511718
      vertex -77.17433166503906 -45.93657302856445 60.289086914062494
      vertex -78.64022827148438 -43.379276275634766 60.289086914062494
    endloop
  endfacet
  facet normal 0.8727992196171804 0.4880794220571492 0
    outer loop
      vertex -77.57408905029297 -41.70762252807617 55.00580749511718
      vertex -77.57408905029297 -41.70762252807617 62.150537109374994
      vertex -76.14896392822266 -44.25607681274414 55.00580749511718
    endloop
  endfacet
  facet normal -0.8823103040662804 -0.4679794253872455 0.05023728448763221
    outer loop
      vertex -78.9211196899414 -43.41685104370117 55.00580749511718
      vertex -78.64022827148438 -43.379276275634766 60.289086914062494
      vertex -80.02140808105469 -40.77525329589844 60.289086914062494
    endloop
  endfacet
  facet normal -0.8977440633303494 -0.43771550159527894 0.04960581032809655
    outer loop
      vertex -80.30481719970703 -40.8007698059082 55.00580749511718
      vertex -81.31639099121094 -38.1273078918457 60.289086914062494
      vertex -81.60182189941406 -38.14064407348633 55.00580749511718
    endloop
  endfacet
  facet normal -0.8971918068474617 -0.43877341852344764 0.05024687973431288
    outer loop
      vertex -80.30481719970703 -40.8007698059082 55.00580749511718
      vertex -80.02140808105469 -40.77525329589844 60.289086914062494
      vertex -81.31639099121094 -38.1273078918457 60.289086914062494
    endloop
  endfacet
  facet normal 0.8884981590354349 0.4588801819545524 0
    outer loop
      vertex -77.57408905029297 -41.70762252807617 55.00580749511718
      vertex -78.91395568847656 -39.11333084106445 55.00580749511718
      vertex -78.91395568847656 -39.11333084106445 62.150537109374994
    endloop
  endfacet
  facet normal 0.8561404365910952 0.5167432175013127 0
    outer loop
      vertex -74.64014434814453 -46.755889892578125 55.00580749511718
      vertex -76.14896392822266 -44.25607681274414 55.00580749511718
      vertex -76.14896392822266 -44.25607681274414 62.150537109374994
    endloop
  endfacet
  facet normal -0.6362931130238341 -0.3647366751698244 0.6797780756279952
    outer loop
      vertex -77.17433166503906 -45.93657302856445 60.289086914062494
      vertex -76.14896392822266 -44.25607681274414 62.150537109374994
      vertex -78.64022827148438 -43.379276275634766 60.289086914062494
    endloop
  endfacet
  facet normal 0.8727992196171804 0.4880794220571492 0
    outer loop
      vertex -76.14896392822266 -44.25607681274414 55.00580749511718
      vertex -77.57408905029297 -41.70762252807617 62.150537109374994
      vertex -76.14896392822266 -44.25607681274414 62.150537109374994
    endloop
  endfacet
  facet normal -0.6479491223457989 -0.34367371270411706 0.6797428293461263
    outer loop
      vertex -78.64022827148438 -43.379276275634766 60.289086914062494
      vertex -77.57408905029297 -41.70762252807617 62.150537109374994
      vertex -80.02140808105469 -40.77525329589844 60.289086914062494
    endloop
  endfacet
  facet normal -0.6365149731685095 -0.35594653759093786 0.6842154275586855
    outer loop
      vertex -78.64022827148438 -43.379276275634766 60.289086914062494
      vertex -76.14896392822266 -44.25607681274414 62.150537109374994
      vertex -77.57408905029297 -41.70762252807617 62.150537109374994
    endloop
  endfacet
  facet normal -0.658906311444185 -0.32223942812731726 0.6797089257168824
    outer loop
      vertex -80.02140808105469 -40.77525329589844 60.289086914062494
      vertex -78.91395568847656 -39.11333084106445 62.150537109374994
      vertex -81.31639099121094 -38.1273078918457 60.289086914062494
    endloop
  endfacet
  facet normal 0.8884981590354349 0.4588801819545524 0
    outer loop
      vertex -77.57408905029297 -41.70762252807617 55.00580749511718
      vertex -78.91395568847656 -39.11333084106445 62.150537109374994
      vertex -77.57408905029297 -41.70762252807617 62.150537109374994
    endloop
  endfacet
  facet normal 0.9032206988540872 0.4291763846736376 0
    outer loop
      vertex -78.91395568847656 -39.11333084106445 55.00580749511718
      vertex -80.1670913696289 -36.476051330566406 62.150537109374994
      vertex -78.91395568847656 -39.11333084106445 62.150537109374994
    endloop
  endfacet
  facet normal -0.6586431428030695 -0.31296236144381034 0.6842833994464642
    outer loop
      vertex -81.31639099121094 -38.1273078918457 60.289086914062494
      vertex -78.91395568847656 -39.11333084106445 62.150537109374994
      vertex -80.1670913696289 -36.476051330566406 62.150537109374994
    endloop
  endfacet
  facet normal -0.6479348163827848 -0.3346370990337234 0.684250309221195
    outer loop
      vertex -77.57408905029297 -41.70762252807617 62.150537109374994
      vertex -78.91395568847656 -39.11333084106445 62.150537109374994
      vertex -80.02140808105469 -40.77525329589844 60.289086914062494
    endloop
  endfacet
  facet normal -0.6243964300734285 -0.37686880152184693 0.6841776118458165
    outer loop
      vertex -77.17433166503906 -45.93657302856445 60.289086914062494
      vertex -74.64014434814453 -46.755889892578125 62.150537109374994
      vertex -76.14896392822266 -44.25607681274414 62.150537109374994
    endloop
  endfacet
  facet normal -0.9116384509646904 -0.4079894549893056 0.049597775557265696
    outer loop
      vertex -82.81074523925781 -35.43934631347656 55.00580749511718
      vertex -81.60182189941406 -38.14064407348633 55.00580749511718
      vertex -82.5237808227539 -35.438289642333984 60.289086914062494
    endloop
  endfacet
  facet normal 0.9032206988540872 0.4291763846736376 0
    outer loop
      vertex -78.91395568847656 -39.11333084106445 55.00580749511718
      vertex -80.1670913696289 -36.476051330566406 55.00580749511718
      vertex -80.1670913696289 -36.476051330566406 62.150537109374994
    endloop
  endfacet
  facet normal -0.911107222922582 -0.40909413560202923 0.05025551267601263
    outer loop
      vertex -81.60182189941406 -38.14064407348633 55.00580749511718
      vertex -81.31639099121094 -38.1273078918457 60.289086914062494
      vertex -82.5237808227539 -35.438289642333984 60.289086914062494
    endloop
  endfacet
  facet normal 0.9169500027519414 0.3990021208630537 0
    outer loop
      vertex -80.1670913696289 -36.476051330566406 55.00580749511718
      vertex -81.33212280273438 -33.798683166503906 55.00580749511718
      vertex -81.33212280273438 -33.798683166503906 62.150537109374994
    endloop
  endfacet
  facet normal 0.9296726152221831 0.3683867919808563 0
    outer loop
      vertex -82.40776062011719 -31.084169387817383 55.00580749511718
      vertex -82.40776062011719 -31.084169387817383 62.150537109374994
      vertex -81.33212280273438 -33.798683166503906 55.00580749511718
    endloop
  endfacet
  facet normal 0.9169500027519414 0.3990021208630537 0
    outer loop
      vertex -80.1670913696289 -36.476051330566406 55.00580749511718
      vertex -81.33212280273438 -33.798683166503906 62.150537109374994
      vertex -80.1670913696289 -36.476051330566406 62.150537109374994
    endloop
  endfacet
  facet normal -0.6691530086684574 -0.30045483646657506 0.6796772338645712
    outer loop
      vertex -82.5237808227539 -35.438289642333984 60.289086914062494
      vertex -81.31639099121094 -38.1273078918457 60.289086914062494
      vertex -80.1670913696289 -36.476051330566406 62.150537109374994
    endloop
  endfacet
  facet normal -0.6686286476744256 -0.2909474319114685 0.6843137609117547
    outer loop
      vertex -82.5237808227539 -35.438289642333984 60.289086914062494
      vertex -80.1670913696289 -36.476051330566406 62.150537109374994
      vertex -81.33212280273438 -33.798683166503906 62.150537109374994
    endloop
  endfacet
  facet normal 0.9296726152221831 0.3683867919808563 0
    outer loop
      vertex -81.33212280273438 -33.798683166503906 55.00580749511718
      vertex -82.40776062011719 -31.084169387817383 62.150537109374994
      vertex -81.33212280273438 -33.798683166503906 62.150537109374994
    endloop
  endfacet
  facet normal 0.6553793703869971 0.6097784507876878 -0.44569958697098955
    outer loop
      vertex -64.92889404296875 -62.432403564453125 51.00580749511718
      vertex -66.94482421875 -60.265716552734375 51.00580749511718
      vertex -63.92879867553711 -60.5836067199707 55.00580749511718
    endloop
  endfacet
  facet normal 0.6750730192248088 0.5879341046043661 -0.4456567147006351
    outer loop
      vertex -68.88848876953125 -58.03397750854492 51.00580749511718
      vertex -65.90185546875 -58.43124771118164 55.00580749511718
      vertex -66.94482421875 -60.265716552734375 51.00580749511718
    endloop
  endfacet
  facet normal 0 0 1
    outer loop
      vertex -70.98714447021484 -61.73324966430664 55.00580749511718
      vertex -66.94482421875 -60.265716552734375 55.00580749511718
      vertex -68.88848876953125 -58.03397750854492 55.00580749511718
    endloop
  endfacet
  facet normal 0.6587648230677495 0.6038864352907277 -0.44872049335903336
    outer loop
      vertex -66.94482421875 -60.265716552734375 51.00580749511718
      vertex -65.90185546875 -58.43124771118164 55.00580749511718
      vertex -63.92879867553711 -60.5836067199707 55.00580749511718
    endloop
  endfacet
  facet normal 0.6940384407346964 0.5654522012427432 -0.445616932905705
    outer loop
      vertex -70.7577896118164 -55.73958969116211 51.00580749511718
      vertex -67.80247497558594 -56.21466827392578 55.00580749511718
      vertex -68.88848876953125 -58.03397750854492 51.00580749511718
    endloop
  endfacet
  facet normal 0.6972967996087736 0.5588844490579771 -0.4488043514233383
    outer loop
      vertex -70.7577896118164 -55.73958969116211 51.00580749511718
      vertex -69.62858581542969 -53.93630599975586 55.00580749511718
      vertex -67.80247497558594 -56.21466827392578 55.00580749511718
    endloop
  endfacet
  facet normal 0.6784050724738422 0.5817025515117591 -0.44876352258898045
    outer loop
      vertex -68.88848876953125 -58.03397750854492 51.00580749511718
      vertex -67.80247497558594 -56.21466827392578 55.00580749511718
      vertex -65.90185546875 -58.43124771118164 55.00580749511718
    endloop
  endfacet
  facet normal -0.7531685597452511 -0.6559490161500903 0.04967905819349782
    outer loop
      vertex -68.88848876953125 -58.03397750854492 55.00580749511718
      vertex -66.94482421875 -60.265716552734375 55.00580749511718
      vertex -68.63259887695312 -57.92765808105469 60.289086914062494
    endloop
  endfacet
  facet normal -0.7312137379529393 -0.6803363066804032 0.0496888241092362
    outer loop
      vertex -64.92889404296875 -62.432403564453125 55.00580749511718
      vertex -66.69467163085938 -60.14870834350586 60.289086914062494
      vertex -66.94482421875 -60.265716552734375 55.00580749511718
    endloop
  endfacet
  facet normal -0.7305993180962154 -0.6809612177650928 0.050164293050207365
    outer loop
      vertex -64.92889404296875 -62.432403564453125 55.00580749511718
      vertex -64.6849136352539 -62.30496597290039 60.289086914062494
      vertex -66.69467163085938 -60.14870834350586 60.289086914062494
    endloop
  endfacet
  facet normal 0.7371437278394171 0.6757359872812808 0
    outer loop
      vertex -65.90185546875 -58.43124771118164 55.00580749511718
      vertex -65.90185546875 -58.43124771118164 62.150537109374994
      vertex -63.92879867553711 -60.5836067199707 55.00580749511718
    endloop
  endfacet
  facet normal -0.752550223925538 -0.6566207022211927 0.05017383664989511
    outer loop
      vertex -66.94482421875 -60.265716552734375 55.00580749511718
      vertex -66.69467163085938 -60.14870834350586 60.289086914062494
      vertex -68.63259887695312 -57.92765808105469 60.289086914062494
    endloop
  endfacet
  facet normal -0.7743112114869551 -0.6308526347888583 0.04966991992704633
    outer loop
      vertex -70.7577896118164 -55.73958969116211 55.00580749511718
      vertex -68.88848876953125 -58.03397750854492 55.00580749511718
      vertex -70.49658966064453 -55.64421081542969 60.289086914062494
    endloop
  endfacet
  facet normal -0.7736931093677929 -0.6315700156414087 0.050182545366960714
    outer loop
      vertex -68.88848876953125 -58.03397750854492 55.00580749511718
      vertex -68.63259887695312 -57.92765808105469 60.289086914062494
      vertex -70.49658966064453 -55.64421081542969 60.289086914062494
    endloop
  endfacet
  facet normal 0.7802969527490905 0.6254091984696767 0
    outer loop
      vertex -67.80247497558594 -56.21466827392578 55.00580749511718
      vertex -69.62858581542969 -53.93630599975586 55.00580749511718
      vertex -69.62858581542969 -53.93630599975586 62.150537109374994
    endloop
  endfacet
  facet normal 0.7591391002661725 0.6509284341976975 0
    outer loop
      vertex -65.90185546875 -58.43124771118164 55.00580749511718
      vertex -67.80247497558594 -56.21466827392578 55.00580749511718
      vertex -67.80247497558594 -56.21466827392578 62.150537109374994
    endloop
  endfacet
  facet normal 0.7143411742067934 0.6997976041919974 0
    outer loop
      vertex -61.8854866027832 -62.66938400268555 55.00580749511718
      vertex -63.92879867553711 -60.5836067199707 55.00580749511718
      vertex -63.92879867553711 -60.5836067199707 62.150537109374994
    endloop
  endfacet
  facet normal -0.5363002788459099 -0.49986316976356 0.6800873638171243
    outer loop
      vertex -64.6849136352539 -62.30496597290039 60.289086914062494
      vertex -63.92879867553711 -60.5836067199707 62.150537109374994
      vertex -66.69467163085938 -60.14870834350586 60.289086914062494
    endloop
  endfacet
  facet normal -0.5524494205777305 -0.4820272653554258 0.6800362881179942
    outer loop
      vertex -68.63259887695312 -57.92765808105469 60.289086914062494
      vertex -66.69467163085938 -60.14870834350586 60.289086914062494
      vertex -65.90185546875 -58.43124771118164 62.150537109374994
    endloop
  endfacet
  facet normal -0.537793975878675 -0.49299306162375434 0.6839118954218038
    outer loop
      vertex -66.69467163085938 -60.14870834350586 60.289086914062494
      vertex -63.92879867553711 -60.5836067199707 62.150537109374994
      vertex -65.90185546875 -58.43124771118164 62.150537109374994
    endloop
  endfacet
  facet normal -0.5680041298087376 -0.4636649503584456 0.6799897957538179
    outer loop
      vertex -68.63259887695312 -57.92765808105469 60.289086914062494
      vertex -67.80247497558594 -56.21466827392578 62.150537109374994
      vertex -70.49658966064453 -55.64421081542969 60.289086914062494
    endloop
  endfacet
  facet normal 0.7802969527490905 0.6254091984696767 0
    outer loop
      vertex -67.80247497558594 -56.21466827392578 55.00580749511718
      vertex -69.62858581542969 -53.93630599975586 62.150537109374994
      vertex -67.80247497558594 -56.21466827392578 62.150537109374994
    endloop
  endfacet
  facet normal 0.7591391002661725 0.6509284341976975 0
    outer loop
      vertex -65.90185546875 -58.43124771118164 55.00580749511718
      vertex -67.80247497558594 -56.21466827392578 62.150537109374994
      vertex -65.90185546875 -58.43124771118164 62.150537109374994
    endloop
  endfacet
  facet normal -0.5692052166279162 -0.45621884981331384 0.6840100748078086
    outer loop
      vertex -70.49658966064453 -55.64421081542969 60.289086914062494
      vertex -67.80247497558594 -56.21466827392578 62.150537109374994
      vertex -69.62858581542969 -53.93630599975586 62.150537109374994
    endloop
  endfacet
  facet normal -0.5538048186376276 -0.4748633067649068 0.6839627641487819
    outer loop
      vertex -68.63259887695312 -57.92765808105469 60.289086914062494
      vertex -65.90185546875 -58.43124771118164 62.150537109374994
      vertex -67.80247497558594 -56.21466827392578 62.150537109374994
    endloop
  endfacet
  facet normal 0.7371437278394171 0.6757359872812808 0
    outer loop
      vertex -63.92879867553711 -60.5836067199707 55.00580749511718
      vertex -65.90185546875 -58.43124771118164 62.150537109374994
      vertex -63.92879867553711 -60.5836067199707 62.150537109374994
    endloop
  endfacet
  facet normal 0.8005994246587347 0.5991999342757832 0
    outer loop
      vertex -71.37816619873047 -51.59866714477539 62.150537109374994
      vertex -69.62858581542969 -53.93630599975586 62.150537109374994
      vertex -69.62858581542969 -53.93630599975586 55.00580749511718
    endloop
  endfacet
  facet normal 0.501829564150016 0.8649665245227731 0
    outer loop
      vertex -43.91643142700195 -78.64421844482422 13.005807495117182
      vertex -46.476280212402344 -77.15906524658203 51.00580749511718
      vertex -43.91643142700195 -78.64421844482422 51.00580749511718
    endloop
  endfacet
  facet normal 0.4731427190584612 0.8809857929626141 0
    outer loop
      vertex -41.30917739868164 -80.04447174072266 13.005807495117182
      vertex -43.91643142700195 -78.64421844482422 51.00580749511718
      vertex -41.30917739868164 -80.04447174072266 51.00580749511718
    endloop
  endfacet
  facet normal 0.41427205049082383 0.9101531015066248 0
    outer loop
      vertex -35.96375274658203 -82.5843505859375 13.005807495117182
      vertex -38.65732955932617 -81.35832214355469 51.00580749511718
      vertex -35.96375274658203 -82.5843505859375 51.00580749511718
    endloop
  endfacet
  facet normal 0.44394692814180986 0.8960530815713156 0
    outer loop
      vertex -38.65732955932617 -81.35832214355469 13.005807495117182
      vertex -41.30917739868164 -80.04447174072266 51.00580749511718
      vertex -38.65732955932617 -81.35832214355469 51.00580749511718
    endloop
  endfacet
  facet normal 0.2914224736023959 0.9565944500567943 0
    outer loop
      vertex -24.830907821655273 -86.58517456054688 13.005807495117182
      vertex -27.661924362182617 -85.72271728515625 51.00580749511718
      vertex -24.830907821655273 -86.58517456054688 51.00580749511718
    endloop
  endfacet
  facet normal 0.38414654343204546 0.9232721338636901 0
    outer loop
      vertex -33.231353759765625 -83.72122192382812 13.005807495117182
      vertex -35.96375274658203 -82.5843505859375 51.00580749511718
      vertex -33.231353759765625 -83.72122192382812 51.00580749511718
    endloop
  endfacet
  facet normal 0.35361031666988413 0.9353928286792798 0
    outer loop
      vertex -30.46308135986328 -84.7677230834961 13.005807495117182
      vertex -33.231353759765625 -83.72122192382812 51.00580749511718
      vertex -30.46308135986328 -84.7677230834961 51.00580749511718
    endloop
  endfacet
  facet normal 0.32269037010629303 0.9465045826833929 0
    outer loop
      vertex -27.661924362182617 -85.72271728515625 13.005807495117182
      vertex -30.46308135986328 -84.7677230834961 51.00580749511718
      vertex -27.661924362182617 -85.72271728515625 51.00580749511718
    endloop
  endfacet
  facet normal -0.3775729777047227 -0.9259798305077649 0
    outer loop
      vertex -36.92098617553711 -86.52751159667969 15.005807495117182
      vertex -34.1104850769043 -87.67350769042969 55.00580749511718
      vertex -36.92098617553711 -86.52751159667969 55.00580749511718
    endloop
  endfacet
  facet normal -0.46529508974080247 -0.8851556244317146 0
    outer loop
      vertex -45.11040115356445 -82.55435180664062 15.005807495117182
      vertex -42.42380905151367 -83.96659851074219 55.00580749511718
      vertex -45.11040115356445 -82.55435180664062 55.00580749511718
    endloop
  endfacet
  facet normal -0.43649860172727895 -0.8997049353483232 0
    outer loop
      vertex -42.42380905151367 -83.96659851074219 15.005807495117182
      vertex -39.693058013916016 -85.29144287109375 55.00580749511718
      vertex -42.42380905151367 -83.96659851074219 55.00580749511718
    endloop
  endfacet
  facet normal -0.49360793451689183 -0.8696845445228791 0
    outer loop
      vertex -47.75004196166992 -81.05616760253906 15.005807495117182
      vertex -45.11040115356445 -82.55435180664062 55.00580749511718
      vertex -47.75004196166992 -81.05616760253906 55.00580749511718
    endloop
  endfacet
  facet normal -0.407248791041298 -0.913317262617652 0
    outer loop
      vertex -39.693058013916016 -85.29144287109375 15.005807495117182
      vertex -36.92098617553711 -86.52751159667969 55.00580749511718
      vertex -39.693058013916016 -85.29144287109375 55.00580749511718
    endloop
  endfacet
  facet normal -0.3475066575443396 -0.9376775154403357 0
    outer loop
      vertex -34.1104850769043 -87.67350769042969 15.005807495117182
      vertex -31.264476776123047 -88.7282485961914 55.00580749511718
      vertex -34.1104850769043 -87.67350769042969 55.00580749511718
    endloop
  endfacet
  facet normal -0.31707637888391016 -0.9484000052477156 0
    outer loop
      vertex -31.264476776123047 -88.7282485961914 15.005807495117182
      vertex -28.38592529296875 -89.69062805175781 55.00580749511718
      vertex -31.264476776123047 -88.7282485961914 55.00580749511718
    endloop
  endfacet
  facet normal -0.25526015729784046 -0.9668724073507743 0
    outer loop
      vertex -25.477828979492188 -90.55964660644531 15.005807495117182
      vertex -22.543209075927734 -91.33440399169922 55.00580749511718
      vertex -25.477828979492188 -90.55964660644531 55.00580749511718
    endloop
  endfacet
  facet normal -0.2863168845026789 -0.9581349809127521 0
    outer loop
      vertex -28.38592529296875 -89.69062805175781 15.005807495117182
      vertex -25.477828979492188 -90.55964660644531 55.00580749511718
      vertex -28.38592529296875 -89.69062805175781 55.00580749511718
    endloop
  endfacet
  facet normal 0.2598398333190506 0.9656517286375704 0
    outer loop
      vertex -21.973085403442383 -87.35416412353516 13.005807495117182
      vertex -24.830907821655273 -86.58517456054688 51.00580749511718
      vertex -21.973085403442383 -87.35416412353516 51.00580749511718
    endloop
  endfacet
  facet normal 0.22797632732237522 0.9736666750898899 0
    outer loop
      vertex -19.091543197631836 -88.02885437011719 13.005807495117182
      vertex -21.973085403442383 -87.35416412353516 51.00580749511718
      vertex -19.091543197631836 -88.02885437011719 51.00580749511718
    endloop
  endfacet
  facet normal 0.19586787672944916 0.9806302946908673 0
    outer loop
      vertex -16.18939208984375 -88.6085205078125 13.005807495117182
      vertex -19.091543197631836 -88.02885437011719 51.00580749511718
      vertex -16.18939208984375 -88.6085205078125 51.00580749511718
    endloop
  endfacet
  facet normal 0.1635479922239253 0.9865353791119318 0
    outer loop
      vertex -13.269763946533203 -89.09253692626953 13.005807495117182
      vertex -16.18939208984375 -88.6085205078125 51.00580749511718
      vertex -13.269763946533203 -89.09253692626953 51.00580749511718
    endloop
  endfacet
  facet normal 0.1310503736222447 0.9913757106029328 0
    outer loop
      vertex -10.33581256866455 -89.48037719726562 13.005807495117182
      vertex -13.269763946533203 -89.09253692626953 51.00580749511718
      vertex -10.33581256866455 -89.48037719726562 51.00580749511718
    endloop
  endfacet
  facet normal 0.09841085178967202 0.995145870840065 0
    outer loop
      vertex -7.390702724456787 -89.77162170410156 13.005807495117182
      vertex -10.33581256866455 -89.48037719726562 51.00580749511718
      vertex -7.390702724456787 -89.77162170410156 51.00580749511718
    endloop
  endfacet
  facet normal 0.03285088454708064 0.999460264034781 0
    outer loop
      vertex -1.479737639427185 -90.06317901611328 13.005807495117182
      vertex -4.437615394592285 -89.96595764160156 51.00580749511718
      vertex -1.479737639427185 -90.06317901611328 51.00580749511718
    endloop
  endfacet
  facet normal 0.0656656836267874 0.9978416798239221 0
    outer loop
      vertex -4.437615394592285 -89.96595764160156 13.005807495117182
      vertex -7.390702724456787 -89.77162170410156 51.00580749511718
      vertex -4.437615394592285 -89.96595764160156 51.00580749511718
    endloop
  endfacet
  facet normal -0.22393520511668 -0.974604034420826 0
    outer loop
      vertex -22.543209075927734 -91.33440399169922 15.005807495117182
      vertex -19.585126876831055 -92.01408386230469 55.00580749511718
      vertex -22.543209075927734 -91.33440399169922 55.00580749511718
    endloop
  endfacet
  facet normal -0.19238083324319039 -0.9813203427019414 0
    outer loop
      vertex -19.585126876831055 -92.01408386230469 15.005807495117182
      vertex -16.60665512084961 -92.59799194335938 55.00580749511718
      vertex -19.585126876831055 -92.01408386230469 55.00580749511718
    endloop
  endfacet
  facet normal -0.1606233589906557 -0.9870157732004889 0
    outer loop
      vertex -16.60665512084961 -92.59799194335938 15.005807495117182
      vertex -13.610899925231934 -93.08551025390625 55.00580749511718
      vertex -16.60665512084961 -92.59799194335938 55.00580749511718
    endloop
  endfacet
  facet normal -0.12869973387147715 -0.9916836080632829 0
    outer loop
      vertex -13.610899925231934 -93.08551025390625 15.005807495117182
      vertex -10.60097599029541 -93.47613525390625 55.00580749511718
      vertex -13.610899925231934 -93.08551025390625 55.00580749511718
    endloop
  endfacet
  facet normal -0.09664293887732832 -0.9953191158443372 0
    outer loop
      vertex -10.60097599029541 -93.47613525390625 15.005807495117182
      vertex -7.580017566680908 -93.76946258544922 55.00580749511718
      vertex -10.60097599029541 -93.47613525390625 55.00580749511718
    endloop
  endfacet
  facet normal -0.06448559715536999 -0.9979186378455487 0
    outer loop
      vertex -7.580017566680908 -93.76946258544922 15.005807495117182
      vertex -4.551168918609619 -93.9651870727539 55.00580749511718
      vertex -7.580017566680908 -93.76946258544922 55.00580749511718
    endloop
  endfacet
  facet normal -0.032257882907469844 -0.9994795790761951 0
    outer loop
      vertex -4.551168918609619 -93.9651870727539 15.005807495117182
      vertex -1.5175827741622925 -94.06309509277344 55.00580749511718
      vertex -4.551168918609619 -93.9651870727539 55.00580749511718
    endloop
  endfacet
  facet normal 0 -1 0
    outer loop
      vertex -1.5175827741622925 -94.06309509277344 15.005807495117182
      vertex 1.5175827741622925 -94.06309509277344 55.00580749511718
      vertex -1.5175827741622925 -94.06309509277344 55.00580749511718
    endloop
  endfacet
  facet normal 0 0 1
    outer loop
      vertex -45.11040115356445 -82.55435180664062 55.00580749511718
      vertex -42.42380905151367 -83.96659851074219 55.00580749511718
      vertex -41.30917739868164 -80.04447174072266 55.00580749511718
    endloop
  endfacet
  facet normal 0.4234318023222422 0.78842469113079 -0.4461972828216862
    outer loop
      vertex -41.30917739868164 -80.04447174072266 51.00580749511718
      vertex -43.91643142700195 -78.64421844482422 51.00580749511718
      vertex -40.7279167175293 -78.09290313720703 55.00580749511718
    endloop
  endfacet
  facet normal 0 0 1
    outer loop
      vertex -47.75004196166992 -81.05616760253906 55.00580749511718
      vertex -45.11040115356445 -82.55435180664062 55.00580749511718
      vertex -43.91643142700195 -78.64421844482422 55.00580749511718
    endloop
  endfacet
  facet normal 0 0 1
    outer loop
      vertex -47.75004196166992 -81.05616760253906 55.00580749511718
      vertex -43.91643142700195 -78.64421844482422 55.00580749511718
      vertex -46.476280212402344 -77.15906524658203 55.00580749511718
    endloop
  endfacet
  facet normal 0 0 1
    outer loop
      vertex -45.11040115356445 -82.55435180664062 55.00580749511718
      vertex -41.30917739868164 -80.04447174072266 55.00580749511718
      vertex -43.91643142700195 -78.64421844482422 55.00580749511718
    endloop
  endfacet
  facet normal 0 0 1
    outer loop
      vertex -42.42380905151367 -83.96659851074219 55.00580749511718
      vertex -39.693058013916016 -85.29144287109375 55.00580749511718
      vertex -38.65732955932617 -81.35832214355469 55.00580749511718
    endloop
  endfacet
  facet normal 0 0 1
    outer loop
      vertex -36.92098617553711 -86.52751159667969 55.00580749511718
      vertex -35.96375274658203 -82.5843505859375 55.00580749511718
      vertex -39.693058013916016 -85.29144287109375 55.00580749511718
    endloop
  endfacet
  facet normal 0 0 1
    outer loop
      vertex -36.92098617553711 -86.52751159667969 55.00580749511718
      vertex -33.231353759765625 -83.72122192382812 55.00580749511718
      vertex -35.96375274658203 -82.5843505859375 55.00580749511718
    endloop
  endfacet
  facet normal 0 0 1
    outer loop
      vertex -39.693058013916016 -85.29144287109375 55.00580749511718
      vertex -35.96375274658203 -82.5843505859375 55.00580749511718
      vertex -38.65732955932617 -81.35832214355469 55.00580749511718
    endloop
  endfacet
  facet normal 0.3972907242977618 0.8018831874268415 -0.4462548981346075
    outer loop
      vertex -41.30917739868164 -80.04447174072266 51.00580749511718
      vertex -38.116966247558594 -79.40000915527344 55.00580749511718
      vertex -38.65732955932617 -81.35832214355469 51.00580749511718
    endloop
  endfacet
  facet normal 0.37072240008331103 0.8144747921904018 -0.44631347163498375
    outer loop
      vertex -35.96375274658203 -82.5843505859375 51.00580749511718
      vertex -38.65732955932617 -81.35832214355469 51.00580749511718
      vertex -35.4641227722168 -80.61985778808594 55.00580749511718
    endloop
  endfacet
  facet normal 0 0 1
    outer loop
      vertex -42.42380905151367 -83.96659851074219 55.00580749511718
      vertex -38.65732955932617 -81.35832214355469 55.00580749511718
      vertex -41.30917739868164 -80.04447174072266 55.00580749511718
    endloop
  endfacet
  facet normal 0.40018697856528984 0.7993753875503278 -0.4481622161288784
    outer loop
      vertex -41.30917739868164 -80.04447174072266 51.00580749511718
      vertex -40.7279167175293 -78.09290313720703 55.00580749511718
      vertex -38.116966247558594 -79.40000915527344 55.00580749511718
    endloop
  endfacet
  facet normal 0.37348395391252187 0.8122273892272196 -0.44810311799741354
    outer loop
      vertex -38.65732955932617 -81.35832214355469 51.00580749511718
      vertex -38.116966247558594 -79.40000915527344 55.00580749511718
      vertex -35.4641227722168 -80.61985778808594 55.00580749511718
    endloop
  endfacet
  facet normal 0 0 1
    outer loop
      vertex -34.1104850769043 -87.67350769042969 55.00580749511718
      vertex -31.264476776123047 -88.7282485961914 55.00580749511718
      vertex -30.46308135986328 -84.7677230834961 55.00580749511718
    endloop
  endfacet
  facet normal 0 0 1
    outer loop
      vertex -31.264476776123047 -88.7282485961914 55.00580749511718
      vertex -27.661924362182617 -85.72271728515625 55.00580749511718
      vertex -30.46308135986328 -84.7677230834961 55.00580749511718
    endloop
  endfacet
  facet normal 0 0 1
    outer loop
      vertex -31.264476776123047 -88.7282485961914 55.00580749511718
      vertex -28.38592529296875 -89.69062805175781 55.00580749511718
      vertex -27.661924362182617 -85.72271728515625 55.00580749511718
    endloop
  endfacet
  facet normal 0 0 1
    outer loop
      vertex -28.38592529296875 -89.69062805175781 55.00580749511718
      vertex -24.830907821655273 -86.58517456054688 55.00580749511718
      vertex -27.661924362182617 -85.72271728515625 55.00580749511718
    endloop
  endfacet
  facet normal 0 0 1
    outer loop
      vertex -25.477828979492188 -90.55964660644531 55.00580749511718
      vertex -24.830907821655273 -86.58517456054688 55.00580749511718
      vertex -28.38592529296875 -89.69062805175781 55.00580749511718
    endloop
  endfacet
  facet normal 0 0 1
    outer loop
      vertex -25.477828979492188 -90.55964660644531 55.00580749511718
      vertex -21.973085403442383 -87.35416412353516 55.00580749511718
      vertex -24.830907821655273 -86.58517456054688 55.00580749511718
    endloop
  endfacet
  facet normal 0.3437522113661975 0.8261868891827593 -0.44637388064644207
    outer loop
      vertex -35.96375274658203 -82.5843505859375 51.00580749511718
      vertex -32.77230453491211 -81.75109100341797 55.00580749511718
      vertex -33.231353759765625 -83.72122192382812 51.00580749511718
    endloop
  endfacet
  facet normal 0.3164160406110367 0.8370041294438924 -0.4464358593772531
    outer loop
      vertex -33.231353759765625 -83.72122192382812 51.00580749511718
      vertex -30.044464111328125 -82.79248046875 55.00580749511718
      vertex -30.46308135986328 -84.7677230834961 51.00580749511718
    endloop
  endfacet
  facet normal 0 0 1
    outer loop
      vertex -36.92098617553711 -86.52751159667969 55.00580749511718
      vertex -34.1104850769043 -87.67350769042969 55.00580749511718
      vertex -33.231353759765625 -83.72122192382812 55.00580749511718
    endloop
  endfacet
  facet normal 0 0 1
    outer loop
      vertex -34.1104850769043 -87.67350769042969 55.00580749511718
      vertex -30.46308135986328 -84.7677230834961 55.00580749511718
      vertex -33.231353759765625 -83.72122192382812 55.00580749511718
    endloop
  endfacet
  facet normal 0.3188666960310252 0.8352470349705038 -0.4479803798552341
    outer loop
      vertex -33.231353759765625 -83.72122192382812 51.00580749511718
      vertex -32.77230453491211 -81.75109100341797 55.00580749511718
      vertex -30.044464111328125 -82.79248046875 55.00580749511718
    endloop
  endfacet
  facet normal 0.34636485557850694 0.824190116035421 -0.44804245273143395
    outer loop
      vertex -35.96375274658203 -82.5843505859375 51.00580749511718
      vertex -35.4641227722168 -80.61985778808594 55.00580749511718
      vertex -32.77230453491211 -81.75109100341797 55.00580749511718
    endloop
  endfacet
  facet normal 0.28873835159013844 0.8469176594470214 -0.4464981998147234
    outer loop
      vertex -30.46308135986328 -84.7677230834961 51.00580749511718
      vertex -27.283605575561523 -83.74288177490234 55.00580749511718
      vertex -27.661924362182617 -85.72271728515625 51.00580749511718
    endloop
  endfacet
  facet normal 0.2607509709136277 0.855915223488262 -0.4465624943595677
    outer loop
      vertex -24.830907821655273 -86.58517456054688 51.00580749511718
      vertex -27.661924362182617 -85.72271728515625 51.00580749511718
      vertex -24.492761611938477 -84.60124206542969 55.00580749511718
    endloop
  endfacet
  facet normal 0.26284348992226897 0.8546005393335603 -0.4478517812583423
    outer loop
      vertex -27.661924362182617 -85.72271728515625 51.00580749511718
      vertex -27.283605575561523 -83.74288177490234 55.00580749511718
      vertex -24.492761611938477 -84.60124206542969 55.00580749511718
    endloop
  endfacet
  facet normal 0.2910170497169965 0.8453869965915155 -0.44791729456227997
    outer loop
      vertex -30.46308135986328 -84.7677230834961 51.00580749511718
      vertex -30.044464111328125 -82.79248046875 55.00580749511718
      vertex -27.283605575561523 -83.74288177490234 55.00580749511718
    endloop
  endfacet
  facet normal 0.23437809654188588 0.8628760493606865 -0.4477854746428211
    outer loop
      vertex -24.830907821655273 -86.58517456054688 51.00580749511718
      vertex -24.492761611938477 -84.60124206542969 55.00580749511718
      vertex -21.674997329711914 -85.36661529541016 55.00580749511718
    endloop
  endfacet
  facet normal -0.47255606644352943 -0.8798934531709595 0.04978227731134004
    outer loop
      vertex -41.30917739868164 -80.04447174072266 55.00580749511718
      vertex -43.74496078491211 -78.43739318847656 60.289086914062494
      vertex -43.91643142700195 -78.64421844482422 55.00580749511718
    endloop
  endfacet
  facet normal -0.5007144587983852 -0.864162594274687 0.05008034950639893
    outer loop
      vertex -43.91643142700195 -78.64421844482422 55.00580749511718
      vertex -43.74496078491211 -78.43739318847656 60.289086914062494
      vertex -46.295406341552734 -76.95960998535156 60.289086914062494
    endloop
  endfacet
  facet normal -0.47208787848996187 -0.8801284391459975 0.050069607440814505
    outer loop
      vertex -41.30917739868164 -80.04447174072266 55.00580749511718
      vertex -41.147396087646484 -79.8306884765625 60.289086914062494
      vertex -43.74496078491211 -78.43739318847656 60.289086914062494
    endloop
  endfacet
  facet normal -0.41333570135909786 -0.9092020517831422 0.05005224285990702
    outer loop
      vertex -35.96375274658203 -82.5843505859375 55.00580749511718
      vertex -35.8221435546875 -82.35787963867188 60.289086914062494
      vertex -38.50550842285156 -81.13798522949219 60.289086914062494
    endloop
  endfacet
  facet normal -0.44339629499832806 -0.8949416952912093 0.04979043694377467
    outer loop
      vertex -41.30917739868164 -80.04447174072266 55.00580749511718
      vertex -38.65732955932617 -81.35832214355469 55.00580749511718
      vertex -41.147396087646484 -79.8306884765625 60.289086914062494
    endloop
  endfacet
  facet normal -0.41375802052012306 -0.9090237808789203 0.04980026357221535
    outer loop
      vertex -35.96375274658203 -82.5843505859375 55.00580749511718
      vertex -38.50550842285156 -81.13798522949219 60.289086914062494
      vertex -38.65732955932617 -81.35832214355469 55.00580749511718
    endloop
  endfacet
  facet normal -0.44294982614050465 -0.8951477001538873 0.050060427797841464
    outer loop
      vertex -38.65732955932617 -81.35832214355469 55.00580749511718
      vertex -38.50550842285156 -81.13798522949219 60.289086914062494
      vertex -41.147396087646484 -79.8306884765625 60.289086914062494
    endloop
  endfacet
  facet normal 0.44766035084719374 0.894203673823457 0
    outer loop
      vertex -40.7279167175293 -78.09290313720703 55.00580749511718
      vertex -40.7279167175293 -78.09290313720703 62.150537109374994
      vertex -38.116966247558594 -79.40000915527344 55.00580749511718
    endloop
  endfacet
  facet normal 0.4177757555267633 0.9085501736800462 0
    outer loop
      vertex -35.4641227722168 -80.61985778808594 55.00580749511718
      vertex -38.116966247558594 -79.40000915527344 55.00580749511718
      vertex -38.116966247558594 -79.40000915527344 62.150537109374994
    endloop
  endfacet
  facet normal -0.3462673997209172 -0.6455573208495211 0.6807015743981373
    outer loop
      vertex -43.74496078491211 -78.43739318847656 60.289086914062494
      vertex -41.147396087646484 -79.8306884765625 60.289086914062494
      vertex -40.7279167175293 -78.09290313720703 62.150537109374994
    endloop
  endfacet
  facet normal -0.32486509282303466 -0.6565128227605975 0.6807742540783936
    outer loop
      vertex -38.50550842285156 -81.13798522949219 60.289086914062494
      vertex -38.116966247558594 -79.40000915527344 62.150537109374994
      vertex -41.147396087646484 -79.8306884765625 60.289086914062494
    endloop
  endfacet
  facet normal 0.44766035084719374 0.894203673823457 0
    outer loop
      vertex -38.116966247558594 -79.40000915527344 55.00580749511718
      vertex -40.7279167175293 -78.09290313720703 62.150537109374994
      vertex -38.116966247558594 -79.40000915527344 62.150537109374994
    endloop
  endfacet
  facet normal 0.4177757555267633 0.9085501736800462 0
    outer loop
      vertex -35.4641227722168 -80.61985778808594 55.00580749511718
      vertex -38.116966247558594 -79.40000915527344 62.150537109374994
      vertex -35.4641227722168 -80.61985778808594 62.150537109374994
    endloop
  endfacet
  facet normal -0.3031175277232031 -0.6667584658938963 0.680847202054757
    outer loop
      vertex -35.8221435546875 -82.35787963867188 60.289086914062494
      vertex -35.4641227722168 -80.61985778808594 62.150537109374994
      vertex -38.50550842285156 -81.13798522949219 60.289086914062494
    endloop
  endfacet
  facet normal -0.32688186911912326 -0.6529480837858991 0.6832327886756542
    outer loop
      vertex -41.147396087646484 -79.8306884765625 60.289086914062494
      vertex -38.116966247558594 -79.40000915527344 62.150537109374994
      vertex -40.7279167175293 -78.09290313720703 62.150537109374994
    endloop
  endfacet
  facet normal -0.3050892556529419 -0.663487271686926 0.6831582440361627
    outer loop
      vertex -38.50550842285156 -81.13798522949219 60.289086914062494
      vertex -35.4641227722168 -80.61985778808594 62.150537109374994
      vertex -38.116966247558594 -79.40000915527344 62.150537109374994
    endloop
  endfacet
  facet normal -0.259516796824372 -0.9644512169780807 0.049848593114719356
    outer loop
      vertex -24.830907821655273 -86.58517456054688 55.00580749511718
      vertex -21.973085403442383 -87.35416412353516 55.00580749511718
      vertex -24.732322692871094 -86.33863067626953 60.289086914062494
    endloop
  endfacet
  facet normal -0.2907552725842344 -0.9554894251817038 0.05001329653606852
    outer loop
      vertex -24.830907821655273 -86.58517456054688 55.00580749511718
      vertex -24.732322692871094 -86.33863067626953 60.289086914062494
      vertex -27.552291870117188 -85.48051452636719 60.289086914062494
    endloop
  endfacet
  facet normal -0.3836696858660895 -0.9221260365995166 0.04981109086020093
    outer loop
      vertex -35.96375274658203 -82.5843505859375 55.00580749511718
      vertex -33.231353759765625 -83.72122192382812 55.00580749511718
      vertex -35.8221435546875 -82.35787963867188 60.289086914062494
    endloop
  endfacet
  facet normal -0.3531712227793309 -0.9342313091845761 0.04981915635400992
    outer loop
      vertex -33.231353759765625 -83.72122192382812 55.00580749511718
      vertex -30.46308135986328 -84.7677230834961 55.00580749511718
      vertex -33.10019302368164 -83.48906707763672 60.289086914062494
    endloop
  endfacet
  facet normal -0.3222895154154976 -0.945328809133959 0.0498288157055191
    outer loop
      vertex -30.46308135986328 -84.7677230834961 55.00580749511718
      vertex -27.661924362182617 -85.72271728515625 55.00580749511718
      vertex -30.34258460998535 -84.53031921386719 60.289086914062494
    endloop
  endfacet
  facet normal -0.3832791833405385 -0.9222759559388058 0.050041270117490204
    outer loop
      vertex -33.231353759765625 -83.72122192382812 55.00580749511718
      vertex -33.10019302368164 -83.48906707763672 60.289086914062494
      vertex -35.8221435546875 -82.35787963867188 60.289086914062494
    endloop
  endfacet
  facet normal -0.35280644330073746 -0.9343577627359951 0.05003183766832298
    outer loop
      vertex -30.46308135986328 -84.7677230834961 55.00580749511718
      vertex -30.34258460998535 -84.53031921386719 60.289086914062494
      vertex -33.10019302368164 -83.48906707763672 60.289086914062494
    endloop
  endfacet
  facet normal 0.3566568472884702 0.9342354592297644 0
    outer loop
      vertex -30.044464111328125 -82.79248046875 55.00580749511718
      vertex -32.77230453491211 -81.75109100341797 55.00580749511718
      vertex -32.77230453491211 -81.75109100341797 62.150537109374994
    endloop
  endfacet
  facet normal 0.38742740173980617 0.9219002160652437 0
    outer loop
      vertex -35.4641227722168 -80.61985778808594 55.00580749511718
      vertex -35.4641227722168 -80.61985778808594 62.150537109374994
      vertex -32.77230453491211 -81.75109100341797 55.00580749511718
    endloop
  endfacet
  facet normal -0.291060317618285 -0.9554056728146929 0.04983865830303772
    outer loop
      vertex -24.830907821655273 -86.58517456054688 55.00580749511718
      vertex -27.552291870117188 -85.48051452636719 60.289086914062494
      vertex -27.661924362182617 -85.72271728515625 55.00580749511718
    endloop
  endfacet
  facet normal -0.3219540001246417 -0.9454328992170247 0.050022543736133
    outer loop
      vertex -27.661924362182617 -85.72271728515625 55.00580749511718
      vertex -27.552291870117188 -85.48051452636719 60.289086914062494
      vertex -30.34258460998535 -84.53031921386719 60.289086914062494
    endloop
  endfacet
  facet normal 0.325495122047663 0.9455437195197147 0
    outer loop
      vertex -30.044464111328125 -82.79248046875 55.00580749511718
      vertex -30.044464111328125 -82.79248046875 62.150537109374994
      vertex -27.283605575561523 -83.74288177490234 55.00580749511718
    endloop
  endfacet
  facet normal 0.2939729258332433 0.9558137469596483 0
    outer loop
      vertex -27.283605575561523 -83.74288177490234 55.00580749511718
      vertex -27.283605575561523 -83.74288177490234 62.150537109374994
      vertex -24.492761611938477 -84.60124206542969 55.00580749511718
    endloop
  endfacet
  facet normal 0.2621265444250893 0.9650335096294644 0
    outer loop
      vertex -24.492761611938477 -84.60124206542969 55.00580749511718
      vertex -24.492761611938477 -84.60124206542969 62.150537109374994
      vertex -21.674997329711914 -85.36661529541016 55.00580749511718
    endloop
  endfacet
  facet normal -0.28104772046704124 -0.6762787188154276 0.6809253066949735
    outer loop
      vertex -35.8221435546875 -82.35787963867188 60.289086914062494
      vertex -33.10019302368164 -83.48906707763672 60.289086914062494
      vertex -32.77230453491211 -81.75109100341797 62.150537109374994
    endloop
  endfacet
  facet normal 0.3566568472884702 0.9342354592297644 0
    outer loop
      vertex -30.044464111328125 -82.79248046875 55.00580749511718
      vertex -32.77230453491211 -81.75109100341797 62.150537109374994
      vertex -30.044464111328125 -82.79248046875 62.150537109374994
    endloop
  endfacet
  facet normal -0.2586768003062433 -0.6850687706965187 0.6810044731128311
    outer loop
      vertex -33.10019302368164 -83.48906707763672 60.289086914062494
      vertex -30.34258460998535 -84.53031921386719 60.289086914062494
      vertex -30.044464111328125 -82.79248046875 62.150537109374994
    endloop
  endfacet
  facet normal -0.2605075472671441 -0.6823796876584111 0.6830034990306171
    outer loop
      vertex -33.10019302368164 -83.48906707763672 60.289086914062494
      vertex -30.044464111328125 -82.79248046875 62.150537109374994
      vertex -32.77230453491211 -81.75109100341797 62.150537109374994
    endloop
  endfacet
  facet normal 0.38742740173980617 0.9219002160652437 0
    outer loop
      vertex -32.77230453491211 -81.75109100341797 55.00580749511718
      vertex -35.4641227722168 -80.61985778808594 62.150537109374994
      vertex -32.77230453491211 -81.75109100341797 62.150537109374994
    endloop
  endfacet
  facet normal -0.28295497512782875 -0.6733035699996007 0.683080364727462
    outer loop
      vertex -35.8221435546875 -82.35787963867188 60.289086914062494
      vertex -32.77230453491211 -81.75109100341797 62.150537109374994
      vertex -35.4641227722168 -80.61985778808594 62.150537109374994
    endloop
  endfacet
  facet normal -0.2360318836759162 -0.6931186070214549 0.6810840964881185
    outer loop
      vertex -30.34258460998535 -84.53031921386719 60.289086914062494
      vertex -27.552291870117188 -85.48051452636719 60.289086914062494
      vertex -27.283605575561523 -83.74288177490234 62.150537109374994
    endloop
  endfacet
  facet normal 0.325495122047663 0.9455437195197147 0
    outer loop
      vertex -27.283605575561523 -83.74288177490234 55.00580749511718
      vertex -30.044464111328125 -82.79248046875 62.150537109374994
      vertex -27.283605575561523 -83.74288177490234 62.150537109374994
    endloop
  endfacet
  facet normal 0.2939729258332433 0.9558137469596483 0
    outer loop
      vertex -24.492761611938477 -84.60124206542969 55.00580749511718
      vertex -27.283605575561523 -83.74288177490234 62.150537109374994
      vertex -24.492761611938477 -84.60124206542969 62.150537109374994
    endloop
  endfacet
  facet normal -0.2131370104557164 -0.7004177698833647 0.6811663250672435
    outer loop
      vertex -24.732322692871094 -86.33863067626953 60.289086914062494
      vertex -24.492761611938477 -84.60124206542969 62.150537109374994
      vertex -27.552291870117188 -85.48051452636719 60.289086914062494
    endloop
  endfacet
  facet normal -0.23777097455414514 -0.6907103561473111 0.6829232515959804
    outer loop
      vertex -30.34258460998535 -84.53031921386719 60.289086914062494
      vertex -27.283605575561523 -83.74288177490234 62.150537109374994
      vertex -30.044464111328125 -82.79248046875 62.150537109374994
    endloop
  endfacet
  facet normal -0.2147673148485343 -0.6982872703259897 0.6828395774802665
    outer loop
      vertex -27.552291870117188 -85.48051452636719 60.289086914062494
      vertex -24.492761611938477 -84.60124206542969 62.150537109374994
      vertex -27.283605575561523 -83.74288177490234 62.150537109374994
    endloop
  endfacet
  facet normal -0.19152220541319762 -0.7050996932311554 0.6827544708304703
    outer loop
      vertex -24.732322692871094 -86.33863067626953 60.289086914062494
      vertex -21.674997329711914 -85.36661529541016 62.150537109374994
      vertex -24.492761611938477 -84.60124206542969 62.150537109374994
    endloop
  endfacet
  facet normal 0.4491185079419552 0.7741123733341408 -0.44614190486321215
    outer loop
      vertex -43.91643142700195 -78.64421844482422 51.00580749511718
      vertex -46.476280212402344 -77.15906524658203 51.00580749511718
      vertex -43.294105529785156 -76.69996643066406 55.00580749511718
    endloop
  endfacet
  facet normal 0.4522426105153226 0.771054463264735 -0.44827629416891746
    outer loop
      vertex -46.476280212402344 -77.15906524658203 51.00580749511718
      vertex -45.812713623046875 -75.22274017333984 55.00580749511718
      vertex -43.294105529785156 -76.69996643066406 55.00580749511718
    endloop
  endfacet
  facet normal 0.4264508967664687 0.7856448287407036 -0.44822074441068105
    outer loop
      vertex -43.91643142700195 -78.64421844482422 51.00580749511718
      vertex -43.294105529785156 -76.69996643066406 55.00580749511718
      vertex -40.7279167175293 -78.09290313720703 55.00580749511718
    endloop
  endfacet
  facet normal -0.5012075793856597 -0.8638944553615179 0.049772807455416956
    outer loop
      vertex -43.91643142700195 -78.64421844482422 55.00580749511718
      vertex -46.295406341552734 -76.95960998535156 60.289086914062494
      vertex -46.476280212402344 -77.15906524658203 55.00580749511718
    endloop
  endfacet
  facet normal 0.5059236086789834 0.862578287566546 0
    outer loop
      vertex -45.812713623046875 -75.22274017333984 55.00580749511718
      vertex -45.812713623046875 -75.22274017333984 62.150537109374994
      vertex -43.294105529785156 -76.69996643066406 55.00580749511718
    endloop
  endfacet
  facet normal 0.4770555640329634 0.8788731357967379 0
    outer loop
      vertex -40.7279167175293 -78.09290313720703 55.00580749511718
      vertex -43.294105529785156 -76.69996643066406 55.00580749511718
      vertex -43.294105529785156 -76.69996643066406 62.150537109374994
    endloop
  endfacet
  facet normal 0.5059236086789834 0.862578287566546 0
    outer loop
      vertex -43.294105529785156 -76.69996643066406 55.00580749511718
      vertex -45.812713623046875 -75.22274017333984 62.150537109374994
      vertex -43.294105529785156 -76.69996643066406 62.150537109374994
    endloop
  endfacet
  facet normal -0.36729769919898414 -0.6339040685436292 0.680630613509976
    outer loop
      vertex -43.74496078491211 -78.43739318847656 60.289086914062494
      vertex -43.294105529785156 -76.69996643066406 62.150537109374994
      vertex -46.295406341552734 -76.95960998535156 60.289086914062494
    endloop
  endfacet
  facet normal 0.5342393290559355 0.8453332711362209 0
    outer loop
      vertex -48.28097152709961 -73.66283416748047 62.150537109374994
      vertex -45.812713623046875 -75.22274017333984 62.150537109374994
      vertex -45.812713623046875 -75.22274017333984 55.00580749511718
    endloop
  endfacet
  facet normal -0.38793525908155463 -0.6215647890257893 0.680561127162471
    outer loop
      vertex -48.795982360839844 -75.39893341064453 60.289086914062494
      vertex -46.295406341552734 -76.95960998535156 60.289086914062494
      vertex -45.812713623046875 -75.22274017333984 62.150537109374994
    endloop
  endfacet
  facet normal 0.4770555640329634 0.8788731357967379 0
    outer loop
      vertex -40.7279167175293 -78.09290313720703 55.00580749511718
      vertex -43.294105529785156 -76.69996643066406 62.150537109374994
      vertex -40.7279167175293 -78.09290313720703 62.150537109374994
    endloop
  endfacet
  facet normal -0.36935905598843743 -0.6297415193641612 0.6833736214899198
    outer loop
      vertex -46.295406341552734 -76.95960998535156 60.289086914062494
      vertex -43.294105529785156 -76.69996643066406 62.150537109374994
      vertex -45.812713623046875 -75.22274017333984 62.150537109374994
    endloop
  endfacet
  facet normal -0.34831430685601317 -0.6416948259055606 0.6833043934041748
    outer loop
      vertex -43.74496078491211 -78.43739318847656 60.289086914062494
      vertex -40.7279167175293 -78.09290313720703 62.150537109374994
      vertex -43.294105529785156 -76.69996643066406 62.150537109374994
    endloop
  endfacet
  facet normal 0 0 1
    outer loop
      vertex -22.543209075927734 -91.33440399169922 55.00580749511718
      vertex -19.585126876831055 -92.01408386230469 55.00580749511718
      vertex -19.091543197631836 -88.02885437011719 55.00580749511718
    endloop
  endfacet
  facet normal 0.2324836658425562 0.8639870605412838 -0.44662926945469944
    outer loop
      vertex -24.830907821655273 -86.58517456054688 51.00580749511718
      vertex -21.674997329711914 -85.36661529541016 55.00580749511718
      vertex -21.973085403442383 -87.35416412353516 51.00580749511718
    endloop
  endfacet
  facet normal 0.20396727089875924 0.8711261244345089 -0.44669522913259857
    outer loop
      vertex -21.973085403442383 -87.35416412353516 51.00580749511718
      vertex -18.833412170410156 -86.03817749023438 55.00580749511718
      vertex -19.091543197631836 -88.02885437011719 51.00580749511718
    endloop
  endfacet
  facet normal 0 0 1
    outer loop
      vertex -25.477828979492188 -90.55964660644531 55.00580749511718
      vertex -22.543209075927734 -91.33440399169922 55.00580749511718
      vertex -21.973085403442383 -87.35416412353516 55.00580749511718
    endloop
  endfacet
  facet normal 0 0 1
    outer loop
      vertex -22.543209075927734 -91.33440399169922 55.00580749511718
      vertex -19.091543197631836 -88.02885437011719 55.00580749511718
      vertex -21.973085403442383 -87.35416412353516 55.00580749511718
    endloop
  endfacet
  facet normal 0.20565817921832663 0.8702026922596252 -0.44771864793048616
    outer loop
      vertex -21.973085403442383 -87.35416412353516 51.00580749511718
      vertex -21.674997329711914 -85.36661529541016 55.00580749511718
      vertex -18.833412170410156 -86.03817749023438 55.00580749511718
    endloop
  endfacet
  facet normal 0 0 1
    outer loop
      vertex -19.585126876831055 -92.01408386230469 55.00580749511718
      vertex -16.18939208984375 -88.6085205078125 55.00580749511718
      vertex -19.091543197631836 -88.02885437011719 55.00580749511718
    endloop
  endfacet
  facet normal 0.17670538075149622 0.8765763784045628 -0.4476483678475881
    outer loop
      vertex -19.091543197631836 -88.02885437011719 51.00580749511718
      vertex -18.833412170410156 -86.03817749023438 55.00580749511718
      vertex -15.971128463745117 -86.61517333984375 55.00580749511718
    endloop
  endfacet
  facet normal 0 0 1
    outer loop
      vertex -19.585126876831055 -92.01408386230469 55.00580749511718
      vertex -16.60665512084961 -92.59799194335938 55.00580749511718
      vertex -16.18939208984375 -88.6085205078125 55.00580749511718
    endloop
  endfacet
  facet normal 0 0 1
    outer loop
      vertex -16.60665512084961 -92.59799194335938 55.00580749511718
      vertex -13.269763946533203 -89.09253692626953 55.00580749511718
      vertex -16.18939208984375 -88.6085205078125 55.00580749511718
    endloop
  endfacet
  facet normal 0 0 1
    outer loop
      vertex -16.60665512084961 -92.59799194335938 55.00580749511718
      vertex -13.610899925231934 -93.08551025390625 55.00580749511718
      vertex -13.269763946533203 -89.09253692626953 55.00580749511718
    endloop
  endfacet
  facet normal 0 0 1
    outer loop
      vertex -13.610899925231934 -93.08551025390625 55.00580749511718
      vertex -10.33581256866455 -89.48037719726562 55.00580749511718
      vertex -13.269763946533203 -89.09253692626953 55.00580749511718
    endloop
  endfacet
  facet normal 0.1752335609025797 0.8773227204835999 -0.446763968171849
    outer loop
      vertex -19.091543197631836 -88.02885437011719 51.00580749511718
      vertex -15.971128463745117 -86.61517333984375 55.00580749511718
      vertex -16.18939208984375 -88.6085205078125 51.00580749511718
    endloop
  endfacet
  facet normal 0.14631279018011473 0.8825711766099459 -0.4468340694788676
    outer loop
      vertex -16.18939208984375 -88.6085205078125 51.00580749511718
      vertex -13.091291427612305 -87.09697723388672 55.00580749511718
      vertex -13.269763946533203 -89.09253692626953 51.00580749511718
    endloop
  endfacet
  facet normal 0.14755855116891034 0.8819866047334786 -0.44757804129295997
    outer loop
      vertex -16.18939208984375 -88.6085205078125 51.00580749511718
      vertex -15.971128463745117 -86.61517333984375 55.00580749511718
      vertex -13.091291427612305 -87.09697723388672 55.00580749511718
    endloop
  endfacet
  facet normal 0.11824600114398189 0.8864287851794656 -0.4475063038871236
    outer loop
      vertex -13.269763946533203 -89.09253692626953 51.00580749511718
      vertex -13.091291427612305 -87.09697723388672 55.00580749511718
      vertex -10.197066307067871 -87.4830551147461 55.00580749511718
    endloop
  endfacet
  facet normal 0 0 1
    outer loop
      vertex -13.610899925231934 -93.08551025390625 55.00580749511718
      vertex -10.60097599029541 -93.47613525390625 55.00580749511718
      vertex -10.33581256866455 -89.48037719726562 55.00580749511718
    endloop
  endfacet
  facet normal 0 0 1
    outer loop
      vertex -10.60097599029541 -93.47613525390625 55.00580749511718
      vertex -7.390702724456787 -89.77162170410156 55.00580749511718
      vertex -10.33581256866455 -89.48037719726562 55.00580749511718
    endloop
  endfacet
  facet normal 0 0 1
    outer loop
      vertex -10.60097599029541 -93.47613525390625 55.00580749511718
      vertex -7.580017566680908 -93.76946258544922 55.00580749511718
      vertex -7.390702724456787 -89.77162170410156 55.00580749511718
    endloop
  endfacet
  facet normal 0 0 1
    outer loop
      vertex -7.580017566680908 -93.76946258544922 55.00580749511718
      vertex -4.437615394592285 -89.96595764160156 55.00580749511718
      vertex -7.390702724456787 -89.77162170410156 55.00580749511718
    endloop
  endfacet
  facet normal 0.1172351827072679 0.8868659382772971 -0.44690571652097155
    outer loop
      vertex -13.269763946533203 -89.09253692626953 51.00580749511718
      vertex -10.197066307067871 -87.4830551147461 55.00580749511718
      vertex -10.33581256866455 -89.48037719726562 51.00580749511718
    endloop
  endfacet
  facet normal 0.08803294060649978 0.8902028155360499 -0.44697779428050133
    outer loop
      vertex -10.33581256866455 -89.48037719726562 51.00580749511718
      vertex -7.291634559631348 -87.77298736572266 55.00580749511718
      vertex -7.390702724456787 -89.77162170410156 51.00580749511718
    endloop
  endfacet
  facet normal 0.08880263289670011 0.8898975122808276 -0.447433246448013
    outer loop
      vertex -10.33581256866455 -89.48037719726562 51.00580749511718
      vertex -10.197066307067871 -87.4830551147461 55.00580749511718
      vertex -7.291634559631348 -87.77298736572266 55.00580749511718
    endloop
  endfacet
  facet normal 0.059258772552883615 0.8923896933733761 -0.44735783555951875
    outer loop
      vertex -7.390702724456787 -89.77162170410156 51.00580749511718
      vertex -7.291634559631348 -87.77298736572266 55.00580749511718
      vertex -4.378188610076904 -87.9664535522461 55.00580749511718
    endloop
  endfacet
  facet normal 0 0 1
    outer loop
      vertex -7.580017566680908 -93.76946258544922 55.00580749511718
      vertex -4.551168918609619 -93.9651870727539 55.00580749511718
      vertex -4.437615394592285 -89.96595764160156 55.00580749511718
    endloop
  endfacet
  facet normal 0 0 1
    outer loop
      vertex -4.551168918609619 -93.9651870727539 55.00580749511718
      vertex -1.479737639427185 -90.06317901611328 55.00580749511718
      vertex -4.437615394592285 -89.96595764160156 55.00580749511718
    endloop
  endfacet
  facet normal 0 0 1
    outer loop
      vertex -4.551168918609619 -93.9651870727539 55.00580749511718
      vertex -1.5175827741622925 -94.06309509277344 55.00580749511718
      vertex -1.479737639427185 -90.06317901611328 55.00580749511718
    endloop
  endfacet
  facet normal 0 0 1
    outer loop
      vertex -1.5175827741622925 -94.06309509277344 55.00580749511718
      vertex 1.5175827741622925 -94.06309509277344 55.00580749511718
      vertex -1.479737639427185 -90.06317901611328 55.00580749511718
    endloop
  endfacet
  facet normal 0.058738512369662176 0.8925778674051921 -0.4470509342155527
    outer loop
      vertex -7.390702724456787 -89.77162170410156 51.00580749511718
      vertex -4.378188610076904 -87.9664535522461 55.00580749511718
      vertex -4.437615394592285 -89.96595764160156 51.00580749511718
    endloop
  endfacet
  facet normal 0.029384141117753674 0.8939875392973315 -0.44712733290626966
    outer loop
      vertex -1.479737639427185 -90.06317901611328 51.00580749511718
      vertex -4.437615394592285 -89.96595764160156 51.00580749511718
      vertex -1.4599311351776123 -88.063232421875 55.00580749511718
    endloop
  endfacet
  facet normal 0.029644692541329235 0.8939022116247778 -0.44728070409582976
    outer loop
      vertex -4.437615394592285 -89.96595764160156 51.00580749511718
      vertex -4.378188610076904 -87.9664535522461 55.00580749511718
      vertex -1.4599311351776123 -88.063232421875 55.00580749511718
    endloop
  endfacet
  facet normal 0 0.8944319677309484 -0.4472040419103386
    outer loop
      vertex -1.479737639427185 -90.06317901611328 51.00580749511718
      vertex -1.4599311351776123 -88.063232421875 55.00580749511718
      vertex 1.4599311351776123 -88.063232421875 55.00580749511718
    endloop
  endfacet
  facet normal -0.22769279037569923 -0.9724557139371349 0.049858576413141384
    outer loop
      vertex -21.973085403442383 -87.35416412353516 55.00580749511718
      vertex -19.091543197631836 -88.02885437011719 55.00580749511718
      vertex -21.885709762573242 -87.10374450683594 60.289086914062494
    endloop
  endfacet
  facet normal -0.19562417980615357 -0.9794102039353183 0.04986815318966717
    outer loop
      vertex -19.091543197631836 -88.02885437011719 55.00580749511718
      vertex -16.18939208984375 -88.6085205078125 55.00580749511718
      vertex -19.01552391052246 -87.77503204345703 60.289086914062494
    endloop
  endfacet
  facet normal -0.25924321908878994 -0.9645167425661094 0.050004066496067485
    outer loop
      vertex -24.732322692871094 -86.33863067626953 60.289086914062494
      vertex -21.973085403442383 -87.35416412353516 55.00580749511718
      vertex -21.885709762573242 -87.10374450683594 60.289086914062494
    endloop
  endfacet
  facet normal 0.1976106791782899 0.9802805820145042 0
    outer loop
      vertex -18.833412170410156 -86.03817749023438 55.00580749511718
      vertex -18.833412170410156 -86.03817749023438 62.150537109374994
      vertex -15.971128463745117 -86.61517333984375 55.00580749511718
    endloop
  endfacet
  facet normal -0.22745234152112448 -0.9725050102013769 0.0499943743812995
    outer loop
      vertex -19.091543197631836 -88.02885437011719 55.00580749511718
      vertex -19.01552391052246 -87.77503204345703 60.289086914062494
      vertex -21.885709762573242 -87.10374450683594 60.289086914062494
    endloop
  endfacet
  facet normal -0.16334443495322967 -0.9853075043671183 0.04987702284269863
    outer loop
      vertex -16.18939208984375 -88.6085205078125 55.00580749511718
      vertex -13.269763946533203 -89.09253692626953 55.00580749511718
      vertex -16.124853134155273 -88.35177612304688 60.289086914062494
    endloop
  endfacet
  facet normal -0.1308871966648719 -0.9901413022788803 0.04988730570690375
    outer loop
      vertex -13.269763946533203 -89.09253692626953 55.00580749511718
      vertex -10.33581256866455 -89.48037719726562 55.00580749511718
      vertex -13.216814041137695 -88.83334350585938 60.289086914062494
    endloop
  endfacet
  facet normal -0.1954180893955899 -0.9794454424067396 0.04998395428178204
    outer loop
      vertex -16.18939208984375 -88.6085205078125 55.00580749511718
      vertex -16.124853134155273 -88.35177612304688 60.289086914062494
      vertex -19.01552391052246 -87.77503204345703 60.289086914062494
    endloop
  endfacet
  facet normal 0.16500911019907386 0.9862920427293885 0
    outer loop
      vertex -15.971128463745117 -86.61517333984375 55.00580749511718
      vertex -15.971128463745117 -86.61517333984375 62.150537109374994
      vertex -13.091291427612305 -87.09697723388672 55.00580749511718
    endloop
  endfacet
  facet normal -0.16316958089279895 -0.98533151738041 0.04997488097121391
    outer loop
      vertex -13.269763946533203 -89.09253692626953 55.00580749511718
      vertex -13.216814041137695 -88.83334350585938 60.289086914062494
      vertex -16.124853134155273 -88.35177612304688 60.289086914062494
    endloop
  endfacet
  facet normal 0.13222469295415135 0.9912197690589006 0
    outer loop
      vertex -13.091291427612305 -87.09697723388672 55.00580749511718
      vertex -13.091291427612305 -87.09697723388672 62.150537109374994
      vertex -10.197066307067871 -87.4830551147461 55.00580749511718
    endloop
  endfacet
  facet normal -0.19001648656008963 -0.7069580577458567 0.681251817923127
    outer loop
      vertex -24.732322692871094 -86.33863067626953 60.289086914062494
      vertex -21.885709762573242 -87.10374450683594 60.289086914062494
      vertex -21.674997329711914 -85.36661529541016 62.150537109374994
    endloop
  endfacet
  facet normal -0.16669667370122715 -0.7127354648195228 0.6813371971098051
    outer loop
      vertex -21.885709762573242 -87.10374450683594 60.289086914062494
      vertex -19.01552391052246 -87.77503204345703 60.289086914062494
      vertex -18.833412170410156 -86.03817749023438 62.150537109374994
    endloop
  endfacet
  facet normal -0.16806594565522673 -0.7111384479927623 0.6826682544966184
    outer loop
      vertex -21.885709762573242 -87.10374450683594 60.289086914062494
      vertex -18.833412170410156 -86.03817749023438 62.150537109374994
      vertex -21.674997329711914 -85.36661529541016 62.150537109374994
    endloop
  endfacet
  facet normal -0.14441638990608538 -0.7164014785954144 0.6825780745034209
    outer loop
      vertex -19.01552391052246 -87.77503204345703 60.289086914062494
      vertex -15.971128463745117 -86.61517333984375 62.150537109374994
      vertex -18.833412170410156 -86.03817749023438 62.150537109374994
    endloop
  endfacet
  facet normal 0.1976106791782899 0.9802805820145042 0
    outer loop
      vertex -15.971128463745117 -86.61517333984375 55.00580749511718
      vertex -18.833412170410156 -86.03817749023438 62.150537109374994
      vertex -15.971128463745117 -86.61517333984375 62.150537109374994
    endloop
  endfacet
  facet normal -0.14320277832085748 -0.7177396371039937 0.6814270156157699
    outer loop
      vertex -19.01552391052246 -87.77503204345703 60.289086914062494
      vertex -16.124853134155273 -88.35177612304688 60.289086914062494
      vertex -15.971128463745117 -86.61517333984375 62.150537109374994
    endloop
  endfacet
  facet normal -0.11955719584896708 -0.7219695764065576 0.68151743019828
    outer loop
      vertex -16.124853134155273 -88.35177612304688 60.289086914062494
      vertex -13.216814041137695 -88.83334350585938 60.289086914062494
      vertex -13.091291427612305 -87.09697723388672 62.150537109374994
    endloop
  endfacet
  facet normal 0.16500911019907386 0.9862920427293885 0
    outer loop
      vertex -13.091291427612305 -87.09697723388672 55.00580749511718
      vertex -15.971128463745117 -86.61517333984375 62.150537109374994
      vertex -13.091291427612305 -87.09697723388672 62.150537109374994
    endloop
  endfacet
  facet normal -0.12060459939799309 -0.7208775113040626 0.6824882008504694
    outer loop
      vertex -16.124853134155273 -88.35177612304688 60.289086914062494
      vertex -13.091291427612305 -87.09697723388672 62.150537109374994
      vertex -15.971128463745117 -86.61517333984375 62.150537109374994
    endloop
  endfacet
  facet normal -0.09665412367186882 -0.7245657070865015 0.6823946926020609
    outer loop
      vertex -13.216814041137695 -88.83334350585938 60.289086914062494
      vertex -10.197066307067871 -87.4830551147461 62.150537109374994
      vertex -13.091291427612305 -87.09697723388672 62.150537109374994
    endloop
  endfacet
  facet normal 0.22999781622588375 0.9731911449100452 0
    outer loop
      vertex -18.833412170410156 -86.03817749023438 55.00580749511718
      vertex -21.674997329711914 -85.36661529541016 55.00580749511718
      vertex -21.674997329711914 -85.36661529541016 62.150537109374994
    endloop
  endfacet
  facet normal 0.2621265444250893 0.9650335096294644 0
    outer loop
      vertex -24.492761611938477 -84.60124206542969 62.150537109374994
      vertex -21.674997329711914 -85.36661529541016 62.150537109374994
      vertex -21.674997329711914 -85.36661529541016 55.00580749511718
    endloop
  endfacet
  facet normal 0.22999781622588375 0.9731911449100452 0
    outer loop
      vertex -18.833412170410156 -86.03817749023438 55.00580749511718
      vertex -21.674997329711914 -85.36661529541016 62.150537109374994
      vertex -18.833412170410156 -86.03817749023438 62.150537109374994
    endloop
  endfacet
  facet normal -0.09828826832636954 -0.9939062877542539 0.049896968564851145
    outer loop
      vertex -10.33581256866455 -89.48037719726562 55.00580749511718
      vertex -7.390702724456787 -89.77162170410156 55.00580749511718
      vertex -10.294537544250488 -89.21922302246094 60.289086914062494
    endloop
  endfacet
  facet normal -0.06558385723842973 -0.9965982635324419 0.049906500516976045
    outer loop
      vertex -7.390702724456787 -89.77162170410156 55.00580749511718
      vertex -4.437615394592285 -89.96595764160156 55.00580749511718
      vertex -7.361172199249268 -89.50899505615234 60.289086914062494
    endloop
  endfacet
  facet normal -0.13074767081424782 -0.9901558103114788 0.04996516669708877
    outer loop
      vertex -10.33581256866455 -89.48037719726562 55.00580749511718
      vertex -10.294537544250488 -89.21922302246094 60.289086914062494
      vertex -13.216814041137695 -88.83334350585938 60.289086914062494
    endloop
  endfacet
  facet normal 0.09929655809882035 0.9950578845221657 0
    outer loop
      vertex -10.197066307067871 -87.4830551147461 55.00580749511718
      vertex -10.197066307067871 -87.4830551147461 62.150537109374994
      vertex -7.291634559631348 -87.77298736572266 55.00580749511718
    endloop
  endfacet
  facet normal -0.0981836086996307 -0.9939137036025107 0.04995526772882242
    outer loop
      vertex -7.390702724456787 -89.77162170410156 55.00580749511718
      vertex -7.361172199249268 -89.50899505615234 60.289086914062494
      vertex -10.294537544250488 -89.21922302246094 60.289086914062494
    endloop
  endfacet
  facet normal 0.06625866553420964 0.9978024800739 0
    outer loop
      vertex -7.291634559631348 -87.77298736572266 55.00580749511718
      vertex -7.291634559631348 -87.77298736572266 62.150537109374994
      vertex -4.378188610076904 -87.9664535522461 55.00580749511718
    endloop
  endfacet
  facet normal -0.03280993267717711 -0.9982143381709633 0.04991636392631918
    outer loop
      vertex -1.479737639427185 -90.06317901611328 55.00580749511718
      vertex -4.419877529144287 -89.70234680175781 60.289086914062494
      vertex -4.437615394592285 -89.96595764160156 55.00580749511718
    endloop
  endfacet
  facet normal 0 -0.9987529502363234 0.04992538827330441
    outer loop
      vertex -1.479737639427185 -90.06317901611328 55.00580749511718
      vertex 1.479737639427185 -90.06317901611328 55.00580749511718
      vertex -1.4738216400146484 -89.79907989501953 60.289086914062494
    endloop
  endfacet
  facet normal -0.06551350710567436 -0.9966009288739238 0.04994566001513136
    outer loop
      vertex -4.437615394592285 -89.96595764160156 55.00580749511718
      vertex -4.419877529144287 -89.70234680175781 60.289086914062494
      vertex -7.361172199249268 -89.50899505615234 60.289086914062494
    endloop
  endfacet
  facet normal 0.033145017394077346 0.9994505529649511 0
    outer loop
      vertex -4.378188610076904 -87.9664535522461 55.00580749511718
      vertex -4.378188610076904 -87.9664535522461 62.150537109374994
      vertex -1.4599311351776123 -88.063232421875 55.00580749511718
    endloop
  endfacet
  facet normal 0 1 0
    outer loop
      vertex -1.4599311351776123 -88.063232421875 55.00580749511718
      vertex -1.4599311351776123 -88.063232421875 62.150537109374994
      vertex 1.4599311351776123 -88.063232421875 55.00580749511718
    endloop
  endfacet
  facet normal -0.03277615247160038 -0.9982145071151379 0.049935174116452846
    outer loop
      vertex -1.479737639427185 -90.06317901611328 55.00580749511718
      vertex -1.4738216400146484 -89.79907989501953 60.289086914062494
      vertex -4.419877529144287 -89.70234680175781 60.289086914062494
    endloop
  endfacet
  facet normal -0.0957896879537843 -0.7254180170452976 0.6816106192158282
    outer loop
      vertex -13.216814041137695 -88.83334350585938 60.289086914062494
      vertex -10.294537544250488 -89.21922302246094 60.289086914062494
      vertex -10.197066307067871 -87.4830551147461 62.150537109374994
    endloop
  endfacet
  facet normal 0.13222469295415135 0.9912197690589006 0
    outer loop
      vertex -10.197066307067871 -87.4830551147461 55.00580749511718
      vertex -13.091291427612305 -87.09697723388672 62.150537109374994
      vertex -10.197066307067871 -87.4830551147461 62.150537109374994
    endloop
  endfacet
  facet normal -0.07192360197354655 -0.7280833793006569 0.6817049128950785
    outer loop
      vertex -10.294537544250488 -89.21922302246094 60.289086914062494
      vertex -7.361172199249268 -89.50899505615234 60.289086914062494
      vertex -7.291634559631348 -87.77298736572266 62.150537109374994
    endloop
  endfacet
  facet normal 0.09929655809882035 0.9950578845221657 0
    outer loop
      vertex -7.291634559631348 -87.77298736572266 55.00580749511718
      vertex -10.197066307067871 -87.4830551147461 62.150537109374994
      vertex -7.291634559631348 -87.77298736572266 62.150537109374994
    endloop
  endfacet
  facet normal -0.07259297190260935 -0.7274593443682076 0.6822999067285034
    outer loop
      vertex -10.294537544250488 -89.21922302246094 60.289086914062494
      vertex -7.291634559631348 -87.77298736572266 62.150537109374994
      vertex -10.197066307067871 -87.4830551147461 62.150537109374994
    endloop
  endfacet
  facet normal -0.048445928410788715 -0.729556913469827 0.6822020976432102
    outer loop
      vertex -7.361172199249268 -89.50899505615234 60.289086914062494
      vertex -4.378188610076904 -87.9664535522461 62.150537109374994
      vertex -7.291634559631348 -87.77298736572266 62.150537109374994
    endloop
  endfacet
  facet normal -0.047985518920845696 -0.7299626419308269 0.6818005070101257
    outer loop
      vertex -7.361172199249268 -89.50899505615234 60.289086914062494
      vertex -4.419877529144287 -89.70234680175781 60.289086914062494
      vertex -4.378188610076904 -87.9664535522461 62.150537109374994
    endloop
  endfacet
  facet normal 0.06625866553420964 0.9978024800739 0
    outer loop
      vertex -4.378188610076904 -87.9664535522461 55.00580749511718
      vertex -7.291634559631348 -87.77298736572266 62.150537109374994
      vertex -4.378188610076904 -87.9664535522461 62.150537109374994
    endloop
  endfacet
  facet normal 0.033145017394077346 0.9994505529649511 0
    outer loop
      vertex -1.4599311351776123 -88.063232421875 55.00580749511718
      vertex -4.378188610076904 -87.9664535522461 62.150537109374994
      vertex -1.4599311351776123 -88.063232421875 62.150537109374994
    endloop
  endfacet
  facet normal -0.024003874105312187 -0.7310502774738304 0.6819012434607902
    outer loop
      vertex -4.419877529144287 -89.70234680175781 60.289086914062494
      vertex -1.4738216400146484 -89.79907989501953 60.289086914062494
      vertex -1.4599311351776123 -88.063232421875 62.150537109374994
    endloop
  endfacet
  facet normal -0.024237543021131673 -0.7308557267286409 0.6821014940727289
    outer loop
      vertex -4.419877529144287 -89.70234680175781 60.289086914062494
      vertex -1.4599311351776123 -88.063232421875 62.150537109374994
      vertex -4.378188610076904 -87.9664535522461 62.150537109374994
    endloop
  endfacet
  facet normal 0 -0.731350353710784 0.682001950237029
    outer loop
      vertex -1.4738216400146484 -89.79907989501953 60.289086914062494
      vertex 1.4599311351776123 -88.063232421875 62.150537109374994
      vertex -1.4599311351776123 -88.063232421875 62.150537109374994
    endloop
  endfacet
  facet normal -0.6420188493407268 -0.7666888528544087 0
    outer loop
      vertex -37.187583923339844 -32.90370559692383 15.005807495117182
      vertex -37.187583923339844 -32.90370559692383 55.00580749511718
      vertex -39 -31.386003494262695 55.00580749511718
    endloop
  endfacet
  facet normal -0.6109754503121808 -0.7916495431160356 0
    outer loop
      vertex -37.187583923339844 -32.90370559692383 15.005807495117182
      vertex -35.316162109375 -34.3480224609375 55.00580749511718
      vertex -37.187583923339844 -32.90370559692383 55.00580749511718
    endloop
  endfacet
  facet normal -0.4422572238807288 -0.8968882583272628 0
    outer loop
      vertex -27.301118850708008 -39.34743881225586 15.005807495117182
      vertex -25.180917739868164 -40.392913818359375 55.00580749511718
      vertex -27.301118850708008 -39.34743881225586 55.00580749511718
    endloop
  endfacet
  facet normal -0.47762460736615875 -0.8785640184063555 0
    outer loop
      vertex -29.378002166748047 -38.21835708618164 15.005807495117182
      vertex -27.301118850708008 -39.34743881225586 55.00580749511718
      vertex -29.378002166748047 -38.21835708618164 55.00580749511718
    endloop
  endfacet
  facet normal -0.4061863772620958 -0.91379025324562 0
    outer loop
      vertex -25.180917739868164 -40.392913818359375 15.005807495117182
      vertex -23.020761489868164 -41.353118896484375 55.00580749511718
      vertex -25.180917739868164 -40.392913818359375 55.00580749511718
    endloop
  endfacet
  facet normal -0.5460323200587712 -0.837764110863694 0
    outer loop
      vertex -33.38870620727539 -35.71666717529297 15.005807495117182
      vertex -31.40827178955078 -37.00746154785156 55.00580749511718
      vertex -33.38870620727539 -35.71666717529297 55.00580749511718
    endloop
  endfacet
  facet normal -0.5789643929635172 -0.8153528264992929 0
    outer loop
      vertex -35.316162109375 -34.3480224609375 15.005807495117182
      vertex -33.38870620727539 -35.71666717529297 55.00580749511718
      vertex -35.316162109375 -34.3480224609375 55.00580749511718
    endloop
  endfacet
  facet normal -0.5122338449426038 -0.8588460211791846 0
    outer loop
      vertex -31.40827178955078 -37.00746154785156 15.005807495117182
      vertex -29.378002166748047 -38.21835708618164 55.00580749511718
      vertex -31.40827178955078 -37.00746154785156 55.00580749511718
    endloop
  endfacet
  facet normal 0.5573207132918669 0.8302973097245617 0
    outer loop
      vertex -30.442703247070312 -34.06830596923828 15.005807495117182
      vertex -32.34992599487305 -32.78812026977539 55.00580749511718
      vertex -30.442703247070312 -34.06830596923828 55.00580749511718
    endloop
  endfacet
  facet normal 0.5906978233049337 0.8068928562968032 0
    outer loop
      vertex -32.34992599487305 -32.78812026977539 15.005807495117182
      vertex -34.20338439941406 -31.4312686920166 55.00580749511718
      vertex -32.34992599487305 -32.78812026977539 55.00580749511718
    endloop
  endfacet
  facet normal 0.623094699900224 0.7821464025080278 0
    outer loop
      vertex -34.20338439941406 -31.4312686920166 15.005807495117182
      vertex -36 -30 55.00580749511718
      vertex -34.20338439941406 -31.4312686920166 55.00580749511718
    endloop
  endfacet
  facet normal 0.4878423128518211 0.8729317715557074 0
    outer loop
      vertex -26.479736328125 -36.39027786254883 15.005807495117182
      vertex -28.48488998413086 -35.26968765258789 55.00580749511718
      vertex -26.479736328125 -36.39027786254883 55.00580749511718
    endloop
  endfacet
  facet normal 0.5230150408429578 0.8523234521307266 0
    outer loop
      vertex -28.48488998413086 -35.26968765258789 15.005807495117182
      vertex -30.442703247070312 -34.06830596923828 55.00580749511718
      vertex -28.48488998413086 -35.26968765258789 55.00580749511718
    endloop
  endfacet
  facet normal 0.45185819137954986 0.8920897796092062 0
    outer loop
      vertex -24.43057632446289 -37.4282112121582 15.005807495117182
      vertex -26.479736328125 -36.39027786254883 55.00580749511718
      vertex -24.43057632446289 -37.4282112121582 55.00580749511718
    endloop
  endfacet
  facet normal -0.059718004823428116 -0.9982152873503335 0
    outer loop
      vertex -4.723216533660889 -45.81174850463867 15.005807495117182
      vertex -2.363483428955078 -45.952919006347656 55.00580749511718
      vertex -4.723216533660889 -45.81174850463867 55.00580749511718
    endloop
  endfacet
  facet normal -0.019916219709757987 -0.9998016524253561 0
    outer loop
      vertex -2.363483428955078 -45.952919006347656 15.005807495117182
      vertex -2.6645352591003757e-14 -46 55.00580749511718
      vertex -2.363483428955078 -45.952919006347656 55.00580749511718
    endloop
  endfacet
  facet normal -0.3694729279428292 -0.9292414947242471 0
    outer loop
      vertex -23.020761489868164 -41.353118896484375 15.005807495117182
      vertex -20.824077606201172 -42.22653579711914 55.00580749511718
      vertex -23.020761489868164 -41.353118896484375 55.00580749511718
    endloop
  endfacet
  facet normal -0.3321710207606794 -0.9432191754660252 0
    outer loop
      vertex -20.824077606201172 -42.22653579711914 15.005807495117182
      vertex -18.59435272216797 -43.01177215576172 55.00580749511718
      vertex -20.824077606201172 -42.22653579711914 55.00580749511718
    endloop
  endfacet
  facet normal -0.2943443781460241 -0.9556994229640564 0
    outer loop
      vertex -18.59435272216797 -43.01177215576172 15.005807495117182
      vertex -16.335124969482422 -43.70758819580078 55.00580749511718
      vertex -18.59435272216797 -43.01177215576172 55.00580749511718
    endloop
  endfacet
  facet normal 0.4151218558547367 0.9097658186542947 0
    outer loop
      vertex -22.3408145904541 -38.38175964355469 15.005807495117182
      vertex -24.43057632446289 -37.4282112121582 55.00580749511718
      vertex -22.3408145904541 -38.38175964355469 55.00580749511718
    endloop
  endfacet
  facet normal 0.3776976340124026 0.9259289914790623 0
    outer loop
      vertex -20.213924407958984 -39.24934387207031 15.005807495117182
      vertex -22.3408145904541 -38.38175964355469 55.00580749511718
      vertex -20.213924407958984 -39.24934387207031 55.00580749511718
    endloop
  endfacet
  facet normal 0.3396444841821484 0.9405538923233705 0
    outer loop
      vertex -18.053442001342773 -40.029518127441406 15.005807495117182
      vertex -20.213924407958984 -39.24934387207031 55.00580749511718
      vertex -18.053442001342773 -40.029518127441406 55.00580749511718
    endloop
  endfacet
  facet normal -0.2560498687350254 -0.9666635737012005 0
    outer loop
      vertex -16.335124969482422 -43.70758819580078 15.005807495117182
      vertex -14.049979209899902 -44.3128776550293 55.00580749511718
      vertex -16.335124969482422 -43.70758819580078 55.00580749511718
    endloop
  endfacet
  facet normal -0.21735007418400207 -0.976093717453508 0
    outer loop
      vertex -14.049979209899902 -44.3128776550293 15.005807495117182
      vertex -11.742539405822754 -44.826683044433594 55.00580749511718
      vertex -14.049979209899902 -44.3128776550293 55.00580749511718
    endloop
  endfacet
  facet normal 0.2223569372515594 0.9749653288482141 0
    outer loop
      vertex -11.406578063964844 -41.8333625793457 15.005807495117182
      vertex -13.646105766296387 -41.322601318359375 55.00580749511718
      vertex -11.406578063964844 -41.8333625793457 55.00580749511718
    endloop
  endfacet
  facet normal 0.30102629400675 0.9536158400092574 0
    outer loop
      vertex -15.862955093383789 -40.720985412597656 15.005807495117182
      vertex -18.053442001342773 -40.029518127441406 55.00580749511718
      vertex -15.862955093383789 -40.720985412597656 55.00580749511718
    endloop
  endfacet
  facet normal 0.26190994635396536 0.9650923168282209 0
    outer loop
      vertex -13.646105766296387 -41.322601318359375 15.005807495117182
      vertex -15.862955093383789 -40.720985412597656 55.00580749511718
      vertex -13.646105766296387 -41.322601318359375 55.00580749511718
    endloop
  endfacet
  facet normal -0.17830197862369962 -0.9839758149562793 0
    outer loop
      vertex -11.742539405822754 -44.826683044433594 15.005807495117182
      vertex -9.416467666625977 -45.2481803894043 55.00580749511718
      vertex -11.742539405822754 -44.826683044433594 55.00580749511718
    endloop
  endfacet
  facet normal 0.18243362983828787 0.983218170450499 0
    outer loop
      vertex -9.148094177246094 -42.252418518066406 15.005807495117182
      vertex -11.406578063964844 -41.8333625793457 55.00580749511718
      vertex -9.148094177246094 -42.252418518066406 55.00580749511718
    endloop
  endfacet
  facet normal -0.1389746355336211 -0.9902959409582053 0
    outer loop
      vertex -9.416467666625977 -45.2481803894043 15.005807495117182
      vertex -7.075455665588379 -45.57670974731445 55.00580749511718
      vertex -9.416467666625977 -45.2481803894043 55.00580749511718
    endloop
  endfacet
  facet normal -0.09942616951671576 -0.9950449421082614 0
    outer loop
      vertex -7.075455665588379 -45.57670974731445 15.005807495117182
      vertex -4.723216533660889 -45.81174850463867 55.00580749511718
      vertex -7.075455665588379 -45.57670974731445 55.00580749511718
    endloop
  endfacet
  facet normal 0.14220959884375178 0.9898365673163925 0
    outer loop
      vertex -6.874406814575195 -42.579078674316406 15.005807495117182
      vertex -9.148094177246094 -42.252418518066406 55.00580749511718
      vertex -6.874406814575195 -42.579078674316406 55.00580749511718
    endloop
  endfacet
  facet normal 0.10174650939762596 0.994810357719198 0
    outer loop
      vertex -4.589294910430908 -42.81279373168945 15.005807495117182
      vertex -6.874406814575195 -42.579078674316406 55.00580749511718
      vertex -4.589294910430908 -42.81279373168945 55.00580749511718
    endloop
  endfacet
  facet normal 0.06111565356231116 0.998130691287294 0
    outer loop
      vertex -2.296555757522583 -42.95317840576172 15.005807495117182
      vertex -4.589294910430908 -42.81279373168945 55.00580749511718
      vertex -2.296555757522583 -42.95317840576172 55.00580749511718
    endloop
  endfacet
  facet normal 0.020383509602005787 0.9997922346849395 7.07195052587962e-19
    outer loop
      vertex -2.525757381022231e-14 -43 15.005807495117182
      vertex -2.296555757522583 -42.95317840576172 55.00580749511718
      vertex -2.6645352591003757e-14 -43 55.00580749511718
    endloop
  endfacet
  facet normal 0 0 1
    outer loop
      vertex -35.316162109375 -34.3480224609375 55.00580749511718
      vertex -34.20338439941406 -31.4312686920166 55.00580749511718
      vertex -37.187583923339844 -32.90370559692383 55.00580749511718
    endloop
  endfacet
  facet normal 0 0 1
    outer loop
      vertex -39 -31.386003494262695 55.00580749511718
      vertex -37.187583923339844 -32.90370559692383 55.00580749511718
      vertex -36 -30 55.00580749511718
    endloop
  endfacet
  facet normal 0 0 1
    outer loop
      vertex -37.187583923339844 -32.90370559692383 55.00580749511718
      vertex -34.20338439941406 -31.4312686920166 55.00580749511718
      vertex -36 -30 55.00580749511718
    endloop
  endfacet
  facet normal 0 0 1
    outer loop
      vertex -29.378002166748047 -38.21835708618164 55.00580749511718
      vertex -27.301118850708008 -39.34743881225586 55.00580749511718
      vertex -26.479736328125 -36.39027786254883 55.00580749511718
    endloop
  endfacet
  facet normal 0 0 1
    outer loop
      vertex -27.301118850708008 -39.34743881225586 55.00580749511718
      vertex -25.180917739868164 -40.392913818359375 55.00580749511718
      vertex -24.43057632446289 -37.4282112121582 55.00580749511718
    endloop
  endfacet
  facet normal 0 0 1
    outer loop
      vertex -27.301118850708008 -39.34743881225586 55.00580749511718
      vertex -24.43057632446289 -37.4282112121582 55.00580749511718
      vertex -26.479736328125 -36.39027786254883 55.00580749511718
    endloop
  endfacet
  facet normal 0 0 1
    outer loop
      vertex -25.180917739868164 -40.392913818359375 55.00580749511718
      vertex -22.3408145904541 -38.38175964355469 55.00580749511718
      vertex -24.43057632446289 -37.4282112121582 55.00580749511718
    endloop
  endfacet
  facet normal 0 0 1
    outer loop
      vertex -35.316162109375 -34.3480224609375 55.00580749511718
      vertex -33.38870620727539 -35.71666717529297 55.00580749511718
      vertex -32.34992599487305 -32.78812026977539 55.00580749511718
    endloop
  endfacet
  facet normal 0 0 1
    outer loop
      vertex -33.38870620727539 -35.71666717529297 55.00580749511718
      vertex -31.40827178955078 -37.00746154785156 55.00580749511718
      vertex -30.442703247070312 -34.06830596923828 55.00580749511718
    endloop
  endfacet
  facet normal 0 0 1
    outer loop
      vertex -29.378002166748047 -38.21835708618164 55.00580749511718
      vertex -28.48488998413086 -35.26968765258789 55.00580749511718
      vertex -31.40827178955078 -37.00746154785156 55.00580749511718
    endloop
  endfacet
  facet normal 0 0 1
    outer loop
      vertex -33.38870620727539 -35.71666717529297 55.00580749511718
      vertex -30.442703247070312 -34.06830596923828 55.00580749511718
      vertex -32.34992599487305 -32.78812026977539 55.00580749511718
    endloop
  endfacet
  facet normal 0 0 1
    outer loop
      vertex -31.40827178955078 -37.00746154785156 55.00580749511718
      vertex -28.48488998413086 -35.26968765258789 55.00580749511718
      vertex -30.442703247070312 -34.06830596923828 55.00580749511718
    endloop
  endfacet
  facet normal 0 0 1
    outer loop
      vertex -35.316162109375 -34.3480224609375 55.00580749511718
      vertex -32.34992599487305 -32.78812026977539 55.00580749511718
      vertex -34.20338439941406 -31.4312686920166 55.00580749511718
    endloop
  endfacet
  facet normal 0 0 1
    outer loop
      vertex -29.378002166748047 -38.21835708618164 55.00580749511718
      vertex -26.479736328125 -36.39027786254883 55.00580749511718
      vertex -28.48488998413086 -35.26968765258789 55.00580749511718
    endloop
  endfacet
  facet normal 0 0 1
    outer loop
      vertex -20.824077606201172 -42.22653579711914 55.00580749511718
      vertex -18.59435272216797 -43.01177215576172 55.00580749511718
      vertex -18.053442001342773 -40.029518127441406 55.00580749511718
    endloop
  endfacet
  facet normal 0 0 1
    outer loop
      vertex -25.180917739868164 -40.392913818359375 55.00580749511718
      vertex -23.020761489868164 -41.353118896484375 55.00580749511718
      vertex -22.3408145904541 -38.38175964355469 55.00580749511718
    endloop
  endfacet
  facet normal 0 0 1
    outer loop
      vertex -20.824077606201172 -42.22653579711914 55.00580749511718
      vertex -20.213924407958984 -39.24934387207031 55.00580749511718
      vertex -23.020761489868164 -41.353118896484375 55.00580749511718
    endloop
  endfacet
  facet normal 0 0 1
    outer loop
      vertex -23.020761489868164 -41.353118896484375 55.00580749511718
      vertex -20.213924407958984 -39.24934387207031 55.00580749511718
      vertex -22.3408145904541 -38.38175964355469 55.00580749511718
    endloop
  endfacet
  facet normal 0 0 1
    outer loop
      vertex -20.824077606201172 -42.22653579711914 55.00580749511718
      vertex -18.053442001342773 -40.029518127441406 55.00580749511718
      vertex -20.213924407958984 -39.24934387207031 55.00580749511718
    endloop
  endfacet
  facet normal 0 0 1
    outer loop
      vertex -18.59435272216797 -43.01177215576172 55.00580749511718
      vertex -16.335124969482422 -43.70758819580078 55.00580749511718
      vertex -15.862955093383789 -40.720985412597656 55.00580749511718
    endloop
  endfacet
  facet normal 0 0 1
    outer loop
      vertex -16.335124969482422 -43.70758819580078 55.00580749511718
      vertex -13.646105766296387 -41.322601318359375 55.00580749511718
      vertex -15.862955093383789 -40.720985412597656 55.00580749511718
    endloop
  endfacet
  facet normal 0 0 1
    outer loop
      vertex -14.049979209899902 -44.3128776550293 55.00580749511718
      vertex -11.742539405822754 -44.826683044433594 55.00580749511718
      vertex -11.406578063964844 -41.8333625793457 55.00580749511718
    endloop
  endfacet
  facet normal 0 0 1
    outer loop
      vertex -16.335124969482422 -43.70758819580078 55.00580749511718
      vertex -14.049979209899902 -44.3128776550293 55.00580749511718
      vertex -13.646105766296387 -41.322601318359375 55.00580749511718
    endloop
  endfacet
  facet normal 0 0 1
    outer loop
      vertex -14.049979209899902 -44.3128776550293 55.00580749511718
      vertex -11.406578063964844 -41.8333625793457 55.00580749511718
      vertex -13.646105766296387 -41.322601318359375 55.00580749511718
    endloop
  endfacet
  facet normal 0 0 1
    outer loop
      vertex -18.59435272216797 -43.01177215576172 55.00580749511718
      vertex -15.862955093383789 -40.720985412597656 55.00580749511718
      vertex -18.053442001342773 -40.029518127441406 55.00580749511718
    endloop
  endfacet
  facet normal 0 0 1
    outer loop
      vertex -11.742539405822754 -44.826683044433594 55.00580749511718
      vertex -9.416467666625977 -45.2481803894043 55.00580749511718
      vertex -9.148094177246094 -42.252418518066406 55.00580749511718
    endloop
  endfacet
  facet normal 0 0 1
    outer loop
      vertex -11.742539405822754 -44.826683044433594 55.00580749511718
      vertex -9.148094177246094 -42.252418518066406 55.00580749511718
      vertex -11.406578063964844 -41.8333625793457 55.00580749511718
    endloop
  endfacet
  facet normal 0 0 1
    outer loop
      vertex -9.416467666625977 -45.2481803894043 55.00580749511718
      vertex -7.075455665588379 -45.57670974731445 55.00580749511718
      vertex -6.874406814575195 -42.579078674316406 55.00580749511718
    endloop
  endfacet
  facet normal 0 0 1
    outer loop
      vertex -7.075455665588379 -45.57670974731445 55.00580749511718
      vertex -4.589294910430908 -42.81279373168945 55.00580749511718
      vertex -6.874406814575195 -42.579078674316406 55.00580749511718
    endloop
  endfacet
  facet normal 0 0 1
    outer loop
      vertex -9.416467666625977 -45.2481803894043 55.00580749511718
      vertex -6.874406814575195 -42.579078674316406 55.00580749511718
      vertex -9.148094177246094 -42.252418518066406 55.00580749511718
    endloop
  endfacet
  facet normal 0 0 1
    outer loop
      vertex -4.723216533660889 -45.81174850463867 55.00580749511718
      vertex -4.589294910430908 -42.81279373168945 55.00580749511718
      vertex -7.075455665588379 -45.57670974731445 55.00580749511718
    endloop
  endfacet
  facet normal 0 0 1
    outer loop
      vertex -4.723216533660889 -45.81174850463867 55.00580749511718
      vertex -2.363483428955078 -45.952919006347656 55.00580749511718
      vertex -2.296555757522583 -42.95317840576172 55.00580749511718
    endloop
  endfacet
  facet normal 0 0 1
    outer loop
      vertex -4.723216533660889 -45.81174850463867 55.00580749511718
      vertex -2.296555757522583 -42.95317840576172 55.00580749511718
      vertex -4.589294910430908 -42.81279373168945 55.00580749511718
    endloop
  endfacet
  facet normal 0 0 1
    outer loop
      vertex -2.363483428955078 -45.952919006347656 55.00580749511718
      vertex -2.6645352591003757e-14 -43 55.00580749511718
      vertex -2.296555757522583 -42.95317840576172 55.00580749511718
    endloop
  endfacet
  facet normal 0 0 1
    outer loop
      vertex -2.363483428955078 -45.952919006347656 55.00580749511718
      vertex -2.6645352591003757e-14 -46 55.00580749511718
      vertex -2.6645352591003757e-14 -43 55.00580749511718
    endloop
  endfacet
  facet normal -0.9515742789632914 -0.30741891876638283 0
    outer loop
      vertex -89.04148864746094 -30.36086082458496 0
      vertex -89.97455596923828 -27.472675323486328 15.005807495117182
      vertex -89.97455596923828 -27.472675323486328 0
    endloop
  endfacet
  facet normal -0.9609956397991056 -0.2765635194437393 0
    outer loop
      vertex -89.97455596923828 -27.472675323486328 0
      vertex -90.81397247314453 -24.555892944335938 15.005807495117182
      vertex -90.81397247314453 -24.555892944335938 0
    endloop
  endfacet
  facet normal -0.9694176463045199 -0.24541684341830486 0
    outer loop
      vertex -91.55885314941406 -21.613550186157227 0
      vertex -90.81397247314453 -24.555892944335938 0
      vertex -91.55885314941406 -21.613550186157227 15.005807495117182
    endloop
  endfacet
  facet normal 0.9485319924698346 0.31668132130140797 0
    outer loop
      vertex -84.95919036865234 -29.924938201904297 0
      vertex -85.89640045166016 -27.117782592773438 0
      vertex -84.95919036865234 -29.924938201904297 13.005807495117182
    endloop
  endfacet
  facet normal 0.9584230123214662 0.2853512387438442 0
    outer loop
      vertex -85.89640045166016 -27.117782592773438 0
      vertex -86.74089050292969 -24.281352996826172 0
      vertex -85.89640045166016 -27.117782592773438 13.005807495117182
    endloop
  endfacet
  facet normal 0.9672798318200261 0.25371189754172385 0
    outer loop
      vertex -86.74089050292969 -24.281352996826172 0
      vertex -87.49174499511719 -21.418710708618164 0
      vertex -86.74089050292969 -24.281352996826172 13.005807495117182
    endloop
  endfacet
  facet normal -0.9768301154688894 -0.21401618049352295 0
    outer loop
      vertex -91.55885314941406 -21.613550186157227 0
      vertex -92.20842742919922 -18.648710250854492 15.005807495117182
      vertex -92.20842742919922 -18.648710250854492 0
    endloop
  endfacet
  facet normal 0.981852788287455 0.18964467335559407 0
    outer loop
      vertex -88.70939636230469 -15.627180099487305 0
      vertex -88.14814758300781 -18.532949447631836 13.005807495117182
      vertex -88.14814758300781 -18.532949447631836 0
    endloop
  endfacet
  facet normal -0.9832254897956432 -0.18239417813109465 0
    outer loop
      vertex -92.20842742919922 -18.648710250854492 0
      vertex -92.76202392578125 -15.664458274841309 15.005807495117182
      vertex -92.76202392578125 -15.664458274841309 0
    endloop
  endfacet
  facet normal -0.9885972725115122 -0.1505836404885964 0
    outer loop
      vertex -92.76202392578125 -15.664458274841309 0
      vertex -93.21907043457031 -12.663900375366211 15.005807495117182
      vertex -93.21907043457031 -12.663900375366211 0
    endloop
  endfacet
  facet normal 0.9875526543410609 0.15728876280244952 0
    outer loop
      vertex -88.70939636230469 -15.627180099487305 0
      vertex -89.17488861083984 -12.70454216003418 0
      vertex -88.70939636230469 -15.627180099487305 13.005807495117182
    endloop
  endfacet
  facet normal 0.9750928410603628 0.22179709491521804 0
    outer loop
      vertex -87.49174499511719 -21.418710708618164 0
      vertex -88.14814758300781 -18.532949447631836 0
      vertex -87.49174499511719 -21.418710708618164 13.005807495117182
    endloop
  endfacet
  facet normal -0.9515742789632914 -0.30741891876638283 0
    outer loop
      vertex -89.04148864746094 -30.36086082458496 0
      vertex -89.04148864746094 -30.36086082458496 15.005807495117182
      vertex -89.97455596923828 -27.472675323486328 15.005807495117182
    endloop
  endfacet
  facet normal -0.9609956397991056 -0.2765635194437393 0
    outer loop
      vertex -89.97455596923828 -27.472675323486328 0
      vertex -89.97455596923828 -27.472675323486328 15.005807495117182
      vertex -90.81397247314453 -24.555892944335938 15.005807495117182
    endloop
  endfacet
  facet normal -0.9694176463045199 -0.24541684341830486 0
    outer loop
      vertex -90.81397247314453 -24.555892944335938 0
      vertex -90.81397247314453 -24.555892944335938 15.005807495117182
      vertex -91.55885314941406 -21.613550186157227 15.005807495117182
    endloop
  endfacet
  facet normal 0.9485319924698346 0.31668132130140797 0
    outer loop
      vertex -84.95919036865234 -29.924938201904297 13.005807495117182
      vertex -85.89640045166016 -27.117782592773438 0
      vertex -85.89640045166016 -27.117782592773438 13.005807495117182
    endloop
  endfacet
  facet normal 0.9584230123214662 0.2853512387438442 0
    outer loop
      vertex -86.74089050292969 -24.281352996826172 0
      vertex -86.74089050292969 -24.281352996826172 13.005807495117182
      vertex -85.89640045166016 -27.117782592773438 13.005807495117182
    endloop
  endfacet
  facet normal 0.9672798318200261 0.25371189754172385 0
    outer loop
      vertex -87.49174499511719 -21.418710708618164 0
      vertex -87.49174499511719 -21.418710708618164 13.005807495117182
      vertex -86.74089050292969 -24.281352996826172 13.005807495117182
    endloop
  endfacet
  facet normal -0.9768301154688894 -0.21401618049352295 0
    outer loop
      vertex -91.55885314941406 -21.613550186157227 0
      vertex -91.55885314941406 -21.613550186157227 15.005807495117182
      vertex -92.20842742919922 -18.648710250854492 15.005807495117182
    endloop
  endfacet
  facet normal -0.9832254897956432 -0.18239417813109465 0
    outer loop
      vertex -92.20842742919922 -18.648710250854492 0
      vertex -92.20842742919922 -18.648710250854492 15.005807495117182
      vertex -92.76202392578125 -15.664458274841309 15.005807495117182
    endloop
  endfacet
  facet normal 0.981852788287455 0.18964467335559407 0
    outer loop
      vertex -88.70939636230469 -15.627180099487305 0
      vertex -88.70939636230469 -15.627180099487305 13.005807495117182
      vertex -88.14814758300781 -18.532949447631836 13.005807495117182
    endloop
  endfacet
  facet normal 0.9875526543410609 0.15728876280244952 0
    outer loop
      vertex -88.70939636230469 -15.627180099487305 13.005807495117182
      vertex -89.17488861083984 -12.70454216003418 0
      vertex -89.17488861083984 -12.70454216003418 13.005807495117182
    endloop
  endfacet
  facet normal -0.9885972725115122 -0.1505836404885964 0
    outer loop
      vertex -92.76202392578125 -15.664458274841309 0
      vertex -92.76202392578125 -15.664458274841309 15.005807495117182
      vertex -93.21907043457031 -12.663900375366211 15.005807495117182
    endloop
  endfacet
  facet normal 0.9750928410603628 0.22179709491521804 0
    outer loop
      vertex -88.14814758300781 -18.532949447631836 0
      vertex -88.14814758300781 -18.532949447631836 13.005807495117182
      vertex -87.49174499511719 -21.418710708618164 13.005807495117182
    endloop
  endfacet
  facet normal -0.9929406305008366 -0.11861241208491279 0
    outer loop
      vertex -93.21907043457031 -12.663900375366211 0
      vertex -93.5790786743164 -9.650161743164062 15.005807495117182
      vertex -93.5790786743164 -9.650161743164062 0
    endloop
  endfacet
  facet normal 0.9921869319654633 0.12476013801275312 0
    outer loop
      vertex -89.17488861083984 -12.70454216003418 0
      vertex -89.54411315917969 -9.768189430236816 0
      vertex -89.17488861083984 -12.70454216003418 13.005807495117182
    endloop
  endfacet
  facet normal -0.9962502970403707 -0.08651789206270102 0
    outer loop
      vertex -93.5790786743164 -9.650161743164062 0
      vertex -93.8416748046875 -6.626377105712891 15.005807495117182
      vertex -93.8416748046875 -6.626377105712891 0
    endloop
  endfacet
  facet normal 0.9957497596642477 0.09210003327139873 0
    outer loop
      vertex -89.54411315917969 -9.768189430236816 0
      vertex -89.81668090820312 -6.821292877197266 0
      vertex -89.54411315917969 -9.768189430236816 13.005807495117182
    endloop
  endfacet
  facet normal 0.9982380197048223 0.05933680152986585 0
    outer loop
      vertex -89.81668090820312 -6.821292877197266 0
      vertex -89.9922866821289 -3.867032527923584 0
      vertex -89.81668090820312 -6.821292877197266 13.005807495117182
    endloop
  endfacet
  facet normal -0.9985227399937252 -0.05433541860907526 0
    outer loop
      vertex -93.8416748046875 -6.626377105712891 0
      vertex -94.006591796875 -3.5956952571868896 15.005807495117182
      vertex -94.006591796875 -3.5956952571868896 0
    endloop
  endfacet
  facet normal -0.99975581729556 -0.022097642039071098 0
    outer loop
      vertex -94.006591796875 -3.5956952571868896 0
      vertex -94.07366180419922 -0.5612705945968628 15.005807495117182
      vertex -94.07366180419922 -0.5612705945968628 0
    endloop
  endfacet
  facet normal 0.999648435004454 0.02651426772788431 0
    outer loop
      vertex -89.9922866821289 -3.867032527923584 0
      vertex -90.07075500488281 -0.9085975885391235 0
      vertex -89.9922866821289 -3.867032527923584 13.005807495117182
    endloop
  endfacet
  facet normal -0.9999483323296281 0.010165267886073682 0
    outer loop
      vertex -94.07366180419922 -0.5612705945968628 0
      vertex -94.04280853271484 2.473738193511963 15.005807495117182
      vertex -94.04280853271484 2.473738193511963 0
    endloop
  endfacet
  facet normal 0.9999798907769407 -0.0063417696061728425 0
    outer loop
      vertex -90.07075500488281 -0.9085975885391235 0
      vertex -90.05198669433594 2.0508182048797607 0
      vertex -90.07075500488281 -0.9085975885391235 13.005807495117182
    endloop
  endfacet
  facet normal 0.9921869319654633 0.12476013801275312 0
    outer loop
      vertex -89.54411315917969 -9.768189430236816 0
      vertex -89.54411315917969 -9.768189430236816 13.005807495117182
      vertex -89.17488861083984 -12.70454216003418 13.005807495117182
    endloop
  endfacet
  facet normal -0.9929406305008366 -0.11861241208491279 0
    outer loop
      vertex -93.21907043457031 -12.663900375366211 0
      vertex -93.21907043457031 -12.663900375366211 15.005807495117182
      vertex -93.5790786743164 -9.650161743164062 15.005807495117182
    endloop
  endfacet
  facet normal 0.9957497596642477 0.09210003327139873 0
    outer loop
      vertex -89.81668090820312 -6.821292877197266 0
      vertex -89.81668090820312 -6.821292877197266 13.005807495117182
      vertex -89.54411315917969 -9.768189430236816 13.005807495117182
    endloop
  endfacet
  facet normal -0.9962502970403707 -0.08651789206270102 0
    outer loop
      vertex -93.5790786743164 -9.650161743164062 0
      vertex -93.5790786743164 -9.650161743164062 15.005807495117182
      vertex -93.8416748046875 -6.626377105712891 15.005807495117182
    endloop
  endfacet
  facet normal -0.9985227399937252 -0.05433541860907526 0
    outer loop
      vertex -93.8416748046875 -6.626377105712891 0
      vertex -93.8416748046875 -6.626377105712891 15.005807495117182
      vertex -94.006591796875 -3.5956952571868896 15.005807495117182
    endloop
  endfacet
  facet normal 0.9982380197048223 0.05933680152986585 0
    outer loop
      vertex -89.9922866821289 -3.867032527923584 0
      vertex -89.9922866821289 -3.867032527923584 13.005807495117182
      vertex -89.81668090820312 -6.821292877197266 13.005807495117182
    endloop
  endfacet
  facet normal 0.999648435004454 0.02651426772788431 0
    outer loop
      vertex -90.07075500488281 -0.9085975885391235 0
      vertex -90.07075500488281 -0.9085975885391235 13.005807495117182
      vertex -89.9922866821289 -3.867032527923584 13.005807495117182
    endloop
  endfacet
  facet normal -0.99975581729556 -0.022097642039071098 0
    outer loop
      vertex -94.006591796875 -3.5956952571868896 0
      vertex -94.006591796875 -3.5956952571868896 15.005807495117182
      vertex -94.07366180419922 -0.5612705945968628 15.005807495117182
    endloop
  endfacet
  facet normal 0.9999798907769407 -0.0063417696061728425 0
    outer loop
      vertex -90.05198669433594 2.0508182048797607 0
      vertex -90.05198669433594 2.0508182048797607 13.005807495117182
      vertex -90.07075500488281 -0.9085975885391235 13.005807495117182
    endloop
  endfacet
  facet normal -0.9999483323296281 0.010165267886073682 0
    outer loop
      vertex -94.07366180419922 -0.5612705945968628 0
      vertex -94.07366180419922 -0.5612705945968628 15.005807495117182
      vertex -94.04280853271484 2.473738193511963 15.005807495117182
    endloop
  endfacet
  facet normal 0.9485319924698346 0.316681321301408 0
    outer loop
      vertex -84.95919036865234 -29.924938201904297 13.005807495117182
      vertex -85.89640045166016 -27.117782592773438 13.005807495117182
      vertex -85.89640045166016 -27.117782592773438 51.00580749511718
    endloop
  endfacet
  facet normal 0.9584230123214663 0.2853512387438442 0
    outer loop
      vertex -85.89640045166016 -27.117782592773438 13.005807495117182
      vertex -86.74089050292969 -24.281352996826172 13.005807495117182
      vertex -86.74089050292969 -24.281352996826172 51.00580749511718
    endloop
  endfacet
  facet normal 0.967279831820026 0.25371189754172385 0
    outer loop
      vertex -86.74089050292969 -24.281352996826172 13.005807495117182
      vertex -87.49174499511719 -21.418710708618164 13.005807495117182
      vertex -87.49174499511719 -21.418710708618164 51.00580749511718
    endloop
  endfacet
  facet normal -0.9515742789632915 -0.30741891876638283 0
    outer loop
      vertex -89.04148864746094 -30.36086082458496 15.005807495117182
      vertex -89.04148864746094 -30.36086082458496 55.00580749511718
      vertex -89.97455596923828 -27.472675323486328 15.005807495117182
    endloop
  endfacet
  facet normal -0.9609956397991056 -0.2765635194437393 0
    outer loop
      vertex -89.97455596923828 -27.472675323486328 15.005807495117182
      vertex -89.97455596923828 -27.472675323486328 55.00580749511718
      vertex -90.81397247314453 -24.555892944335938 15.005807495117182
    endloop
  endfacet
  facet normal -0.9694176463045199 -0.2454168434183049 0
    outer loop
      vertex -91.55885314941406 -21.613550186157227 15.005807495117182
      vertex -90.81397247314453 -24.555892944335938 15.005807495117182
      vertex -90.81397247314453 -24.555892944335938 55.00580749511718
    endloop
  endfacet
  facet normal 0.981852788287455 0.1896446733555941 0
    outer loop
      vertex -88.70939636230469 -15.627180099487305 13.005807495117182
      vertex -88.70939636230469 -15.627180099487305 51.00580749511718
      vertex -88.14814758300781 -18.532949447631836 13.005807495117182
    endloop
  endfacet
  facet normal 0.9875526543410609 0.1572887628024495 0
    outer loop
      vertex -88.70939636230469 -15.627180099487305 13.005807495117182
      vertex -89.17488861083984 -12.70454216003418 13.005807495117182
      vertex -89.17488861083984 -12.70454216003418 51.00580749511718
    endloop
  endfacet
  facet normal 0.9750928410603628 0.22179709491521807 0
    outer loop
      vertex -87.49174499511719 -21.418710708618164 13.005807495117182
      vertex -88.14814758300781 -18.532949447631836 13.005807495117182
      vertex -88.14814758300781 -18.532949447631836 51.00580749511718
    endloop
  endfacet
  facet normal -0.9768301154688894 -0.21401618049352292 0
    outer loop
      vertex -91.55885314941406 -21.613550186157227 15.005807495117182
      vertex -91.55885314941406 -21.613550186157227 55.00580749511718
      vertex -92.20842742919922 -18.648710250854492 15.005807495117182
    endloop
  endfacet
  facet normal -0.9832254897956432 -0.18239417813109465 0
    outer loop
      vertex -92.20842742919922 -18.648710250854492 15.005807495117182
      vertex -92.20842742919922 -18.648710250854492 55.00580749511718
      vertex -92.76202392578125 -15.664458274841309 15.005807495117182
    endloop
  endfacet
  facet normal -0.9885972725115122 -0.1505836404885964 0
    outer loop
      vertex -92.76202392578125 -15.664458274841309 15.005807495117182
      vertex -92.76202392578125 -15.664458274841309 55.00580749511718
      vertex -93.21907043457031 -12.663900375366211 15.005807495117182
    endloop
  endfacet
  facet normal 0.9921869319654633 0.12476013801275312 0
    outer loop
      vertex -89.17488861083984 -12.70454216003418 13.005807495117182
      vertex -89.54411315917969 -9.768189430236816 13.005807495117182
      vertex -89.54411315917969 -9.768189430236816 51.00580749511718
    endloop
  endfacet
  facet normal 0.9957497596642478 0.09210003327139875 0
    outer loop
      vertex -89.54411315917969 -9.768189430236816 13.005807495117182
      vertex -89.81668090820312 -6.821292877197266 13.005807495117182
      vertex -89.81668090820312 -6.821292877197266 51.00580749511718
    endloop
  endfacet
  facet normal -0.9929406305008366 -0.1186124120849128 0
    outer loop
      vertex -93.21907043457031 -12.663900375366211 15.005807495117182
      vertex -93.21907043457031 -12.663900375366211 55.00580749511718
      vertex -93.5790786743164 -9.650161743164062 15.005807495117182
    endloop
  endfacet
  facet normal -0.9962502970403707 -0.08651789206270104 0
    outer loop
      vertex -93.5790786743164 -9.650161743164062 15.005807495117182
      vertex -93.5790786743164 -9.650161743164062 55.00580749511718
      vertex -93.8416748046875 -6.626377105712891 15.005807495117182
    endloop
  endfacet
  facet normal -0.9985227399937252 -0.05433541860907526 0
    outer loop
      vertex -93.8416748046875 -6.626377105712891 15.005807495117182
      vertex -93.8416748046875 -6.626377105712891 55.00580749511718
      vertex -94.006591796875 -3.5956952571868896 15.005807495117182
    endloop
  endfacet
  facet normal 0.9982380197048224 0.059336801529865854 0
    outer loop
      vertex -89.81668090820312 -6.821292877197266 13.005807495117182
      vertex -89.9922866821289 -3.867032527923584 13.005807495117182
      vertex -89.9922866821289 -3.867032527923584 51.00580749511718
    endloop
  endfacet
  facet normal 0.9996484350044541 0.02651426772788431 0
    outer loop
      vertex -89.9922866821289 -3.867032527923584 13.005807495117182
      vertex -90.07075500488281 -0.9085975885391235 13.005807495117182
      vertex -90.07075500488281 -0.9085975885391235 51.00580749511718
    endloop
  endfacet
  facet normal 0.9999798907769407 -0.006341769606172842 0
    outer loop
      vertex -90.07075500488281 -0.9085975885391235 13.005807495117182
      vertex -90.05198669433594 2.0508182048797607 13.005807495117182
      vertex -90.05198669433594 2.0508182048797607 51.00580749511718
    endloop
  endfacet
  facet normal -0.99975581729556 -0.022097642039071098 0
    outer loop
      vertex -94.006591796875 -3.5956952571868896 15.005807495117182
      vertex -94.006591796875 -3.5956952571868896 55.00580749511718
      vertex -94.07366180419922 -0.5612705945968628 15.005807495117182
    endloop
  endfacet
  facet normal -0.9999483323296282 0.010165267886073684 0
    outer loop
      vertex -94.07366180419922 -0.5612705945968628 15.005807495117182
      vertex -94.07366180419922 -0.5612705945968628 55.00580749511718
      vertex -94.04280853271484 2.473738193511963 15.005807495117182
    endloop
  endfacet
  facet normal -0.9990999464205926 0.042418121862820436 0
    outer loop
      vertex -94.04280853271484 2.473738193511963 0
      vertex -93.9140625 5.506172180175781 15.005807495117182
      vertex -93.9140625 5.506172180175781 0
    endloop
  endfacet
  facet normal 0.9992318749001768 -0.03918750034740005 0
    outer loop
      vertex -90.05198669433594 2.0508182048797607 0
      vertex -89.9360122680664 5.008019924163818 0
      vertex -90.05198669433594 2.0508182048797607 13.005807495117182
    endloop
  endfacet
  facet normal 0.9974050253016595 -0.07199455189801297 0
    outer loop
      vertex -89.9360122680664 5.008019924163818 0
      vertex -89.72294616699219 7.959815502166748 0
      vertex -89.9360122680664 5.008019924163818 13.005807495117182
    endloop
  endfacet
  facet normal -0.9972116114242927 0.07462574649921534 0
    outer loop
      vertex -93.9140625 5.506172180175781 0
      vertex -93.68756103515625 8.53287410736084 15.005807495117182
      vertex -93.68756103515625 8.53287410736084 0
    endloop
  endfacet
  facet normal -0.9942853138329067 0.10675539656709641 0
    outer loop
      vertex -93.68756103515625 8.53287410736084 0
      vertex -93.36354064941406 11.550695419311523 15.005807495117182
      vertex -93.36354064941406 11.550695419311523 0
    endloop
  endfacet
  facet normal 0.9945018378940641 -0.10471912158401975 0
    outer loop
      vertex -89.72294616699219 7.959815502166748 0
      vertex -89.41303253173828 10.903018951416016 0
      vertex -89.72294616699219 7.959815502166748 13.005807495117182
    endloop
  endfacet
  facet normal -0.9903239996603308 0.13877454988853388 0
    outer loop
      vertex -93.36354064941406 11.550695419311523 0
      vertex -92.94233703613281 14.55649185180664 15.005807495117182
      vertex -92.94233703613281 14.55649185180664 0
    endloop
  endfacet
  facet normal 0.9905249562807807 -0.13733284743628327 0
    outer loop
      vertex -89.41303253173828 10.903018951416016 0
      vertex -89.00659942626953 13.834452629089355 0
      vertex -89.41303253173828 10.903018951416016 13.005807495117182
    endloop
  endfacet
  facet normal 0.9854786091901256 -0.16979961963648685 0
    outer loop
      vertex -89.00659942626953 13.834452629089355 0
      vertex -88.50408172607422 16.750951766967773 0
      vertex -89.00659942626953 13.834452629089355 13.005807495117182
    endloop
  endfacet
  facet normal -0.9853316703752353 0.17065022518458212 0
    outer loop
      vertex -92.94233703613281 14.55649185180664 0
      vertex -92.42438507080078 17.547138214111328 15.005807495117182
      vertex -92.42438507080078 17.547138214111328 0
    endloop
  endfacet
  facet normal 0.9793683338885071 -0.20208331592798437 0
    outer loop
      vertex -88.50408172607422 16.750951766967773 0
      vertex -87.90602111816406 19.649368286132812 0
      vertex -88.50408172607422 16.750951766967773 13.005807495117182
    endloop
  endfacet
  facet normal 0.9992318749001768 -0.03918750034740005 0
    outer loop
      vertex -90.05198669433594 2.0508182048797607 13.005807495117182
      vertex -89.9360122680664 5.008019924163818 0
      vertex -89.9360122680664 5.008019924163818 13.005807495117182
    endloop
  endfacet
  facet normal -0.9990999464205926 0.042418121862820436 0
    outer loop
      vertex -94.04280853271484 2.473738193511963 0
      vertex -94.04280853271484 2.473738193511963 15.005807495117182
      vertex -93.9140625 5.506172180175781 15.005807495117182
    endloop
  endfacet
  facet normal -0.9972116114242927 0.07462574649921534 0
    outer loop
      vertex -93.9140625 5.506172180175781 0
      vertex -93.9140625 5.506172180175781 15.005807495117182
      vertex -93.68756103515625 8.53287410736084 15.005807495117182
    endloop
  endfacet
  facet normal 0.9974050253016595 -0.07199455189801297 0
    outer loop
      vertex -89.72294616699219 7.959815502166748 0
      vertex -89.72294616699219 7.959815502166748 13.005807495117182
      vertex -89.9360122680664 5.008019924163818 13.005807495117182
    endloop
  endfacet
  facet normal 0.9945018378940641 -0.10471912158401975 0
    outer loop
      vertex -89.41303253173828 10.903018951416016 0
      vertex -89.41303253173828 10.903018951416016 13.005807495117182
      vertex -89.72294616699219 7.959815502166748 13.005807495117182
    endloop
  endfacet
  facet normal -0.9942853138329067 0.10675539656709641 0
    outer loop
      vertex -93.68756103515625 8.53287410736084 0
      vertex -93.68756103515625 8.53287410736084 15.005807495117182
      vertex -93.36354064941406 11.550695419311523 15.005807495117182
    endloop
  endfacet
  facet normal 0.9905249562807807 -0.13733284743628327 0
    outer loop
      vertex -89.00659942626953 13.834452629089355 0
      vertex -89.00659942626953 13.834452629089355 13.005807495117182
      vertex -89.41303253173828 10.903018951416016 13.005807495117182
    endloop
  endfacet
  facet normal -0.9903239996603308 0.13877454988853388 0
    outer loop
      vertex -93.36354064941406 11.550695419311523 0
      vertex -93.36354064941406 11.550695419311523 15.005807495117182
      vertex -92.94233703613281 14.55649185180664 15.005807495117182
    endloop
  endfacet
  facet normal 0.9854786091901256 -0.16979961963648685 0
    outer loop
      vertex -88.50408172607422 16.750951766967773 0
      vertex -88.50408172607422 16.750951766967773 13.005807495117182
      vertex -89.00659942626953 13.834452629089355 13.005807495117182
    endloop
  endfacet
  facet normal -0.9853316703752353 0.17065022518458212 0
    outer loop
      vertex -92.94233703613281 14.55649185180664 0
      vertex -92.94233703613281 14.55649185180664 15.005807495117182
      vertex -92.42438507080078 17.547138214111328 15.005807495117182
    endloop
  endfacet
  facet normal -0.9793137572318028 0.20234763378040674 0
    outer loop
      vertex -92.42438507080078 17.547138214111328 0
      vertex -92.42438507080078 17.547138214111328 15.005807495117182
      vertex -91.81022644042969 20.51951789855957 15.005807495117182
    endloop
  endfacet
  facet normal 0.9793683338885071 -0.20208331592798437 0
    outer loop
      vertex -88.50408172607422 16.750951766967773 13.005807495117182
      vertex -87.90602111816406 19.649368286132812 0
      vertex -87.90602111816406 19.649368286132812 13.005807495117182
    endloop
  endfacet
  facet normal -0.9793137572318028 0.20234763378040674 0
    outer loop
      vertex -92.42438507080078 17.547138214111328 0
      vertex -91.81022644042969 20.51951789855957 15.005807495117182
      vertex -91.81022644042969 20.51951789855957 0
    endloop
  endfacet
  facet normal -0.9722771591462546 0.2338314046540554 0
    outer loop
      vertex -91.81022644042969 20.51951789855957 0
      vertex -91.10050964355469 23.470539093017578 15.005807495117182
      vertex -91.10050964355469 23.470539093017578 0
    endloop
  endfacet
  facet normal -0.9642274647432013 0.2650762083531796 0
    outer loop
      vertex -91.10050964355469 23.470539093017578 0
      vertex -90.29595947265625 26.39712905883789 15.005807495117182
      vertex -90.29595947265625 26.39712905883789 0
    endloop
  endfacet
  facet normal 0.972201604707097 -0.2341453390630382 0
    outer loop
      vertex -87.90602111816406 19.649368286132812 0
      vertex -87.21307373046875 22.526575088500977 0
      vertex -87.90602111816406 19.649368286132812 13.005807495117182
    endloop
  endfacet
  facet normal 0.9639841175858632 -0.26595981095309196 0
    outer loop
      vertex -87.21307373046875 22.526575088500977 0
      vertex -86.42597198486328 25.37946319580078 0
      vertex -87.21307373046875 22.526575088500977 13.005807495117182
    endloop
  endfacet
  facet normal 0.9547278560742882 -0.29748062262237013 0
    outer loop
      vertex -86.42597198486328 25.37946319580078 0
      vertex -85.54558563232422 28.2049560546875 0
      vertex -86.42597198486328 25.37946319580078 13.005807495117182
    endloop
  endfacet
  facet normal -0.9551749214695582 0.2960420061336283 0
    outer loop
      vertex -90.29595947265625 26.39712905883789 0
      vertex -89.39742279052734 29.29624366760254 15.005807495117182
      vertex -89.39742279052734 29.29624366760254 0
    endloop
  endfacet
  facet normal -0.9451276922667279 0.32670115596760496 0
    outer loop
      vertex -89.39742279052734 29.29624366760254 0
      vertex -88.40583038330078 32.16486358642578 15.005807495117182
      vertex -88.40583038330078 32.16486358642578 0
    endloop
  endfacet
  facet normal 0.9444390150425453 -0.3286867001651676 0
    outer loop
      vertex -85.54558563232422 28.2049560546875 0
      vertex -84.57284545898438 31 0
      vertex -85.54558563232422 28.2049560546875 13.005807495117182
    endloop
  endfacet
  facet normal -0.9340962939081002 0.35702116702956427 0
    outer loop
      vertex -88.40583038330078 32.16486358642578 0
      vertex -88.40583038330078 32.16486358642578 15.005807495117182
      vertex -87.32221221923828 35 0
    endloop
  endfacet
  facet normal -0.9722771591462546 0.2338314046540554 0
    outer loop
      vertex -91.81022644042969 20.51951789855957 0
      vertex -91.81022644042969 20.51951789855957 15.005807495117182
      vertex -91.10050964355469 23.470539093017578 15.005807495117182
    endloop
  endfacet
  facet normal -0.9642274647432013 0.2650762083531796 0
    outer loop
      vertex -91.10050964355469 23.470539093017578 0
      vertex -91.10050964355469 23.470539093017578 15.005807495117182
      vertex -90.29595947265625 26.39712905883789 15.005807495117182
    endloop
  endfacet
  facet normal 0.972201604707097 -0.2341453390630382 0
    outer loop
      vertex -87.21307373046875 22.526575088500977 0
      vertex -87.21307373046875 22.526575088500977 13.005807495117182
      vertex -87.90602111816406 19.649368286132812 13.005807495117182
    endloop
  endfacet
  facet normal 0.9639841175858632 -0.26595981095309196 0
    outer loop
      vertex -86.42597198486328 25.37946319580078 0
      vertex -86.42597198486328 25.37946319580078 13.005807495117182
      vertex -87.21307373046875 22.526575088500977 13.005807495117182
    endloop
  endfacet
  facet normal -0.9551749214695582 0.2960420061336283 0
    outer loop
      vertex -90.29595947265625 26.39712905883789 0
      vertex -90.29595947265625 26.39712905883789 15.005807495117182
      vertex -89.39742279052734 29.29624366760254 15.005807495117182
    endloop
  endfacet
  facet normal -0.9451276922667279 0.32670115596760496 0
    outer loop
      vertex -89.39742279052734 29.29624366760254 0
      vertex -89.39742279052734 29.29624366760254 15.005807495117182
      vertex -88.40583038330078 32.16486358642578 15.005807495117182
    endloop
  endfacet
  facet normal 0.9547278560742882 -0.29748062262237013 0
    outer loop
      vertex -85.54558563232422 28.2049560546875 0
      vertex -85.54558563232422 28.2049560546875 13.005807495117182
      vertex -86.42597198486328 25.37946319580078 13.005807495117182
    endloop
  endfacet
  facet normal 0.9992318749001768 -0.039187500347400046 0
    outer loop
      vertex -90.05198669433594 2.0508182048797607 13.005807495117182
      vertex -89.9360122680664 5.008019924163818 13.005807495117182
      vertex -89.9360122680664 5.008019924163818 51.00580749511718
    endloop
  endfacet
  facet normal 0.9974050253016596 -0.07199455189801297 0
    outer loop
      vertex -89.9360122680664 5.008019924163818 13.005807495117182
      vertex -89.72294616699219 7.959815502166748 13.005807495117182
      vertex -89.72294616699219 7.959815502166748 51.00580749511718
    endloop
  endfacet
  facet normal 0.9945018378940641 -0.10471912158401976 0
    outer loop
      vertex -89.72294616699219 7.959815502166748 13.005807495117182
      vertex -89.41303253173828 10.903018951416016 13.005807495117182
      vertex -89.41303253173828 10.903018951416016 51.00580749511718
    endloop
  endfacet
  facet normal -0.9990999464205926 0.042418121862820436 0
    outer loop
      vertex -94.04280853271484 2.473738193511963 15.005807495117182
      vertex -94.04280853271484 2.473738193511963 55.00580749511718
      vertex -93.9140625 5.506172180175781 15.005807495117182
    endloop
  endfacet
  facet normal -0.9972116114242929 0.07462574649921536 0
    outer loop
      vertex -93.9140625 5.506172180175781 15.005807495117182
      vertex -93.9140625 5.506172180175781 55.00580749511718
      vertex -93.68756103515625 8.53287410736084 15.005807495117182
    endloop
  endfacet
  facet normal -0.9942853138329069 0.10675539656709643 0
    outer loop
      vertex -93.68756103515625 8.53287410736084 15.005807495117182
      vertex -93.68756103515625 8.53287410736084 55.00580749511718
      vertex -93.36354064941406 11.550695419311523 15.005807495117182
    endloop
  endfacet
  facet normal 0.9905249562807807 -0.13733284743628327 0
    outer loop
      vertex -89.41303253173828 10.903018951416016 13.005807495117182
      vertex -89.00659942626953 13.834452629089355 13.005807495117182
      vertex -89.00659942626953 13.834452629089355 51.00580749511718
    endloop
  endfacet
  facet normal 0.9854786091901256 -0.16979961963648682 0
    outer loop
      vertex -89.00659942626953 13.834452629089355 13.005807495117182
      vertex -88.50408172607422 16.750951766967773 13.005807495117182
      vertex -88.50408172607422 16.750951766967773 51.00580749511718
    endloop
  endfacet
  facet normal 0.9793683338885072 -0.20208331592798442 0
    outer loop
      vertex -88.50408172607422 16.750951766967773 13.005807495117182
      vertex -87.90602111816406 19.649368286132812 13.005807495117182
      vertex -87.90602111816406 19.649368286132812 51.00580749511718
    endloop
  endfacet
  facet normal -0.9903239996603308 0.13877454988853385 0
    outer loop
      vertex -93.36354064941406 11.550695419311523 15.005807495117182
      vertex -93.36354064941406 11.550695419311523 55.00580749511718
      vertex -92.94233703613281 14.55649185180664 15.005807495117182
    endloop
  endfacet
  facet normal -0.9853316703752354 0.17065022518458214 0
    outer loop
      vertex -92.94233703613281 14.55649185180664 15.005807495117182
      vertex -92.94233703613281 14.55649185180664 55.00580749511718
      vertex -92.42438507080078 17.547138214111328 15.005807495117182
    endloop
  endfacet
  facet normal -0.9793137572318028 0.2023476337804067 0
    outer loop
      vertex -92.42438507080078 17.547138214111328 15.005807495117182
      vertex -92.42438507080078 17.547138214111328 55.00580749511718
      vertex -91.81022644042969 20.51951789855957 15.005807495117182
    endloop
  endfacet
  facet normal 0.9444390150425453 -0.3286867001651676 0
    outer loop
      vertex -84.57284545898438 31 0
      vertex -84.57284545898438 31 51.00580749511718
      vertex -85.54558563232422 28.2049560546875 13.005807495117182
    endloop
  endfacet
  facet normal -0.9340962939081001 0.3570211670295642 0
    outer loop
      vertex -87.32221221923828 35 0
      vertex -88.40583038330078 32.16486358642578 15.005807495117182
      vertex -87.32221221923828 35 55.00580749511718
    endloop
  endfacet
  facet normal 0.9722016047070972 -0.23414533906303822 0
    outer loop
      vertex -87.90602111816406 19.649368286132812 13.005807495117182
      vertex -87.21307373046875 22.526575088500977 13.005807495117182
      vertex -87.21307373046875 22.526575088500977 51.00580749511718
    endloop
  endfacet
  facet normal 0.9639841175858633 -0.265959810953092 0
    outer loop
      vertex -87.21307373046875 22.526575088500977 13.005807495117182
      vertex -86.42597198486328 25.37946319580078 13.005807495117182
      vertex -86.42597198486328 25.37946319580078 51.00580749511718
    endloop
  endfacet
  facet normal -0.9722771591462547 0.23383140465405544 0
    outer loop
      vertex -91.81022644042969 20.51951789855957 15.005807495117182
      vertex -91.81022644042969 20.51951789855957 55.00580749511718
      vertex -91.10050964355469 23.470539093017578 15.005807495117182
    endloop
  endfacet
  facet normal -0.9642274647432014 0.2650762083531796 0
    outer loop
      vertex -91.10050964355469 23.470539093017578 15.005807495117182
      vertex -91.10050964355469 23.470539093017578 55.00580749511718
      vertex -90.29595947265625 26.39712905883789 15.005807495117182
    endloop
  endfacet
  facet normal 0.9547278560742883 -0.29748062262237013 0
    outer loop
      vertex -86.42597198486328 25.37946319580078 13.005807495117182
      vertex -85.54558563232422 28.2049560546875 13.005807495117182
      vertex -85.54558563232422 28.2049560546875 51.00580749511718
    endloop
  endfacet
  facet normal -0.9551749214695583 0.2960420061336283 0
    outer loop
      vertex -90.29595947265625 26.39712905883789 15.005807495117182
      vertex -90.29595947265625 26.39712905883789 55.00580749511718
      vertex -89.39742279052734 29.29624366760254 15.005807495117182
    endloop
  endfacet
  facet normal -0.9451276922667279 0.326701155967605 0
    outer loop
      vertex -89.39742279052734 29.29624366760254 15.005807495117182
      vertex -89.39742279052734 29.29624366760254 55.00580749511718
      vertex -88.40583038330078 32.16486358642578 15.005807495117182
    endloop
  endfacet
  facet normal 0 -1 0
    outer loop
      vertex -84.57284545898438 31 0
      vertex -39 31 0
      vertex -84.57284545898438 31 51.00580749511718
    endloop
  endfacet
  facet normal 0 1 0
    outer loop
      vertex -87.32221221923828 35 0
      vertex -36 35 55.00580749511718
      vertex -36 35 0
    endloop
  endfacet
  facet normal 1 0 0
    outer loop
      vertex -36 -30 0
      vertex -36 35 0
      vertex -36 -30 55.00580749511718
    endloop
  endfacet
  facet normal -1 0 0
    outer loop
      vertex -39 -31.386003494262695 0
      vertex -39 31 51.00580749511718
      vertex -39 31 0
    endloop
  endfacet
  facet normal 0.9485319924698346 0.316681321301408 0
    outer loop
      vertex -84.95919036865234 -29.924938201904297 13.005807495117182
      vertex -85.89640045166016 -27.117782592773438 51.00580749511718
      vertex -84.95919036865234 -29.924938201904297 51.00580749511718
    endloop
  endfacet
  facet normal 0.9584230123214663 0.2853512387438442 0
    outer loop
      vertex -85.89640045166016 -27.117782592773438 13.005807495117182
      vertex -86.74089050292969 -24.281352996826172 51.00580749511718
      vertex -85.89640045166016 -27.117782592773438 51.00580749511718
    endloop
  endfacet
  facet normal 0.967279831820026 0.25371189754172385 0
    outer loop
      vertex -86.74089050292969 -24.281352996826172 13.005807495117182
      vertex -87.49174499511719 -21.418710708618164 51.00580749511718
      vertex -86.74089050292969 -24.281352996826172 51.00580749511718
    endloop
  endfacet
  facet normal 0.981852788287455 0.1896446733555941 0
    outer loop
      vertex -88.14814758300781 -18.532949447631836 13.005807495117182
      vertex -88.70939636230469 -15.627180099487305 51.00580749511718
      vertex -88.14814758300781 -18.532949447631836 51.00580749511718
    endloop
  endfacet
  facet normal 0.9875526543410609 0.1572887628024495 0
    outer loop
      vertex -88.70939636230469 -15.627180099487305 13.005807495117182
      vertex -89.17488861083984 -12.70454216003418 51.00580749511718
      vertex -88.70939636230469 -15.627180099487305 51.00580749511718
    endloop
  endfacet
  facet normal 0.9750928410603628 0.22179709491521807 0
    outer loop
      vertex -87.49174499511719 -21.418710708618164 13.005807495117182
      vertex -88.14814758300781 -18.532949447631836 51.00580749511718
      vertex -87.49174499511719 -21.418710708618164 51.00580749511718
    endloop
  endfacet
  facet normal -0.9515742789632915 -0.30741891876638283 0
    outer loop
      vertex -89.04148864746094 -30.36086082458496 55.00580749511718
      vertex -89.97455596923828 -27.472675323486328 55.00580749511718
      vertex -89.97455596923828 -27.472675323486328 15.005807495117182
    endloop
  endfacet
  facet normal -0.9609956397991056 -0.2765635194437393 0
    outer loop
      vertex -90.81397247314453 -24.555892944335938 15.005807495117182
      vertex -89.97455596923828 -27.472675323486328 55.00580749511718
      vertex -90.81397247314453 -24.555892944335938 55.00580749511718
    endloop
  endfacet
  facet normal -0.9694176463045199 -0.2454168434183049 0
    outer loop
      vertex -91.55885314941406 -21.613550186157227 15.005807495117182
      vertex -90.81397247314453 -24.555892944335938 55.00580749511718
      vertex -91.55885314941406 -21.613550186157227 55.00580749511718
    endloop
  endfacet
  facet normal -0.9768301154688894 -0.21401618049352292 0
    outer loop
      vertex -92.20842742919922 -18.648710250854492 15.005807495117182
      vertex -91.55885314941406 -21.613550186157227 55.00580749511718
      vertex -92.20842742919922 -18.648710250854492 55.00580749511718
    endloop
  endfacet
  facet normal -0.9832254897956432 -0.18239417813109465 0
    outer loop
      vertex -92.76202392578125 -15.664458274841309 15.005807495117182
      vertex -92.20842742919922 -18.648710250854492 55.00580749511718
      vertex -92.76202392578125 -15.664458274841309 55.00580749511718
    endloop
  endfacet
  facet normal -0.9885972725115122 -0.1505836404885964 0
    outer loop
      vertex -93.21907043457031 -12.663900375366211 15.005807495117182
      vertex -92.76202392578125 -15.664458274841309 55.00580749511718
      vertex -93.21907043457031 -12.663900375366211 55.00580749511718
    endloop
  endfacet
  facet normal 0.9921869319654633 0.12476013801275312 0
    outer loop
      vertex -89.17488861083984 -12.70454216003418 13.005807495117182
      vertex -89.54411315917969 -9.768189430236816 51.00580749511718
      vertex -89.17488861083984 -12.70454216003418 51.00580749511718
    endloop
  endfacet
  facet normal 0.9957497596642478 0.09210003327139875 0
    outer loop
      vertex -89.54411315917969 -9.768189430236816 13.005807495117182
      vertex -89.81668090820312 -6.821292877197266 51.00580749511718
      vertex -89.54411315917969 -9.768189430236816 51.00580749511718
    endloop
  endfacet
  facet normal 0.9982380197048224 0.059336801529865854 0
    outer loop
      vertex -89.81668090820312 -6.821292877197266 13.005807495117182
      vertex -89.9922866821289 -3.867032527923584 51.00580749511718
      vertex -89.81668090820312 -6.821292877197266 51.00580749511718
    endloop
  endfacet
  facet normal 0.9996484350044541 0.02651426772788431 0
    outer loop
      vertex -89.9922866821289 -3.867032527923584 13.005807495117182
      vertex -90.07075500488281 -0.9085975885391235 51.00580749511718
      vertex -89.9922866821289 -3.867032527923584 51.00580749511718
    endloop
  endfacet
  facet normal 0.9999798907769407 -0.006341769606172842 0
    outer loop
      vertex -90.07075500488281 -0.9085975885391235 13.005807495117182
      vertex -90.05198669433594 2.0508182048797607 51.00580749511718
      vertex -90.07075500488281 -0.9085975885391235 51.00580749511718
    endloop
  endfacet
  facet normal -0.9929406305008366 -0.1186124120849128 0
    outer loop
      vertex -93.5790786743164 -9.650161743164062 15.005807495117182
      vertex -93.21907043457031 -12.663900375366211 55.00580749511718
      vertex -93.5790786743164 -9.650161743164062 55.00580749511718
    endloop
  endfacet
  facet normal -0.9962502970403707 -0.08651789206270104 0
    outer loop
      vertex -93.8416748046875 -6.626377105712891 15.005807495117182
      vertex -93.5790786743164 -9.650161743164062 55.00580749511718
      vertex -93.8416748046875 -6.626377105712891 55.00580749511718
    endloop
  endfacet
  facet normal -0.9985227399937252 -0.05433541860907526 0
    outer loop
      vertex -94.006591796875 -3.5956952571868896 15.005807495117182
      vertex -93.8416748046875 -6.626377105712891 55.00580749511718
      vertex -94.006591796875 -3.5956952571868896 55.00580749511718
    endloop
  endfacet
  facet normal -0.99975581729556 -0.022097642039071098 0
    outer loop
      vertex -94.07366180419922 -0.5612705945968628 15.005807495117182
      vertex -94.006591796875 -3.5956952571868896 55.00580749511718
      vertex -94.07366180419922 -0.5612705945968628 55.00580749511718
    endloop
  endfacet
  facet normal -0.9999483323296282 0.010165267886073684 0
    outer loop
      vertex -94.04280853271484 2.473738193511963 15.005807495117182
      vertex -94.07366180419922 -0.5612705945968628 55.00580749511718
      vertex -94.04280853271484 2.473738193511963 55.00580749511718
    endloop
  endfacet
  facet normal 0 0 1
    outer loop
      vertex -89.04148864746094 -30.36086082458496 55.00580749511718
      vertex -85.89640045166016 -27.117782592773438 55.00580749511718
      vertex -89.97455596923828 -27.472675323486328 55.00580749511718
    endloop
  endfacet
  facet normal 0 0 1
    outer loop
      vertex -89.97455596923828 -27.472675323486328 55.00580749511718
      vertex -86.74089050292969 -24.281352996826172 55.00580749511718
      vertex -90.81397247314453 -24.555892944335938 55.00580749511718
    endloop
  endfacet
  facet normal 0 0 1
    outer loop
      vertex -91.55885314941406 -21.613550186157227 55.00580749511718
      vertex -90.81397247314453 -24.555892944335938 55.00580749511718
      vertex -87.49174499511719 -21.418710708618164 55.00580749511718
    endloop
  endfacet
  facet normal 0 0 1
    outer loop
      vertex -90.81397247314453 -24.555892944335938 55.00580749511718
      vertex -86.74089050292969 -24.281352996826172 55.00580749511718
      vertex -87.49174499511719 -21.418710708618164 55.00580749511718
    endloop
  endfacet
  facet normal 0.858185727515184 0.2555075966149775 -0.44523378708412553
    outer loop
      vertex -85.89640045166016 -27.117782592773438 51.00580749511718
      vertex -86.74089050292969 -24.281352996826172 51.00580749511718
      vertex -84.2862548828125 -25.55567169189453 55.00580749511718
    endloop
  endfacet
  facet normal 0.8493178975045043 0.2835572401583638 -0.44525767880217454
    outer loop
      vertex -84.95919036865234 -29.924938201904297 51.00580749511718
      vertex -85.89640045166016 -27.117782592773438 51.00580749511718
      vertex -83.39283752441406 -28.335491180419922 55.00580749511718
    endloop
  endfacet
  facet normal 0 0 1
    outer loop
      vertex -89.04148864746094 -30.36086082458496 55.00580749511718
      vertex -84.95919036865234 -29.924938201904297 55.00580749511718
      vertex -85.89640045166016 -27.117782592773438 55.00580749511718
    endloop
  endfacet
  facet normal 0 0 1
    outer loop
      vertex -89.97455596923828 -27.472675323486328 55.00580749511718
      vertex -85.89640045166016 -27.117782592773438 55.00580749511718
      vertex -86.74089050292969 -24.281352996826172 55.00580749511718
    endloop
  endfacet
  facet normal 0.8506001678298197 0.2733778067722342 -0.4491591357773828
    outer loop
      vertex -85.89640045166016 -27.117782592773438 51.00580749511718
      vertex -84.2862548828125 -25.55567169189453 55.00580749511718
      vertex -83.39283752441406 -28.335491180419922 55.00580749511718
    endloop
  endfacet
  facet normal 0.8661267169851864 0.22718002138473387 -0.4452120259023721
    outer loop
      vertex -86.74089050292969 -24.281352996826172 51.00580749511718
      vertex -87.49174499511719 -21.418710708618164 51.00580749511718
      vertex -85.0870361328125 -22.747764587402344 55.00580749511718
    endloop
  endfacet
  facet normal 0.8591826283111732 0.24502852604225853 -0.44918396301945435
    outer loop
      vertex -86.74089050292969 -24.281352996826172 51.00580749511718
      vertex -85.0870361328125 -22.747764587402344 55.00580749511718
      vertex -84.2862548828125 -25.55567169189453 55.00580749511718
    endloop
  endfacet
  facet normal 0 0 1
    outer loop
      vertex -91.55885314941406 -21.613550186157227 55.00580749511718
      vertex -88.14814758300781 -18.532949447631836 55.00580749511718
      vertex -92.20842742919922 -18.648710250854492 55.00580749511718
    endloop
  endfacet
  facet normal 0 0 1
    outer loop
      vertex -91.55885314941406 -21.613550186157227 55.00580749511718
      vertex -87.49174499511719 -21.418710708618164 55.00580749511718
      vertex -88.14814758300781 -18.532949447631836 55.00580749511718
    endloop
  endfacet
  facet normal 0 0 1
    outer loop
      vertex -92.20842742919922 -18.648710250854492 55.00580749511718
      vertex -88.14814758300781 -18.532949447631836 55.00580749511718
      vertex -88.70939636230469 -15.627180099487305 55.00580749511718
    endloop
  endfacet
  facet normal 0.8843095721618266 0.14084510626170663 -0.44515080211664876
    outer loop
      vertex -88.70939636230469 -15.627180099487305 51.00580749511718
      vertex -89.17488861083984 -12.70454216003418 51.00580749511718
      vertex -86.92530059814453 -14.186517715454102 55.00580749511718
    endloop
  endfacet
  facet normal 0 0 1
    outer loop
      vertex -92.20842742919922 -18.648710250854492 55.00580749511718
      vertex -88.70939636230469 -15.627180099487305 55.00580749511718
      vertex -92.76202392578125 -15.664458274841309 55.00580749511718
    endloop
  endfacet
  facet normal 0 0 1
    outer loop
      vertex -92.76202392578125 -15.664458274841309 55.00580749511718
      vertex -89.17488861083984 -12.70454216003418 55.00580749511718
      vertex -93.21907043457031 -12.663900375366211 55.00580749511718
    endloop
  endfacet
  facet normal 0 0 1
    outer loop
      vertex -92.76202392578125 -15.664458274841309 55.00580749511718
      vertex -88.70939636230469 -15.627180099487305 55.00580749511718
      vertex -89.17488861083984 -12.70454216003418 55.00580749511718
    endloop
  endfacet
  facet normal 0.873133488346717 0.19860516151251684 -0.4451897363462914
    outer loop
      vertex -87.49174499511719 -21.418710708618164 51.00580749511718
      vertex -88.14814758300781 -18.532949447631836 51.00580749511718
      vertex -85.7943115234375 -19.914857864379883 55.00580749511718
    endloop
  endfacet
  facet normal 0.8668209004058572 0.21641414662688352 -0.4492064600596665
    outer loop
      vertex -85.0870361328125 -22.747764587402344 55.00580749511718
      vertex -87.49174499511719 -21.418710708618164 51.00580749511718
      vertex -85.7943115234375 -19.914857864379883 55.00580749511718
    endloop
  endfacet
  facet normal 0.8735085159449598 0.18755803319914843 -0.44922695461659573
    outer loop
      vertex -88.14814758300781 -18.532949447631836 51.00580749511718
      vertex -86.40728759765625 -17.060062408447266 55.00580749511718
      vertex -85.7943115234375 -19.914857864379883 55.00580749511718
    endloop
  endfacet
  facet normal 0.8791964040534286 0.16981661288852065 -0.4451696318108309
    outer loop
      vertex -88.70939636230469 -15.627180099487305 51.00580749511718
      vertex -86.40728759765625 -17.060062408447266 55.00580749511718
      vertex -88.14814758300781 -18.532949447631836 51.00580749511718
    endloop
  endfacet
  facet normal 0.8792358235690007 0.15849956613319555 -0.4492463178352496
    outer loop
      vertex -88.70939636230469 -15.627180099487305 51.00580749511718
      vertex -86.92530059814453 -14.186517715454102 55.00580749511718
      vertex -86.40728759765625 -17.060062408447266 55.00580749511718
    endloop
  endfacet
  facet normal -0.9473659359907667 -0.31629201623902237 0.049569585309870864
    outer loop
      vertex -84.95919036865234 -29.924938201904297 55.00580749511718
      vertex -85.60787200927734 -27.153989791870117 60.289086914062494
      vertex -85.89640045166016 -27.117782592773438 55.00580749511718
    endloop
  endfacet
  facet normal -0.9568193973322439 -0.28629952183568336 0.05029139772785037
    outer loop
      vertex -85.89640045166016 -27.117782592773438 55.00580749511718
      vertex -85.60787200927734 -27.153989791870117 60.289086914062494
      vertex -86.45285034179688 -24.330053329467773 60.289086914062494
    endloop
  endfacet
  facet normal 0.9413718534771564 0.33737076559918927 0
    outer loop
      vertex -82.40776062011719 -31.084169387817383 55.00580749511718
      vertex -83.39283752441406 -28.335491180419922 55.00580749511718
      vertex -83.39283752441406 -28.335491180419922 62.150537109374994
    endloop
  endfacet
  facet normal -0.9469090904040527 -0.317544976632134 0.05028282336809619
    outer loop
      vertex -84.95919036865234 -29.924938201904297 55.00580749511718
      vertex -84.6706771850586 -29.94867515563965 60.289086914062494
      vertex -85.60787200927734 -27.153989791870117 60.289086914062494
    endloop
  endfacet
  facet normal 0.9520381440801735 0.30597936567091977 0
    outer loop
      vertex -83.39283752441406 -28.335491180419922 55.00580749511718
      vertex -84.2862548828125 -25.55567169189453 55.00580749511718
      vertex -84.2862548828125 -25.55567169189453 62.150537109374994
    endloop
  endfacet
  facet normal -0.9572451974364429 -0.2850005679730764 0.04956115656327358
    outer loop
      vertex -85.89640045166016 -27.117782592773438 55.00580749511718
      vertex -86.45285034179688 -24.330053329467773 60.289086914062494
      vertex -86.74089050292969 -24.281352996826172 55.00580749511718
    endloop
  endfacet
  facet normal -0.9660915480526775 -0.25340021759191583 0.04955250251551984
    outer loop
      vertex -86.74089050292969 -24.281352996826172 55.00580749511718
      vertex -87.20470428466797 -21.479909896850586 60.289086914062494
      vertex -87.49174499511719 -21.418710708618164 55.00580749511718
    endloop
  endfacet
  facet normal -0.9656987020906318 -0.2547466097611865 0.050300910485308985
    outer loop
      vertex -86.74089050292969 -24.281352996826172 55.00580749511718
      vertex -86.45285034179688 -24.330053329467773 60.289086914062494
      vertex -87.20470428466797 -21.479909896850586 60.289086914062494
    endloop
  endfacet
  facet normal 0.9616575369014783 0.2742531343860665 0
    outer loop
      vertex -84.2862548828125 -25.55567169189453 55.00580749511718
      vertex -85.0870361328125 -22.747764587402344 55.00580749511718
      vertex -85.0870361328125 -22.747764587402344 62.150537109374994
    endloop
  endfacet
  facet normal -0.702822241374034 -0.21029848705188697 0.679570043022547
    outer loop
      vertex -85.60787200927734 -27.153989791870117 60.289086914062494
      vertex -84.2862548828125 -25.55567169189453 62.150537109374994
      vertex -86.45285034179688 -24.330053329467773 60.289086914062494
    endloop
  endfacet
  facet normal -0.6955220729796837 -0.23324260232545105 0.6795932124870695
    outer loop
      vertex -84.6706771850586 -29.94867515563965 60.289086914062494
      vertex -83.39283752441406 -28.335491180419922 62.150537109374994
      vertex -85.60787200927734 -27.153989791870117 60.289086914062494
    endloop
  endfacet
  facet normal 0.9520381440801735 0.30597936567091977 0
    outer loop
      vertex -83.39283752441406 -28.335491180419922 55.00580749511718
      vertex -84.2862548828125 -25.55567169189453 62.150537109374994
      vertex -83.39283752441406 -28.335491180419922 62.150537109374994
    endloop
  endfacet
  facet normal -0.6941428465183045 -0.22309335942404346 0.6843939374427276
    outer loop
      vertex -85.60787200927734 -27.153989791870117 60.289086914062494
      vertex -83.39283752441406 -28.335491180419922 62.150537109374994
      vertex -84.2862548828125 -25.55567169189453 62.150537109374994
    endloop
  endfacet
  facet normal 0.9702191104143084 0.2422289780081401 0
    outer loop
      vertex -85.0870361328125 -22.747764587402344 55.00580749511718
      vertex -85.7943115234375 -19.914857864379883 62.150537109374994
      vertex -85.0870361328125 -22.747764587402344 62.150537109374994
    endloop
  endfacet
  facet normal -0.7093634447204669 -0.18712661851967172 0.6795492122986431
    outer loop
      vertex -86.45285034179688 -24.330053329467773 60.289086914062494
      vertex -85.0870361328125 -22.747764587402344 62.150537109374994
      vertex -87.20470428466797 -21.479909896850586 60.289086914062494
    endloop
  endfacet
  facet normal 0.9616575369014783 0.2742531343860665 0
    outer loop
      vertex -84.2862548828125 -25.55567169189453 55.00580749511718
      vertex -85.0870361328125 -22.747764587402344 62.150537109374994
      vertex -84.2862548828125 -25.55567169189453 62.150537109374994
    endloop
  endfacet
  facet normal -0.7011356208903676 -0.19995542516982756 0.6844170286191248
    outer loop
      vertex -84.2862548828125 -25.55567169189453 62.150537109374994
      vertex -85.0870361328125 -22.747764587402344 62.150537109374994
      vertex -86.45285034179688 -24.330053329467773 60.289086914062494
    endloop
  endfacet
  facet normal -0.9806475114092374 -0.18941187436311854 0.049533829017348256
    outer loop
      vertex -88.70939636230469 -15.627180099487305 55.00580749511718
      vertex -88.14814758300781 -18.532949447631836 55.00580749511718
      vertex -88.42589569091797 -15.713305473327637 60.289086914062494
    endloop
  endfacet
  facet normal -0.9863408167468374 -0.15709575189303113 0.04952492257787837
    outer loop
      vertex -88.70939636230469 -15.627180099487305 55.00580749511718
      vertex -88.8939208984375 -12.803054809570312 60.289086914062494
      vertex -89.17488861083984 -12.70454216003418 55.00580749511718
    endloop
  endfacet
  facet normal -0.9860629499847267 -0.1585782017134198 0.05032705642849038
    outer loop
      vertex -88.70939636230469 -15.627180099487305 55.00580749511718
      vertex -88.42589569091797 -15.713305473327637 60.289086914062494
      vertex -88.8939208984375 -12.803054809570312 60.289086914062494
    endloop
  endfacet
  facet normal -0.9738953711538217 -0.22152471536802504 0.04954398577299877
    outer loop
      vertex -87.49174499511719 -21.418710708618164 55.00580749511718
      vertex -87.86261749267578 -18.60662841796875 60.289086914062494
      vertex -88.14814758300781 -18.532949447631836 55.00580749511718
    endloop
  endfacet
  facet normal 0.9702191104143084 0.2422289780081401 0
    outer loop
      vertex -85.0870361328125 -22.747764587402344 55.00580749511718
      vertex -85.7943115234375 -19.914857864379883 55.00580749511718
      vertex -85.7943115234375 -19.914857864379883 62.150537109374994
    endloop
  endfacet
  facet normal -0.9735383046938153 -0.22291714677702 0.05031018750396908
    outer loop
      vertex -87.49174499511719 -21.418710708618164 55.00580749511718
      vertex -87.20470428466797 -21.479909896850586 60.289086914062494
      vertex -87.86261749267578 -18.60662841796875 60.289086914062494
    endloop
  endfacet
  facet normal 0.9777157310711907 0.20993320179506392 0
    outer loop
      vertex -85.7943115234375 -19.914857864379883 55.00580749511718
      vertex -86.40728759765625 -17.060062408447266 55.00580749511718
      vertex -86.40728759765625 -17.060062408447266 62.150537109374994
    endloop
  endfacet
  facet normal -0.9803281790910147 -0.190852352457643 0.050319388325765935
    outer loop
      vertex -88.14814758300781 -18.532949447631836 55.00580749511718
      vertex -87.86261749267578 -18.60662841796875 60.289086914062494
      vertex -88.42589569091797 -15.713305473327637 60.289086914062494
    endloop
  endfacet
  facet normal 0.9841370161865922 0.17741007122300345 0
    outer loop
      vertex -86.40728759765625 -17.060062408447266 55.00580749511718
      vertex -86.92530059814453 -14.186517715454102 55.00580749511718
      vertex -86.92530059814453 -14.186517715454102 62.150537109374994
    endloop
  endfacet
  facet normal -0.7151413418410988 -0.1637503801308004 0.679528273287235
    outer loop
      vertex -87.20470428466797 -21.479909896850586 60.289086914062494
      vertex -85.7943115234375 -19.914857864379883 62.150537109374994
      vertex -87.86261749267578 -18.60662841796875 60.289086914062494
    endloop
  endfacet
  facet normal 0.9777157310711907 0.20993320179506392 0
    outer loop
      vertex -85.7943115234375 -19.914857864379883 55.00580749511718
      vertex -86.40728759765625 -17.060062408447266 62.150537109374994
      vertex -85.7943115234375 -19.914857864379883 62.150537109374994
    endloop
  endfacet
  facet normal -0.7073592416032563 -0.17660227915424384 0.684437388163441
    outer loop
      vertex -87.20470428466797 -21.479909896850586 60.289086914062494
      vertex -85.0870361328125 -22.747764587402344 62.150537109374994
      vertex -85.7943115234375 -19.914857864379883 62.150537109374994
    endloop
  endfacet
  facet normal -0.7128088551931073 -0.15305291761503545 0.6844547759843722
    outer loop
      vertex -87.86261749267578 -18.60662841796875 60.289086914062494
      vertex -85.7943115234375 -19.914857864379883 62.150537109374994
      vertex -86.40728759765625 -17.060062408447266 62.150537109374994
    endloop
  endfacet
  facet normal 0.9841370161865922 0.17741007122300345 0
    outer loop
      vertex -86.40728759765625 -17.060062408447266 55.00580749511718
      vertex -86.92530059814453 -14.186517715454102 62.150537109374994
      vertex -86.40728759765625 -17.060062408447266 62.150537109374994
    endloop
  endfacet
  facet normal -0.7201449911910691 -0.1401993420273232 0.6795111008346519
    outer loop
      vertex -88.42589569091797 -15.713305473327637 60.289086914062494
      vertex -87.86261749267578 -18.60662841796875 60.289086914062494
      vertex -86.40728759765625 -17.060062408447266 62.150537109374994
    endloop
  endfacet
  facet normal -0.724371514131233 -0.11649310227621597 0.6794963330565428
    outer loop
      vertex -88.42589569091797 -15.713305473327637 60.289086914062494
      vertex -86.92530059814453 -14.186517715454102 62.150537109374994
      vertex -88.8939208984375 -12.803054809570312 60.289086914062494
    endloop
  endfacet
  facet normal -0.7174741293978322 -0.12933883626322026 0.6844723070211814
    outer loop
      vertex -88.42589569091797 -15.713305473327637 60.289086914062494
      vertex -86.40728759765625 -17.060062408447266 62.150537109374994
      vertex -86.92530059814453 -14.186517715454102 62.150537109374994
    endloop
  endfacet
  facet normal 0.888467871067466 0.11171823639593391 -0.4451335504513525
    outer loop
      vertex -89.17488861083984 -12.70454216003418 51.00580749511718
      vertex -89.54411315917969 -9.768189430236816 51.00580749511718
      vertex -87.3477783203125 -11.297382354736328 55.00580749511718
    endloop
  endfacet
  facet normal 0 0 1
    outer loop
      vertex -93.21907043457031 -12.663900375366211 55.00580749511718
      vertex -89.54411315917969 -9.768189430236816 55.00580749511718
      vertex -93.5790786743164 -9.650161743164062 55.00580749511718
    endloop
  endfacet
  facet normal 0 0 1
    outer loop
      vertex -93.21907043457031 -12.663900375366211 55.00580749511718
      vertex -89.17488861083984 -12.70454216003418 55.00580749511718
      vertex -89.54411315917969 -9.768189430236816 55.00580749511718
    endloop
  endfacet
  facet normal 0.8916660338342909 0.08247300146053245 -0.4451178362370084
    outer loop
      vertex -89.54411315917969 -9.768189430236816 51.00580749511718
      vertex -89.81668090820312 -6.821292877197266 51.00580749511718
      vertex -87.67425537109375 -8.395829200744629 55.00580749511718
    endloop
  endfacet
  facet normal 0.8939011623460726 0.05313485843098775 -0.44510380674159494
    outer loop
      vertex -89.81668090820312 -6.821292877197266 51.00580749511718
      vertex -89.9922866821289 -3.867032527923584 51.00580749511718
      vertex -87.90437316894531 -5.485049247741699 55.00580749511718
    endloop
  endfacet
  facet normal 0 0 1
    outer loop
      vertex -93.5790786743164 -9.650161743164062 55.00580749511718
      vertex -89.81668090820312 -6.821292877197266 55.00580749511718
      vertex -93.8416748046875 -6.626377105712891 55.00580749511718
    endloop
  endfacet
  facet normal 0 0 1
    outer loop
      vertex -93.8416748046875 -6.626377105712891 55.00580749511718
      vertex -89.81668090820312 -6.821292877197266 55.00580749511718
      vertex -89.9922866821289 -3.867032527923584 55.00580749511718
    endloop
  endfacet
  facet normal 0 0 1
    outer loop
      vertex -93.5790786743164 -9.650161743164062 55.00580749511718
      vertex -89.54411315917969 -9.768189430236816 55.00580749511718
      vertex -89.81668090820312 -6.821292877197266 55.00580749511718
    endloop
  endfacet
  facet normal 0.890603321348858 0.07040850850187244 -0.4492976362423072
    outer loop
      vertex -89.81668090820312 -6.821292877197266 51.00580749511718
      vertex -87.90437316894531 -5.485049247741699 55.00580749511718
      vertex -87.67425537109375 -8.395829200744629 55.00580749511718
    endloop
  endfacet
  facet normal 0.8839972730255797 0.1292667555104648 -0.4492648742146843
    outer loop
      vertex -86.92530059814453 -14.186517715454102 55.00580749511718
      vertex -89.17488861083984 -12.70454216003418 51.00580749511718
      vertex -87.3477783203125 -11.297382354736328 55.00580749511718
    endloop
  endfacet
  facet normal 0.8877881365321153 0.09989217400165397 -0.44928140202556516
    outer loop
      vertex -89.54411315917969 -9.768189430236816 51.00580749511718
      vertex -87.67425537109375 -8.395829200744629 55.00580749511718
      vertex -87.3477783203125 -11.297382354736328 55.00580749511718
    endloop
  endfacet
  facet normal 0.8951711348981917 0.023743154394933796 -0.4450897683214723
    outer loop
      vertex -89.9922866821289 -3.867032527923584 51.00580749511718
      vertex -90.07075500488281 -0.9085975885391235 51.00580749511718
      vertex -88.03788757324219 -2.5682411193847656 55.00580749511718
    endloop
  endfacet
  facet normal 0 0 1
    outer loop
      vertex -93.8416748046875 -6.626377105712891 55.00580749511718
      vertex -89.9922866821289 -3.867032527923584 55.00580749511718
      vertex -94.006591796875 -3.5956952571868896 55.00580749511718
    endloop
  endfacet
  facet normal 0 0 1
    outer loop
      vertex -94.006591796875 -3.5956952571868896 55.00580749511718
      vertex -90.07075500488281 -0.9085975885391235 55.00580749511718
      vertex -94.07366180419922 -0.5612705945968628 55.00580749511718
    endloop
  endfacet
  facet normal 0 0 1
    outer loop
      vertex -94.006591796875 -3.5956952571868896 55.00580749511718
      vertex -89.9922866821289 -3.867032527923584 55.00580749511718
      vertex -90.07075500488281 -0.9085975885391235 55.00580749511718
    endloop
  endfacet
  facet normal 0.8924411113352682 0.04085073069824784 -0.4493106726977346
    outer loop
      vertex -87.90437316894531 -5.485049247741699 55.00580749511718
      vertex -89.9922866821289 -3.867032527923584 51.00580749511718
      vertex -88.03788757324219 -2.5682411193847656 55.00580749511718
    endloop
  endfacet
  facet normal 0.8954735313245376 -0.00567900102438457 -0.4450785364905024
    outer loop
      vertex -90.07075500488281 -0.9085975885391235 51.00580749511718
      vertex -90.05198669433594 2.0508182048797607 51.00580749511718
      vertex -88.07463836669922 0.35138967633247375 55.00580749511718
    endloop
  endfacet
  facet normal 0 0 1
    outer loop
      vertex -94.07366180419922 -0.5612705945968628 55.00580749511718
      vertex -90.07075500488281 -0.9085975885391235 55.00580749511718
      vertex -90.05198669433594 2.0508182048797607 55.00580749511718
    endloop
  endfacet
  facet normal 0 0 1
    outer loop
      vertex -94.07366180419922 -0.5612705945968628 55.00580749511718
      vertex -90.05198669433594 2.0508182048797607 55.00580749511718
      vertex -94.04280853271484 2.473738193511963 55.00580749511718
    endloop
  endfacet
  facet normal 0.8932982090227359 0.011244373097957268 -0.44932379619869495
    outer loop
      vertex -90.07075500488281 -0.9085975885391235 51.00580749511718
      vertex -88.07463836669922 0.35138967633247375 55.00580749511718
      vertex -88.03788757324219 -2.5682411193847656 55.00580749511718
    endloop
  endfacet
  facet normal 0.8931742962142982 -0.018373237829563585 -0.4493351763591976
    outer loop
      vertex -90.05198669433594 2.0508182048797607 51.00580749511718
      vertex -88.01458740234375 3.270634412765503 55.00580749511718
      vertex -88.07463836669922 0.35138967633247375 55.00580749511718
    endloop
  endfacet
  facet normal -0.9909697995519319 -0.12460709265103771 0.0495169550463232
    outer loop
      vertex -89.17488861083984 -12.70454216003418 55.00580749511718
      vertex -89.26618194580078 -9.879014015197754 60.289086914062494
      vertex -89.54411315917969 -9.768189430236816 55.00580749511718
    endloop
  endfacet
  facet normal -0.9907357092531721 -0.12613104218538407 0.05033601700415651
    outer loop
      vertex -89.17488861083984 -12.70454216003418 55.00580749511718
      vertex -88.8939208984375 -12.803054809570312 60.289086914062494
      vertex -89.26618194580078 -9.879014015197754 60.289086914062494
    endloop
  endfacet
  facet normal -0.9945287003785843 -0.09198709365002854 0.04950796627922635
    outer loop
      vertex -89.54411315917969 -9.768189430236816 55.00580749511718
      vertex -89.54229736328125 -6.94433069229126 60.289086914062494
      vertex -89.81668090820312 -6.821292877197266 55.00580749511718
    endloop
  endfacet
  facet normal -0.9943404239132932 -0.09355446263094913 0.05034564423827087
    outer loop
      vertex -89.54411315917969 -9.768189430236816 55.00580749511718
      vertex -89.26618194580078 -9.879014015197754 60.289086914062494
      vertex -89.54229736328125 -6.94433069229126 60.289086914062494
    endloop
  endfacet
  facet normal -0.9968746294694023 -0.06087204833906783 0.05035441243076796
    outer loop
      vertex -89.81668090820312 -6.821292877197266 55.00580749511718
      vertex -89.54229736328125 -6.94433069229126 60.289086914062494
      vertex -89.72195434570312 -4.002167701721191 60.289086914062494
    endloop
  endfacet
  facet normal 0.9894768864629941 0.14469101960902386 0
    outer loop
      vertex -86.92530059814453 -14.186517715454102 55.00580749511718
      vertex -87.3477783203125 -11.297382354736328 55.00580749511718
      vertex -87.3477783203125 -11.297382354736328 62.150537109374994
    endloop
  endfacet
  facet normal 0.9937293253108169 0.11181246807627672 0
    outer loop
      vertex -87.3477783203125 -11.297382354736328 55.00580749511718
      vertex -87.67425537109375 -8.395829200744629 55.00580749511718
      vertex -87.67425537109375 -8.395829200744629 62.150537109374994
    endloop
  endfacet
  facet normal 0.9968895607898067 0.07881118948668628 0
    outer loop
      vertex -87.67425537109375 -8.395829200744629 55.00580749511718
      vertex -87.90437316894531 -5.485049247741699 55.00580749511718
      vertex -87.90437316894531 -5.485049247741699 62.150537109374994
    endloop
  endfacet
  facet normal -0.7278171845120714 -0.09265875767427388 0.679482524098436
    outer loop
      vertex -88.8939208984375 -12.803054809570312 60.289086914062494
      vertex -87.3477783203125 -11.297382354736328 62.150537109374994
      vertex -89.26618194580078 -9.879014015197754 60.289086914062494
    endloop
  endfacet
  facet normal -0.7304762935975958 -0.06872829009929673 0.6794709755625665
    outer loop
      vertex -89.26618194580078 -9.879014015197754 60.289086914062494
      vertex -87.67425537109375 -8.395829200744629 62.150537109374994
      vertex -89.54229736328125 -6.94433069229126 60.289086914062494
    endloop
  endfacet
  facet normal -0.7323462291607837 -0.04471917906681722 0.6794624313805516
    outer loop
      vertex -89.54229736328125 -6.94433069229126 60.289086914062494
      vertex -87.90437316894531 -5.485049247741699 62.150537109374994
      vertex -89.72195434570312 -4.002167701721191 60.289086914062494
    endloop
  endfacet
  facet normal -0.7267364469422974 -0.05745366997470937 0.6845094685189698
    outer loop
      vertex -89.54229736328125 -6.94433069229126 60.289086914062494
      vertex -87.67425537109375 -8.395829200744629 62.150537109374994
      vertex -87.90437316894531 -5.485049247741699 62.150537109374994
    endloop
  endfacet
  facet normal 0.9894768864629941 0.14469101960902386 0
    outer loop
      vertex -86.92530059814453 -14.186517715454102 55.00580749511718
      vertex -87.3477783203125 -11.297382354736328 62.150537109374994
      vertex -86.92530059814453 -14.186517715454102 62.150537109374994
    endloop
  endfacet
  facet normal 0.9937293253108169 0.11181246807627672 0
    outer loop
      vertex -87.3477783203125 -11.297382354736328 55.00580749511718
      vertex -87.67425537109375 -8.395829200744629 62.150537109374994
      vertex -87.3477783203125 -11.297382354736328 62.150537109374994
    endloop
  endfacet
  facet normal -0.7213533869919092 -0.1054833705468123 0.684487070450118
    outer loop
      vertex -86.92530059814453 -14.186517715454102 62.150537109374994
      vertex -87.3477783203125 -11.297382354736328 62.150537109374994
      vertex -88.8939208984375 -12.803054809570312 60.289086914062494
    endloop
  endfacet
  facet normal -0.7244432187870798 -0.08151292531129634 0.6844981123134016
    outer loop
      vertex -89.26618194580078 -9.879014015197754 60.289086914062494
      vertex -87.3477783203125 -11.297382354736328 62.150537109374994
      vertex -87.67425537109375 -8.395829200744629 62.150537109374994
    endloop
  endfacet
  facet normal 0.9968895607898067 0.07881118948668628 0
    outer loop
      vertex -87.67425537109375 -8.395829200744629 55.00580749511718
      vertex -87.90437316894531 -5.485049247741699 62.150537109374994
      vertex -87.67425537109375 -8.395829200744629 62.150537109374994
    endloop
  endfacet
  facet normal -0.9970143573219378 -0.05926406515785884 0.04949890781510739
    outer loop
      vertex -89.81668090820312 -6.821292877197266 55.00580749511718
      vertex -89.72195434570312 -4.002167701721191 60.289086914062494
      vertex -89.9922866821289 -3.867032527923584 55.00580749511718
    endloop
  endfacet
  facet normal -0.9984234724155117 -0.026481777319354118 0.04949025358350926
    outer loop
      vertex -89.9922866821289 -3.867032527923584 55.00580749511718
      vertex -89.80496978759766 -1.055693507194519 60.289086914062494
      vertex -90.07075500488281 -0.9085975885391235 55.00580749511718
    endloop
  endfacet
  facet normal -0.9983348232823407 -0.0281275860713234 0.05036287842864011
    outer loop
      vertex -89.9922866821289 -3.867032527923584 55.00580749511718
      vertex -89.72195434570312 -4.002167701721191 60.289086914062494
      vertex -89.80496978759766 -1.055693507194519 60.289086914062494
    endloop
  endfacet
  facet normal -0.9987549609960991 0.006334001227502945 0.04948139361548487
    outer loop
      vertex -90.07075500488281 -0.9085975885391235 55.00580749511718
      vertex -89.79124450683594 1.8919178247451782 60.289086914062494
      vertex -90.05198669433594 2.0508182048797607 55.00580749511718
    endloop
  endfacet
  facet normal -0.9987197012980725 0.004650446330573534 0.05037193254199577
    outer loop
      vertex -90.07075500488281 -0.9085975885391235 55.00580749511718
      vertex -89.80496978759766 -1.055693507194519 60.289086914062494
      vertex -89.79124450683594 1.8919178247451782 60.289086914062494
    endloop
  endfacet
  facet normal 0.9989540071724846 0.04572626765914211 0
    outer loop
      vertex -87.90437316894531 -5.485049247741699 55.00580749511718
      vertex -88.03788757324219 -2.5682411193847656 55.00580749511718
      vertex -88.03788757324219 -2.5682411193847656 62.150537109374994
    endloop
  endfacet
  facet normal 0.9999207870900587 0.012586482638025247 0
    outer loop
      vertex -88.03788757324219 -2.5682411193847656 55.00580749511718
      vertex -88.07463836669922 0.35138967633247375 55.00580749511718
      vertex -88.07463836669922 0.35138967633247375 62.150537109374994
    endloop
  endfacet
  facet normal 0.9997884898752544 -0.02056636849223764 0
    outer loop
      vertex -88.07463836669922 0.35138967633247375 55.00580749511718
      vertex -88.01458740234375 3.270634412765503 55.00580749511718
      vertex -88.01458740234375 3.270634412765503 62.150537109374994
    endloop
  endfacet
  facet normal -0.733426813392101 -0.020663934924033497 0.6794542745402103
    outer loop
      vertex -89.72195434570312 -4.002167701721191 60.289086914062494
      vertex -88.03788757324219 -2.5682411193847656 62.150537109374994
      vertex -89.80496978759766 -1.055693507194519 60.289086914062494
    endloop
  endfacet
  facet normal -0.7282343842544677 -0.03333430781990014 0.6845169870147011
    outer loop
      vertex -87.90437316894531 -5.485049247741699 62.150537109374994
      vertex -88.03788757324219 -2.5682411193847656 62.150537109374994
      vertex -89.72195434570312 -4.002167701721191 60.289086914062494
    endloop
  endfacet
  facet normal -0.7337142467084921 0.003416472832027046 0.6794495800943424
    outer loop
      vertex -89.80496978759766 -1.055693507194519 60.289086914062494
      vertex -88.07463836669922 0.35138967633247375 62.150537109374994
      vertex -89.79124450683594 1.8919178247451782 60.289086914062494
    endloop
  endfacet
  facet normal -0.7289330625267108 -0.009175430148297026 0.684523485234089
    outer loop
      vertex -89.80496978759766 -1.055693507194519 60.289086914062494
      vertex -88.03788757324219 -2.5682411193847656 62.150537109374994
      vertex -88.07463836669922 0.35138967633247375 62.150537109374994
    endloop
  endfacet
  facet normal -0.728832409385341 0.01499260698867876 0.6845279693082247
    outer loop
      vertex -89.79124450683594 1.8919178247451782 60.289086914062494
      vertex -88.07463836669922 0.35138967633247375 62.150537109374994
      vertex -88.01458740234375 3.270634412765503 62.150537109374994
    endloop
  endfacet
  facet normal 0.9989540071724846 0.04572626765914211 0
    outer loop
      vertex -87.90437316894531 -5.485049247741699 55.00580749511718
      vertex -88.03788757324219 -2.5682411193847656 62.150537109374994
      vertex -87.90437316894531 -5.485049247741699 62.150537109374994
    endloop
  endfacet
  facet normal 0.9999207870900587 0.012586482638025247 0
    outer loop
      vertex -88.03788757324219 -2.5682411193847656 55.00580749511718
      vertex -88.07463836669922 0.35138967633247375 62.150537109374994
      vertex -88.03788757324219 -2.5682411193847656 62.150537109374994
    endloop
  endfacet
  facet normal 0.9997884898752544 -0.02056636849223764 0
    outer loop
      vertex -88.07463836669922 0.35138967633247375 55.00580749511718
      vertex -88.01458740234375 3.270634412765503 62.150537109374994
      vertex -88.07463836669922 0.35138967633247375 62.150537109374994
    endloop
  endfacet
  facet normal 0.9992318749001768 -0.039187500347400046 0
    outer loop
      vertex -90.05198669433594 2.0508182048797607 13.005807495117182
      vertex -89.9360122680664 5.008019924163818 51.00580749511718
      vertex -90.05198669433594 2.0508182048797607 51.00580749511718
    endloop
  endfacet
  facet normal 0.9974050253016596 -0.07199455189801297 0
    outer loop
      vertex -89.9360122680664 5.008019924163818 13.005807495117182
      vertex -89.72294616699219 7.959815502166748 51.00580749511718
      vertex -89.9360122680664 5.008019924163818 51.00580749511718
    endloop
  endfacet
  facet normal 0.9945018378940641 -0.10471912158401976 0
    outer loop
      vertex -89.72294616699219 7.959815502166748 13.005807495117182
      vertex -89.41303253173828 10.903018951416016 51.00580749511718
      vertex -89.72294616699219 7.959815502166748 51.00580749511718
    endloop
  endfacet
  facet normal 0.9905249562807807 -0.13733284743628327 0
    outer loop
      vertex -89.41303253173828 10.903018951416016 13.005807495117182
      vertex -89.00659942626953 13.834452629089355 51.00580749511718
      vertex -89.41303253173828 10.903018951416016 51.00580749511718
    endloop
  endfacet
  facet normal 0.9854786091901256 -0.16979961963648682 0
    outer loop
      vertex -89.00659942626953 13.834452629089355 13.005807495117182
      vertex -88.50408172607422 16.750951766967773 51.00580749511718
      vertex -89.00659942626953 13.834452629089355 51.00580749511718
    endloop
  endfacet
  facet normal 0.9793683338885072 -0.20208331592798442 0
    outer loop
      vertex -88.50408172607422 16.750951766967773 13.005807495117182
      vertex -87.90602111816406 19.649368286132812 51.00580749511718
      vertex -88.50408172607422 16.750951766967773 51.00580749511718
    endloop
  endfacet
  facet normal -0.9990999464205926 0.042418121862820436 0
    outer loop
      vertex -93.9140625 5.506172180175781 15.005807495117182
      vertex -94.04280853271484 2.473738193511963 55.00580749511718
      vertex -93.9140625 5.506172180175781 55.00580749511718
    endloop
  endfacet
  facet normal -0.9972116114242929 0.07462574649921536 0
    outer loop
      vertex -93.68756103515625 8.53287410736084 15.005807495117182
      vertex -93.9140625 5.506172180175781 55.00580749511718
      vertex -93.68756103515625 8.53287410736084 55.00580749511718
    endloop
  endfacet
  facet normal -0.9942853138329069 0.10675539656709643 0
    outer loop
      vertex -93.36354064941406 11.550695419311523 15.005807495117182
      vertex -93.68756103515625 8.53287410736084 55.00580749511718
      vertex -93.36354064941406 11.550695419311523 55.00580749511718
    endloop
  endfacet
  facet normal -0.9903239996603308 0.13877454988853385 0
    outer loop
      vertex -92.94233703613281 14.55649185180664 15.005807495117182
      vertex -93.36354064941406 11.550695419311523 55.00580749511718
      vertex -92.94233703613281 14.55649185180664 55.00580749511718
    endloop
  endfacet
  facet normal -0.9853316703752354 0.17065022518458214 0
    outer loop
      vertex -92.42438507080078 17.547138214111328 15.005807495117182
      vertex -92.94233703613281 14.55649185180664 55.00580749511718
      vertex -92.42438507080078 17.547138214111328 55.00580749511718
    endloop
  endfacet
  facet normal 0.9722016047070972 -0.23414533906303822 0
    outer loop
      vertex -87.90602111816406 19.649368286132812 13.005807495117182
      vertex -87.21307373046875 22.526575088500977 51.00580749511718
      vertex -87.90602111816406 19.649368286132812 51.00580749511718
    endloop
  endfacet
  facet normal 0.9639841175858633 -0.265959810953092 0
    outer loop
      vertex -87.21307373046875 22.526575088500977 13.005807495117182
      vertex -86.42597198486328 25.37946319580078 51.00580749511718
      vertex -87.21307373046875 22.526575088500977 51.00580749511718
    endloop
  endfacet
  facet normal 0.9547278560742883 -0.29748062262237013 0
    outer loop
      vertex -86.42597198486328 25.37946319580078 13.005807495117182
      vertex -85.54558563232422 28.2049560546875 51.00580749511718
      vertex -86.42597198486328 25.37946319580078 51.00580749511718
    endloop
  endfacet
  facet normal 0.9444390150425453 -0.3286867001651676 0
    outer loop
      vertex -85.54558563232422 28.2049560546875 13.005807495117182
      vertex -84.57284545898438 31 51.00580749511718
      vertex -85.54558563232422 28.2049560546875 51.00580749511718
    endloop
  endfacet
  facet normal -0.9793137572318028 0.2023476337804067 0
    outer loop
      vertex -91.81022644042969 20.51951789855957 15.005807495117182
      vertex -92.42438507080078 17.547138214111328 55.00580749511718
      vertex -91.81022644042969 20.51951789855957 55.00580749511718
    endloop
  endfacet
  facet normal -0.9722771591462547 0.23383140465405544 0
    outer loop
      vertex -91.10050964355469 23.470539093017578 15.005807495117182
      vertex -91.81022644042969 20.51951789855957 55.00580749511718
      vertex -91.10050964355469 23.470539093017578 55.00580749511718
    endloop
  endfacet
  facet normal -0.9642274647432014 0.2650762083531796 0
    outer loop
      vertex -90.29595947265625 26.39712905883789 15.005807495117182
      vertex -91.10050964355469 23.470539093017578 55.00580749511718
      vertex -90.29595947265625 26.39712905883789 55.00580749511718
    endloop
  endfacet
  facet normal -0.9551749214695583 0.2960420061336283 0
    outer loop
      vertex -89.39742279052734 29.29624366760254 15.005807495117182
      vertex -90.29595947265625 26.39712905883789 55.00580749511718
      vertex -89.39742279052734 29.29624366760254 55.00580749511718
    endloop
  endfacet
  facet normal -0.9451276922667279 0.326701155967605 0
    outer loop
      vertex -88.40583038330078 32.16486358642578 15.005807495117182
      vertex -89.39742279052734 29.29624366760254 55.00580749511718
      vertex -88.40583038330078 32.16486358642578 55.00580749511718
    endloop
  endfacet
  facet normal -0.9340962939081002 0.35702116702956427 0
    outer loop
      vertex -88.40583038330078 32.16486358642578 15.005807495117182
      vertex -88.40583038330078 32.16486358642578 55.00580749511718
      vertex -87.32221221923828 35 55.00580749511718
    endloop
  endfacet
  facet normal 0 1 0
    outer loop
      vertex -87.32221221923828 35 0
      vertex -87.32221221923828 35 55.00580749511718
      vertex -36 35 55.00580749511718
    endloop
  endfacet
  facet normal 0 -1 0
    outer loop
      vertex -39 31 0
      vertex -39 31 51.00580749511718
      vertex -84.57284545898438 31 51.00580749511718
    endloop
  endfacet
  facet normal 0.8948084311166632 -0.03509226095168727 -0.4450689888363764
    outer loop
      vertex -90.05198669433594 2.0508182048797607 51.00580749511718
      vertex -89.9360122680664 5.008019924163818 51.00580749511718
      vertex -88.01458740234375 3.270634412765503 55.00580749511718
    endloop
  endfacet
  facet normal 0.8931772095090051 -0.06447119408153185 -0.44505947641569016
    outer loop
      vertex -89.9360122680664 5.008019924163818 51.00580749511718
      vertex -89.72294616699219 7.959815502166748 51.00580749511718
      vertex -87.8578109741211 6.18628454208374 55.00580749511718
    endloop
  endfacet
  facet normal 0 0 1
    outer loop
      vertex -94.04280853271484 2.473738193511963 55.00580749511718
      vertex -89.9360122680664 5.008019924163818 55.00580749511718
      vertex -93.9140625 5.506172180175781 55.00580749511718
    endloop
  endfacet
  facet normal 0 0 1
    outer loop
      vertex -94.04280853271484 2.473738193511963 55.00580749511718
      vertex -90.05198669433594 2.0508182048797607 55.00580749511718
      vertex -89.9360122680664 5.008019924163818 55.00580749511718
    endloop
  endfacet
  facet normal 0 0 1
    outer loop
      vertex -93.9140625 5.506172180175781 55.00580749511718
      vertex -89.9360122680664 5.008019924163818 55.00580749511718
      vertex -89.72294616699219 7.959815502166748 55.00580749511718
    endloop
  endfacet
  facet normal 0.8920694042165878 -0.04796715954135821 -0.4493454458055586
    outer loop
      vertex -89.9360122680664 5.008019924163818 51.00580749511718
      vertex -87.8578109741211 6.18628454208374 55.00580749511718
      vertex -88.01458740234375 3.270634412765503 55.00580749511718
    endloop
  endfacet
  facet normal 0.8905809849336296 -0.09377645660179777 -0.44505222779114056
    outer loop
      vertex -89.72294616699219 7.959815502166748 51.00580749511718
      vertex -89.41303253173828 10.903018951416016 51.00580749511718
      vertex -87.6044692993164 9.095135688781738 55.00580749511718
    endloop
  endfacet
  facet normal 0 0 1
    outer loop
      vertex -93.9140625 5.506172180175781 55.00580749511718
      vertex -89.72294616699219 7.959815502166748 55.00580749511718
      vertex -93.68756103515625 8.53287410736084 55.00580749511718
    endloop
  endfacet
  facet normal 0 0 1
    outer loop
      vertex -93.68756103515625 8.53287410736084 55.00580749511718
      vertex -89.41303253173828 10.903018951416016 55.00580749511718
      vertex -93.36354064941406 11.550695419311523 55.00580749511718
    endloop
  endfacet
  facet normal 0.8899852310456356 -0.07751182085768889 -0.4493530974055614
    outer loop
      vertex -89.72294616699219 7.959815502166748 51.00580749511718
      vertex -87.6044692993164 9.095135688781738 55.00580749511718
      vertex -87.8578109741211 6.18628454208374 55.00580749511718
    endloop
  endfacet
  facet normal 0 0 1
    outer loop
      vertex -93.68756103515625 8.53287410736084 55.00580749511718
      vertex -89.72294616699219 7.959815502166748 55.00580749511718
      vertex -89.41303253173828 10.903018951416016 55.00580749511718
    endloop
  endfacet
  facet normal 0.8869233898499918 -0.1069675704004076 -0.44936047825730463
    outer loop
      vertex -87.6044692993164 9.095135688781738 55.00580749511718
      vertex -89.41303253173828 10.903018951416016 51.00580749511718
      vertex -87.25485229492188 11.993990898132324 55.00580749511718
    endloop
  endfacet
  facet normal 0.8870227009475675 -0.1229826189530363 -0.4450460688952714
    outer loop
      vertex -89.41303253173828 10.903018951416016 51.00580749511718
      vertex -89.00659942626953 13.834452629089355 51.00580749511718
      vertex -87.25485229492188 11.993990898132324 55.00580749511718
    endloop
  endfacet
  facet normal 0 0 1
    outer loop
      vertex -93.36354064941406 11.550695419311523 55.00580749511718
      vertex -89.00659942626953 13.834452629089355 55.00580749511718
      vertex -92.94233703613281 14.55649185180664 55.00580749511718
    endloop
  endfacet
  facet normal 0 0 1
    outer loop
      vertex -93.36354064941406 11.550695419311523 55.00580749511718
      vertex -89.41303253173828 10.903018951416016 55.00580749511718
      vertex -89.00659942626953 13.834452629089355 55.00580749511718
    endloop
  endfacet
  facet normal 0 0 1
    outer loop
      vertex -92.94233703613281 14.55649185180664 55.00580749511718
      vertex -88.50408172607422 16.750951766967773 55.00580749511718
      vertex -92.42438507080078 17.547138214111328 55.00580749511718
    endloop
  endfacet
  facet normal 0 0 1
    outer loop
      vertex -92.94233703613281 14.55649185180664 55.00580749511718
      vertex -89.00659942626953 13.834452629089355 55.00580749511718
      vertex -88.50408172607422 16.750951766967773 55.00580749511718
    endloop
  endfacet
  facet normal 0 0 1
    outer loop
      vertex -92.42438507080078 17.547138214111328 55.00580749511718
      vertex -88.50408172607422 16.750951766967773 55.00580749511718
      vertex -87.90602111816406 19.649368286132812 55.00580749511718
    endloop
  endfacet
  facet normal 0.8828871087096235 -0.1363087894744142 -0.4493665176516618
    outer loop
      vertex -89.00659942626953 13.834452629089355 51.00580749511718
      vertex -86.80933380126953 14.879663467407227 55.00580749511718
      vertex -87.25485229492188 11.993990898132324 55.00580749511718
    endloop
  endfacet
  facet normal 0.8825057011020018 -0.15205721461300745 -0.4450418980350028
    outer loop
      vertex -89.00659942626953 13.834452629089355 51.00580749511718
      vertex -88.50408172607422 16.750951766967773 51.00580749511718
      vertex -86.80933380126953 14.879663467407227 55.00580749511718
    endloop
  endfacet
  facet normal 0.8770357293181158 -0.18096795887225373 -0.44503811899774504
    outer loop
      vertex -88.50408172607422 16.750951766967773 51.00580749511718
      vertex -87.90602111816406 19.649368286132812 51.00580749511718
      vertex -86.2684097290039 17.74898338317871 55.00580749511718
    endloop
  endfacet
  facet normal 0.8778816874562609 -0.16549821953840235 -0.4493707624652126
    outer loop
      vertex -88.50408172607422 16.750951766967773 51.00580749511718
      vertex -86.2684097290039 17.74898338317871 55.00580749511718
      vertex -86.80933380126953 14.879663467407227 55.00580749511718
    endloop
  endfacet
  facet normal -0.9980082309413182 0.0391395119382356 0.049473928271535975
    outer loop
      vertex -90.05198669433594 2.0508182048797607 55.00580749511718
      vertex -89.68079376220703 4.837491035461426 60.289086914062494
      vertex -89.9360122680664 5.008019924163818 55.00580749511718
    endloop
  endfacet
  facet normal -0.9980287038421519 0.03742328084033039 0.05038059505702613
    outer loop
      vertex -90.05198669433594 2.0508182048797607 55.00580749511718
      vertex -89.79124450683594 1.8919178247451782 60.289086914062494
      vertex -89.68079376220703 4.837491035461426 60.289086914062494
    endloop
  endfacet
  facet normal -0.9962627491497519 0.07015213051511118 0.0503906066719724
    outer loop
      vertex -89.9360122680664 5.008019924163818 55.00580749511718
      vertex -89.68079376220703 4.837491035461426 60.289086914062494
      vertex -89.47374725341797 7.777853965759277 60.289086914062494
    endloop
  endfacet
  facet normal -0.9961841083091061 0.07190642383613863 0.04946401281223372
    outer loop
      vertex -89.9360122680664 5.008019924163818 55.00580749511718
      vertex -89.47374725341797 7.777853965759277 60.289086914062494
      vertex -89.72294616699219 7.959815502166748 55.00580749511718
    endloop
  endfacet
  facet normal -0.9932848767392689 0.10459097792628466 0.04945584876916792
    outer loop
      vertex -89.72294616699219 7.959815502166748 55.00580749511718
      vertex -89.17031860351562 10.709837913513184 60.289086914062494
      vertex -89.41303253173828 10.903018951416016 55.00580749511718
    endloop
  endfacet
  facet normal -0.9934235861545314 0.10280860431003788 0.050398108612250914
    outer loop
      vertex -89.72294616699219 7.959815502166748 55.00580749511718
      vertex -89.47374725341797 7.777853965759277 60.289086914062494
      vertex -89.17031860351562 10.709837913513184 60.289086914062494
    endloop
  endfacet
  facet normal 0.9985574854138822 -0.05369309381945342 0
    outer loop
      vertex -88.01458740234375 3.270634412765503 55.00580749511718
      vertex -87.8578109741211 6.18628454208374 55.00580749511718
      vertex -87.8578109741211 6.18628454208374 62.150537109374994
    endloop
  endfacet
  facet normal 0.9962288122443956 -0.08676493332055775 0
    outer loop
      vertex -87.8578109741211 6.18628454208374 55.00580749511718
      vertex -87.6044692993164 9.095135688781738 55.00580749511718
      vertex -87.6044692993164 9.095135688781738 62.150537109374994
    endloop
  endfacet
  facet normal -0.7332094931612754 0.027493302218400403 0.6794468025322612
    outer loop
      vertex -89.79124450683594 1.8919178247451782 60.289086914062494
      vertex -88.01458740234375 3.270634412765503 62.150537109374994
      vertex -89.68079376220703 4.837491035461426 60.289086914062494
    endloop
  endfacet
  facet normal -0.7319142010332401 0.051537950807221525 0.6794449513775683
    outer loop
      vertex -89.68079376220703 4.837491035461426 60.289086914062494
      vertex -87.8578109741211 6.18628454208374 62.150537109374994
      vertex -89.47374725341797 7.777853965759277 60.289086914062494
    endloop
  endfacet
  facet normal -0.727933836697729 0.03914148194679637 0.6845292351547395
    outer loop
      vertex -89.68079376220703 4.837491035461426 60.289086914062494
      vertex -88.01458740234375 3.270634412765503 62.150537109374994
      vertex -87.8578109741211 6.18628454208374 62.150537109374994
    endloop
  endfacet
  facet normal -0.7298270030606444 0.0755292068944002 0.6794467488401287
    outer loop
      vertex -89.47374725341797 7.777853965759277 60.289086914062494
      vertex -87.6044692993164 9.095135688781738 62.150537109374994
      vertex -89.17031860351562 10.709837913513184 60.289086914062494
    endloop
  endfacet
  facet normal -0.726235784609567 0.06325032829023812 0.6845297518177743
    outer loop
      vertex -89.47374725341797 7.777853965759277 60.289086914062494
      vertex -87.8578109741211 6.18628454208374 62.150537109374994
      vertex -87.6044692993164 9.095135688781738 62.150537109374994
    endloop
  endfacet
  facet normal 0.9985574854138822 -0.05369309381945342 0
    outer loop
      vertex -88.01458740234375 3.270634412765503 55.00580749511718
      vertex -87.8578109741211 6.18628454208374 62.150537109374994
      vertex -88.01458740234375 3.270634412765503 62.150537109374994
    endloop
  endfacet
  facet normal 0.9962288122443956 -0.08676493332055775 0
    outer loop
      vertex -87.8578109741211 6.18628454208374 55.00580749511718
      vertex -87.6044692993164 9.095135688781738 62.150537109374994
      vertex -87.8578109741211 6.18628454208374 62.150537109374994
    endloop
  endfacet
  facet normal 0.9928055841409085 -0.11973751333074217 0
    outer loop
      vertex -87.6044692993164 9.095135688781738 55.00580749511718
      vertex -87.25485229492188 11.993990898132324 62.150537109374994
      vertex -87.6044692993164 9.095135688781738 62.150537109374994
    endloop
  endfacet
  facet normal -0.7237423076874995 0.08728708379470052 0.684527601390762
    outer loop
      vertex -89.17031860351562 10.709837913513184 60.289086914062494
      vertex -87.6044692993164 9.095135688781738 62.150537109374994
      vertex -87.25485229492188 11.993990898132324 62.150537109374994
    endloop
  endfacet
  facet normal -0.989313308474274 0.1371648566731002 0.04944673669246349
    outer loop
      vertex -89.41303253173828 10.903018951416016 55.00580749511718
      vertex -88.77084350585938 13.63028621673584 60.289086914062494
      vertex -89.00659942626953 13.834452629089355 55.00580749511718
    endloop
  endfacet
  facet normal -0.9895145905904486 0.1353512874281024 0.05040738041370725
    outer loop
      vertex -89.41303253173828 10.903018951416016 55.00580749511718
      vertex -89.17031860351562 10.709837913513184 60.289086914062494
      vertex -88.77084350585938 13.63028621673584 60.289086914062494
    endloop
  endfacet
  facet normal -0.9845388615042069 0.16775422347852734 0.050415778215914496
    outer loop
      vertex -89.00659942626953 13.834452629089355 55.00580749511718
      vertex -88.77084350585938 13.63028621673584 60.289086914062494
      vertex -88.2757339477539 16.536052703857422 60.289086914062494
    endloop
  endfacet
  facet normal -0.9842734953412499 0.16959197649613905 0.04943933531967896
    outer loop
      vertex -89.00659942626953 13.834452629089355 55.00580749511718
      vertex -88.2757339477539 16.536052703857422 60.289086914062494
      vertex -88.50408172607422 16.750951766967773 55.00580749511718
    endloop
  endfacet
  facet normal 0.9928055841409085 -0.11973751333074217 0
    outer loop
      vertex -87.6044692993164 9.095135688781738 55.00580749511718
      vertex -87.25485229492188 11.993990898132324 55.00580749511718
      vertex -87.25485229492188 11.993990898132324 62.150537109374994
    endloop
  endfacet
  facet normal 0.9882908066570838 -0.1525820483447852 0
    outer loop
      vertex -87.25485229492188 11.993990898132324 55.00580749511718
      vertex -86.80933380126953 14.879663467407227 55.00580749511718
      vertex -86.80933380126953 14.879663467407227 62.150537109374994
    endloop
  endfacet
  facet normal -0.9781711864884444 0.20183629597860672 0.04942913664454524
    outer loop
      vertex -88.50408172607422 16.750951766967773 55.00580749511718
      vertex -87.685546875 19.42400550842285 60.289086914062494
      vertex -87.90602111816406 19.649368286132812 55.00580749511718
    endloop
  endfacet
  facet normal 0.9826901606921613 -0.18525670859327745 0
    outer loop
      vertex -86.80933380126953 14.879663467407227 55.00580749511718
      vertex -86.2684097290039 17.74898338317871 55.00580749511718
      vertex -86.2684097290039 17.74898338317871 62.150537109374994
    endloop
  endfacet
  facet normal -0.978503838681121 0.19996875133026 0.050425550842081786
    outer loop
      vertex -88.50408172607422 16.750951766967773 55.00580749511718
      vertex -88.2757339477539 16.536052703857422 60.289086914062494
      vertex -87.685546875 19.42400550842285 60.289086914062494
    endloop
  endfacet
  facet normal -0.7269528392289211 0.09943663653351142 0.6794497220927481
    outer loop
      vertex -89.17031860351562 10.709837913513184 60.289086914062494
      vertex -87.25485229492188 11.993990898132324 62.150537109374994
      vertex -88.77084350585938 13.63028621673584 60.289086914062494
    endloop
  endfacet
  facet normal 0.9882908066570838 -0.1525820483447852 0
    outer loop
      vertex -87.25485229492188 11.993990898132324 55.00580749511718
      vertex -86.80933380126953 14.879663467407227 62.150537109374994
      vertex -87.25485229492188 11.993990898132324 62.150537109374994
    endloop
  endfacet
  facet normal -0.7204539704548174 0.11123076508418056 0.6845245016467102
    outer loop
      vertex -88.77084350585938 13.63028621673584 60.289086914062494
      vertex -87.25485229492188 11.993990898132324 62.150537109374994
      vertex -86.80933380126953 14.879663467407227 62.150537109374994
    endloop
  endfacet
  facet normal 0.9826901606921613 -0.18525670859327745 0
    outer loop
      vertex -86.80933380126953 14.879663467407227 55.00580749511718
      vertex -86.2684097290039 17.74898338317871 62.150537109374994
      vertex -86.80933380126953 14.879663467407227 62.150537109374994
    endloop
  endfacet
  facet normal -0.7232928768891798 0.12324087921193343 0.6794550021395408
    outer loop
      vertex -88.77084350585938 13.63028621673584 60.289086914062494
      vertex -86.80933380126953 14.879663467407227 62.150537109374994
      vertex -88.2757339477539 16.536052703857422 60.289086914062494
    endloop
  endfacet
  facet normal 0.976009578033156 -0.2177275903222661 0
    outer loop
      vertex -86.2684097290039 17.74898338317871 55.00580749511718
      vertex -85.63267517089844 20.598796844482422 62.150537109374994
      vertex -86.2684097290039 17.74898338317871 62.150537109374994
    endloop
  endfacet
  facet normal -0.7188532615396372 0.14690610646302363 0.6794619814659983
    outer loop
      vertex -88.2757339477539 16.536052703857422 60.289086914062494
      vertex -86.2684097290039 17.74898338317871 62.150537109374994
      vertex -87.685546875 19.42400550842285 60.289086914062494
    endloop
  endfacet
  facet normal -0.7163779267539885 0.13505153722699578 0.6845171643956655
    outer loop
      vertex -88.2757339477539 16.536052703857422 60.289086914062494
      vertex -86.80933380126953 14.879663467407227 62.150537109374994
      vertex -86.2684097290039 17.74898338317871 62.150537109374994
    endloop
  endfacet
  facet normal 0 0 1
    outer loop
      vertex -92.42438507080078 17.547138214111328 55.00580749511718
      vertex -87.90602111816406 19.649368286132812 55.00580749511718
      vertex -91.81022644042969 20.51951789855957 55.00580749511718
    endloop
  endfacet
  facet normal 0 0 1
    outer loop
      vertex -91.81022644042969 20.51951789855957 55.00580749511718
      vertex -87.21307373046875 22.526575088500977 55.00580749511718
      vertex -91.10050964355469 23.470539093017578 55.00580749511718
    endloop
  endfacet
  facet normal 0 0 1
    outer loop
      vertex -91.81022644042969 20.51951789855957 55.00580749511718
      vertex -87.90602111816406 19.649368286132812 55.00580749511718
      vertex -87.21307373046875 22.526575088500977 55.00580749511718
    endloop
  endfacet
  facet normal 0 0 1
    outer loop
      vertex -91.10050964355469 23.470539093017578 55.00580749511718
      vertex -87.21307373046875 22.526575088500977 55.00580749511718
      vertex -86.42597198486328 25.37946319580078 55.00580749511718
    endloop
  endfacet
  facet normal 0 0 1
    outer loop
      vertex -91.10050964355469 23.470539093017578 55.00580749511718
      vertex -86.42597198486328 25.37946319580078 55.00580749511718
      vertex -90.29595947265625 26.39712905883789 55.00580749511718
    endloop
  endfacet
  facet normal 0.8706190990233993 -0.20968017656893972 -0.44503551315563866
    outer loop
      vertex -87.90602111816406 19.649368286132812 51.00580749511718
      vertex -87.21307373046875 22.526575088500977 51.00580749511718
      vertex -85.63267517089844 20.598796844482422 55.00580749511718
    endloop
  endfacet
  facet normal 0.871912762014015 -0.19450573940791174 -0.44937251003424
    outer loop
      vertex -86.2684097290039 17.74898338317871 55.00580749511718
      vertex -87.90602111816406 19.649368286132812 51.00580749511718
      vertex -85.63267517089844 20.598796844482422 55.00580749511718
    endloop
  endfacet
  facet normal 0.8649844808756054 -0.22330297291618614 -0.4493747101597424
    outer loop
      vertex -87.21307373046875 22.526575088500977 51.00580749511718
      vertex -84.90281677246094 23.42597007751465 55.00580749511718
      vertex -85.63267517089844 20.598796844482422 55.00580749511718
    endloop
  endfacet
  facet normal 0.8632600793807722 -0.23817040480961166 -0.44503583408567077
    outer loop
      vertex -87.21307373046875 22.526575088500977 51.00580749511718
      vertex -86.42597198486328 25.37946319580078 51.00580749511718
      vertex -84.90281677246094 23.42597007751465 55.00580749511718
    endloop
  endfacet
  facet normal 0.8549710990076802 -0.26639773128935135 -0.44503558130276066
    outer loop
      vertex -86.42597198486328 25.37946319580078 51.00580749511718
      vertex -85.54558563232422 28.2049560546875 51.00580749511718
      vertex -84.07965850830078 26.227397918701172 55.00580749511718
    endloop
  endfacet
  facet normal 0 0 1
    outer loop
      vertex -90.29595947265625 26.39712905883789 55.00580749511718
      vertex -86.42597198486328 25.37946319580078 55.00580749511718
      vertex -85.54558563232422 28.2049560546875 55.00580749511718
    endloop
  endfacet
  facet normal 0.8571088077718406 -0.2518487851191715 -0.44937365418316555
    outer loop
      vertex -86.42597198486328 25.37946319580078 51.00580749511718
      vertex -84.07965850830078 26.227397918701172 55.00580749511718
      vertex -84.90281677246094 23.42597007751465 55.00580749511718
    endloop
  endfacet
  facet normal 0 0 1
    outer loop
      vertex -90.29595947265625 26.39712905883789 55.00580749511718
      vertex -85.54558563232422 28.2049560546875 55.00580749511718
      vertex -89.39742279052734 29.29624366760254 55.00580749511718
    endloop
  endfacet
  facet normal 0.8457560715518369 -0.29434274513797565 -0.4450382183788769
    outer loop
      vertex -85.54558563232422 28.2049560546875 51.00580749511718
      vertex -84.57284545898438 31 51.00580749511718
      vertex -83.1640853881836 29 55.00580749511718
    endloop
  endfacet
  facet normal 0 0 1
    outer loop
      vertex -89.39742279052734 29.29624366760254 55.00580749511718
      vertex -84.57284545898438 31 55.00580749511718
      vertex -88.40583038330078 32.16486358642578 55.00580749511718
    endloop
  endfacet
  facet normal 0 0 1
    outer loop
      vertex -89.39742279052734 29.29624366760254 55.00580749511718
      vertex -85.54558563232422 28.2049560546875 55.00580749511718
      vertex -84.57284545898438 31 55.00580749511718
    endloop
  endfacet
  facet normal 0.8482894303812608 -0.28012350051067203 -0.44937274813353284
    outer loop
      vertex -84.07965850830078 26.227397918701172 55.00580749511718
      vertex -85.54558563232422 28.2049560546875 51.00580749511718
      vertex -83.1640853881836 29 55.00580749511718
    endloop
  endfacet
  facet normal 0 0 1
    outer loop
      vertex -88.40583038330078 32.16486358642578 55.00580749511718
      vertex -84.57284545898438 31 55.00580749511718
      vertex -87.32221221923828 35 55.00580749511718
    endloop
  endfacet
  facet normal -0.9710135940622683 0.23385921820714048 0.04942131327495874
    outer loop
      vertex -87.90602111816406 19.649368286132812 55.00580749511718
      vertex -87.00090026855469 22.291034698486328 60.289086914062494
      vertex -87.21307373046875 22.526575088500977 55.00580749511718
    endloop
  endfacet
  facet normal 0.976009578033156 -0.2177275903222661 0
    outer loop
      vertex -86.2684097290039 17.74898338317871 55.00580749511718
      vertex -85.63267517089844 20.598796844482422 55.00580749511718
      vertex -85.63267517089844 20.598796844482422 62.150537109374994
    endloop
  endfacet
  facet normal -0.9714138048573779 0.2319736287494889 0.05043268084592192
    outer loop
      vertex -87.90602111816406 19.649368286132812 55.00580749511718
      vertex -87.685546875 19.42400550842285 60.289086914062494
      vertex -87.00090026855469 22.291034698486328 60.289086914062494
    endloop
  endfacet
  facet normal 0.9682553356723723 -0.24996320717653955 0
    outer loop
      vertex -85.63267517089844 20.598796844482422 55.00580749511718
      vertex -84.90281677246094 23.42597007751465 55.00580749511718
      vertex -84.90281677246094 23.42597007751465 62.150537109374994
    endloop
  endfacet
  facet normal -0.9628066312911093 0.26563494664605664 0.04941119166962679
    outer loop
      vertex -87.21307373046875 22.526575088500977 55.00580749511718
      vertex -86.22254180908203 25.13405418395996 60.289086914062494
      vertex -86.42597198486328 25.37946319580078 55.00580749511718
    endloop
  endfacet
  facet normal -0.9632780769780472 0.263725114749084 0.05044214769473823
    outer loop
      vertex -87.21307373046875 22.526575088500977 55.00580749511718
      vertex -87.00090026855469 22.291034698486328 60.289086914062494
      vertex -86.22254180908203 25.13405418395996 60.289086914062494
    endloop
  endfacet
  facet normal -0.954104212624215 0.29519490576353624 0.0504491730753201
    outer loop
      vertex -86.42597198486328 25.37946319580078 55.00580749511718
      vertex -86.22254180908203 25.13405418395996 60.289086914062494
      vertex -85.35130310058594 27.94999885559082 60.289086914062494
    endloop
  endfacet
  facet normal 0.9594388122175573 -0.2819169480725891 0
    outer loop
      vertex -84.90281677246094 23.42597007751465 55.00580749511718
      vertex -84.07965850830078 26.227397918701172 55.00580749511718
      vertex -84.07965850830078 26.227397918701172 62.150537109374994
    endloop
  endfacet
  facet normal -0.713636877762639 0.17041649533522943 0.6794708417694242
    outer loop
      vertex -87.685546875 19.42400550842285 60.289086914062494
      vertex -85.63267517089844 20.598796844482422 62.150537109374994
      vertex -87.00090026855469 22.291034698486328 60.289086914062494
    endloop
  endfacet
  facet normal 0.9682553356723723 -0.24996320717653955 0
    outer loop
      vertex -85.63267517089844 20.598796844482422 55.00580749511718
      vertex -84.90281677246094 23.42597007751465 62.150537109374994
      vertex -85.63267517089844 20.598796844482422 62.150537109374994
    endloop
  endfacet
  facet normal -0.7115147189529939 0.15872424689586098 0.6845096187494987
    outer loop
      vertex -86.2684097290039 17.74898338317871 62.150537109374994
      vertex -85.63267517089844 20.598796844482422 62.150537109374994
      vertex -87.685546875 19.42400550842285 60.289086914062494
    endloop
  endfacet
  facet normal -0.7058712144779616 0.18222655339356972 0.6844993146889978
    outer loop
      vertex -87.00090026855469 22.291034698486328 60.289086914062494
      vertex -85.63267517089844 20.598796844482422 62.150537109374994
      vertex -84.90281677246094 23.42597007751465 62.150537109374994
    endloop
  endfacet
  facet normal -0.7076489464236139 0.19373927846786146 0.6794836720660046
    outer loop
      vertex -87.00090026855469 22.291034698486328 60.289086914062494
      vertex -84.90281677246094 23.42597007751465 62.150537109374994
      vertex -86.22254180908203 25.13405418395996 60.289086914062494
    endloop
  endfacet
  facet normal 0.9594388122175573 -0.2819169480725891 0
    outer loop
      vertex -84.90281677246094 23.42597007751465 55.00580749511718
      vertex -84.07965850830078 26.227397918701172 62.150537109374994
      vertex -84.90281677246094 23.42597007751465 62.150537109374994
    endloop
  endfacet
  facet normal -0.7008988945472865 0.21685449072337723 0.6794960408092872
    outer loop
      vertex -86.22254180908203 25.13405418395996 60.289086914062494
      vertex -84.07965850830078 26.227397918701172 62.150537109374994
      vertex -85.35130310058594 27.94999885559082 60.289086914062494
    endloop
  endfacet
  facet normal -0.6994541949574757 0.20552430175637715 0.6844878308223917
    outer loop
      vertex -86.22254180908203 25.13405418395996 60.289086914062494
      vertex -84.90281677246094 23.42597007751465 62.150537109374994
      vertex -84.07965850830078 26.227397918701172 62.150537109374994
    endloop
  endfacet
  facet normal -0.9535620379032018 0.29711736903843755 0.04940353110426039
    outer loop
      vertex -86.42597198486328 25.37946319580078 55.00580749511718
      vertex -85.35130310058594 27.94999885559082 60.289086914062494
      vertex -85.54558563232422 28.2049560546875 55.00580749511718
    endloop
  endfacet
  facet normal -0.9432861576288998 0.32828547902434574 0.04939503099971029
    outer loop
      vertex -85.54558563232422 28.2049560546875 55.00580749511718
      vertex -84.38812255859375 30.735836029052734 60.289086914062494
      vertex -84.57284545898438 31 55.00580749511718
    endloop
  endfacet
  facet normal 0.9495660071364092 -0.31356721463032 0
    outer loop
      vertex -84.07965850830078 26.227397918701172 55.00580749511718
      vertex -83.1640853881836 29 55.00580749511718
      vertex -83.1640853881836 29 62.150537109374994
    endloop
  endfacet
  facet normal -0.9439024360564613 0.32634658931585175 0.05045884311583935
    outer loop
      vertex -85.54558563232422 28.2049560546875 55.00580749511718
      vertex -85.35130310058594 27.94999885559082 60.289086914062494
      vertex -84.38812255859375 30.735836029052734 60.289086914062494
    endloop
  endfacet
  facet normal 0.9495660071364092 -0.31356721463032 0
    outer loop
      vertex -84.07965850830078 26.227397918701172 55.00580749511718
      vertex -83.1640853881836 29 62.150537109374994
      vertex -84.07965850830078 26.227397918701172 62.150537109374994
    endloop
  endfacet
  facet normal -0.6933914358207486 0.23973444870671665 0.6795113765300235
    outer loop
      vertex -85.35130310058594 27.94999885559082 60.289086914062494
      vertex -83.1640853881836 29 62.150537109374994
      vertex -84.38812255859375 30.735836029052734 60.289086914062494
    endloop
  endfacet
  facet normal -0.6922699721836396 0.2286025040054425 0.684472921871497
    outer loop
      vertex -84.07965850830078 26.227397918701172 62.150537109374994
      vertex -83.1640853881836 29 62.150537109374994
      vertex -85.35130310058594 27.94999885559082 60.289086914062494
    endloop
  endfacet
  facet normal -0.6894824761630756 0.24481144175309408 0.6816753428508363
    outer loop
      vertex -84.38812255859375 30.735836029052734 60.289086914062494
      vertex -83.1640853881836 29 62.150537109374994
      vertex -82.1286849975586 29.534589767456055 63.00580749511718
    endloop
  endfacet
  facet normal -0.6865741748082018 0.2521002774861526 0.6819540692582174
    outer loop
      vertex -84.38812255859375 30.735836029052734 60.289086914062494
      vertex -81.93492889404297 30.067930221557617 63.00580749511718
      vertex -83.05342102050781 30.667383193969727 61.65813598632812
    endloop
  endfacet
  facet normal -0.6896067431987514 0.24585355884735624 0.6811744030253198
    outer loop
      vertex -83.1640853881836 29 62.150537109374994
      vertex -82.88243103027344 29 62.43567810058593
      vertex -82.1286849975586 29.534589767456055 63.00580749511718
    endloop
  endfacet
  facet normal -0.6895431231083171 0.24559616712706642 0.6813316402945941
    outer loop
      vertex -82.88243103027344 29 62.43567810058593
      vertex -82.6007308959961 29 62.72077331542968
      vertex -82.1286849975586 29.534589767456055 63.00580749511718
    endloop
  endfacet
  facet normal -0.6894317060909161 0.24539999331542553 0.6815150518641226
    outer loop
      vertex -82.6007308959961 29 62.72077331542968
      vertex -82.3189697265625 29 63.00580749511718
      vertex -82.1286849975586 29.534589767456055 63.00580749511718
    endloop
  endfacet
  facet normal -0.6873441370386026 0.24970376940795286 0.6820601621720174
    outer loop
      vertex -84.38812255859375 30.735836029052734 60.289086914062494
      vertex -82.1286849975586 29.534589767456055 63.00580749511718
      vertex -81.93492889404297 30.067930221557617 63.00580749511718
    endloop
  endfacet
  facet normal -0.6856626718601148 0.2541512352050698 0.6821098519017196
    outer loop
      vertex -83.05342102050781 30.667383193969727 61.65813598632812
      vertex -81.93492889404297 30.067930221557617 63.00580749511718
      vertex -81.73770904541016 30.600000381469727 63.00580749511718
    endloop
  endfacet
  facet normal 0 -0.894427190999916 -0.447213595499958
    outer loop
      vertex -84.57284545898438 31 51.00580749511718
      vertex -39 31 51.00580749511718
      vertex -83.1640853881836 29 55.00580749511718
    endloop
  endfacet
  facet normal 0 0 1
    outer loop
      vertex -87.32221221923828 35 55.00580749511718
      vertex -84.57284545898438 31 55.00580749511718
      vertex -39.5 31 55.00580749511718
    endloop
  endfacet
  facet normal 0 -0.894427190999916 -0.447213595499958
    outer loop
      vertex -83.1640853881836 29 55.00580749511718
      vertex -39 31 51.00580749511718
      vertex -39.5 29 55.00580749511718
    endloop
  endfacet
  facet normal 0 0 1
    outer loop
      vertex -87.32221221923828 35 55.00580749511718
      vertex -39.5 31 55.00580749511718
      vertex -36 35 55.00580749511718
    endloop
  endfacet
  facet normal 0 0.9987523388778446 0.04993761694389223
    outer loop
      vertex -84.57284545898438 31 55.00580749511718
      vertex -84.38812255859375 30.735836029052734 60.289086914062494
      vertex -39.5 31 55.00580749511718
    endloop
  endfacet
  facet normal 0 -1 0
    outer loop
      vertex -83.1640853881836 29 55.00580749511718
      vertex -39.5 29 55.00580749511718
      vertex -83.1640853881836 29 62.150537109374994
    endloop
  endfacet
  facet normal -2.6918654664415933e-8 0.9987523236890643 0.04993792071856675
    outer loop
      vertex -84.38812255859375 30.735836029052734 60.289086914062494
      vertex -83.05342102050781 30.667383193969727 61.65813598632812
      vertex -39.5 30.600000381469727 63.00580749511718
    endloop
  endfacet
  facet normal 0 -1 0
    outer loop
      vertex -83.1640853881836 29 62.150537109374994
      vertex -39.5 29 63.00580749511718
      vertex -82.88243103027344 29 62.43567810058593
    endloop
  endfacet
  facet normal 0 -1 0
    outer loop
      vertex -82.88243103027344 29 62.43567810058593
      vertex -39.5 29 63.00580749511718
      vertex -82.6007308959961 29 62.72077331542968
    endloop
  endfacet
  facet normal 0 -1 0
    outer loop
      vertex -82.6007308959961 29 62.72077331542968
      vertex -39.5 29 63.00580749511718
      vertex -82.3189697265625 29 63.00580749511718
    endloop
  endfacet
  facet normal 0 0 1
    outer loop
      vertex -82.3189697265625 29 63.00580749511718
      vertex -39.5 29 63.00580749511718
      vertex -82.1286849975586 29.534589767456055 63.00580749511718
    endloop
  endfacet
  facet normal 0 0 1
    outer loop
      vertex -82.1286849975586 29.534589767456055 63.00580749511718
      vertex -39.5 29 63.00580749511718
      vertex -81.93492889404297 30.067930221557617 63.00580749511718
    endloop
  endfacet
  facet normal 0 0 1
    outer loop
      vertex -81.93492889404297 30.067930221557617 63.00580749511718
      vertex -39.5 30.600000381469727 63.00580749511718
      vertex -81.73770904541016 30.600000381469727 63.00580749511718
    endloop
  endfacet
  facet normal 0 0.998752367077709 0.04993705294341281
    outer loop
      vertex -83.05342102050781 30.667383193969727 61.65813598632812
      vertex -81.73770904541016 30.600000381469727 63.00580749511718
      vertex -39.5 30.600000381469727 63.00580749511718
    endloop
  endfacet
  facet normal -5.605315212599909e-9 0.9987523412531164 0.049937569438433006
    outer loop
      vertex -84.38812255859375 30.735836029052734 60.289086914062494
      vertex -39.5 30.600000381469727 63.00580749511718
      vertex -39.5 31 55.00580749511718
    endloop
  endfacet
  facet normal 0 -1 0
    outer loop
      vertex -83.1640853881836 29 62.150537109374994
      vertex -39.5 29 55.00580749511718
      vertex -39.5 29 63.00580749511718
    endloop
  endfacet
  facet normal 0 0 1
    outer loop
      vertex -81.93492889404297 30.067930221557617 63.00580749511718
      vertex -39.5 29 63.00580749511718
      vertex -39.5 30.600000381469727 63.00580749511718
    endloop
  endfacet
  facet normal -1 0 0
    outer loop
      vertex -39 -31.386003494262695 0
      vertex -39 -31.386003494262695 55.00580749511718
      vertex -39 31 51.00580749511718
    endloop
  endfacet
  facet normal 0 0 1
    outer loop
      vertex -39 -31.386003494262695 55.00580749511718
      vertex -36 -30 55.00580749511718
      vertex -39 29 55.00580749511718
    endloop
  endfacet
  facet normal 1 0 0
    outer loop
      vertex -36 -30 55.00580749511718
      vertex -36 35 0
      vertex -36 35 55.00580749511718
    endloop
  endfacet
  facet normal -1 0 0
    outer loop
      vertex -39 -31.386003494262695 55.00580749511718
      vertex -39 29 55.00580749511718
      vertex -39 31 51.00580749511718
    endloop
  endfacet
  facet normal 0 0 1
    outer loop
      vertex -36 -30 55.00580749511718
      vertex -36 35 55.00580749511718
      vertex -39 29 55.00580749511718
    endloop
  endfacet
  facet normal 0 -0.8944271909999159 -0.4472135954999579
    outer loop
      vertex -39 31 51.00580749511718
      vertex -39 29 55.00580749511718
      vertex -39.5 29 55.00580749511718
    endloop
  endfacet
  facet normal 0 0 1
    outer loop
      vertex -39.5 29 55.00580749511718
      vertex -39 29 55.00580749511718
      vertex -39.5 31 55.00580749511718
    endloop
  endfacet
  facet normal 0 0 1
    outer loop
      vertex -39 29 55.00580749511718
      vertex -36 35 55.00580749511718
      vertex -39.5 31 55.00580749511718
    endloop
  endfacet
  facet normal 1 0 0
    outer loop
      vertex -39.5 29 55.00580749511718
      vertex -39.5 31 55.00580749511718
      vertex -39.5 30.600000381469727 63.00580749511718
    endloop
  endfacet
  facet normal 1 0 0
    outer loop
      vertex -39.5 29 55.00580749511718
      vertex -39.5 30.600000381469727 63.00580749511718
      vertex -39.5 29 63.00580749511718
    endloop
  endfacet
  facet normal 0.032257882907469844 -0.999479579076195 0
    outer loop
      vertex 1.5175827741622925 -94.06309509277344 0
      vertex 4.551168918609619 -93.9651870727539 0
      vertex 1.5175827741622925 -94.06309509277344 15.005807495117182
    endloop
  endfacet
  facet normal 0 1 0
    outer loop
      vertex -1.479737639427185 -90.06317901611328 0
      vertex 1.479737639427185 -90.06317901611328 13.005807495117182
      vertex 1.479737639427185 -90.06317901611328 0
    endloop
  endfacet
  facet normal 0.06448559715536999 -0.9979186378455488 0
    outer loop
      vertex 4.551168918609619 -93.9651870727539 0
      vertex 7.580017566680908 -93.76946258544922 0
      vertex 4.551168918609619 -93.9651870727539 15.005807495117182
    endloop
  endfacet
  facet normal -0.03285088454708064 0.9994602640347812 0
    outer loop
      vertex 1.479737639427185 -90.06317901611328 0
      vertex 4.437615394592285 -89.96595764160156 13.005807495117182
      vertex 4.437615394592285 -89.96595764160156 0
    endloop
  endfacet
  facet normal 0.09664293887732832 -0.9953191158443371 0
    outer loop
      vertex 7.580017566680908 -93.76946258544922 0
      vertex 10.60097599029541 -93.47613525390625 0
      vertex 7.580017566680908 -93.76946258544922 15.005807495117182
    endloop
  endfacet
  facet normal 0.12869973387147715 -0.9916836080632829 0
    outer loop
      vertex 10.60097599029541 -93.47613525390625 0
      vertex 13.610899925231934 -93.08551025390625 0
      vertex 10.60097599029541 -93.47613525390625 15.005807495117182
    endloop
  endfacet
  facet normal -0.06566568362678739 0.997841679823922 0
    outer loop
      vertex 4.437615394592285 -89.96595764160156 0
      vertex 7.390702724456787 -89.77162170410156 13.005807495117182
      vertex 7.390702724456787 -89.77162170410156 0
    endloop
  endfacet
  facet normal -0.098410851789672 0.9951458708400649 0
    outer loop
      vertex 7.390702724456787 -89.77162170410156 0
      vertex 10.33581256866455 -89.48037719726562 13.005807495117182
      vertex 10.33581256866455 -89.48037719726562 0
    endloop
  endfacet
  facet normal 0.1606233589906557 -0.9870157732004888 0
    outer loop
      vertex 13.610899925231934 -93.08551025390625 0
      vertex 16.60665512084961 -92.59799194335938 0
      vertex 13.610899925231934 -93.08551025390625 15.005807495117182
    endloop
  endfacet
  facet normal 0.1923808332431904 -0.9813203427019415 0
    outer loop
      vertex 16.60665512084961 -92.59799194335938 0
      vertex 19.585126876831055 -92.01408386230469 0
      vertex 16.60665512084961 -92.59799194335938 15.005807495117182
    endloop
  endfacet
  facet normal -0.1310503736222447 0.9913757106029327 0
    outer loop
      vertex 10.33581256866455 -89.48037719726562 0
      vertex 13.269763946533203 -89.09253692626953 13.005807495117182
      vertex 13.269763946533203 -89.09253692626953 0
    endloop
  endfacet
  facet normal -0.1635479922239253 0.9865353791119318 0
    outer loop
      vertex 13.269763946533203 -89.09253692626953 0
      vertex 16.18939208984375 -88.6085205078125 13.005807495117182
      vertex 16.18939208984375 -88.6085205078125 0
    endloop
  endfacet
  facet normal 0.22393520511667997 -0.9746040344208259 0
    outer loop
      vertex 19.585126876831055 -92.01408386230469 0
      vertex 22.543209075927734 -91.33440399169922 0
      vertex 19.585126876831055 -92.01408386230469 15.005807495117182
    endloop
  endfacet
  facet normal -0.1958678767294492 0.9806302946908673 0
    outer loop
      vertex 16.18939208984375 -88.6085205078125 0
      vertex 19.091543197631836 -88.02885437011719 13.005807495117182
      vertex 19.091543197631836 -88.02885437011719 0
    endloop
  endfacet
  facet normal -0.22797632732237527 0.97366667508989 0
    outer loop
      vertex 19.091543197631836 -88.02885437011719 0
      vertex 21.973085403442383 -87.35416412353516 13.005807495117182
      vertex 21.973085403442383 -87.35416412353516 0
    endloop
  endfacet
  facet normal -0.03285088454708064 0.9994602640347812 0
    outer loop
      vertex 1.479737639427185 -90.06317901611328 0
      vertex 1.479737639427185 -90.06317901611328 13.005807495117182
      vertex 4.437615394592285 -89.96595764160156 13.005807495117182
    endloop
  endfacet
  facet normal 0 -1 0
    outer loop
      vertex -1.5175827741622925 -94.06309509277344 15.005807495117182
      vertex 1.5175827741622925 -94.06309509277344 0
      vertex 1.5175827741622925 -94.06309509277344 15.005807495117182
    endloop
  endfacet
  facet normal 0.032257882907469844 -0.999479579076195 0
    outer loop
      vertex 4.551168918609619 -93.9651870727539 0
      vertex 4.551168918609619 -93.9651870727539 15.005807495117182
      vertex 1.5175827741622925 -94.06309509277344 15.005807495117182
    endloop
  endfacet
  facet normal -0.06566568362678739 0.997841679823922 0
    outer loop
      vertex 4.437615394592285 -89.96595764160156 0
      vertex 4.437615394592285 -89.96595764160156 13.005807495117182
      vertex 7.390702724456787 -89.77162170410156 13.005807495117182
    endloop
  endfacet
  facet normal 0.06448559715536999 -0.9979186378455488 0
    outer loop
      vertex 7.580017566680908 -93.76946258544922 0
      vertex 7.580017566680908 -93.76946258544922 15.005807495117182
      vertex 4.551168918609619 -93.9651870727539 15.005807495117182
    endloop
  endfacet
  facet normal 0.09664293887732832 -0.9953191158443371 0
    outer loop
      vertex 10.60097599029541 -93.47613525390625 0
      vertex 10.60097599029541 -93.47613525390625 15.005807495117182
      vertex 7.580017566680908 -93.76946258544922 15.005807495117182
    endloop
  endfacet
  facet normal -0.098410851789672 0.9951458708400649 0
    outer loop
      vertex 7.390702724456787 -89.77162170410156 0
      vertex 7.390702724456787 -89.77162170410156 13.005807495117182
      vertex 10.33581256866455 -89.48037719726562 13.005807495117182
    endloop
  endfacet
  facet normal -0.1310503736222447 0.9913757106029327 0
    outer loop
      vertex 10.33581256866455 -89.48037719726562 0
      vertex 10.33581256866455 -89.48037719726562 13.005807495117182
      vertex 13.269763946533203 -89.09253692626953 13.005807495117182
    endloop
  endfacet
  facet normal 0.12869973387147715 -0.9916836080632829 0
    outer loop
      vertex 13.610899925231934 -93.08551025390625 0
      vertex 13.610899925231934 -93.08551025390625 15.005807495117182
      vertex 10.60097599029541 -93.47613525390625 15.005807495117182
    endloop
  endfacet
  facet normal 0.1606233589906557 -0.9870157732004888 0
    outer loop
      vertex 16.60665512084961 -92.59799194335938 0
      vertex 16.60665512084961 -92.59799194335938 15.005807495117182
      vertex 13.610899925231934 -93.08551025390625 15.005807495117182
    endloop
  endfacet
  facet normal -0.1635479922239253 0.9865353791119318 0
    outer loop
      vertex 13.269763946533203 -89.09253692626953 0
      vertex 13.269763946533203 -89.09253692626953 13.005807495117182
      vertex 16.18939208984375 -88.6085205078125 13.005807495117182
    endloop
  endfacet
  facet normal -0.1958678767294492 0.9806302946908673 0
    outer loop
      vertex 16.18939208984375 -88.6085205078125 0
      vertex 16.18939208984375 -88.6085205078125 13.005807495117182
      vertex 19.091543197631836 -88.02885437011719 13.005807495117182
    endloop
  endfacet
  facet normal 0.1923808332431904 -0.9813203427019415 0
    outer loop
      vertex 19.585126876831055 -92.01408386230469 0
      vertex 19.585126876831055 -92.01408386230469 15.005807495117182
      vertex 16.60665512084961 -92.59799194335938 15.005807495117182
    endloop
  endfacet
  facet normal 0.22393520511667997 -0.9746040344208259 0
    outer loop
      vertex 22.543209075927734 -91.33440399169922 0
      vertex 22.543209075927734 -91.33440399169922 15.005807495117182
      vertex 19.585126876831055 -92.01408386230469 15.005807495117182
    endloop
  endfacet
  facet normal -0.22797632732237527 0.97366667508989 0
    outer loop
      vertex 19.091543197631836 -88.02885437011719 0
      vertex 19.091543197631836 -88.02885437011719 13.005807495117182
      vertex 21.973085403442383 -87.35416412353516 13.005807495117182
    endloop
  endfacet
  facet normal -0.2598398333190506 0.9656517286375704 0
    outer loop
      vertex 21.973085403442383 -87.35416412353516 0
      vertex 21.973085403442383 -87.35416412353516 13.005807495117182
      vertex 24.830907821655273 -86.58517456054688 13.005807495117182
    endloop
  endfacet
  facet normal 0.25526015729784046 -0.9668724073507744 0
    outer loop
      vertex 22.543209075927734 -91.33440399169922 0
      vertex 25.477828979492188 -90.55964660644531 0
      vertex 22.543209075927734 -91.33440399169922 15.005807495117182
    endloop
  endfacet
  facet normal 0.28631688450267884 -0.958134980912752 0
    outer loop
      vertex 25.477828979492188 -90.55964660644531 0
      vertex 28.38592529296875 -89.69062805175781 0
      vertex 25.477828979492188 -90.55964660644531 15.005807495117182
    endloop
  endfacet
  facet normal -0.2598398333190506 0.9656517286375704 0
    outer loop
      vertex 21.973085403442383 -87.35416412353516 0
      vertex 24.830907821655273 -86.58517456054688 13.005807495117182
      vertex 24.830907821655273 -86.58517456054688 0
    endloop
  endfacet
  facet normal 0.31707637888391016 -0.9484000052477156 0
    outer loop
      vertex 28.38592529296875 -89.69062805175781 0
      vertex 31.264476776123047 -88.7282485961914 0
      vertex 28.38592529296875 -89.69062805175781 15.005807495117182
    endloop
  endfacet
  facet normal -0.291422473602396 0.9565944500567944 0
    outer loop
      vertex 24.830907821655273 -86.58517456054688 0
      vertex 27.661924362182617 -85.72271728515625 13.005807495117182
      vertex 27.661924362182617 -85.72271728515625 0
    endloop
  endfacet
  facet normal 0.3475066575443396 -0.9376775154403358 0
    outer loop
      vertex 31.264476776123047 -88.7282485961914 0
      vertex 34.1104850769043 -87.67350769042969 0
      vertex 31.264476776123047 -88.7282485961914 15.005807495117182
    endloop
  endfacet
  facet normal 0.37757297770472276 -0.9259798305077649 0
    outer loop
      vertex 34.1104850769043 -87.67350769042969 0
      vertex 36.92098617553711 -86.52751159667969 0
      vertex 34.1104850769043 -87.67350769042969 15.005807495117182
    endloop
  endfacet
  facet normal -0.322690370106293 0.9465045826833928 0
    outer loop
      vertex 27.661924362182617 -85.72271728515625 0
      vertex 30.46308135986328 -84.7677230834961 13.005807495117182
      vertex 30.46308135986328 -84.7677230834961 0
    endloop
  endfacet
  facet normal -0.35361031666988413 0.9353928286792798 0
    outer loop
      vertex 30.46308135986328 -84.7677230834961 0
      vertex 33.231353759765625 -83.72122192382812 13.005807495117182
      vertex 33.231353759765625 -83.72122192382812 0
    endloop
  endfacet
  facet normal -0.38414654343204546 0.9232721338636901 0
    outer loop
      vertex 33.231353759765625 -83.72122192382812 0
      vertex 35.96375274658203 -82.5843505859375 13.005807495117182
      vertex 35.96375274658203 -82.5843505859375 0
    endloop
  endfacet
  facet normal 0.407248791041298 -0.913317262617652 0
    outer loop
      vertex 36.92098617553711 -86.52751159667969 0
      vertex 39.693058013916016 -85.29144287109375 0
      vertex 36.92098617553711 -86.52751159667969 15.005807495117182
    endloop
  endfacet
  facet normal 0.4364986017272789 -0.8997049353483231 0
    outer loop
      vertex 39.693058013916016 -85.29144287109375 0
      vertex 42.42380905151367 -83.96659851074219 0
      vertex 39.693058013916016 -85.29144287109375 15.005807495117182
    endloop
  endfacet
  facet normal -0.41427205049082383 0.9101531015066248 0
    outer loop
      vertex 35.96375274658203 -82.5843505859375 0
      vertex 38.65732955932617 -81.35832214355469 13.005807495117182
      vertex 38.65732955932617 -81.35832214355469 0
    endloop
  endfacet
  facet normal -0.4439469281418098 0.8960530815713156 0
    outer loop
      vertex 38.65732955932617 -81.35832214355469 0
      vertex 41.30917739868164 -80.04447174072266 13.005807495117182
      vertex 41.30917739868164 -80.04447174072266 0
    endloop
  endfacet
  facet normal 0.46529508974080247 -0.8851556244317146 0
    outer loop
      vertex 42.42380905151367 -83.96659851074219 0
      vertex 45.11040115356445 -82.55435180664062 0
      vertex 42.42380905151367 -83.96659851074219 15.005807495117182
    endloop
  endfacet
  facet normal 0.49360793451689183 -0.8696845445228791 0
    outer loop
      vertex 45.11040115356445 -82.55435180664062 0
      vertex 47.75004196166992 -81.05616760253906 0
      vertex 45.11040115356445 -82.55435180664062 15.005807495117182
    endloop
  endfacet
  facet normal -0.4731427190584612 0.8809857929626141 0
    outer loop
      vertex 41.30917739868164 -80.04447174072266 0
      vertex 43.91643142700195 -78.64421844482422 13.005807495117182
      vertex 43.91643142700195 -78.64421844482422 0
    endloop
  endfacet
  facet normal 0.25526015729784046 -0.9668724073507744 0
    outer loop
      vertex 22.543209075927734 -91.33440399169922 15.005807495117182
      vertex 25.477828979492188 -90.55964660644531 0
      vertex 25.477828979492188 -90.55964660644531 15.005807495117182
    endloop
  endfacet
  facet normal -0.291422473602396 0.9565944500567944 0
    outer loop
      vertex 24.830907821655273 -86.58517456054688 0
      vertex 24.830907821655273 -86.58517456054688 13.005807495117182
      vertex 27.661924362182617 -85.72271728515625 13.005807495117182
    endloop
  endfacet
  facet normal 0.28631688450267884 -0.958134980912752 0
    outer loop
      vertex 28.38592529296875 -89.69062805175781 0
      vertex 28.38592529296875 -89.69062805175781 15.005807495117182
      vertex 25.477828979492188 -90.55964660644531 15.005807495117182
    endloop
  endfacet
  facet normal 0.31707637888391016 -0.9484000052477156 0
    outer loop
      vertex 31.264476776123047 -88.7282485961914 0
      vertex 31.264476776123047 -88.7282485961914 15.005807495117182
      vertex 28.38592529296875 -89.69062805175781 15.005807495117182
    endloop
  endfacet
  facet normal 0.3475066575443396 -0.9376775154403358 0
    outer loop
      vertex 34.1104850769043 -87.67350769042969 0
      vertex 34.1104850769043 -87.67350769042969 15.005807495117182
      vertex 31.264476776123047 -88.7282485961914 15.005807495117182
    endloop
  endfacet
  facet normal -0.322690370106293 0.9465045826833928 0
    outer loop
      vertex 27.661924362182617 -85.72271728515625 0
      vertex 27.661924362182617 -85.72271728515625 13.005807495117182
      vertex 30.46308135986328 -84.7677230834961 13.005807495117182
    endloop
  endfacet
  facet normal -0.35361031666988413 0.9353928286792798 0
    outer loop
      vertex 30.46308135986328 -84.7677230834961 0
      vertex 30.46308135986328 -84.7677230834961 13.005807495117182
      vertex 33.231353759765625 -83.72122192382812 13.005807495117182
    endloop
  endfacet
  facet normal -0.38414654343204546 0.9232721338636901 0
    outer loop
      vertex 33.231353759765625 -83.72122192382812 0
      vertex 33.231353759765625 -83.72122192382812 13.005807495117182
      vertex 35.96375274658203 -82.5843505859375 13.005807495117182
    endloop
  endfacet
  facet normal 0.37757297770472276 -0.9259798305077649 0
    outer loop
      vertex 36.92098617553711 -86.52751159667969 0
      vertex 36.92098617553711 -86.52751159667969 15.005807495117182
      vertex 34.1104850769043 -87.67350769042969 15.005807495117182
    endloop
  endfacet
  facet normal -0.41427205049082383 0.9101531015066248 0
    outer loop
      vertex 35.96375274658203 -82.5843505859375 0
      vertex 35.96375274658203 -82.5843505859375 13.005807495117182
      vertex 38.65732955932617 -81.35832214355469 13.005807495117182
    endloop
  endfacet
  facet normal 0.407248791041298 -0.913317262617652 0
    outer loop
      vertex 39.693058013916016 -85.29144287109375 0
      vertex 39.693058013916016 -85.29144287109375 15.005807495117182
      vertex 36.92098617553711 -86.52751159667969 15.005807495117182
    endloop
  endfacet
  facet normal -0.4439469281418098 0.8960530815713156 0
    outer loop
      vertex 38.65732955932617 -81.35832214355469 0
      vertex 38.65732955932617 -81.35832214355469 13.005807495117182
      vertex 41.30917739868164 -80.04447174072266 13.005807495117182
    endloop
  endfacet
  facet normal 0.4364986017272789 -0.8997049353483231 0
    outer loop
      vertex 42.42380905151367 -83.96659851074219 0
      vertex 42.42380905151367 -83.96659851074219 15.005807495117182
      vertex 39.693058013916016 -85.29144287109375 15.005807495117182
    endloop
  endfacet
  facet normal 0.46529508974080247 -0.8851556244317146 0
    outer loop
      vertex 45.11040115356445 -82.55435180664062 0
      vertex 45.11040115356445 -82.55435180664062 15.005807495117182
      vertex 42.42380905151367 -83.96659851074219 15.005807495117182
    endloop
  endfacet
  facet normal -0.4731427190584612 0.8809857929626141 0
    outer loop
      vertex 41.30917739868164 -80.04447174072266 0
      vertex 41.30917739868164 -80.04447174072266 13.005807495117182
      vertex 43.91643142700195 -78.64421844482422 13.005807495117182
    endloop
  endfacet
  facet normal -0.501829564150016 0.864966524522773 0
    outer loop
      vertex 43.91643142700195 -78.64421844482422 0
      vertex 43.91643142700195 -78.64421844482422 13.005807495117182
      vertex 46.476280212402344 -77.15906524658203 13.005807495117182
    endloop
  endfacet
  facet normal 0.49360793451689183 -0.8696845445228791 0
    outer loop
      vertex 45.11040115356445 -82.55435180664062 15.005807495117182
      vertex 47.75004196166992 -81.05616760253906 0
      vertex 47.75004196166992 -81.05616760253906 15.005807495117182
    endloop
  endfacet
  facet normal -0.501829564150016 0.864966524522773 0
    outer loop
      vertex 43.91643142700195 -78.64421844482422 0
      vertex 46.476280212402344 -77.15906524658203 13.005807495117182
      vertex 46.476280212402344 -77.15906524658203 0
    endloop
  endfacet
  facet normal -0.03285088454708064 0.999460264034781 0
    outer loop
      vertex 1.479737639427185 -90.06317901611328 13.005807495117182
      vertex 1.479737639427185 -90.06317901611328 51.00580749511718
      vertex 4.437615394592285 -89.96595764160156 13.005807495117182
    endloop
  endfacet
  facet normal -0.0656656836267874 0.9978416798239221 0
    outer loop
      vertex 4.437615394592285 -89.96595764160156 13.005807495117182
      vertex 4.437615394592285 -89.96595764160156 51.00580749511718
      vertex 7.390702724456787 -89.77162170410156 13.005807495117182
    endloop
  endfacet
  facet normal -0.09841085178967202 0.995145870840065 0
    outer loop
      vertex 7.390702724456787 -89.77162170410156 13.005807495117182
      vertex 7.390702724456787 -89.77162170410156 51.00580749511718
      vertex 10.33581256866455 -89.48037719726562 13.005807495117182
    endloop
  endfacet
  facet normal -0.1310503736222447 0.9913757106029328 0
    outer loop
      vertex 10.33581256866455 -89.48037719726562 13.005807495117182
      vertex 10.33581256866455 -89.48037719726562 51.00580749511718
      vertex 13.269763946533203 -89.09253692626953 13.005807495117182
    endloop
  endfacet
  facet normal 0 -1 0
    outer loop
      vertex -1.5175827741622925 -94.06309509277344 15.005807495117182
      vertex 1.5175827741622925 -94.06309509277344 15.005807495117182
      vertex 1.5175827741622925 -94.06309509277344 55.00580749511718
    endloop
  endfacet
  facet normal 0.032257882907469844 -0.9994795790761951 0
    outer loop
      vertex 1.5175827741622925 -94.06309509277344 15.005807495117182
      vertex 4.551168918609619 -93.9651870727539 15.005807495117182
      vertex 4.551168918609619 -93.9651870727539 55.00580749511718
    endloop
  endfacet
  facet normal 0.06448559715536999 -0.9979186378455487 0
    outer loop
      vertex 4.551168918609619 -93.9651870727539 15.005807495117182
      vertex 7.580017566680908 -93.76946258544922 15.005807495117182
      vertex 7.580017566680908 -93.76946258544922 55.00580749511718
    endloop
  endfacet
  facet normal 0.09664293887732832 -0.9953191158443372 0
    outer loop
      vertex 7.580017566680908 -93.76946258544922 15.005807495117182
      vertex 10.60097599029541 -93.47613525390625 15.005807495117182
      vertex 10.60097599029541 -93.47613525390625 55.00580749511718
    endloop
  endfacet
  facet normal -0.1635479922239253 0.9865353791119318 0
    outer loop
      vertex 13.269763946533203 -89.09253692626953 13.005807495117182
      vertex 13.269763946533203 -89.09253692626953 51.00580749511718
      vertex 16.18939208984375 -88.6085205078125 13.005807495117182
    endloop
  endfacet
  facet normal -0.19586787672944916 0.9806302946908673 0
    outer loop
      vertex 16.18939208984375 -88.6085205078125 13.005807495117182
      vertex 16.18939208984375 -88.6085205078125 51.00580749511718
      vertex 19.091543197631836 -88.02885437011719 13.005807495117182
    endloop
  endfacet
  facet normal -0.22797632732237522 0.9736666750898899 0
    outer loop
      vertex 19.091543197631836 -88.02885437011719 13.005807495117182
      vertex 19.091543197631836 -88.02885437011719 51.00580749511718
      vertex 21.973085403442383 -87.35416412353516 13.005807495117182
    endloop
  endfacet
  facet normal -0.2598398333190506 0.9656517286375704 0
    outer loop
      vertex 21.973085403442383 -87.35416412353516 13.005807495117182
      vertex 21.973085403442383 -87.35416412353516 51.00580749511718
      vertex 24.830907821655273 -86.58517456054688 13.005807495117182
    endloop
  endfacet
  facet normal 0.12869973387147715 -0.9916836080632829 0
    outer loop
      vertex 10.60097599029541 -93.47613525390625 15.005807495117182
      vertex 13.610899925231934 -93.08551025390625 15.005807495117182
      vertex 13.610899925231934 -93.08551025390625 55.00580749511718
    endloop
  endfacet
  facet normal 0.1606233589906557 -0.9870157732004889 0
    outer loop
      vertex 13.610899925231934 -93.08551025390625 15.005807495117182
      vertex 16.60665512084961 -92.59799194335938 15.005807495117182
      vertex 16.60665512084961 -92.59799194335938 55.00580749511718
    endloop
  endfacet
  facet normal 0.19238083324319039 -0.9813203427019414 0
    outer loop
      vertex 16.60665512084961 -92.59799194335938 15.005807495117182
      vertex 19.585126876831055 -92.01408386230469 15.005807495117182
      vertex 19.585126876831055 -92.01408386230469 55.00580749511718
    endloop
  endfacet
  facet normal 0.22393520511668 -0.974604034420826 0
    outer loop
      vertex 19.585126876831055 -92.01408386230469 15.005807495117182
      vertex 22.543209075927734 -91.33440399169922 15.005807495117182
      vertex 22.543209075927734 -91.33440399169922 55.00580749511718
    endloop
  endfacet
  facet normal -0.2914224736023959 0.9565944500567943 0
    outer loop
      vertex 24.830907821655273 -86.58517456054688 13.005807495117182
      vertex 24.830907821655273 -86.58517456054688 51.00580749511718
      vertex 27.661924362182617 -85.72271728515625 13.005807495117182
    endloop
  endfacet
  facet normal 0.25526015729784046 -0.9668724073507743 0
    outer loop
      vertex 22.543209075927734 -91.33440399169922 15.005807495117182
      vertex 25.477828979492188 -90.55964660644531 15.005807495117182
      vertex 25.477828979492188 -90.55964660644531 55.00580749511718
    endloop
  endfacet
  facet normal 0.2863168845026789 -0.9581349809127521 0
    outer loop
      vertex 25.477828979492188 -90.55964660644531 15.005807495117182
      vertex 28.38592529296875 -89.69062805175781 15.005807495117182
      vertex 28.38592529296875 -89.69062805175781 55.00580749511718
    endloop
  endfacet
  facet normal 0.31707637888391016 -0.9484000052477156 0
    outer loop
      vertex 28.38592529296875 -89.69062805175781 15.005807495117182
      vertex 31.264476776123047 -88.7282485961914 15.005807495117182
      vertex 31.264476776123047 -88.7282485961914 55.00580749511718
    endloop
  endfacet
  facet normal 0.3475066575443396 -0.9376775154403357 0
    outer loop
      vertex 31.264476776123047 -88.7282485961914 15.005807495117182
      vertex 34.1104850769043 -87.67350769042969 15.005807495117182
      vertex 34.1104850769043 -87.67350769042969 55.00580749511718
    endloop
  endfacet
  facet normal -0.32269037010629303 0.9465045826833929 0
    outer loop
      vertex 27.661924362182617 -85.72271728515625 13.005807495117182
      vertex 27.661924362182617 -85.72271728515625 51.00580749511718
      vertex 30.46308135986328 -84.7677230834961 13.005807495117182
    endloop
  endfacet
  facet normal -0.35361031666988413 0.9353928286792798 0
    outer loop
      vertex 30.46308135986328 -84.7677230834961 13.005807495117182
      vertex 30.46308135986328 -84.7677230834961 51.00580749511718
      vertex 33.231353759765625 -83.72122192382812 13.005807495117182
    endloop
  endfacet
  facet normal -0.38414654343204546 0.9232721338636901 0
    outer loop
      vertex 33.231353759765625 -83.72122192382812 13.005807495117182
      vertex 33.231353759765625 -83.72122192382812 51.00580749511718
      vertex 35.96375274658203 -82.5843505859375 13.005807495117182
    endloop
  endfacet
  facet normal 0.3775729777047227 -0.9259798305077649 0
    outer loop
      vertex 34.1104850769043 -87.67350769042969 15.005807495117182
      vertex 36.92098617553711 -86.52751159667969 15.005807495117182
      vertex 36.92098617553711 -86.52751159667969 55.00580749511718
    endloop
  endfacet
  facet normal -0.41427205049082383 0.9101531015066248 0
    outer loop
      vertex 35.96375274658203 -82.5843505859375 13.005807495117182
      vertex 35.96375274658203 -82.5843505859375 51.00580749511718
      vertex 38.65732955932617 -81.35832214355469 13.005807495117182
    endloop
  endfacet
  facet normal -0.44394692814180986 0.8960530815713156 0
    outer loop
      vertex 38.65732955932617 -81.35832214355469 13.005807495117182
      vertex 38.65732955932617 -81.35832214355469 51.00580749511718
      vertex 41.30917739868164 -80.04447174072266 13.005807495117182
    endloop
  endfacet
  facet normal -0.4731427190584612 0.8809857929626141 0
    outer loop
      vertex 41.30917739868164 -80.04447174072266 13.005807495117182
      vertex 41.30917739868164 -80.04447174072266 51.00580749511718
      vertex 43.91643142700195 -78.64421844482422 13.005807495117182
    endloop
  endfacet
  facet normal -0.501829564150016 0.8649665245227731 0
    outer loop
      vertex 43.91643142700195 -78.64421844482422 13.005807495117182
      vertex 43.91643142700195 -78.64421844482422 51.00580749511718
      vertex 46.476280212402344 -77.15906524658203 13.005807495117182
    endloop
  endfacet
  facet normal 0.407248791041298 -0.913317262617652 0
    outer loop
      vertex 36.92098617553711 -86.52751159667969 15.005807495117182
      vertex 39.693058013916016 -85.29144287109375 15.005807495117182
      vertex 39.693058013916016 -85.29144287109375 55.00580749511718
    endloop
  endfacet
  facet normal 0.43649860172727895 -0.8997049353483232 0
    outer loop
      vertex 39.693058013916016 -85.29144287109375 15.005807495117182
      vertex 42.42380905151367 -83.96659851074219 15.005807495117182
      vertex 42.42380905151367 -83.96659851074219 55.00580749511718
    endloop
  endfacet
  facet normal 0.46529508974080247 -0.8851556244317146 0
    outer loop
      vertex 42.42380905151367 -83.96659851074219 15.005807495117182
      vertex 45.11040115356445 -82.55435180664062 15.005807495117182
      vertex 45.11040115356445 -82.55435180664062 55.00580749511718
    endloop
  endfacet
  facet normal 0.49360793451689183 -0.8696845445228791 0
    outer loop
      vertex 45.11040115356445 -82.55435180664062 15.005807495117182
      vertex 47.75004196166992 -81.05616760253906 15.005807495117182
      vertex 47.75004196166992 -81.05616760253906 55.00580749511718
    endloop
  endfacet
  facet normal 0.01991621970975749 -0.9998016524253561 -2.9021272461911827e-18
    outer loop
      vertex -3.1885063737895495e-14 -46 0
      vertex 2.363483428955078 -45.952919006347656 0
      vertex -2.969846590872294e-14 -46 15.005807495117182
    endloop
  endfacet
  facet normal 0.05971800482342812 -0.9982152873503337 0
    outer loop
      vertex 2.363483428955078 -45.952919006347656 0
      vertex 4.723216533660889 -45.81174850463867 0
      vertex 2.363483428955078 -45.952919006347656 15.005807495117182
    endloop
  endfacet
  facet normal 0.09942616951671575 -0.9950449421082613 0
    outer loop
      vertex 4.723216533660889 -45.81174850463867 0
      vertex 7.075455665588379 -45.57670974731445 0
      vertex 4.723216533660889 -45.81174850463867 15.005807495117182
    endloop
  endfacet
  facet normal 0.01991621970975751 -0.9998016524253561 0
    outer loop
      vertex -2.969846590872294e-14 -46 15.005807495117182
      vertex 2.363483428955078 -45.952919006347656 0
      vertex 2.363483428955078 -45.952919006347656 15.005807495117182
    endloop
  endfacet
  facet normal 0.05971800482342812 -0.9982152873503337 0
    outer loop
      vertex 4.723216533660889 -45.81174850463867 0
      vertex 4.723216533660889 -45.81174850463867 15.005807495117182
      vertex 2.363483428955078 -45.952919006347656 15.005807495117182
    endloop
  endfacet
  facet normal -0.020383509602005287 0.9997922346849394 0
    outer loop
      vertex -2.911015093781205e-14 -43 0
      vertex 2.296555757522583 -42.95317840576172 15.005807495117182
      vertex 2.296555757522583 -42.95317840576172 0
    endloop
  endfacet
  facet normal -0.061115653562311155 0.998130691287294 0
    outer loop
      vertex 2.296555757522583 -42.95317840576172 0
      vertex 4.589294910430908 -42.81279373168945 15.005807495117182
      vertex 4.589294910430908 -42.81279373168945 0
    endloop
  endfacet
  facet normal 0.13897463553362113 -0.9902959409582054 0
    outer loop
      vertex 7.075455665588379 -45.57670974731445 0
      vertex 9.416467666625977 -45.2481803894043 0
      vertex 7.075455665588379 -45.57670974731445 15.005807495117182
    endloop
  endfacet
  facet normal -0.10174650939762596 0.9948103577191981 0
    outer loop
      vertex 4.589294910430908 -42.81279373168945 0
      vertex 6.874406814575195 -42.579078674316406 15.005807495117182
      vertex 6.874406814575195 -42.579078674316406 0
    endloop
  endfacet
  facet normal -0.14220959884375176 0.9898365673163924 0
    outer loop
      vertex 6.874406814575195 -42.579078674316406 0
      vertex 9.148094177246094 -42.252418518066406 15.005807495117182
      vertex 9.148094177246094 -42.252418518066406 0
    endloop
  endfacet
  facet normal 0.17830197862369956 -0.9839758149562791 0
    outer loop
      vertex 9.416467666625977 -45.2481803894043 0
      vertex 11.742539405822754 -44.826683044433594 0
      vertex 9.416467666625977 -45.2481803894043 15.005807495117182
    endloop
  endfacet
  facet normal -0.1824336298382879 0.9832181704504991 0
    outer loop
      vertex 9.148094177246094 -42.252418518066406 0
      vertex 11.406578063964844 -41.8333625793457 15.005807495117182
      vertex 11.406578063964844 -41.8333625793457 0
    endloop
  endfacet
  facet normal 0.21735007418400204 -0.9760937174535079 0
    outer loop
      vertex 11.742539405822754 -44.826683044433594 0
      vertex 14.049979209899902 -44.3128776550293 0
      vertex 11.742539405822754 -44.826683044433594 15.005807495117182
    endloop
  endfacet
  facet normal 0.2560498687350254 -0.9666635737012006 0
    outer loop
      vertex 14.049979209899902 -44.3128776550293 0
      vertex 16.335124969482422 -43.70758819580078 0
      vertex 14.049979209899902 -44.3128776550293 15.005807495117182
    endloop
  endfacet
  facet normal 0.2943443781460241 -0.9556994229640564 0
    outer loop
      vertex 16.335124969482422 -43.70758819580078 0
      vertex 18.59435272216797 -43.01177215576172 0
      vertex 16.335124969482422 -43.70758819580078 15.005807495117182
    endloop
  endfacet
  facet normal -0.2223569372515594 0.974965328848214 0
    outer loop
      vertex 11.406578063964844 -41.8333625793457 0
      vertex 13.646105766296387 -41.322601318359375 15.005807495117182
      vertex 13.646105766296387 -41.322601318359375 0
    endloop
  endfacet
  facet normal -0.2619099463539653 0.9650923168282207 0
    outer loop
      vertex 13.646105766296387 -41.322601318359375 0
      vertex 15.862955093383789 -40.720985412597656 15.005807495117182
      vertex 15.862955093383789 -40.720985412597656 0
    endloop
  endfacet
  facet normal -0.3010262940067501 0.9536158400092575 0
    outer loop
      vertex 15.862955093383789 -40.720985412597656 0
      vertex 18.053442001342773 -40.029518127441406 15.005807495117182
      vertex 18.053442001342773 -40.029518127441406 0
    endloop
  endfacet
  facet normal 0.33217102076067934 -0.9432191754660251 0
    outer loop
      vertex 18.59435272216797 -43.01177215576172 0
      vertex 20.824077606201172 -42.22653579711914 0
      vertex 18.59435272216797 -43.01177215576172 15.005807495117182
    endloop
  endfacet
  facet normal 0.3694729279428292 -0.9292414947242471 0
    outer loop
      vertex 20.824077606201172 -42.22653579711914 0
      vertex 23.020761489868164 -41.353118896484375 0
      vertex 20.824077606201172 -42.22653579711914 15.005807495117182
    endloop
  endfacet
  facet normal -0.3396444841821484 0.9405538923233704 0
    outer loop
      vertex 18.053442001342773 -40.029518127441406 0
      vertex 20.213924407958984 -39.24934387207031 15.005807495117182
      vertex 20.213924407958984 -39.24934387207031 0
    endloop
  endfacet
  facet normal -0.37769763401240253 0.925928991479062 0
    outer loop
      vertex 20.213924407958984 -39.24934387207031 0
      vertex 22.3408145904541 -38.38175964355469 15.005807495117182
      vertex 22.3408145904541 -38.38175964355469 0
    endloop
  endfacet
  facet normal -0.020383509602005318 0.9997922346849394 5.2332433891508e-18
    outer loop
      vertex -2.911015093781205e-14 -43 0
      vertex -2.525757381022231e-14 -43 15.005807495117182
      vertex 2.296555757522583 -42.95317840576172 15.005807495117182
    endloop
  endfacet
  facet normal -0.061115653562311155 0.998130691287294 0
    outer loop
      vertex 2.296555757522583 -42.95317840576172 0
      vertex 2.296555757522583 -42.95317840576172 15.005807495117182
      vertex 4.589294910430908 -42.81279373168945 15.005807495117182
    endloop
  endfacet
  facet normal -0.10174650939762596 0.9948103577191981 0
    outer loop
      vertex 4.589294910430908 -42.81279373168945 0
      vertex 4.589294910430908 -42.81279373168945 15.005807495117182
      vertex 6.874406814575195 -42.579078674316406 15.005807495117182
    endloop
  endfacet
  facet normal 0.09942616951671575 -0.9950449421082613 0
    outer loop
      vertex 4.723216533660889 -45.81174850463867 15.005807495117182
      vertex 7.075455665588379 -45.57670974731445 0
      vertex 7.075455665588379 -45.57670974731445 15.005807495117182
    endloop
  endfacet
  facet normal 0.13897463553362113 -0.9902959409582054 0
    outer loop
      vertex 9.416467666625977 -45.2481803894043 0
      vertex 9.416467666625977 -45.2481803894043 15.005807495117182
      vertex 7.075455665588379 -45.57670974731445 15.005807495117182
    endloop
  endfacet
  facet normal -0.14220959884375176 0.9898365673163924 0
    outer loop
      vertex 6.874406814575195 -42.579078674316406 0
      vertex 6.874406814575195 -42.579078674316406 15.005807495117182
      vertex 9.148094177246094 -42.252418518066406 15.005807495117182
    endloop
  endfacet
  facet normal 0.17830197862369956 -0.9839758149562791 0
    outer loop
      vertex 11.742539405822754 -44.826683044433594 0
      vertex 11.742539405822754 -44.826683044433594 15.005807495117182
      vertex 9.416467666625977 -45.2481803894043 15.005807495117182
    endloop
  endfacet
  facet normal -0.1824336298382879 0.9832181704504991 0
    outer loop
      vertex 9.148094177246094 -42.252418518066406 0
      vertex 9.148094177246094 -42.252418518066406 15.005807495117182
      vertex 11.406578063964844 -41.8333625793457 15.005807495117182
    endloop
  endfacet
  facet normal 0.21735007418400204 -0.9760937174535079 0
    outer loop
      vertex 14.049979209899902 -44.3128776550293 0
      vertex 14.049979209899902 -44.3128776550293 15.005807495117182
      vertex 11.742539405822754 -44.826683044433594 15.005807495117182
    endloop
  endfacet
  facet normal -0.2223569372515594 0.974965328848214 0
    outer loop
      vertex 11.406578063964844 -41.8333625793457 0
      vertex 11.406578063964844 -41.8333625793457 15.005807495117182
      vertex 13.646105766296387 -41.322601318359375 15.005807495117182
    endloop
  endfacet
  facet normal 0.2560498687350254 -0.9666635737012006 0
    outer loop
      vertex 16.335124969482422 -43.70758819580078 0
      vertex 16.335124969482422 -43.70758819580078 15.005807495117182
      vertex 14.049979209899902 -44.3128776550293 15.005807495117182
    endloop
  endfacet
  facet normal -0.2619099463539653 0.9650923168282207 0
    outer loop
      vertex 13.646105766296387 -41.322601318359375 0
      vertex 13.646105766296387 -41.322601318359375 15.005807495117182
      vertex 15.862955093383789 -40.720985412597656 15.005807495117182
    endloop
  endfacet
  facet normal -0.3010262940067501 0.9536158400092575 0
    outer loop
      vertex 15.862955093383789 -40.720985412597656 0
      vertex 15.862955093383789 -40.720985412597656 15.005807495117182
      vertex 18.053442001342773 -40.029518127441406 15.005807495117182
    endloop
  endfacet
  facet normal 0.2943443781460241 -0.9556994229640564 0
    outer loop
      vertex 18.59435272216797 -43.01177215576172 0
      vertex 18.59435272216797 -43.01177215576172 15.005807495117182
      vertex 16.335124969482422 -43.70758819580078 15.005807495117182
    endloop
  endfacet
  facet normal 0.33217102076067934 -0.9432191754660251 0
    outer loop
      vertex 20.824077606201172 -42.22653579711914 0
      vertex 20.824077606201172 -42.22653579711914 15.005807495117182
      vertex 18.59435272216797 -43.01177215576172 15.005807495117182
    endloop
  endfacet
  facet normal 0.3694729279428292 -0.9292414947242471 0
    outer loop
      vertex 23.020761489868164 -41.353118896484375 0
      vertex 23.020761489868164 -41.353118896484375 15.005807495117182
      vertex 20.824077606201172 -42.22653579711914 15.005807495117182
    endloop
  endfacet
  facet normal -0.3396444841821484 0.9405538923233704 0
    outer loop
      vertex 18.053442001342773 -40.029518127441406 0
      vertex 18.053442001342773 -40.029518127441406 15.005807495117182
      vertex 20.213924407958984 -39.24934387207031 15.005807495117182
    endloop
  endfacet
  facet normal -0.37769763401240253 0.925928991479062 0
    outer loop
      vertex 20.213924407958984 -39.24934387207031 0
      vertex 20.213924407958984 -39.24934387207031 15.005807495117182
      vertex 22.3408145904541 -38.38175964355469 15.005807495117182
    endloop
  endfacet
  facet normal -0.41512185585473677 0.9097658186542947 0
    outer loop
      vertex 22.3408145904541 -38.38175964355469 0
      vertex 22.3408145904541 -38.38175964355469 15.005807495117182
      vertex 24.43057632446289 -37.4282112121582 15.005807495117182
    endloop
  endfacet
  facet normal 0.4061863772620958 -0.9137902532456199 0
    outer loop
      vertex 23.020761489868164 -41.353118896484375 0
      vertex 25.180917739868164 -40.392913818359375 0
      vertex 23.020761489868164 -41.353118896484375 15.005807495117182
    endloop
  endfacet
  facet normal 0.4422572238807288 -0.8968882583272629 0
    outer loop
      vertex 25.180917739868164 -40.392913818359375 0
      vertex 27.301118850708008 -39.34743881225586 0
      vertex 25.180917739868164 -40.392913818359375 15.005807495117182
    endloop
  endfacet
  facet normal -0.41512185585473677 0.9097658186542947 0
    outer loop
      vertex 22.3408145904541 -38.38175964355469 0
      vertex 24.43057632446289 -37.4282112121582 15.005807495117182
      vertex 24.43057632446289 -37.4282112121582 0
    endloop
  endfacet
  facet normal 0.47762460736615875 -0.8785640184063555 0
    outer loop
      vertex 27.301118850708008 -39.34743881225586 0
      vertex 29.378002166748047 -38.21835708618164 0
      vertex 27.301118850708008 -39.34743881225586 15.005807495117182
    endloop
  endfacet
  facet normal 0.5122338449426038 -0.8588460211791847 0
    outer loop
      vertex 29.378002166748047 -38.21835708618164 0
      vertex 31.40827178955078 -37.00746154785156 0
      vertex 29.378002166748047 -38.21835708618164 15.005807495117182
    endloop
  endfacet
  facet normal -0.4518581913795498 0.8920897796092062 0
    outer loop
      vertex 24.43057632446289 -37.4282112121582 0
      vertex 26.479736328125 -36.39027786254883 15.005807495117182
      vertex 26.479736328125 -36.39027786254883 0
    endloop
  endfacet
  facet normal -0.48784231285182117 0.8729317715557074 0
    outer loop
      vertex 26.479736328125 -36.39027786254883 0
      vertex 28.48488998413086 -35.26968765258789 15.005807495117182
      vertex 28.48488998413086 -35.26968765258789 0
    endloop
  endfacet
  facet normal 0.5460323200587712 -0.837764110863694 0
    outer loop
      vertex 31.40827178955078 -37.00746154785156 0
      vertex 33.38870620727539 -35.71666717529297 0
      vertex 31.40827178955078 -37.00746154785156 15.005807495117182
    endloop
  endfacet
  facet normal -0.5230150408429579 0.8523234521307267 0
    outer loop
      vertex 28.48488998413086 -35.26968765258789 0
      vertex 30.442703247070312 -34.06830596923828 15.005807495117182
      vertex 30.442703247070312 -34.06830596923828 0
    endloop
  endfacet
  facet normal 0.5789643929635173 -0.815352826499293 0
    outer loop
      vertex 33.38870620727539 -35.71666717529297 0
      vertex 35.316162109375 -34.3480224609375 0
      vertex 33.38870620727539 -35.71666717529297 15.005807495117182
    endloop
  endfacet
  facet normal -0.5573207132918669 0.8302973097245618 0
    outer loop
      vertex 30.442703247070312 -34.06830596923828 0
      vertex 32.34992599487305 -32.78812026977539 15.005807495117182
      vertex 32.34992599487305 -32.78812026977539 0
    endloop
  endfacet
  facet normal -0.5906978233049337 0.8068928562968032 0
    outer loop
      vertex 32.34992599487305 -32.78812026977539 0
      vertex 34.20338439941406 -31.4312686920166 15.005807495117182
      vertex 34.20338439941406 -31.4312686920166 0
    endloop
  endfacet
  facet normal -0.623094699900224 0.7821464025080279 0
    outer loop
      vertex 34.20338439941406 -31.4312686920166 0
      vertex 34.20338439941406 -31.4312686920166 15.005807495117182
      vertex 36 -30 0
    endloop
  endfacet
  facet normal 0.6109754503121808 -0.7916495431160356 0
    outer loop
      vertex 35.316162109375 -34.3480224609375 0
      vertex 37.187583923339844 -32.90370559692383 0
      vertex 35.316162109375 -34.3480224609375 15.005807495117182
    endloop
  endfacet
  facet normal 0.6420188493407268 -0.7666888528544088 0
    outer loop
      vertex 37.187583923339844 -32.90370559692383 0
      vertex 39 -31.386003494262695 0
      vertex 37.187583923339844 -32.90370559692383 15.005807495117182
    endloop
  endfacet
  facet normal 0.4061863772620958 -0.9137902532456199 0
    outer loop
      vertex 23.020761489868164 -41.353118896484375 15.005807495117182
      vertex 25.180917739868164 -40.392913818359375 0
      vertex 25.180917739868164 -40.392913818359375 15.005807495117182
    endloop
  endfacet
  facet normal 0.4422572238807288 -0.8968882583272629 0
    outer loop
      vertex 27.301118850708008 -39.34743881225586 0
      vertex 27.301118850708008 -39.34743881225586 15.005807495117182
      vertex 25.180917739868164 -40.392913818359375 15.005807495117182
    endloop
  endfacet
  facet normal 0.47762460736615875 -0.8785640184063555 0
    outer loop
      vertex 29.378002166748047 -38.21835708618164 0
      vertex 29.378002166748047 -38.21835708618164 15.005807495117182
      vertex 27.301118850708008 -39.34743881225586 15.005807495117182
    endloop
  endfacet
  facet normal -0.4518581913795498 0.8920897796092062 0
    outer loop
      vertex 24.43057632446289 -37.4282112121582 0
      vertex 24.43057632446289 -37.4282112121582 15.005807495117182
      vertex 26.479736328125 -36.39027786254883 15.005807495117182
    endloop
  endfacet
  facet normal -0.48784231285182117 0.8729317715557074 0
    outer loop
      vertex 26.479736328125 -36.39027786254883 0
      vertex 26.479736328125 -36.39027786254883 15.005807495117182
      vertex 28.48488998413086 -35.26968765258789 15.005807495117182
    endloop
  endfacet
  facet normal -0.5230150408429579 0.8523234521307267 0
    outer loop
      vertex 28.48488998413086 -35.26968765258789 0
      vertex 28.48488998413086 -35.26968765258789 15.005807495117182
      vertex 30.442703247070312 -34.06830596923828 15.005807495117182
    endloop
  endfacet
  facet normal 0.5122338449426038 -0.8588460211791847 0
    outer loop
      vertex 31.40827178955078 -37.00746154785156 0
      vertex 31.40827178955078 -37.00746154785156 15.005807495117182
      vertex 29.378002166748047 -38.21835708618164 15.005807495117182
    endloop
  endfacet
  facet normal -0.5573207132918669 0.8302973097245618 0
    outer loop
      vertex 30.442703247070312 -34.06830596923828 0
      vertex 30.442703247070312 -34.06830596923828 15.005807495117182
      vertex 32.34992599487305 -32.78812026977539 15.005807495117182
    endloop
  endfacet
  facet normal 0.5460323200587712 -0.837764110863694 0
    outer loop
      vertex 33.38870620727539 -35.71666717529297 0
      vertex 33.38870620727539 -35.71666717529297 15.005807495117182
      vertex 31.40827178955078 -37.00746154785156 15.005807495117182
    endloop
  endfacet
  facet normal 0.5789643929635173 -0.815352826499293 0
    outer loop
      vertex 35.316162109375 -34.3480224609375 0
      vertex 35.316162109375 -34.3480224609375 15.005807495117182
      vertex 33.38870620727539 -35.71666717529297 15.005807495117182
    endloop
  endfacet
  facet normal -0.5906978233049337 0.8068928562968032 0
    outer loop
      vertex 32.34992599487305 -32.78812026977539 0
      vertex 32.34992599487305 -32.78812026977539 15.005807495117182
      vertex 34.20338439941406 -31.4312686920166 15.005807495117182
    endloop
  endfacet
  facet normal 0.6109754503121808 -0.7916495431160356 0
    outer loop
      vertex 37.187583923339844 -32.90370559692383 0
      vertex 37.187583923339844 -32.90370559692383 15.005807495117182
      vertex 35.316162109375 -34.3480224609375 15.005807495117182
    endloop
  endfacet
  facet normal 0.019916219709757512 -0.9998016524253561 0
    outer loop
      vertex -2.969846590872294e-14 -46 15.005807495117182
      vertex 2.363483428955078 -45.952919006347656 15.005807495117182
      vertex 2.363483428955078 -45.952919006347656 55.00580749511718
    endloop
  endfacet
  facet normal 0.059718004823428116 -0.9982152873503335 0
    outer loop
      vertex 2.363483428955078 -45.952919006347656 15.005807495117182
      vertex 4.723216533660889 -45.81174850463867 15.005807495117182
      vertex 4.723216533660889 -45.81174850463867 55.00580749511718
    endloop
  endfacet
  facet normal -0.02038350960200532 0.9997922346849394 -7.07195052587946e-19
    outer loop
      vertex -2.525757381022231e-14 -43 15.005807495117182
      vertex -2.6645352591003757e-14 -43 55.00580749511718
      vertex 2.296555757522583 -42.95317840576172 15.005807495117182
    endloop
  endfacet
  facet normal -0.06111565356231116 0.998130691287294 0
    outer loop
      vertex 2.296555757522583 -42.95317840576172 15.005807495117182
      vertex 2.296555757522583 -42.95317840576172 55.00580749511718
      vertex 4.589294910430908 -42.81279373168945 15.005807495117182
    endloop
  endfacet
  facet normal -0.10174650939762596 0.994810357719198 0
    outer loop
      vertex 4.589294910430908 -42.81279373168945 15.005807495117182
      vertex 4.589294910430908 -42.81279373168945 55.00580749511718
      vertex 6.874406814575195 -42.579078674316406 15.005807495117182
    endloop
  endfacet
  facet normal 0.09942616951671576 -0.9950449421082614 0
    outer loop
      vertex 4.723216533660889 -45.81174850463867 15.005807495117182
      vertex 7.075455665588379 -45.57670974731445 15.005807495117182
      vertex 7.075455665588379 -45.57670974731445 55.00580749511718
    endloop
  endfacet
  facet normal 0.1389746355336211 -0.9902959409582053 0
    outer loop
      vertex 7.075455665588379 -45.57670974731445 15.005807495117182
      vertex 9.416467666625977 -45.2481803894043 15.005807495117182
      vertex 9.416467666625977 -45.2481803894043 55.00580749511718
    endloop
  endfacet
  facet normal -0.14220959884375178 0.9898365673163925 0
    outer loop
      vertex 6.874406814575195 -42.579078674316406 15.005807495117182
      vertex 6.874406814575195 -42.579078674316406 55.00580749511718
      vertex 9.148094177246094 -42.252418518066406 15.005807495117182
    endloop
  endfacet
  facet normal 0.17830197862369962 -0.9839758149562793 0
    outer loop
      vertex 9.416467666625977 -45.2481803894043 15.005807495117182
      vertex 11.742539405822754 -44.826683044433594 15.005807495117182
      vertex 11.742539405822754 -44.826683044433594 55.00580749511718
    endloop
  endfacet
  facet normal -0.18243362983828787 0.983218170450499 0
    outer loop
      vertex 9.148094177246094 -42.252418518066406 15.005807495117182
      vertex 9.148094177246094 -42.252418518066406 55.00580749511718
      vertex 11.406578063964844 -41.8333625793457 15.005807495117182
    endloop
  endfacet
  facet normal 0.21735007418400207 -0.976093717453508 0
    outer loop
      vertex 11.742539405822754 -44.826683044433594 15.005807495117182
      vertex 14.049979209899902 -44.3128776550293 15.005807495117182
      vertex 14.049979209899902 -44.3128776550293 55.00580749511718
    endloop
  endfacet
  facet normal -0.2223569372515594 0.9749653288482141 0
    outer loop
      vertex 11.406578063964844 -41.8333625793457 15.005807495117182
      vertex 11.406578063964844 -41.8333625793457 55.00580749511718
      vertex 13.646105766296387 -41.322601318359375 15.005807495117182
    endloop
  endfacet
  facet normal 0.2560498687350254 -0.9666635737012005 0
    outer loop
      vertex 14.049979209899902 -44.3128776550293 15.005807495117182
      vertex 16.335124969482422 -43.70758819580078 15.005807495117182
      vertex 16.335124969482422 -43.70758819580078 55.00580749511718
    endloop
  endfacet
  facet normal -0.26190994635396536 0.9650923168282209 0
    outer loop
      vertex 13.646105766296387 -41.322601318359375 15.005807495117182
      vertex 13.646105766296387 -41.322601318359375 55.00580749511718
      vertex 15.862955093383789 -40.720985412597656 15.005807495117182
    endloop
  endfacet
  facet normal -0.30102629400675 0.9536158400092574 0
    outer loop
      vertex 15.862955093383789 -40.720985412597656 15.005807495117182
      vertex 15.862955093383789 -40.720985412597656 55.00580749511718
      vertex 18.053442001342773 -40.029518127441406 15.005807495117182
    endloop
  endfacet
  facet normal 0.2943443781460241 -0.9556994229640564 0
    outer loop
      vertex 16.335124969482422 -43.70758819580078 15.005807495117182
      vertex 18.59435272216797 -43.01177215576172 15.005807495117182
      vertex 18.59435272216797 -43.01177215576172 55.00580749511718
    endloop
  endfacet
  facet normal 0.3321710207606794 -0.9432191754660252 0
    outer loop
      vertex 18.59435272216797 -43.01177215576172 15.005807495117182
      vertex 20.824077606201172 -42.22653579711914 15.005807495117182
      vertex 20.824077606201172 -42.22653579711914 55.00580749511718
    endloop
  endfacet
  facet normal 0.3694729279428292 -0.9292414947242471 0
    outer loop
      vertex 20.824077606201172 -42.22653579711914 15.005807495117182
      vertex 23.020761489868164 -41.353118896484375 15.005807495117182
      vertex 23.020761489868164 -41.353118896484375 55.00580749511718
    endloop
  endfacet
  facet normal -0.3396444841821484 0.9405538923233705 0
    outer loop
      vertex 18.053442001342773 -40.029518127441406 15.005807495117182
      vertex 18.053442001342773 -40.029518127441406 55.00580749511718
      vertex 20.213924407958984 -39.24934387207031 15.005807495117182
    endloop
  endfacet
  facet normal -0.3776976340124026 0.9259289914790623 0
    outer loop
      vertex 20.213924407958984 -39.24934387207031 15.005807495117182
      vertex 20.213924407958984 -39.24934387207031 55.00580749511718
      vertex 22.3408145904541 -38.38175964355469 15.005807495117182
    endloop
  endfacet
  facet normal -0.4151218558547367 0.9097658186542947 0
    outer loop
      vertex 22.3408145904541 -38.38175964355469 15.005807495117182
      vertex 22.3408145904541 -38.38175964355469 55.00580749511718
      vertex 24.43057632446289 -37.4282112121582 15.005807495117182
    endloop
  endfacet
  facet normal -0.6230946999002239 0.7821464025080278 0
    outer loop
      vertex 36 -30 0
      vertex 34.20338439941406 -31.4312686920166 15.005807495117182
      vertex 36 -30 55.00580749511718
    endloop
  endfacet
  facet normal 0.6420188493407267 -0.7666888528544087 0
    outer loop
      vertex 39 -31.386003494262695 0
      vertex 39 -31.386003494262695 55.00580749511718
      vertex 37.187583923339844 -32.90370559692383 15.005807495117182
    endloop
  endfacet
  facet normal 0.4061863772620958 -0.91379025324562 0
    outer loop
      vertex 23.020761489868164 -41.353118896484375 15.005807495117182
      vertex 25.180917739868164 -40.392913818359375 15.005807495117182
      vertex 25.180917739868164 -40.392913818359375 55.00580749511718
    endloop
  endfacet
  facet normal 0.4422572238807288 -0.8968882583272628 0
    outer loop
      vertex 25.180917739868164 -40.392913818359375 15.005807495117182
      vertex 27.301118850708008 -39.34743881225586 15.005807495117182
      vertex 27.301118850708008 -39.34743881225586 55.00580749511718
    endloop
  endfacet
  facet normal 0.47762460736615875 -0.8785640184063555 0
    outer loop
      vertex 27.301118850708008 -39.34743881225586 15.005807495117182
      vertex 29.378002166748047 -38.21835708618164 15.005807495117182
      vertex 29.378002166748047 -38.21835708618164 55.00580749511718
    endloop
  endfacet
  facet normal -0.45185819137954986 0.8920897796092062 0
    outer loop
      vertex 24.43057632446289 -37.4282112121582 15.005807495117182
      vertex 24.43057632446289 -37.4282112121582 55.00580749511718
      vertex 26.479736328125 -36.39027786254883 15.005807495117182
    endloop
  endfacet
  facet normal -0.4878423128518211 0.8729317715557074 0
    outer loop
      vertex 26.479736328125 -36.39027786254883 15.005807495117182
      vertex 26.479736328125 -36.39027786254883 55.00580749511718
      vertex 28.48488998413086 -35.26968765258789 15.005807495117182
    endloop
  endfacet
  facet normal -0.5230150408429578 0.8523234521307266 0
    outer loop
      vertex 28.48488998413086 -35.26968765258789 15.005807495117182
      vertex 28.48488998413086 -35.26968765258789 55.00580749511718
      vertex 30.442703247070312 -34.06830596923828 15.005807495117182
    endloop
  endfacet
  facet normal 0.5122338449426038 -0.8588460211791846 0
    outer loop
      vertex 29.378002166748047 -38.21835708618164 15.005807495117182
      vertex 31.40827178955078 -37.00746154785156 15.005807495117182
      vertex 31.40827178955078 -37.00746154785156 55.00580749511718
    endloop
  endfacet
  facet normal -0.5573207132918669 0.8302973097245617 0
    outer loop
      vertex 30.442703247070312 -34.06830596923828 15.005807495117182
      vertex 30.442703247070312 -34.06830596923828 55.00580749511718
      vertex 32.34992599487305 -32.78812026977539 15.005807495117182
    endloop
  endfacet
  facet normal 0.5460323200587712 -0.837764110863694 0
    outer loop
      vertex 31.40827178955078 -37.00746154785156 15.005807495117182
      vertex 33.38870620727539 -35.71666717529297 15.005807495117182
      vertex 33.38870620727539 -35.71666717529297 55.00580749511718
    endloop
  endfacet
  facet normal 0.5789643929635172 -0.8153528264992929 0
    outer loop
      vertex 33.38870620727539 -35.71666717529297 15.005807495117182
      vertex 35.316162109375 -34.3480224609375 15.005807495117182
      vertex 35.316162109375 -34.3480224609375 55.00580749511718
    endloop
  endfacet
  facet normal -0.5906978233049337 0.8068928562968032 0
    outer loop
      vertex 32.34992599487305 -32.78812026977539 15.005807495117182
      vertex 32.34992599487305 -32.78812026977539 55.00580749511718
      vertex 34.20338439941406 -31.4312686920166 15.005807495117182
    endloop
  endfacet
  facet normal 0.6109754503121808 -0.7916495431160356 0
    outer loop
      vertex 35.316162109375 -34.3480224609375 15.005807495117182
      vertex 37.187583923339844 -32.90370559692383 15.005807495117182
      vertex 37.187583923339844 -32.90370559692383 55.00580749511718
    endloop
  endfacet
  facet normal 0.5214048643992747 -0.8533094206562903 0
    outer loop
      vertex 47.75004196166992 -81.05616760253906 0
      vertex 50.3399772644043 -79.47361755371094 0
      vertex 47.75004196166992 -81.05616760253906 15.005807495117182
    endloop
  endfacet
  facet normal 0.5486609712297946 -0.8360449381756812 0
    outer loop
      vertex 50.3399772644043 -79.47361755371094 0
      vertex 52.87751007080078 -77.80834197998047 0
      vertex 50.3399772644043 -79.47361755371094 15.005807495117182
    endloop
  endfacet
  facet normal 0.5214048643992747 -0.8533094206562903 0
    outer loop
      vertex 50.3399772644043 -79.47361755371094 0
      vertex 50.3399772644043 -79.47361755371094 15.005807495117182
      vertex 47.75004196166992 -81.05616760253906 15.005807495117182
    endloop
  endfacet
  facet normal 0.5486609712297946 -0.8360449381756812 0
    outer loop
      vertex 50.3399772644043 -79.47361755371094 15.005807495117182
      vertex 52.87751007080078 -77.80834197998047 0
      vertex 52.87751007080078 -77.80834197998047 15.005807495117182
    endloop
  endfacet
  facet normal -0.5299733340099978 0.8480143072132258 0
    outer loop
      vertex 46.476280212402344 -77.15906524658203 0
      vertex 48.985958099365234 -75.59062194824219 13.005807495117182
      vertex 48.985958099365234 -75.59062194824219 0
    endloop
  endfacet
  facet normal -0.557545391565857 0.830146454755831 0
    outer loop
      vertex 48.985958099365234 -75.59062194824219 0
      vertex 51.442752838134766 -73.94058227539062 13.005807495117182
      vertex 51.442752838134766 -73.94058227539062 0
    endloop
  endfacet
  facet normal 0.5753454859626793 -0.8179104913022993 0
    outer loop
      vertex 52.87751007080078 -77.80834197998047 0
      vertex 55.36000442504883 -76.06207275390625 0
      vertex 52.87751007080078 -77.80834197998047 15.005807495117182
    endloop
  endfacet
  facet normal 0.6014302217879012 -0.7989253333823856 0
    outer loop
      vertex 55.36000442504883 -76.06207275390625 0
      vertex 57.784873962402344 -74.23663330078125 0
      vertex 55.36000442504883 -76.06207275390625 15.005807495117182
    endloop
  endfacet
  facet normal -0.584517407300132 0.8113811684794832 0
    outer loop
      vertex 51.442752838134766 -73.94058227539062 0
      vertex 53.844017028808594 -72.2107162475586 13.005807495117182
      vertex 53.844017028808594 -72.2107162475586 0
    endloop
  endfacet
  facet normal -0.6108543162013184 0.7917430166273776 0
    outer loop
      vertex 53.844017028808594 -72.2107162475586 0
      vertex 56.18716049194336 -70.40290832519531 13.005807495117182
      vertex 56.18716049194336 -70.40290832519531 0
    endloop
  endfacet
  facet normal 0.6268908041633936 -0.7791071297680273 0
    outer loop
      vertex 57.784873962402344 -74.23663330078125 0
      vertex 60.149593353271484 -72.33391571044922 0
      vertex 57.784873962402344 -74.23663330078125 15.005807495117182
    endloop
  endfacet
  facet normal -0.6365359514772336 0.7712470307735212 0
    outer loop
      vertex 56.18716049194336 -70.40290832519531 0
      vertex 58.46964645385742 -68.51909637451172 13.005807495117182
      vertex 58.46964645385742 -68.51909637451172 0
    endloop
  endfacet
  facet normal 0.6516973957884011 -0.7584790730947136 0
    outer loop
      vertex 60.149593353271484 -72.33391571044922 0
      vertex 62.45170593261719 -70.35590362548828 0
      vertex 60.149593353271484 -72.33391571044922 15.005807495117182
    endloop
  endfacet
  facet normal -0.661528482119041 0.7499200406345182 0
    outer loop
      vertex 58.46964645385742 -68.51909637451172 0
      vertex 60.68901824951172 -66.56131744384766 13.005807495117182
      vertex 60.68901824951172 -66.56131744384766 0
    endloop
  endfacet
  facet normal 0.675824561920688 -0.7370625221137691 0
    outer loop
      vertex 62.45170593261719 -70.35590362548828 0
      vertex 64.68881225585938 -68.3046646118164 0
      vertex 62.45170593261719 -70.35590362548828 15.005807495117182
    endloop
  endfacet
  facet normal -0.6858061226194849 0.7277842827223105 0
    outer loop
      vertex 60.68901824951172 -66.56131744384766 0
      vertex 62.84287643432617 -64.53169250488281 13.005807495117182
      vertex 62.84287643432617 -64.53169250488281 0
    endloop
  endfacet
  facet normal -0.709345404118597 0.7048610484739699 0
    outer loop
      vertex 62.84287643432617 -64.53169250488281 0
      vertex 64.92889404296875 -62.432403564453125 13.005807495117182
      vertex 64.92889404296875 -62.432403564453125 0
    endloop
  endfacet
  facet normal 0.6992524095215095 -0.7148748616215029 0
    outer loop
      vertex 64.68881225585938 -68.3046646118164 0
      vertex 66.85857391357422 -66.18231964111328 0
      vertex 64.68881225585938 -68.3046646118164 15.005807495117182
    endloop
  endfacet
  facet normal 0.7219467135871741 -0.6919486561448609 0
    outer loop
      vertex 66.85857391357422 -66.18231964111328 0
      vertex 68.95875549316406 -63.9910888671875 0
      vertex 66.85857391357422 -66.18231964111328 15.005807495117182
    endloop
  endfacet
  facet normal 0.7438944820342136 -0.6682970893240889 0
    outer loop
      vertex 68.95875549316406 -63.9910888671875 0
      vertex 70.98714447021484 -61.73324966430664 0
      vertex 68.95875549316406 -63.9910888671875 15.005807495117182
    endloop
  endfacet
  facet normal -0.5299733340099978 0.8480143072132258 0
    outer loop
      vertex 46.476280212402344 -77.15906524658203 0
      vertex 46.476280212402344 -77.15906524658203 13.005807495117182
      vertex 48.985958099365234 -75.59062194824219 13.005807495117182
    endloop
  endfacet
  facet normal -0.557545391565857 0.830146454755831 0
    outer loop
      vertex 48.985958099365234 -75.59062194824219 0
      vertex 48.985958099365234 -75.59062194824219 13.005807495117182
      vertex 51.442752838134766 -73.94058227539062 13.005807495117182
    endloop
  endfacet
  facet normal -0.584517407300132 0.8113811684794832 0
    outer loop
      vertex 51.442752838134766 -73.94058227539062 0
      vertex 51.442752838134766 -73.94058227539062 13.005807495117182
      vertex 53.844017028808594 -72.2107162475586 13.005807495117182
    endloop
  endfacet
  facet normal 0.5753454859626793 -0.8179104913022993 0
    outer loop
      vertex 55.36000442504883 -76.06207275390625 0
      vertex 55.36000442504883 -76.06207275390625 15.005807495117182
      vertex 52.87751007080078 -77.80834197998047 15.005807495117182
    endloop
  endfacet
  facet normal 0.6014302217879012 -0.7989253333823856 0
    outer loop
      vertex 57.784873962402344 -74.23663330078125 0
      vertex 57.784873962402344 -74.23663330078125 15.005807495117182
      vertex 55.36000442504883 -76.06207275390625 15.005807495117182
    endloop
  endfacet
  facet normal -0.6108543162013184 0.7917430166273776 0
    outer loop
      vertex 53.844017028808594 -72.2107162475586 0
      vertex 53.844017028808594 -72.2107162475586 13.005807495117182
      vertex 56.18716049194336 -70.40290832519531 13.005807495117182
    endloop
  endfacet
  facet normal -0.6365359514772336 0.7712470307735212 0
    outer loop
      vertex 56.18716049194336 -70.40290832519531 0
      vertex 56.18716049194336 -70.40290832519531 13.005807495117182
      vertex 58.46964645385742 -68.51909637451172 13.005807495117182
    endloop
  endfacet
  facet normal 0.6268908041633936 -0.7791071297680273 0
    outer loop
      vertex 60.149593353271484 -72.33391571044922 0
      vertex 60.149593353271484 -72.33391571044922 15.005807495117182
      vertex 57.784873962402344 -74.23663330078125 15.005807495117182
    endloop
  endfacet
  facet normal 0.6516973957884011 -0.7584790730947136 0
    outer loop
      vertex 62.45170593261719 -70.35590362548828 0
      vertex 62.45170593261719 -70.35590362548828 15.005807495117182
      vertex 60.149593353271484 -72.33391571044922 15.005807495117182
    endloop
  endfacet
  facet normal -0.661528482119041 0.7499200406345182 0
    outer loop
      vertex 58.46964645385742 -68.51909637451172 0
      vertex 58.46964645385742 -68.51909637451172 13.005807495117182
      vertex 60.68901824951172 -66.56131744384766 13.005807495117182
    endloop
  endfacet
  facet normal -0.6858061226194849 0.7277842827223105 0
    outer loop
      vertex 60.68901824951172 -66.56131744384766 0
      vertex 60.68901824951172 -66.56131744384766 13.005807495117182
      vertex 62.84287643432617 -64.53169250488281 13.005807495117182
    endloop
  endfacet
  facet normal 0.675824561920688 -0.7370625221137691 0
    outer loop
      vertex 64.68881225585938 -68.3046646118164 0
      vertex 64.68881225585938 -68.3046646118164 15.005807495117182
      vertex 62.45170593261719 -70.35590362548828 15.005807495117182
    endloop
  endfacet
  facet normal -0.709345404118597 0.7048610484739699 0
    outer loop
      vertex 62.84287643432617 -64.53169250488281 0
      vertex 62.84287643432617 -64.53169250488281 13.005807495117182
      vertex 64.92889404296875 -62.432403564453125 13.005807495117182
    endloop
  endfacet
  facet normal 0.6992524095215095 -0.7148748616215029 0
    outer loop
      vertex 66.85857391357422 -66.18231964111328 0
      vertex 66.85857391357422 -66.18231964111328 15.005807495117182
      vertex 64.68881225585938 -68.3046646118164 15.005807495117182
    endloop
  endfacet
  facet normal 0.7219467135871741 -0.6919486561448609 0
    outer loop
      vertex 68.95875549316406 -63.9910888671875 0
      vertex 68.95875549316406 -63.9910888671875 15.005807495117182
      vertex 66.85857391357422 -66.18231964111328 15.005807495117182
    endloop
  endfacet
  facet normal 0.7438944820342136 -0.6682970893240889 0
    outer loop
      vertex 68.95875549316406 -63.9910888671875 15.005807495117182
      vertex 70.98714447021484 -61.73324966430664 0
      vertex 70.98714447021484 -61.73324966430664 15.005807495117182
    endloop
  endfacet
  facet normal 0.5214048643992748 -0.8533094206562903 0
    outer loop
      vertex 47.75004196166992 -81.05616760253906 15.005807495117182
      vertex 50.3399772644043 -79.47361755371094 15.005807495117182
      vertex 50.3399772644043 -79.47361755371094 55.00580749511718
    endloop
  endfacet
  facet normal 0.5486609712297946 -0.836044938175681 0
    outer loop
      vertex 50.3399772644043 -79.47361755371094 15.005807495117182
      vertex 52.87751007080078 -77.80834197998047 15.005807495117182
      vertex 52.87751007080078 -77.80834197998047 55.00580749511718
    endloop
  endfacet
  facet normal -0.5299733340099978 0.8480143072132258 0
    outer loop
      vertex 46.476280212402344 -77.15906524658203 13.005807495117182
      vertex 46.476280212402344 -77.15906524658203 51.00580749511718
      vertex 48.985958099365234 -75.59062194824219 13.005807495117182
    endloop
  endfacet
  facet normal -0.5575453915658571 0.8301464547558312 0
    outer loop
      vertex 48.985958099365234 -75.59062194824219 13.005807495117182
      vertex 48.985958099365234 -75.59062194824219 51.00580749511718
      vertex 51.442752838134766 -73.94058227539062 13.005807495117182
    endloop
  endfacet
  facet normal -0.584517407300132 0.8113811684794833 0
    outer loop
      vertex 51.442752838134766 -73.94058227539062 13.005807495117182
      vertex 51.442752838134766 -73.94058227539062 51.00580749511718
      vertex 53.844017028808594 -72.2107162475586 13.005807495117182
    endloop
  endfacet
  facet normal -0.6108543162013184 0.7917430166273776 0
    outer loop
      vertex 53.844017028808594 -72.2107162475586 13.005807495117182
      vertex 53.844017028808594 -72.2107162475586 51.00580749511718
      vertex 56.18716049194336 -70.40290832519531 13.005807495117182
    endloop
  endfacet
  facet normal 0.5753454859626792 -0.8179104913022992 0
    outer loop
      vertex 52.87751007080078 -77.80834197998047 15.005807495117182
      vertex 55.36000442504883 -76.06207275390625 15.005807495117182
      vertex 55.36000442504883 -76.06207275390625 55.00580749511718
    endloop
  endfacet
  facet normal 0.6014302217879012 -0.7989253333823856 0
    outer loop
      vertex 55.36000442504883 -76.06207275390625 15.005807495117182
      vertex 57.784873962402344 -74.23663330078125 15.005807495117182
      vertex 57.784873962402344 -74.23663330078125 55.00580749511718
    endloop
  endfacet
  facet normal -0.6365359514772337 0.7712470307735213 0
    outer loop
      vertex 56.18716049194336 -70.40290832519531 13.005807495117182
      vertex 56.18716049194336 -70.40290832519531 51.00580749511718
      vertex 58.46964645385742 -68.51909637451172 13.005807495117182
    endloop
  endfacet
  facet normal 0.6268908041633937 -0.7791071297680272 0
    outer loop
      vertex 57.784873962402344 -74.23663330078125 15.005807495117182
      vertex 60.149593353271484 -72.33391571044922 15.005807495117182
      vertex 60.149593353271484 -72.33391571044922 55.00580749511718
    endloop
  endfacet
  facet normal 0.6516973957884011 -0.7584790730947136 0
    outer loop
      vertex 60.149593353271484 -72.33391571044922 15.005807495117182
      vertex 62.45170593261719 -70.35590362548828 15.005807495117182
      vertex 62.45170593261719 -70.35590362548828 55.00580749511718
    endloop
  endfacet
  facet normal -0.661528482119041 0.7499200406345183 0
    outer loop
      vertex 58.46964645385742 -68.51909637451172 13.005807495117182
      vertex 58.46964645385742 -68.51909637451172 51.00580749511718
      vertex 60.68901824951172 -66.56131744384766 13.005807495117182
    endloop
  endfacet
  facet normal -0.6858061226194849 0.7277842827223105 0
    outer loop
      vertex 60.68901824951172 -66.56131744384766 13.005807495117182
      vertex 60.68901824951172 -66.56131744384766 51.00580749511718
      vertex 62.84287643432617 -64.53169250488281 13.005807495117182
    endloop
  endfacet
  facet normal -0.709345404118597 0.7048610484739699 0
    outer loop
      vertex 62.84287643432617 -64.53169250488281 13.005807495117182
      vertex 62.84287643432617 -64.53169250488281 51.00580749511718
      vertex 64.92889404296875 -62.432403564453125 13.005807495117182
    endloop
  endfacet
  facet normal 0.675824561920688 -0.7370625221137691 0
    outer loop
      vertex 62.45170593261719 -70.35590362548828 15.005807495117182
      vertex 64.68881225585938 -68.3046646118164 15.005807495117182
      vertex 64.68881225585938 -68.3046646118164 55.00580749511718
    endloop
  endfacet
  facet normal 0.6992524095215096 -0.714874861621503 0
    outer loop
      vertex 64.68881225585938 -68.3046646118164 15.005807495117182
      vertex 66.85857391357422 -66.18231964111328 15.005807495117182
      vertex 66.85857391357422 -66.18231964111328 55.00580749511718
    endloop
  endfacet
  facet normal 0.7219467135871741 -0.6919486561448608 0
    outer loop
      vertex 66.85857391357422 -66.18231964111328 15.005807495117182
      vertex 68.95875549316406 -63.9910888671875 15.005807495117182
      vertex 68.95875549316406 -63.9910888671875 55.00580749511718
    endloop
  endfacet
  facet normal 0.7438944820342135 -0.6682970893240888 0
    outer loop
      vertex 68.95875549316406 -63.9910888671875 15.005807495117182
      vertex 70.98714447021484 -61.73324966430664 15.005807495117182
      vertex 70.98714447021484 -61.73324966430664 55.00580749511718
    endloop
  endfacet
  facet normal -0.7321180886853048 0.6811777332090181 0
    outer loop
      vertex 64.92889404296875 -62.432403564453125 0
      vertex 66.94482421875 -60.265716552734375 13.005807495117182
      vertex 66.94482421875 -60.265716552734375 0
    endloop
  endfacet
  facet normal -0.7540996969666499 0.6567599615040544 0
    outer loop
      vertex 66.94482421875 -60.265716552734375 0
      vertex 68.88848876953125 -58.03397750854492 13.005807495117182
      vertex 68.88848876953125 -58.03397750854492 0
    endloop
  endfacet
  facet normal -0.7752681344315641 0.6316322662237914 0
    outer loop
      vertex 68.88848876953125 -58.03397750854492 0
      vertex 70.7577896118164 -55.73958969116211 13.005807495117182
      vertex 70.7577896118164 -55.73958969116211 0
    endloop
  endfacet
  facet normal -0.7321180886853048 0.6811777332090181 0
    outer loop
      vertex 64.92889404296875 -62.432403564453125 0
      vertex 64.92889404296875 -62.432403564453125 13.005807495117182
      vertex 66.94482421875 -60.265716552734375 13.005807495117182
    endloop
  endfacet
  facet normal -0.7540996969666499 0.6567599615040544 0
    outer loop
      vertex 66.94482421875 -60.265716552734375 0
      vertex 66.94482421875 -60.265716552734375 13.005807495117182
      vertex 68.88848876953125 -58.03397750854492 13.005807495117182
    endloop
  endfacet
  facet normal -0.7752681344315641 0.6316322662237914 0
    outer loop
      vertex 68.88848876953125 -58.03397750854492 0
      vertex 68.88848876953125 -58.03397750854492 13.005807495117182
      vertex 70.7577896118164 -55.73958969116211 13.005807495117182
    endloop
  endfacet
  facet normal 0.7650650760793563 -0.6439529713913034 0
    outer loop
      vertex 70.98714447021484 -61.73324966430664 0
      vertex 72.941650390625 -59.41114807128906 0
      vertex 70.98714447021484 -61.73324966430664 15.005807495117182
    endloop
  endfacet
  facet normal 0.7854402369145829 -0.6189375043052115 0
    outer loop
      vertex 72.941650390625 -59.41114807128906 0
      vertex 74.82022857666016 -57.02720642089844 0
      vertex 72.941650390625 -59.41114807128906 15.005807495117182
    endloop
  endfacet
  facet normal -0.7955999334107398 0.6058223716212752 0
    outer loop
      vertex 70.7577896118164 -55.73958969116211 0
      vertex 72.55070495605469 -53.385032653808594 13.005807495117182
      vertex 72.55070495605469 -53.385032653808594 0
    endloop
  endfacet
  facet normal 0.8049972654079491 -0.5932785203306487 0
    outer loop
      vertex 74.82022857666016 -57.02720642089844 0
      vertex 76.62092590332031 -54.58390808105469 0
      vertex 74.82022857666016 -57.02720642089844 15.005807495117182
    endloop
  endfacet
  facet normal 0.8237175027657365 -0.5670004194331595 0
    outer loop
      vertex 76.62092590332031 -54.58390808105469 0
      vertex 78.34186553955078 -52.08378982543945 0
      vertex 76.62092590332031 -54.58390808105469 15.005807495117182
    endloop
  endfacet
  facet normal -0.8150721910922486 0.5793594077151772 0
    outer loop
      vertex 72.55070495605469 -53.385032653808594 0
      vertex 74.26530456542969 -50.97284698486328 13.005807495117182
      vertex 74.26530456542969 -50.97284698486328 0
    endloop
  endfacet
  facet normal -0.8336653109389919 0.5522699967742174 0
    outer loop
      vertex 74.26530456542969 -50.97284698486328 0
      vertex 75.89973449707031 -48.50563430786133 13.005807495117182
      vertex 75.89973449707031 -48.50563430786133 0
    endloop
  endfacet
  facet normal 0.8415794136307011 -0.540133400701165 0
    outer loop
      vertex 78.34186553955078 -52.08378982543945 0
      vertex 79.98126220703125 -49.52945327758789 0
      vertex 78.34186553955078 -52.08378982543945 15.005807495117182
    endloop
  endfacet
  facet normal -0.8513574960020613 0.5245859452950491 0
    outer loop
      vertex 75.89973449707031 -48.50563430786133 0
      vertex 77.45223236083984 -45.98606491088867 13.005807495117182
      vertex 77.45223236083984 -45.98606491088867 0
    endloop
  endfacet
  facet normal 0.8585660906677178 -0.5127029041809225 0
    outer loop
      vertex 79.98126220703125 -49.52945327758789 0
      vertex 81.53739929199219 -46.92356491088867 0
      vertex 79.98126220703125 -49.52945327758789 15.005807495117182
    endloop
  endfacet
  facet normal 0.8746580025608177 -0.48474052704134435 0
    outer loop
      vertex 81.53739929199219 -46.92356491088867 0
      vertex 83.0086669921875 -44.26883316040039 0
      vertex 81.53739929199219 -46.92356491088867 15.005807495117182
    endloop
  endfacet
  facet normal 0.7650650760793563 -0.6439529713913034 0
    outer loop
      vertex 72.941650390625 -59.41114807128906 0
      vertex 72.941650390625 -59.41114807128906 15.005807495117182
      vertex 70.98714447021484 -61.73324966430664 15.005807495117182
    endloop
  endfacet
  facet normal 0.7854402369145829 -0.6189375043052115 0
    outer loop
      vertex 74.82022857666016 -57.02720642089844 0
      vertex 74.82022857666016 -57.02720642089844 15.005807495117182
      vertex 72.941650390625 -59.41114807128906 15.005807495117182
    endloop
  endfacet
  facet normal -0.7955999334107398 0.6058223716212752 0
    outer loop
      vertex 70.7577896118164 -55.73958969116211 0
      vertex 70.7577896118164 -55.73958969116211 13.005807495117182
      vertex 72.55070495605469 -53.385032653808594 13.005807495117182
    endloop
  endfacet
  facet normal 0.8049972654079491 -0.5932785203306487 0
    outer loop
      vertex 76.62092590332031 -54.58390808105469 0
      vertex 76.62092590332031 -54.58390808105469 15.005807495117182
      vertex 74.82022857666016 -57.02720642089844 15.005807495117182
    endloop
  endfacet
  facet normal -0.8150721910922486 0.5793594077151772 0
    outer loop
      vertex 72.55070495605469 -53.385032653808594 0
      vertex 72.55070495605469 -53.385032653808594 13.005807495117182
      vertex 74.26530456542969 -50.97284698486328 13.005807495117182
    endloop
  endfacet
  facet normal -0.8336653109389919 0.5522699967742174 0
    outer loop
      vertex 74.26530456542969 -50.97284698486328 0
      vertex 74.26530456542969 -50.97284698486328 13.005807495117182
      vertex 75.89973449707031 -48.50563430786133 13.005807495117182
    endloop
  endfacet
  facet normal -0.8513574960020613 0.5245859452950491 0
    outer loop
      vertex 75.89973449707031 -48.50563430786133 0
      vertex 75.89973449707031 -48.50563430786133 13.005807495117182
      vertex 77.45223236083984 -45.98606491088867 13.005807495117182
    endloop
  endfacet
  facet normal 0.8237175027657365 -0.5670004194331595 0
    outer loop
      vertex 78.34186553955078 -52.08378982543945 0
      vertex 78.34186553955078 -52.08378982543945 15.005807495117182
      vertex 76.62092590332031 -54.58390808105469 15.005807495117182
    endloop
  endfacet
  facet normal 0.8415794136307011 -0.540133400701165 0
    outer loop
      vertex 79.98126220703125 -49.52945327758789 0
      vertex 79.98126220703125 -49.52945327758789 15.005807495117182
      vertex 78.34186553955078 -52.08378982543945 15.005807495117182
    endloop
  endfacet
  facet normal 0.8585660906677178 -0.5127029041809225 0
    outer loop
      vertex 81.53739929199219 -46.92356491088867 0
      vertex 81.53739929199219 -46.92356491088867 15.005807495117182
      vertex 79.98126220703125 -49.52945327758789 15.005807495117182
    endloop
  endfacet
  facet normal -0.8681317525625909 0.49633381931176546 0
    outer loop
      vertex 77.45223236083984 -45.98606491088867 0
      vertex 78.9211196899414 -43.41685104370117 13.005807495117182
      vertex 78.9211196899414 -43.41685104370117 0
    endloop
  endfacet
  facet normal -0.8839676320632023 0.4675480996267389 0
    outer loop
      vertex 78.9211196899414 -43.41685104370117 0
      vertex 80.30481719970703 -40.8007698059082 13.005807495117182
      vertex 80.30481719970703 -40.8007698059082 0
    endloop
  endfacet
  facet normal -0.8988506617904857 0.43825504880013183 0
    outer loop
      vertex 80.30481719970703 -40.8007698059082 0
      vertex 81.60182189941406 -38.14064407348633 13.005807495117182
      vertex 81.60182189941406 -38.14064407348633 0
    endloop
  endfacet
  facet normal 0.8898396280987041 -0.456273422703054 0
    outer loop
      vertex 83.0086669921875 -44.26883316040039 0
      vertex 84.3935317993164 -41.568023681640625 0
      vertex 83.0086669921875 -44.26883316040039 15.005807495117182
    endloop
  endfacet
  facet normal 0.9040953452746396 -0.4273307930078642 0
    outer loop
      vertex 84.3935317993164 -41.568023681640625 0
      vertex 85.6905517578125 -38.823944091796875 0
      vertex 84.3935317993164 -41.568023681640625 15.005807495117182
    endloop
  endfacet
  facet normal 0.9174108840441035 -0.3979412894352838 0
    outer loop
      vertex 85.6905517578125 -38.823944091796875 0
      vertex 86.89836883544922 -36.039451599121094 0
      vertex 85.6905517578125 -38.823944091796875 15.005807495117182
    endloop
  endfacet
  facet normal -0.9127618115841085 0.40849219737186726 0
    outer loop
      vertex 81.60182189941406 -38.14064407348633 0
      vertex 82.81074523925781 -35.43934631347656 13.005807495117182
      vertex 82.81074523925781 -35.43934631347656 0
    endloop
  endfacet
  facet normal -0.925689590562012 0.37828399639045596 0
    outer loop
      vertex 82.81074523925781 -35.43934631347656 0
      vertex 83.93026733398438 -32.699790954589844 13.005807495117182
      vertex 83.93026733398438 -32.699790954589844 0
    endloop
  endfacet
  facet normal 0.9297697985438141 -0.36814144254049314 0
    outer loop
      vertex 86.89836883544922 -36.039451599121094 0
      vertex 88.01573944091797 -33.217445373535156 0
      vertex 86.89836883544922 -36.039451599121094 15.005807495117182
    endloop
  endfacet
  facet normal -0.9376166543597613 0.34767083493903855 0
    outer loop
      vertex 83.93026733398438 -32.699790954589844 0
      vertex 84.95919036865234 -29.924938201904297 13.005807495117182
      vertex 84.95919036865234 -29.924938201904297 0
    endloop
  endfacet
  facet normal 0.9411623342982324 -0.3379548202027931 0
    outer loop
      vertex 88.01573944091797 -33.217445373535156 0
      vertex 89.04148864746094 -30.36086082458496 0
      vertex 88.01573944091797 -33.217445373535156 15.005807495117182
    endloop
  endfacet
  facet normal -0.8681317525625909 0.49633381931176546 0
    outer loop
      vertex 77.45223236083984 -45.98606491088867 0
      vertex 77.45223236083984 -45.98606491088867 13.005807495117182
      vertex 78.9211196899414 -43.41685104370117 13.005807495117182
    endloop
  endfacet
  facet normal -0.8839676320632023 0.4675480996267389 0
    outer loop
      vertex 78.9211196899414 -43.41685104370117 0
      vertex 78.9211196899414 -43.41685104370117 13.005807495117182
      vertex 80.30481719970703 -40.8007698059082 13.005807495117182
    endloop
  endfacet
  facet normal -0.8988506617904857 0.43825504880013183 0
    outer loop
      vertex 80.30481719970703 -40.8007698059082 0
      vertex 80.30481719970703 -40.8007698059082 13.005807495117182
      vertex 81.60182189941406 -38.14064407348633 13.005807495117182
    endloop
  endfacet
  facet normal -0.9127618115841085 0.40849219737186726 0
    outer loop
      vertex 81.60182189941406 -38.14064407348633 0
      vertex 81.60182189941406 -38.14064407348633 13.005807495117182
      vertex 82.81074523925781 -35.43934631347656 13.005807495117182
    endloop
  endfacet
  facet normal 0.8746580025608177 -0.48474052704134435 0
    outer loop
      vertex 81.53739929199219 -46.92356491088867 15.005807495117182
      vertex 83.0086669921875 -44.26883316040039 0
      vertex 83.0086669921875 -44.26883316040039 15.005807495117182
    endloop
  endfacet
  facet normal 0.8898396280987041 -0.456273422703054 0
    outer loop
      vertex 84.3935317993164 -41.568023681640625 0
      vertex 84.3935317993164 -41.568023681640625 15.005807495117182
      vertex 83.0086669921875 -44.26883316040039 15.005807495117182
    endloop
  endfacet
  facet normal 0.9040953452746396 -0.4273307930078642 0
    outer loop
      vertex 85.6905517578125 -38.823944091796875 0
      vertex 85.6905517578125 -38.823944091796875 15.005807495117182
      vertex 84.3935317993164 -41.568023681640625 15.005807495117182
    endloop
  endfacet
  facet normal -0.925689590562012 0.37828399639045596 0
    outer loop
      vertex 82.81074523925781 -35.43934631347656 0
      vertex 82.81074523925781 -35.43934631347656 13.005807495117182
      vertex 83.93026733398438 -32.699790954589844 13.005807495117182
    endloop
  endfacet
  facet normal 0.9174108840441035 -0.3979412894352838 0
    outer loop
      vertex 86.89836883544922 -36.039451599121094 0
      vertex 86.89836883544922 -36.039451599121094 15.005807495117182
      vertex 85.6905517578125 -38.823944091796875 15.005807495117182
    endloop
  endfacet
  facet normal 0.9297697985438141 -0.36814144254049314 0
    outer loop
      vertex 88.01573944091797 -33.217445373535156 0
      vertex 88.01573944091797 -33.217445373535156 15.005807495117182
      vertex 86.89836883544922 -36.039451599121094 15.005807495117182
    endloop
  endfacet
  facet normal -0.9376166543597613 0.34767083493903855 0
    outer loop
      vertex 83.93026733398438 -32.699790954589844 0
      vertex 83.93026733398438 -32.699790954589844 13.005807495117182
      vertex 84.95919036865234 -29.924938201904297 13.005807495117182
    endloop
  endfacet
  facet normal 0.9411623342982324 -0.3379548202027931 0
    outer loop
      vertex 89.04148864746094 -30.36086082458496 0
      vertex 89.04148864746094 -30.36086082458496 15.005807495117182
      vertex 88.01573944091797 -33.217445373535156 15.005807495117182
    endloop
  endfacet
  facet normal -0.7321180886853047 0.681177733209018 0
    outer loop
      vertex 64.92889404296875 -62.432403564453125 13.005807495117182
      vertex 64.92889404296875 -62.432403564453125 51.00580749511718
      vertex 66.94482421875 -60.265716552734375 13.005807495117182
    endloop
  endfacet
  facet normal -0.7540996969666498 0.6567599615040544 0
    outer loop
      vertex 66.94482421875 -60.265716552734375 13.005807495117182
      vertex 66.94482421875 -60.265716552734375 51.00580749511718
      vertex 68.88848876953125 -58.03397750854492 13.005807495117182
    endloop
  endfacet
  facet normal -0.775268134431564 0.6316322662237913 0
    outer loop
      vertex 68.88848876953125 -58.03397750854492 13.005807495117182
      vertex 68.88848876953125 -58.03397750854492 51.00580749511718
      vertex 70.7577896118164 -55.73958969116211 13.005807495117182
    endloop
  endfacet
  facet normal -0.7955999334107399 0.6058223716212752 0
    outer loop
      vertex 70.7577896118164 -55.73958969116211 13.005807495117182
      vertex 70.7577896118164 -55.73958969116211 51.00580749511718
      vertex 72.55070495605469 -53.385032653808594 13.005807495117182
    endloop
  endfacet
  facet normal 0.7650650760793563 -0.6439529713913034 0
    outer loop
      vertex 70.98714447021484 -61.73324966430664 15.005807495117182
      vertex 72.941650390625 -59.41114807128906 15.005807495117182
      vertex 72.941650390625 -59.41114807128906 55.00580749511718
    endloop
  endfacet
  facet normal 0.785440236914583 -0.6189375043052115 0
    outer loop
      vertex 72.941650390625 -59.41114807128906 15.005807495117182
      vertex 74.82022857666016 -57.02720642089844 15.005807495117182
      vertex 74.82022857666016 -57.02720642089844 55.00580749511718
    endloop
  endfacet
  facet normal 0.8049972654079491 -0.5932785203306487 0
    outer loop
      vertex 74.82022857666016 -57.02720642089844 15.005807495117182
      vertex 76.62092590332031 -54.58390808105469 15.005807495117182
      vertex 76.62092590332031 -54.58390808105469 55.00580749511718
    endloop
  endfacet
  facet normal -0.8150721910922487 0.5793594077151772 0
    outer loop
      vertex 72.55070495605469 -53.385032653808594 13.005807495117182
      vertex 72.55070495605469 -53.385032653808594 51.00580749511718
      vertex 74.26530456542969 -50.97284698486328 13.005807495117182
    endloop
  endfacet
  facet normal -0.8336653109389918 0.5522699967742173 0
    outer loop
      vertex 74.26530456542969 -50.97284698486328 13.005807495117182
      vertex 74.26530456542969 -50.97284698486328 51.00580749511718
      vertex 75.89973449707031 -48.50563430786133 13.005807495117182
    endloop
  endfacet
  facet normal -0.8513574960020613 0.524585945295049 0
    outer loop
      vertex 75.89973449707031 -48.50563430786133 13.005807495117182
      vertex 75.89973449707031 -48.50563430786133 51.00580749511718
      vertex 77.45223236083984 -45.98606491088867 13.005807495117182
    endloop
  endfacet
  facet normal 0.8237175027657366 -0.5670004194331595 0
    outer loop
      vertex 76.62092590332031 -54.58390808105469 15.005807495117182
      vertex 78.34186553955078 -52.08378982543945 15.005807495117182
      vertex 78.34186553955078 -52.08378982543945 55.00580749511718
    endloop
  endfacet
  facet normal 0.8415794136307012 -0.540133400701165 0
    outer loop
      vertex 78.34186553955078 -52.08378982543945 15.005807495117182
      vertex 79.98126220703125 -49.52945327758789 15.005807495117182
      vertex 79.98126220703125 -49.52945327758789 55.00580749511718
    endloop
  endfacet
  facet normal 0.8585660906677178 -0.5127029041809226 0
    outer loop
      vertex 79.98126220703125 -49.52945327758789 15.005807495117182
      vertex 81.53739929199219 -46.92356491088867 15.005807495117182
      vertex 81.53739929199219 -46.92356491088867 55.00580749511718
    endloop
  endfacet
  facet normal -0.868131752562591 0.49633381931176546 0
    outer loop
      vertex 77.45223236083984 -45.98606491088867 13.005807495117182
      vertex 77.45223236083984 -45.98606491088867 51.00580749511718
      vertex 78.9211196899414 -43.41685104370117 13.005807495117182
    endloop
  endfacet
  facet normal -0.8839676320632023 0.4675480996267389 0
    outer loop
      vertex 78.9211196899414 -43.41685104370117 13.005807495117182
      vertex 78.9211196899414 -43.41685104370117 51.00580749511718
      vertex 80.30481719970703 -40.8007698059082 13.005807495117182
    endloop
  endfacet
  facet normal -0.8988506617904857 0.43825504880013183 0
    outer loop
      vertex 80.30481719970703 -40.8007698059082 13.005807495117182
      vertex 80.30481719970703 -40.8007698059082 51.00580749511718
      vertex 81.60182189941406 -38.14064407348633 13.005807495117182
    endloop
  endfacet
  facet normal -0.9127618115841085 0.40849219737186726 0
    outer loop
      vertex 81.60182189941406 -38.14064407348633 13.005807495117182
      vertex 81.60182189941406 -38.14064407348633 51.00580749511718
      vertex 82.81074523925781 -35.43934631347656 13.005807495117182
    endloop
  endfacet
  facet normal 0.8746580025608178 -0.4847405270413444 0
    outer loop
      vertex 81.53739929199219 -46.92356491088867 15.005807495117182
      vertex 83.0086669921875 -44.26883316040039 15.005807495117182
      vertex 83.0086669921875 -44.26883316040039 55.00580749511718
    endloop
  endfacet
  facet normal 0.8898396280987042 -0.45627342270305404 0
    outer loop
      vertex 83.0086669921875 -44.26883316040039 15.005807495117182
      vertex 84.3935317993164 -41.568023681640625 15.005807495117182
      vertex 84.3935317993164 -41.568023681640625 55.00580749511718
    endloop
  endfacet
  facet normal 0.9040953452746396 -0.4273307930078643 0
    outer loop
      vertex 84.3935317993164 -41.568023681640625 15.005807495117182
      vertex 85.6905517578125 -38.823944091796875 15.005807495117182
      vertex 85.6905517578125 -38.823944091796875 55.00580749511718
    endloop
  endfacet
  facet normal -0.925689590562012 0.3782839963904559 0
    outer loop
      vertex 82.81074523925781 -35.43934631347656 13.005807495117182
      vertex 82.81074523925781 -35.43934631347656 51.00580749511718
      vertex 83.93026733398438 -32.699790954589844 13.005807495117182
    endloop
  endfacet
  facet normal -0.9376166543597612 0.3476708349390385 0
    outer loop
      vertex 83.93026733398438 -32.699790954589844 13.005807495117182
      vertex 83.93026733398438 -32.699790954589844 51.00580749511718
      vertex 84.95919036865234 -29.924938201904297 13.005807495117182
    endloop
  endfacet
  facet normal 0.9174108840441036 -0.3979412894352838 0
    outer loop
      vertex 85.6905517578125 -38.823944091796875 15.005807495117182
      vertex 86.89836883544922 -36.039451599121094 15.005807495117182
      vertex 86.89836883544922 -36.039451599121094 55.00580749511718
    endloop
  endfacet
  facet normal 0.9297697985438141 -0.36814144254049314 0
    outer loop
      vertex 86.89836883544922 -36.039451599121094 15.005807495117182
      vertex 88.01573944091797 -33.217445373535156 15.005807495117182
      vertex 88.01573944091797 -33.217445373535156 55.00580749511718
    endloop
  endfacet
  facet normal 0.9411623342982324 -0.3379548202027931 0
    outer loop
      vertex 88.01573944091797 -33.217445373535156 15.005807495117182
      vertex 89.04148864746094 -30.36086082458496 15.005807495117182
      vertex 89.04148864746094 -30.36086082458496 55.00580749511718
    endloop
  endfacet
  facet normal 0 1 0
    outer loop
      vertex -1.479737639427185 -90.06317901611328 51.00580749511718
      vertex 1.479737639427185 -90.06317901611328 51.00580749511718
      vertex 1.479737639427185 -90.06317901611328 13.005807495117182
    endloop
  endfacet
  facet normal -0.03285088454708064 0.999460264034781 0
    outer loop
      vertex 4.437615394592285 -89.96595764160156 13.005807495117182
      vertex 1.479737639427185 -90.06317901611328 51.00580749511718
      vertex 4.437615394592285 -89.96595764160156 51.00580749511718
    endloop
  endfacet
  facet normal -0.0656656836267874 0.9978416798239221 0
    outer loop
      vertex 7.390702724456787 -89.77162170410156 13.005807495117182
      vertex 4.437615394592285 -89.96595764160156 51.00580749511718
      vertex 7.390702724456787 -89.77162170410156 51.00580749511718
    endloop
  endfacet
  facet normal -0.09841085178967202 0.995145870840065 0
    outer loop
      vertex 10.33581256866455 -89.48037719726562 13.005807495117182
      vertex 7.390702724456787 -89.77162170410156 51.00580749511718
      vertex 10.33581256866455 -89.48037719726562 51.00580749511718
    endloop
  endfacet
  facet normal -0.1310503736222447 0.9913757106029328 0
    outer loop
      vertex 13.269763946533203 -89.09253692626953 13.005807495117182
      vertex 10.33581256866455 -89.48037719726562 51.00580749511718
      vertex 13.269763946533203 -89.09253692626953 51.00580749511718
    endloop
  endfacet
  facet normal -0.1635479922239253 0.9865353791119318 0
    outer loop
      vertex 16.18939208984375 -88.6085205078125 13.005807495117182
      vertex 13.269763946533203 -89.09253692626953 51.00580749511718
      vertex 16.18939208984375 -88.6085205078125 51.00580749511718
    endloop
  endfacet
  facet normal -0.19586787672944916 0.9806302946908673 0
    outer loop
      vertex 19.091543197631836 -88.02885437011719 13.005807495117182
      vertex 16.18939208984375 -88.6085205078125 51.00580749511718
      vertex 19.091543197631836 -88.02885437011719 51.00580749511718
    endloop
  endfacet
  facet normal -0.22797632732237522 0.9736666750898899 0
    outer loop
      vertex 21.973085403442383 -87.35416412353516 13.005807495117182
      vertex 19.091543197631836 -88.02885437011719 51.00580749511718
      vertex 21.973085403442383 -87.35416412353516 51.00580749511718
    endloop
  endfacet
  facet normal 0.032257882907469844 -0.9994795790761951 0
    outer loop
      vertex 1.5175827741622925 -94.06309509277344 15.005807495117182
      vertex 4.551168918609619 -93.9651870727539 55.00580749511718
      vertex 1.5175827741622925 -94.06309509277344 55.00580749511718
    endloop
  endfacet
  facet normal 0.06448559715536999 -0.9979186378455487 0
    outer loop
      vertex 4.551168918609619 -93.9651870727539 15.005807495117182
      vertex 7.580017566680908 -93.76946258544922 55.00580749511718
      vertex 4.551168918609619 -93.9651870727539 55.00580749511718
    endloop
  endfacet
  facet normal 0.09664293887732832 -0.9953191158443372 0
    outer loop
      vertex 7.580017566680908 -93.76946258544922 15.005807495117182
      vertex 10.60097599029541 -93.47613525390625 55.00580749511718
      vertex 7.580017566680908 -93.76946258544922 55.00580749511718
    endloop
  endfacet
  facet normal 0.12869973387147715 -0.9916836080632829 0
    outer loop
      vertex 10.60097599029541 -93.47613525390625 15.005807495117182
      vertex 13.610899925231934 -93.08551025390625 55.00580749511718
      vertex 10.60097599029541 -93.47613525390625 55.00580749511718
    endloop
  endfacet
  facet normal 0.1606233589906557 -0.9870157732004889 0
    outer loop
      vertex 13.610899925231934 -93.08551025390625 15.005807495117182
      vertex 16.60665512084961 -92.59799194335938 55.00580749511718
      vertex 13.610899925231934 -93.08551025390625 55.00580749511718
    endloop
  endfacet
  facet normal 0.19238083324319039 -0.9813203427019414 0
    outer loop
      vertex 16.60665512084961 -92.59799194335938 15.005807495117182
      vertex 19.585126876831055 -92.01408386230469 55.00580749511718
      vertex 16.60665512084961 -92.59799194335938 55.00580749511718
    endloop
  endfacet
  facet normal 0.22393520511668 -0.974604034420826 0
    outer loop
      vertex 19.585126876831055 -92.01408386230469 15.005807495117182
      vertex 22.543209075927734 -91.33440399169922 55.00580749511718
      vertex 19.585126876831055 -92.01408386230469 55.00580749511718
    endloop
  endfacet
  facet normal -0.2598398333190506 0.9656517286375704 0
    outer loop
      vertex 24.830907821655273 -86.58517456054688 13.005807495117182
      vertex 21.973085403442383 -87.35416412353516 51.00580749511718
      vertex 24.830907821655273 -86.58517456054688 51.00580749511718
    endloop
  endfacet
  facet normal -0.2914224736023959 0.9565944500567943 0
    outer loop
      vertex 27.661924362182617 -85.72271728515625 13.005807495117182
      vertex 24.830907821655273 -86.58517456054688 51.00580749511718
      vertex 27.661924362182617 -85.72271728515625 51.00580749511718
    endloop
  endfacet
  facet normal -0.32269037010629303 0.9465045826833929 0
    outer loop
      vertex 30.46308135986328 -84.7677230834961 13.005807495117182
      vertex 27.661924362182617 -85.72271728515625 51.00580749511718
      vertex 30.46308135986328 -84.7677230834961 51.00580749511718
    endloop
  endfacet
  facet normal -0.35361031666988413 0.9353928286792798 0
    outer loop
      vertex 33.231353759765625 -83.72122192382812 13.005807495117182
      vertex 30.46308135986328 -84.7677230834961 51.00580749511718
      vertex 33.231353759765625 -83.72122192382812 51.00580749511718
    endloop
  endfacet
  facet normal -0.38414654343204546 0.9232721338636901 0
    outer loop
      vertex 35.96375274658203 -82.5843505859375 13.005807495117182
      vertex 33.231353759765625 -83.72122192382812 51.00580749511718
      vertex 35.96375274658203 -82.5843505859375 51.00580749511718
    endloop
  endfacet
  facet normal -0.41427205049082383 0.9101531015066248 0
    outer loop
      vertex 38.65732955932617 -81.35832214355469 13.005807495117182
      vertex 35.96375274658203 -82.5843505859375 51.00580749511718
      vertex 38.65732955932617 -81.35832214355469 51.00580749511718
    endloop
  endfacet
  facet normal -0.44394692814180986 0.8960530815713156 0
    outer loop
      vertex 41.30917739868164 -80.04447174072266 13.005807495117182
      vertex 38.65732955932617 -81.35832214355469 51.00580749511718
      vertex 41.30917739868164 -80.04447174072266 51.00580749511718
    endloop
  endfacet
  facet normal -0.4731427190584612 0.8809857929626141 0
    outer loop
      vertex 43.91643142700195 -78.64421844482422 13.005807495117182
      vertex 41.30917739868164 -80.04447174072266 51.00580749511718
      vertex 43.91643142700195 -78.64421844482422 51.00580749511718
    endloop
  endfacet
  facet normal 0.25526015729784046 -0.9668724073507743 0
    outer loop
      vertex 22.543209075927734 -91.33440399169922 15.005807495117182
      vertex 25.477828979492188 -90.55964660644531 55.00580749511718
      vertex 22.543209075927734 -91.33440399169922 55.00580749511718
    endloop
  endfacet
  facet normal 0.2863168845026789 -0.9581349809127521 0
    outer loop
      vertex 25.477828979492188 -90.55964660644531 15.005807495117182
      vertex 28.38592529296875 -89.69062805175781 55.00580749511718
      vertex 25.477828979492188 -90.55964660644531 55.00580749511718
    endloop
  endfacet
  facet normal 0.31707637888391016 -0.9484000052477156 0
    outer loop
      vertex 28.38592529296875 -89.69062805175781 15.005807495117182
      vertex 31.264476776123047 -88.7282485961914 55.00580749511718
      vertex 28.38592529296875 -89.69062805175781 55.00580749511718
    endloop
  endfacet
  facet normal 0.3475066575443396 -0.9376775154403357 0
    outer loop
      vertex 31.264476776123047 -88.7282485961914 15.005807495117182
      vertex 34.1104850769043 -87.67350769042969 55.00580749511718
      vertex 31.264476776123047 -88.7282485961914 55.00580749511718
    endloop
  endfacet
  facet normal 0.3775729777047227 -0.9259798305077649 0
    outer loop
      vertex 34.1104850769043 -87.67350769042969 15.005807495117182
      vertex 36.92098617553711 -86.52751159667969 55.00580749511718
      vertex 34.1104850769043 -87.67350769042969 55.00580749511718
    endloop
  endfacet
  facet normal 0.407248791041298 -0.913317262617652 0
    outer loop
      vertex 36.92098617553711 -86.52751159667969 15.005807495117182
      vertex 39.693058013916016 -85.29144287109375 55.00580749511718
      vertex 36.92098617553711 -86.52751159667969 55.00580749511718
    endloop
  endfacet
  facet normal 0.43649860172727895 -0.8997049353483232 0
    outer loop
      vertex 39.693058013916016 -85.29144287109375 15.005807495117182
      vertex 42.42380905151367 -83.96659851074219 55.00580749511718
      vertex 39.693058013916016 -85.29144287109375 55.00580749511718
    endloop
  endfacet
  facet normal 0.46529508974080247 -0.8851556244317146 0
    outer loop
      vertex 42.42380905151367 -83.96659851074219 15.005807495117182
      vertex 45.11040115356445 -82.55435180664062 55.00580749511718
      vertex 42.42380905151367 -83.96659851074219 55.00580749511718
    endloop
  endfacet
  facet normal 0.49360793451689183 -0.8696845445228791 0
    outer loop
      vertex 45.11040115356445 -82.55435180664062 15.005807495117182
      vertex 47.75004196166992 -81.05616760253906 55.00580749511718
      vertex 45.11040115356445 -82.55435180664062 55.00580749511718
    endloop
  endfacet
  facet normal -0.501829564150016 0.8649665245227731 0
    outer loop
      vertex 46.476280212402344 -77.15906524658203 13.005807495117182
      vertex 43.91643142700195 -78.64421844482422 51.00580749511718
      vertex 46.476280212402344 -77.15906524658203 51.00580749511718
    endloop
  endfacet
  facet normal 0 0 1
    outer loop
      vertex 1.5175827741622925 -94.06309509277344 55.00580749511718
      vertex 4.551168918609619 -93.9651870727539 55.00580749511718
      vertex 1.479737639427185 -90.06317901611328 55.00580749511718
    endloop
  endfacet
  facet normal 0 0 1
    outer loop
      vertex -1.479737639427185 -90.06317901611328 55.00580749511718
      vertex 1.5175827741622925 -94.06309509277344 55.00580749511718
      vertex 1.479737639427185 -90.06317901611328 55.00580749511718
    endloop
  endfacet
  facet normal 0 0 1
    outer loop
      vertex 4.551168918609619 -93.9651870727539 55.00580749511718
      vertex 7.580017566680908 -93.76946258544922 55.00580749511718
      vertex 4.437615394592285 -89.96595764160156 55.00580749511718
    endloop
  endfacet
  facet normal 0 0 1
    outer loop
      vertex 1.479737639427185 -90.06317901611328 55.00580749511718
      vertex 4.551168918609619 -93.9651870727539 55.00580749511718
      vertex 4.437615394592285 -89.96595764160156 55.00580749511718
    endloop
  endfacet
  facet normal 0 0.8944319677309484 -0.4472040419103386
    outer loop
      vertex -1.479737639427185 -90.06317901611328 51.00580749511718
      vertex 1.4599311351776123 -88.063232421875 55.00580749511718
      vertex 1.479737639427185 -90.06317901611328 51.00580749511718
    endloop
  endfacet
  facet normal -0.029384141117753674 0.8939875392973315 -0.44712733290626966
    outer loop
      vertex 1.479737639427185 -90.06317901611328 51.00580749511718
      vertex 1.4599311351776123 -88.063232421875 55.00580749511718
      vertex 4.437615394592285 -89.96595764160156 51.00580749511718
    endloop
  endfacet
  facet normal -0.058738512369662176 0.8925778674051921 -0.4470509342155527
    outer loop
      vertex 4.437615394592285 -89.96595764160156 51.00580749511718
      vertex 4.378188610076904 -87.9664535522461 55.00580749511718
      vertex 7.390702724456787 -89.77162170410156 51.00580749511718
    endloop
  endfacet
  facet normal -0.029644692541329235 0.8939022116247778 -0.44728070409582976
    outer loop
      vertex 4.437615394592285 -89.96595764160156 51.00580749511718
      vertex 1.4599311351776123 -88.063232421875 55.00580749511718
      vertex 4.378188610076904 -87.9664535522461 55.00580749511718
    endloop
  endfacet
  facet normal 0 0 1
    outer loop
      vertex 7.580017566680908 -93.76946258544922 55.00580749511718
      vertex 10.60097599029541 -93.47613525390625 55.00580749511718
      vertex 7.390702724456787 -89.77162170410156 55.00580749511718
    endloop
  endfacet
  facet normal 0 0 1
    outer loop
      vertex 4.437615394592285 -89.96595764160156 55.00580749511718
      vertex 7.580017566680908 -93.76946258544922 55.00580749511718
      vertex 7.390702724456787 -89.77162170410156 55.00580749511718
    endloop
  endfacet
  facet normal 0 0 1
    outer loop
      vertex 10.60097599029541 -93.47613525390625 55.00580749511718
      vertex 10.33581256866455 -89.48037719726562 55.00580749511718
      vertex 7.390702724456787 -89.77162170410156 55.00580749511718
    endloop
  endfacet
  facet normal 0 0 1
    outer loop
      vertex 10.60097599029541 -93.47613525390625 55.00580749511718
      vertex 13.610899925231934 -93.08551025390625 55.00580749511718
      vertex 10.33581256866455 -89.48037719726562 55.00580749511718
    endloop
  endfacet
  facet normal -0.08803294060649978 0.8902028155360499 -0.44697779428050133
    outer loop
      vertex 7.390702724456787 -89.77162170410156 51.00580749511718
      vertex 7.291634559631348 -87.77298736572266 55.00580749511718
      vertex 10.33581256866455 -89.48037719726562 51.00580749511718
    endloop
  endfacet
  facet normal -0.1172351827072679 0.8868659382772971 -0.44690571652097155
    outer loop
      vertex 10.33581256866455 -89.48037719726562 51.00580749511718
      vertex 10.197066307067871 -87.4830551147461 55.00580749511718
      vertex 13.269763946533203 -89.09253692626953 51.00580749511718
    endloop
  endfacet
  facet normal -0.059258772552883615 0.8923896933733761 -0.44735783555951875
    outer loop
      vertex 7.390702724456787 -89.77162170410156 51.00580749511718
      vertex 4.378188610076904 -87.9664535522461 55.00580749511718
      vertex 7.291634559631348 -87.77298736572266 55.00580749511718
    endloop
  endfacet
  facet normal -0.08880263289670011 0.8898975122808276 -0.447433246448013
    outer loop
      vertex 10.33581256866455 -89.48037719726562 51.00580749511718
      vertex 7.291634559631348 -87.77298736572266 55.00580749511718
      vertex 10.197066307067871 -87.4830551147461 55.00580749511718
    endloop
  endfacet
  facet normal 0 0 1
    outer loop
      vertex 10.33581256866455 -89.48037719726562 55.00580749511718
      vertex 13.610899925231934 -93.08551025390625 55.00580749511718
      vertex 13.269763946533203 -89.09253692626953 55.00580749511718
    endloop
  endfacet
  facet normal 0 0 1
    outer loop
      vertex 13.610899925231934 -93.08551025390625 55.00580749511718
      vertex 16.60665512084961 -92.59799194335938 55.00580749511718
      vertex 13.269763946533203 -89.09253692626953 55.00580749511718
    endloop
  endfacet
  facet normal 0 0 1
    outer loop
      vertex 16.60665512084961 -92.59799194335938 55.00580749511718
      vertex 16.18939208984375 -88.6085205078125 55.00580749511718
      vertex 13.269763946533203 -89.09253692626953 55.00580749511718
    endloop
  endfacet
  facet normal 0 0 1
    outer loop
      vertex 16.60665512084961 -92.59799194335938 55.00580749511718
      vertex 19.585126876831055 -92.01408386230469 55.00580749511718
      vertex 16.18939208984375 -88.6085205078125 55.00580749511718
    endloop
  endfacet
  facet normal -0.14631279018011473 0.8825711766099459 -0.4468340694788676
    outer loop
      vertex 13.269763946533203 -89.09253692626953 51.00580749511718
      vertex 13.091291427612305 -87.09697723388672 55.00580749511718
      vertex 16.18939208984375 -88.6085205078125 51.00580749511718
    endloop
  endfacet
  facet normal -0.1752335609025797 0.8773227204835999 -0.446763968171849
    outer loop
      vertex 16.18939208984375 -88.6085205078125 51.00580749511718
      vertex 15.971128463745117 -86.61517333984375 55.00580749511718
      vertex 19.091543197631836 -88.02885437011719 51.00580749511718
    endloop
  endfacet
  facet normal -0.11824600114398189 0.8864287851794656 -0.4475063038871236
    outer loop
      vertex 10.197066307067871 -87.4830551147461 55.00580749511718
      vertex 13.091291427612305 -87.09697723388672 55.00580749511718
      vertex 13.269763946533203 -89.09253692626953 51.00580749511718
    endloop
  endfacet
  facet normal -0.14755855116891034 0.8819866047334786 -0.44757804129295997
    outer loop
      vertex 16.18939208984375 -88.6085205078125 51.00580749511718
      vertex 13.091291427612305 -87.09697723388672 55.00580749511718
      vertex 15.971128463745117 -86.61517333984375 55.00580749511718
    endloop
  endfacet
  facet normal 0 0 1
    outer loop
      vertex 19.585126876831055 -92.01408386230469 55.00580749511718
      vertex 22.543209075927734 -91.33440399169922 55.00580749511718
      vertex 19.091543197631836 -88.02885437011719 55.00580749511718
    endloop
  endfacet
  facet normal -0.20396727089875924 0.8711261244345089 -0.44669522913259857
    outer loop
      vertex 19.091543197631836 -88.02885437011719 51.00580749511718
      vertex 18.833412170410156 -86.03817749023438 55.00580749511718
      vertex 21.973085403442383 -87.35416412353516 51.00580749511718
    endloop
  endfacet
  facet normal -0.2324836658425562 0.8639870605412838 -0.44662926945469944
    outer loop
      vertex 21.973085403442383 -87.35416412353516 51.00580749511718
      vertex 21.674997329711914 -85.36661529541016 55.00580749511718
      vertex 24.830907821655273 -86.58517456054688 51.00580749511718
    endloop
  endfacet
  facet normal 0 0 1
    outer loop
      vertex 16.18939208984375 -88.6085205078125 55.00580749511718
      vertex 19.585126876831055 -92.01408386230469 55.00580749511718
      vertex 19.091543197631836 -88.02885437011719 55.00580749511718
    endloop
  endfacet
  facet normal -0.17670538075149622 0.8765763784045628 -0.4476483678475881
    outer loop
      vertex 19.091543197631836 -88.02885437011719 51.00580749511718
      vertex 15.971128463745117 -86.61517333984375 55.00580749511718
      vertex 18.833412170410156 -86.03817749023438 55.00580749511718
    endloop
  endfacet
  facet normal 0 0 1
    outer loop
      vertex 22.543209075927734 -91.33440399169922 55.00580749511718
      vertex 21.973085403442383 -87.35416412353516 55.00580749511718
      vertex 19.091543197631836 -88.02885437011719 55.00580749511718
    endloop
  endfacet
  facet normal 0 0 1
    outer loop
      vertex 22.543209075927734 -91.33440399169922 55.00580749511718
      vertex 25.477828979492188 -90.55964660644531 55.00580749511718
      vertex 21.973085403442383 -87.35416412353516 55.00580749511718
    endloop
  endfacet
  facet normal -0.20565817921832663 0.8702026922596252 -0.44771864793048616
    outer loop
      vertex 21.973085403442383 -87.35416412353516 51.00580749511718
      vertex 18.833412170410156 -86.03817749023438 55.00580749511718
      vertex 21.674997329711914 -85.36661529541016 55.00580749511718
    endloop
  endfacet
  facet normal 0.03280993267717711 -0.9982143381709633 0.04991636392631918
    outer loop
      vertex 1.479737639427185 -90.06317901611328 55.00580749511718
      vertex 4.437615394592285 -89.96595764160156 55.00580749511718
      vertex 4.419877529144287 -89.70234680175781 60.289086914062494
    endloop
  endfacet
  facet normal -0.033145017394077346 0.9994505529649511 0
    outer loop
      vertex 1.4599311351776123 -88.063232421875 55.00580749511718
      vertex 1.4599311351776123 -88.063232421875 62.150537109374994
      vertex 4.378188610076904 -87.9664535522461 55.00580749511718
    endloop
  endfacet
  facet normal 0 -0.9987529502363234 0.04992538827330441
    outer loop
      vertex -1.4738216400146484 -89.79907989501953 60.289086914062494
      vertex 1.479737639427185 -90.06317901611328 55.00580749511718
      vertex 1.4738216400146484 -89.79907989501953 60.289086914062494
    endloop
  endfacet
  facet normal 0.03277615247160038 -0.9982145071151379 0.049935174116452846
    outer loop
      vertex 1.479737639427185 -90.06317901611328 55.00580749511718
      vertex 4.419877529144287 -89.70234680175781 60.289086914062494
      vertex 1.4738216400146484 -89.79907989501953 60.289086914062494
    endloop
  endfacet
  facet normal 0.06551350710567436 -0.9966009288739238 0.04994566001513136
    outer loop
      vertex 4.437615394592285 -89.96595764160156 55.00580749511718
      vertex 7.361172199249268 -89.50899505615234 60.289086914062494
      vertex 4.419877529144287 -89.70234680175781 60.289086914062494
    endloop
  endfacet
  facet normal -0.06625866553420964 0.9978024800739 0
    outer loop
      vertex 4.378188610076904 -87.9664535522461 55.00580749511718
      vertex 4.378188610076904 -87.9664535522461 62.150537109374994
      vertex 7.291634559631348 -87.77298736572266 55.00580749511718
    endloop
  endfacet
  facet normal 0.06558385723842973 -0.9965982635324419 0.049906500516976045
    outer loop
      vertex 4.437615394592285 -89.96595764160156 55.00580749511718
      vertex 7.390702724456787 -89.77162170410156 55.00580749511718
      vertex 7.361172199249268 -89.50899505615234 60.289086914062494
    endloop
  endfacet
  facet normal 0.09828826832636954 -0.9939062877542539 0.049896968564851145
    outer loop
      vertex 7.390702724456787 -89.77162170410156 55.00580749511718
      vertex 10.33581256866455 -89.48037719726562 55.00580749511718
      vertex 10.294537544250488 -89.21922302246094 60.289086914062494
    endloop
  endfacet
  facet normal 0.0981836086996307 -0.9939137036025107 0.04995526772882242
    outer loop
      vertex 7.390702724456787 -89.77162170410156 55.00580749511718
      vertex 10.294537544250488 -89.21922302246094 60.289086914062494
      vertex 7.361172199249268 -89.50899505615234 60.289086914062494
    endloop
  endfacet
  facet normal -0.09929655809882035 0.9950578845221657 0
    outer loop
      vertex 7.291634559631348 -87.77298736572266 55.00580749511718
      vertex 7.291634559631348 -87.77298736572266 62.150537109374994
      vertex 10.197066307067871 -87.4830551147461 55.00580749511718
    endloop
  endfacet
  facet normal 0.13074767081424782 -0.9901558103114788 0.04996516669708877
    outer loop
      vertex 10.33581256866455 -89.48037719726562 55.00580749511718
      vertex 13.216814041137695 -88.83334350585938 60.289086914062494
      vertex 10.294537544250488 -89.21922302246094 60.289086914062494
    endloop
  endfacet
  facet normal -0.13222469295415135 0.9912197690589006 0
    outer loop
      vertex 10.197066307067871 -87.4830551147461 55.00580749511718
      vertex 10.197066307067871 -87.4830551147461 62.150537109374994
      vertex 13.091291427612305 -87.09697723388672 55.00580749511718
    endloop
  endfacet
  facet normal 0 1 0
    outer loop
      vertex -1.4599311351776123 -88.063232421875 62.150537109374994
      vertex 1.4599311351776123 -88.063232421875 62.150537109374994
      vertex 1.4599311351776123 -88.063232421875 55.00580749511718
    endloop
  endfacet
  facet normal 0 -0.731350353710784 0.682001950237029
    outer loop
      vertex -1.4738216400146484 -89.79907989501953 60.289086914062494
      vertex 1.4738216400146484 -89.79907989501953 60.289086914062494
      vertex 1.4599311351776123 -88.063232421875 62.150537109374994
    endloop
  endfacet
  facet normal 0.024003874105312187 -0.7310502774738304 0.6819012434607902
    outer loop
      vertex 1.4738216400146484 -89.79907989501953 60.289086914062494
      vertex 4.419877529144287 -89.70234680175781 60.289086914062494
      vertex 1.4599311351776123 -88.063232421875 62.150537109374994
    endloop
  endfacet
  facet normal 0.047985518920845696 -0.7299626419308269 0.6818005070101257
    outer loop
      vertex 4.419877529144287 -89.70234680175781 60.289086914062494
      vertex 7.361172199249268 -89.50899505615234 60.289086914062494
      vertex 4.378188610076904 -87.9664535522461 62.150537109374994
    endloop
  endfacet
  facet normal -0.033145017394077346 0.9994505529649511 0
    outer loop
      vertex 4.378188610076904 -87.9664535522461 55.00580749511718
      vertex 1.4599311351776123 -88.063232421875 62.150537109374994
      vertex 4.378188610076904 -87.9664535522461 62.150537109374994
    endloop
  endfacet
  facet normal 0.024237543021131673 -0.7308557267286409 0.6821014940727289
    outer loop
      vertex 4.419877529144287 -89.70234680175781 60.289086914062494
      vertex 4.378188610076904 -87.9664535522461 62.150537109374994
      vertex 1.4599311351776123 -88.063232421875 62.150537109374994
    endloop
  endfacet
  facet normal 0.07192360197354655 -0.7280833793006569 0.6817049128950785
    outer loop
      vertex 7.361172199249268 -89.50899505615234 60.289086914062494
      vertex 10.294537544250488 -89.21922302246094 60.289086914062494
      vertex 7.291634559631348 -87.77298736572266 62.150537109374994
    endloop
  endfacet
  facet normal -0.06625866553420964 0.9978024800739 0
    outer loop
      vertex 7.291634559631348 -87.77298736572266 55.00580749511718
      vertex 4.378188610076904 -87.9664535522461 62.150537109374994
      vertex 7.291634559631348 -87.77298736572266 62.150537109374994
    endloop
  endfacet
  facet normal 0.0957896879537843 -0.7254180170452976 0.6816106192158282
    outer loop
      vertex 10.294537544250488 -89.21922302246094 60.289086914062494
      vertex 13.216814041137695 -88.83334350585938 60.289086914062494
      vertex 10.197066307067871 -87.4830551147461 62.150537109374994
    endloop
  endfacet
  facet normal -0.09929655809882035 0.9950578845221657 0
    outer loop
      vertex 10.197066307067871 -87.4830551147461 55.00580749511718
      vertex 7.291634559631348 -87.77298736572266 62.150537109374994
      vertex 10.197066307067871 -87.4830551147461 62.150537109374994
    endloop
  endfacet
  facet normal 0.048445928410788715 -0.729556913469827 0.6822020976432102
    outer loop
      vertex 4.378188610076904 -87.9664535522461 62.150537109374994
      vertex 7.361172199249268 -89.50899505615234 60.289086914062494
      vertex 7.291634559631348 -87.77298736572266 62.150537109374994
    endloop
  endfacet
  facet normal 0.07259297190260935 -0.7274593443682076 0.6822999067285034
    outer loop
      vertex 10.294537544250488 -89.21922302246094 60.289086914062494
      vertex 10.197066307067871 -87.4830551147461 62.150537109374994
      vertex 7.291634559631348 -87.77298736572266 62.150537109374994
    endloop
  endfacet
  facet normal 0.1308871966648719 -0.9901413022788803 0.04988730570690375
    outer loop
      vertex 10.33581256866455 -89.48037719726562 55.00580749511718
      vertex 13.269763946533203 -89.09253692626953 55.00580749511718
      vertex 13.216814041137695 -88.83334350585938 60.289086914062494
    endloop
  endfacet
  facet normal 0.16334443495322967 -0.9853075043671183 0.04987702284269863
    outer loop
      vertex 13.269763946533203 -89.09253692626953 55.00580749511718
      vertex 16.18939208984375 -88.6085205078125 55.00580749511718
      vertex 16.124853134155273 -88.35177612304688 60.289086914062494
    endloop
  endfacet
  facet normal 0.16316958089279895 -0.98533151738041 0.04997488097121391
    outer loop
      vertex 13.269763946533203 -89.09253692626953 55.00580749511718
      vertex 16.124853134155273 -88.35177612304688 60.289086914062494
      vertex 13.216814041137695 -88.83334350585938 60.289086914062494
    endloop
  endfacet
  facet normal -0.16500911019907386 0.9862920427293885 0
    outer loop
      vertex 13.091291427612305 -87.09697723388672 55.00580749511718
      vertex 13.091291427612305 -87.09697723388672 62.150537109374994
      vertex 15.971128463745117 -86.61517333984375 55.00580749511718
    endloop
  endfacet
  facet normal 0.1954180893955899 -0.9794454424067396 0.04998395428178204
    outer loop
      vertex 16.18939208984375 -88.6085205078125 55.00580749511718
      vertex 19.01552391052246 -87.77503204345703 60.289086914062494
      vertex 16.124853134155273 -88.35177612304688 60.289086914062494
    endloop
  endfacet
  facet normal -0.1976106791782899 0.9802805820145042 0
    outer loop
      vertex 15.971128463745117 -86.61517333984375 55.00580749511718
      vertex 15.971128463745117 -86.61517333984375 62.150537109374994
      vertex 18.833412170410156 -86.03817749023438 55.00580749511718
    endloop
  endfacet
  facet normal 0.19562417980615357 -0.9794102039353183 0.04986815318966717
    outer loop
      vertex 16.18939208984375 -88.6085205078125 55.00580749511718
      vertex 19.091543197631836 -88.02885437011719 55.00580749511718
      vertex 19.01552391052246 -87.77503204345703 60.289086914062494
    endloop
  endfacet
  facet normal 0.22769279037569923 -0.9724557139371349 0.049858576413141384
    outer loop
      vertex 19.091543197631836 -88.02885437011719 55.00580749511718
      vertex 21.973085403442383 -87.35416412353516 55.00580749511718
      vertex 21.885709762573242 -87.10374450683594 60.289086914062494
    endloop
  endfacet
  facet normal 0.22745234152112448 -0.9725050102013769 0.0499943743812995
    outer loop
      vertex 19.091543197631836 -88.02885437011719 55.00580749511718
      vertex 21.885709762573242 -87.10374450683594 60.289086914062494
      vertex 19.01552391052246 -87.77503204345703 60.289086914062494
    endloop
  endfacet
  facet normal 0.25924321908878994 -0.9645167425661094 0.050004066496067485
    outer loop
      vertex 21.973085403442383 -87.35416412353516 55.00580749511718
      vertex 24.732322692871094 -86.33863067626953 60.289086914062494
      vertex 21.885709762573242 -87.10374450683594 60.289086914062494
    endloop
  endfacet
  facet normal 0.11955719584896708 -0.7219695764065576 0.68151743019828
    outer loop
      vertex 13.216814041137695 -88.83334350585938 60.289086914062494
      vertex 16.124853134155273 -88.35177612304688 60.289086914062494
      vertex 13.091291427612305 -87.09697723388672 62.150537109374994
    endloop
  endfacet
  facet normal -0.13222469295415135 0.9912197690589006 0
    outer loop
      vertex 13.091291427612305 -87.09697723388672 55.00580749511718
      vertex 10.197066307067871 -87.4830551147461 62.150537109374994
      vertex 13.091291427612305 -87.09697723388672 62.150537109374994
    endloop
  endfacet
  facet normal -0.16500911019907386 0.9862920427293885 0
    outer loop
      vertex 15.971128463745117 -86.61517333984375 55.00580749511718
      vertex 13.091291427612305 -87.09697723388672 62.150537109374994
      vertex 15.971128463745117 -86.61517333984375 62.150537109374994
    endloop
  endfacet
  facet normal 0.14320277832085748 -0.7177396371039937 0.6814270156157699
    outer loop
      vertex 16.124853134155273 -88.35177612304688 60.289086914062494
      vertex 19.01552391052246 -87.77503204345703 60.289086914062494
      vertex 15.971128463745117 -86.61517333984375 62.150537109374994
    endloop
  endfacet
  facet normal 0.09665412367186882 -0.7245657070865015 0.6823946926020609
    outer loop
      vertex 10.197066307067871 -87.4830551147461 62.150537109374994
      vertex 13.216814041137695 -88.83334350585938 60.289086914062494
      vertex 13.091291427612305 -87.09697723388672 62.150537109374994
    endloop
  endfacet
  facet normal 0.12060459939799309 -0.7208775113040626 0.6824882008504694
    outer loop
      vertex 16.124853134155273 -88.35177612304688 60.289086914062494
      vertex 15.971128463745117 -86.61517333984375 62.150537109374994
      vertex 13.091291427612305 -87.09697723388672 62.150537109374994
    endloop
  endfacet
  facet normal -0.1976106791782899 0.9802805820145042 0
    outer loop
      vertex 18.833412170410156 -86.03817749023438 55.00580749511718
      vertex 15.971128463745117 -86.61517333984375 62.150537109374994
      vertex 18.833412170410156 -86.03817749023438 62.150537109374994
    endloop
  endfacet
  facet normal 0.16669667370122715 -0.7127354648195228 0.6813371971098051
    outer loop
      vertex 19.01552391052246 -87.77503204345703 60.289086914062494
      vertex 21.885709762573242 -87.10374450683594 60.289086914062494
      vertex 18.833412170410156 -86.03817749023438 62.150537109374994
    endloop
  endfacet
  facet normal 0.19001648656008963 -0.7069580577458567 0.681251817923127
    outer loop
      vertex 21.885709762573242 -87.10374450683594 60.289086914062494
      vertex 24.732322692871094 -86.33863067626953 60.289086914062494
      vertex 21.674997329711914 -85.36661529541016 62.150537109374994
    endloop
  endfacet
  facet normal 0.14441638990608538 -0.7164014785954144 0.6825780745034209
    outer loop
      vertex 15.971128463745117 -86.61517333984375 62.150537109374994
      vertex 19.01552391052246 -87.77503204345703 60.289086914062494
      vertex 18.833412170410156 -86.03817749023438 62.150537109374994
    endloop
  endfacet
  facet normal 0.16806594565522673 -0.7111384479927623 0.6826682544966184
    outer loop
      vertex 21.885709762573242 -87.10374450683594 60.289086914062494
      vertex 21.674997329711914 -85.36661529541016 62.150537109374994
      vertex 18.833412170410156 -86.03817749023438 62.150537109374994
    endloop
  endfacet
  facet normal -0.22999781622588375 0.9731911449100452 0
    outer loop
      vertex 18.833412170410156 -86.03817749023438 55.00580749511718
      vertex 18.833412170410156 -86.03817749023438 62.150537109374994
      vertex 21.674997329711914 -85.36661529541016 55.00580749511718
    endloop
  endfacet
  facet normal -0.2621265444250893 0.9650335096294644 0
    outer loop
      vertex 21.674997329711914 -85.36661529541016 55.00580749511718
      vertex 21.674997329711914 -85.36661529541016 62.150537109374994
      vertex 24.492761611938477 -84.60124206542969 55.00580749511718
    endloop
  endfacet
  facet normal -0.22999781622588375 0.9731911449100452 0
    outer loop
      vertex 21.674997329711914 -85.36661529541016 55.00580749511718
      vertex 18.833412170410156 -86.03817749023438 62.150537109374994
      vertex 21.674997329711914 -85.36661529541016 62.150537109374994
    endloop
  endfacet
  facet normal 0 0 1
    outer loop
      vertex 21.973085403442383 -87.35416412353516 55.00580749511718
      vertex 25.477828979492188 -90.55964660644531 55.00580749511718
      vertex 24.830907821655273 -86.58517456054688 55.00580749511718
    endloop
  endfacet
  facet normal 0 0 1
    outer loop
      vertex 25.477828979492188 -90.55964660644531 55.00580749511718
      vertex 28.38592529296875 -89.69062805175781 55.00580749511718
      vertex 24.830907821655273 -86.58517456054688 55.00580749511718
    endloop
  endfacet
  facet normal 0 0 1
    outer loop
      vertex 28.38592529296875 -89.69062805175781 55.00580749511718
      vertex 31.264476776123047 -88.7282485961914 55.00580749511718
      vertex 27.661924362182617 -85.72271728515625 55.00580749511718
    endloop
  endfacet
  facet normal 0 0 1
    outer loop
      vertex 24.830907821655273 -86.58517456054688 55.00580749511718
      vertex 28.38592529296875 -89.69062805175781 55.00580749511718
      vertex 27.661924362182617 -85.72271728515625 55.00580749511718
    endloop
  endfacet
  facet normal 0 0 1
    outer loop
      vertex 31.264476776123047 -88.7282485961914 55.00580749511718
      vertex 30.46308135986328 -84.7677230834961 55.00580749511718
      vertex 27.661924362182617 -85.72271728515625 55.00580749511718
    endloop
  endfacet
  facet normal 0 0 1
    outer loop
      vertex 31.264476776123047 -88.7282485961914 55.00580749511718
      vertex 34.1104850769043 -87.67350769042969 55.00580749511718
      vertex 30.46308135986328 -84.7677230834961 55.00580749511718
    endloop
  endfacet
  facet normal -0.2607509709136277 0.855915223488262 -0.4465624943595677
    outer loop
      vertex 24.830907821655273 -86.58517456054688 51.00580749511718
      vertex 24.492761611938477 -84.60124206542969 55.00580749511718
      vertex 27.661924362182617 -85.72271728515625 51.00580749511718
    endloop
  endfacet
  facet normal -0.28873835159013844 0.8469176594470214 -0.4464981998147234
    outer loop
      vertex 27.661924362182617 -85.72271728515625 51.00580749511718
      vertex 27.283605575561523 -83.74288177490234 55.00580749511718
      vertex 30.46308135986328 -84.7677230834961 51.00580749511718
    endloop
  endfacet
  facet normal -0.23437809654188588 0.8628760493606865 -0.4477854746428211
    outer loop
      vertex 21.674997329711914 -85.36661529541016 55.00580749511718
      vertex 24.492761611938477 -84.60124206542969 55.00580749511718
      vertex 24.830907821655273 -86.58517456054688 51.00580749511718
    endloop
  endfacet
  facet normal -0.26284348992226897 0.8546005393335603 -0.4478517812583423
    outer loop
      vertex 27.661924362182617 -85.72271728515625 51.00580749511718
      vertex 24.492761611938477 -84.60124206542969 55.00580749511718
      vertex 27.283605575561523 -83.74288177490234 55.00580749511718
    endloop
  endfacet
  facet normal -0.2910170497169965 0.8453869965915155 -0.44791729456227997
    outer loop
      vertex 30.46308135986328 -84.7677230834961 51.00580749511718
      vertex 27.283605575561523 -83.74288177490234 55.00580749511718
      vertex 30.044464111328125 -82.79248046875 55.00580749511718
    endloop
  endfacet
  facet normal -0.3164160406110367 0.8370041294438924 -0.4464358593772531
    outer loop
      vertex 30.46308135986328 -84.7677230834961 51.00580749511718
      vertex 30.044464111328125 -82.79248046875 55.00580749511718
      vertex 33.231353759765625 -83.72122192382812 51.00580749511718
    endloop
  endfacet
  facet normal -0.3437522113661975 0.8261868891827593 -0.44637388064644207
    outer loop
      vertex 33.231353759765625 -83.72122192382812 51.00580749511718
      vertex 32.77230453491211 -81.75109100341797 55.00580749511718
      vertex 35.96375274658203 -82.5843505859375 51.00580749511718
    endloop
  endfacet
  facet normal -0.3188666960310252 0.8352470349705038 -0.4479803798552341
    outer loop
      vertex 33.231353759765625 -83.72122192382812 51.00580749511718
      vertex 30.044464111328125 -82.79248046875 55.00580749511718
      vertex 32.77230453491211 -81.75109100341797 55.00580749511718
    endloop
  endfacet
  facet normal 0 0 1
    outer loop
      vertex 34.1104850769043 -87.67350769042969 55.00580749511718
      vertex 33.231353759765625 -83.72122192382812 55.00580749511718
      vertex 30.46308135986328 -84.7677230834961 55.00580749511718
    endloop
  endfacet
  facet normal 0 0 1
    outer loop
      vertex 34.1104850769043 -87.67350769042969 55.00580749511718
      vertex 36.92098617553711 -86.52751159667969 55.00580749511718
      vertex 33.231353759765625 -83.72122192382812 55.00580749511718
    endloop
  endfacet
  facet normal -0.34636485557850694 0.824190116035421 -0.44804245273143395
    outer loop
      vertex 32.77230453491211 -81.75109100341797 55.00580749511718
      vertex 35.4641227722168 -80.61985778808594 55.00580749511718
      vertex 35.96375274658203 -82.5843505859375 51.00580749511718
    endloop
  endfacet
  facet normal 0 0 1
    outer loop
      vertex 33.231353759765625 -83.72122192382812 55.00580749511718
      vertex 36.92098617553711 -86.52751159667969 55.00580749511718
      vertex 35.96375274658203 -82.5843505859375 55.00580749511718
    endloop
  endfacet
  facet normal 0 0 1
    outer loop
      vertex 36.92098617553711 -86.52751159667969 55.00580749511718
      vertex 39.693058013916016 -85.29144287109375 55.00580749511718
      vertex 35.96375274658203 -82.5843505859375 55.00580749511718
    endloop
  endfacet
  facet normal 0 0 1
    outer loop
      vertex 35.96375274658203 -82.5843505859375 55.00580749511718
      vertex 39.693058013916016 -85.29144287109375 55.00580749511718
      vertex 38.65732955932617 -81.35832214355469 55.00580749511718
    endloop
  endfacet
  facet normal 0 0 1
    outer loop
      vertex 39.693058013916016 -85.29144287109375 55.00580749511718
      vertex 42.42380905151367 -83.96659851074219 55.00580749511718
      vertex 38.65732955932617 -81.35832214355469 55.00580749511718
    endloop
  endfacet
  facet normal -0.37072240008331103 0.8144747921904018 -0.44631347163498375
    outer loop
      vertex 35.96375274658203 -82.5843505859375 51.00580749511718
      vertex 35.4641227722168 -80.61985778808594 55.00580749511718
      vertex 38.65732955932617 -81.35832214355469 51.00580749511718
    endloop
  endfacet
  facet normal -0.3972907242977618 0.8018831874268415 -0.4462548981346075
    outer loop
      vertex 38.65732955932617 -81.35832214355469 51.00580749511718
      vertex 38.116966247558594 -79.40000915527344 55.00580749511718
      vertex 41.30917739868164 -80.04447174072266 51.00580749511718
    endloop
  endfacet
  facet normal -0.37348395391252187 0.8122273892272196 -0.44810311799741354
    outer loop
      vertex 38.65732955932617 -81.35832214355469 51.00580749511718
      vertex 35.4641227722168 -80.61985778808594 55.00580749511718
      vertex 38.116966247558594 -79.40000915527344 55.00580749511718
    endloop
  endfacet
  facet normal 0 0 1
    outer loop
      vertex 38.65732955932617 -81.35832214355469 55.00580749511718
      vertex 42.42380905151367 -83.96659851074219 55.00580749511718
      vertex 41.30917739868164 -80.04447174072266 55.00580749511718
    endloop
  endfacet
  facet normal -0.40018697856528984 0.7993753875503278 -0.4481622161288784
    outer loop
      vertex 41.30917739868164 -80.04447174072266 51.00580749511718
      vertex 38.116966247558594 -79.40000915527344 55.00580749511718
      vertex 40.7279167175293 -78.09290313720703 55.00580749511718
    endloop
  endfacet
  facet normal 0 0 1
    outer loop
      vertex 42.42380905151367 -83.96659851074219 55.00580749511718
      vertex 45.11040115356445 -82.55435180664062 55.00580749511718
      vertex 41.30917739868164 -80.04447174072266 55.00580749511718
    endloop
  endfacet
  facet normal -0.4234318023222422 0.78842469113079 -0.4461972828216862
    outer loop
      vertex 41.30917739868164 -80.04447174072266 51.00580749511718
      vertex 40.7279167175293 -78.09290313720703 55.00580749511718
      vertex 43.91643142700195 -78.64421844482422 51.00580749511718
    endloop
  endfacet
  facet normal 0 0 1
    outer loop
      vertex 45.11040115356445 -82.55435180664062 55.00580749511718
      vertex 43.91643142700195 -78.64421844482422 55.00580749511718
      vertex 41.30917739868164 -80.04447174072266 55.00580749511718
    endloop
  endfacet
  facet normal 0 0 1
    outer loop
      vertex 45.11040115356445 -82.55435180664062 55.00580749511718
      vertex 47.75004196166992 -81.05616760253906 55.00580749511718
      vertex 43.91643142700195 -78.64421844482422 55.00580749511718
    endloop
  endfacet
  facet normal 0 0 1
    outer loop
      vertex 43.91643142700195 -78.64421844482422 55.00580749511718
      vertex 47.75004196166992 -81.05616760253906 55.00580749511718
      vertex 46.476280212402344 -77.15906524658203 55.00580749511718
    endloop
  endfacet
  facet normal 0.259516796824372 -0.9644512169780807 0.049848593114719356
    outer loop
      vertex 21.973085403442383 -87.35416412353516 55.00580749511718
      vertex 24.830907821655273 -86.58517456054688 55.00580749511718
      vertex 24.732322692871094 -86.33863067626953 60.289086914062494
    endloop
  endfacet
  facet normal 0.2907552725842344 -0.9554894251817038 0.05001329653606852
    outer loop
      vertex 24.830907821655273 -86.58517456054688 55.00580749511718
      vertex 27.552291870117188 -85.48051452636719 60.289086914062494
      vertex 24.732322692871094 -86.33863067626953 60.289086914062494
    endloop
  endfacet
  facet normal 0.291060317618285 -0.9554056728146929 0.04983865830303772
    outer loop
      vertex 24.830907821655273 -86.58517456054688 55.00580749511718
      vertex 27.661924362182617 -85.72271728515625 55.00580749511718
      vertex 27.552291870117188 -85.48051452636719 60.289086914062494
    endloop
  endfacet
  facet normal -0.2939729258332433 0.9558137469596483 0
    outer loop
      vertex 24.492761611938477 -84.60124206542969 55.00580749511718
      vertex 24.492761611938477 -84.60124206542969 62.150537109374994
      vertex 27.283605575561523 -83.74288177490234 55.00580749511718
    endloop
  endfacet
  facet normal 0.3219540001246417 -0.9454328992170247 0.050022543736133
    outer loop
      vertex 27.661924362182617 -85.72271728515625 55.00580749511718
      vertex 30.34258460998535 -84.53031921386719 60.289086914062494
      vertex 27.552291870117188 -85.48051452636719 60.289086914062494
    endloop
  endfacet
  facet normal -0.325495122047663 0.9455437195197147 0
    outer loop
      vertex 27.283605575561523 -83.74288177490234 55.00580749511718
      vertex 27.283605575561523 -83.74288177490234 62.150537109374994
      vertex 30.044464111328125 -82.79248046875 55.00580749511718
    endloop
  endfacet
  facet normal 0.3222895154154976 -0.945328809133959 0.0498288157055191
    outer loop
      vertex 27.661924362182617 -85.72271728515625 55.00580749511718
      vertex 30.46308135986328 -84.7677230834961 55.00580749511718
      vertex 30.34258460998535 -84.53031921386719 60.289086914062494
    endloop
  endfacet
  facet normal 0.3531712227793309 -0.9342313091845761 0.04981915635400992
    outer loop
      vertex 30.46308135986328 -84.7677230834961 55.00580749511718
      vertex 33.231353759765625 -83.72122192382812 55.00580749511718
      vertex 33.10019302368164 -83.48906707763672 60.289086914062494
    endloop
  endfacet
  facet normal 0.3836696858660895 -0.9221260365995166 0.04981109086020093
    outer loop
      vertex 33.231353759765625 -83.72122192382812 55.00580749511718
      vertex 35.96375274658203 -82.5843505859375 55.00580749511718
      vertex 35.8221435546875 -82.35787963867188 60.289086914062494
    endloop
  endfacet
  facet normal 0.35280644330073746 -0.9343577627359951 0.05003183766832298
    outer loop
      vertex 30.46308135986328 -84.7677230834961 55.00580749511718
      vertex 33.10019302368164 -83.48906707763672 60.289086914062494
      vertex 30.34258460998535 -84.53031921386719 60.289086914062494
    endloop
  endfacet
  facet normal -0.3566568472884702 0.9342354592297644 0
    outer loop
      vertex 30.044464111328125 -82.79248046875 55.00580749511718
      vertex 30.044464111328125 -82.79248046875 62.150537109374994
      vertex 32.77230453491211 -81.75109100341797 55.00580749511718
    endloop
  endfacet
  facet normal 0.3832791833405385 -0.9222759559388058 0.050041270117490204
    outer loop
      vertex 33.231353759765625 -83.72122192382812 55.00580749511718
      vertex 35.8221435546875 -82.35787963867188 60.289086914062494
      vertex 33.10019302368164 -83.48906707763672 60.289086914062494
    endloop
  endfacet
  facet normal -0.38742740173980617 0.9219002160652437 0
    outer loop
      vertex 32.77230453491211 -81.75109100341797 55.00580749511718
      vertex 32.77230453491211 -81.75109100341797 62.150537109374994
      vertex 35.4641227722168 -80.61985778808594 55.00580749511718
    endloop
  endfacet
  facet normal -0.2621265444250893 0.9650335096294644 0
    outer loop
      vertex 21.674997329711914 -85.36661529541016 62.150537109374994
      vertex 24.492761611938477 -84.60124206542969 62.150537109374994
      vertex 24.492761611938477 -84.60124206542969 55.00580749511718
    endloop
  endfacet
  facet normal -0.2939729258332433 0.9558137469596483 0
    outer loop
      vertex 27.283605575561523 -83.74288177490234 55.00580749511718
      vertex 24.492761611938477 -84.60124206542969 62.150537109374994
      vertex 27.283605575561523 -83.74288177490234 62.150537109374994
    endloop
  endfacet
  facet normal 0.2131370104557164 -0.7004177698833647 0.6811663250672435
    outer loop
      vertex 24.732322692871094 -86.33863067626953 60.289086914062494
      vertex 27.552291870117188 -85.48051452636719 60.289086914062494
      vertex 24.492761611938477 -84.60124206542969 62.150537109374994
    endloop
  endfacet
  facet normal 0.2360318836759162 -0.6931186070214549 0.6810840964881185
    outer loop
      vertex 27.552291870117188 -85.48051452636719 60.289086914062494
      vertex 30.34258460998535 -84.53031921386719 60.289086914062494
      vertex 27.283605575561523 -83.74288177490234 62.150537109374994
    endloop
  endfacet
  facet normal -0.325495122047663 0.9455437195197147 0
    outer loop
      vertex 30.044464111328125 -82.79248046875 55.00580749511718
      vertex 27.283605575561523 -83.74288177490234 62.150537109374994
      vertex 30.044464111328125 -82.79248046875 62.150537109374994
    endloop
  endfacet
  facet normal 0.19152220541319762 -0.7050996932311554 0.6827544708304703
    outer loop
      vertex 21.674997329711914 -85.36661529541016 62.150537109374994
      vertex 24.732322692871094 -86.33863067626953 60.289086914062494
      vertex 24.492761611938477 -84.60124206542969 62.150537109374994
    endloop
  endfacet
  facet normal 0.2147673148485343 -0.6982872703259897 0.6828395774802665
    outer loop
      vertex 27.552291870117188 -85.48051452636719 60.289086914062494
      vertex 27.283605575561523 -83.74288177490234 62.150537109374994
      vertex 24.492761611938477 -84.60124206542969 62.150537109374994
    endloop
  endfacet
  facet normal 0.23777097455414514 -0.6907103561473111 0.6829232515959804
    outer loop
      vertex 27.283605575561523 -83.74288177490234 62.150537109374994
      vertex 30.34258460998535 -84.53031921386719 60.289086914062494
      vertex 30.044464111328125 -82.79248046875 62.150537109374994
    endloop
  endfacet
  facet normal -0.3566568472884702 0.9342354592297644 0
    outer loop
      vertex 32.77230453491211 -81.75109100341797 55.00580749511718
      vertex 30.044464111328125 -82.79248046875 62.150537109374994
      vertex 32.77230453491211 -81.75109100341797 62.150537109374994
    endloop
  endfacet
  facet normal 0.2586768003062433 -0.6850687706965187 0.6810044731128311
    outer loop
      vertex 30.34258460998535 -84.53031921386719 60.289086914062494
      vertex 33.10019302368164 -83.48906707763672 60.289086914062494
      vertex 30.044464111328125 -82.79248046875 62.150537109374994
    endloop
  endfacet
  facet normal 0.28104772046704124 -0.6762787188154276 0.6809253066949735
    outer loop
      vertex 33.10019302368164 -83.48906707763672 60.289086914062494
      vertex 35.8221435546875 -82.35787963867188 60.289086914062494
      vertex 32.77230453491211 -81.75109100341797 62.150537109374994
    endloop
  endfacet
  facet normal 0.2605075472671441 -0.6823796876584111 0.6830034990306171
    outer loop
      vertex 33.10019302368164 -83.48906707763672 60.289086914062494
      vertex 32.77230453491211 -81.75109100341797 62.150537109374994
      vertex 30.044464111328125 -82.79248046875 62.150537109374994
    endloop
  endfacet
  facet normal -0.38742740173980617 0.9219002160652437 0
    outer loop
      vertex 35.4641227722168 -80.61985778808594 55.00580749511718
      vertex 32.77230453491211 -81.75109100341797 62.150537109374994
      vertex 35.4641227722168 -80.61985778808594 62.150537109374994
    endloop
  endfacet
  facet normal 0.28295497512782875 -0.6733035699996007 0.683080364727462
    outer loop
      vertex 32.77230453491211 -81.75109100341797 62.150537109374994
      vertex 35.8221435546875 -82.35787963867188 60.289086914062494
      vertex 35.4641227722168 -80.61985778808594 62.150537109374994
    endloop
  endfacet
  facet normal 0.41333570135909786 -0.9092020517831422 0.05005224285990702
    outer loop
      vertex 35.96375274658203 -82.5843505859375 55.00580749511718
      vertex 38.50550842285156 -81.13798522949219 60.289086914062494
      vertex 35.8221435546875 -82.35787963867188 60.289086914062494
    endloop
  endfacet
  facet normal 0.41375802052012306 -0.9090237808789203 0.04980026357221535
    outer loop
      vertex 35.96375274658203 -82.5843505859375 55.00580749511718
      vertex 38.65732955932617 -81.35832214355469 55.00580749511718
      vertex 38.50550842285156 -81.13798522949219 60.289086914062494
    endloop
  endfacet
  facet normal 0.44339629499832806 -0.8949416952912093 0.04979043694377467
    outer loop
      vertex 38.65732955932617 -81.35832214355469 55.00580749511718
      vertex 41.30917739868164 -80.04447174072266 55.00580749511718
      vertex 41.147396087646484 -79.8306884765625 60.289086914062494
    endloop
  endfacet
  facet normal -0.4177757555267633 0.9085501736800462 0
    outer loop
      vertex 35.4641227722168 -80.61985778808594 55.00580749511718
      vertex 35.4641227722168 -80.61985778808594 62.150537109374994
      vertex 38.116966247558594 -79.40000915527344 55.00580749511718
    endloop
  endfacet
  facet normal 0.44294982614050465 -0.8951477001538873 0.050060427797841464
    outer loop
      vertex 38.65732955932617 -81.35832214355469 55.00580749511718
      vertex 41.147396087646484 -79.8306884765625 60.289086914062494
      vertex 38.50550842285156 -81.13798522949219 60.289086914062494
    endloop
  endfacet
  facet normal -0.44766035084719374 0.894203673823457 0
    outer loop
      vertex 38.116966247558594 -79.40000915527344 55.00580749511718
      vertex 38.116966247558594 -79.40000915527344 62.150537109374994
      vertex 40.7279167175293 -78.09290313720703 55.00580749511718
    endloop
  endfacet
  facet normal 0.47255606644352943 -0.8798934531709595 0.04978227731134004
    outer loop
      vertex 41.30917739868164 -80.04447174072266 55.00580749511718
      vertex 43.91643142700195 -78.64421844482422 55.00580749511718
      vertex 43.74496078491211 -78.43739318847656 60.289086914062494
    endloop
  endfacet
  facet normal 0.47208787848996187 -0.8801284391459975 0.050069607440814505
    outer loop
      vertex 41.30917739868164 -80.04447174072266 55.00580749511718
      vertex 43.74496078491211 -78.43739318847656 60.289086914062494
      vertex 41.147396087646484 -79.8306884765625 60.289086914062494
    endloop
  endfacet
  facet normal 0.5007144587983852 -0.864162594274687 0.05008034950639893
    outer loop
      vertex 43.91643142700195 -78.64421844482422 55.00580749511718
      vertex 46.295406341552734 -76.95960998535156 60.289086914062494
      vertex 43.74496078491211 -78.43739318847656 60.289086914062494
    endloop
  endfacet
  facet normal 0.3031175277232031 -0.6667584658938963 0.680847202054757
    outer loop
      vertex 35.8221435546875 -82.35787963867188 60.289086914062494
      vertex 38.50550842285156 -81.13798522949219 60.289086914062494
      vertex 35.4641227722168 -80.61985778808594 62.150537109374994
    endloop
  endfacet
  facet normal -0.4177757555267633 0.9085501736800462 0
    outer loop
      vertex 38.116966247558594 -79.40000915527344 55.00580749511718
      vertex 35.4641227722168 -80.61985778808594 62.150537109374994
      vertex 38.116966247558594 -79.40000915527344 62.150537109374994
    endloop
  endfacet
  facet normal 0.32486509282303466 -0.6565128227605975 0.6807742540783936
    outer loop
      vertex 38.50550842285156 -81.13798522949219 60.289086914062494
      vertex 41.147396087646484 -79.8306884765625 60.289086914062494
      vertex 38.116966247558594 -79.40000915527344 62.150537109374994
    endloop
  endfacet
  facet normal -0.44766035084719374 0.894203673823457 0
    outer loop
      vertex 40.7279167175293 -78.09290313720703 55.00580749511718
      vertex 38.116966247558594 -79.40000915527344 62.150537109374994
      vertex 40.7279167175293 -78.09290313720703 62.150537109374994
    endloop
  endfacet
  facet normal 0.3050892556529419 -0.663487271686926 0.6831582440361627
    outer loop
      vertex 38.50550842285156 -81.13798522949219 60.289086914062494
      vertex 38.116966247558594 -79.40000915527344 62.150537109374994
      vertex 35.4641227722168 -80.61985778808594 62.150537109374994
    endloop
  endfacet
  facet normal 0.32688186911912326 -0.6529480837858991 0.6832327886756542
    outer loop
      vertex 41.147396087646484 -79.8306884765625 60.289086914062494
      vertex 40.7279167175293 -78.09290313720703 62.150537109374994
      vertex 38.116966247558594 -79.40000915527344 62.150537109374994
    endloop
  endfacet
  facet normal 0.3462673997209172 -0.6455573208495211 0.6807015743981373
    outer loop
      vertex 41.147396087646484 -79.8306884765625 60.289086914062494
      vertex 43.74496078491211 -78.43739318847656 60.289086914062494
      vertex 40.7279167175293 -78.09290313720703 62.150537109374994
    endloop
  endfacet
  facet normal -0.4491185079419552 0.7741123733341408 -0.44614190486321215
    outer loop
      vertex 43.91643142700195 -78.64421844482422 51.00580749511718
      vertex 43.294105529785156 -76.69996643066406 55.00580749511718
      vertex 46.476280212402344 -77.15906524658203 51.00580749511718
    endloop
  endfacet
  facet normal -0.4264508967664687 0.7856448287407036 -0.44822074441068105
    outer loop
      vertex 43.91643142700195 -78.64421844482422 51.00580749511718
      vertex 40.7279167175293 -78.09290313720703 55.00580749511718
      vertex 43.294105529785156 -76.69996643066406 55.00580749511718
    endloop
  endfacet
  facet normal -0.4522426105153226 0.771054463264735 -0.44827629416891746
    outer loop
      vertex 46.476280212402344 -77.15906524658203 51.00580749511718
      vertex 43.294105529785156 -76.69996643066406 55.00580749511718
      vertex 45.812713623046875 -75.22274017333984 55.00580749511718
    endloop
  endfacet
  facet normal 0.5012075793856597 -0.8638944553615179 0.049772807455416956
    outer loop
      vertex 43.91643142700195 -78.64421844482422 55.00580749511718
      vertex 46.476280212402344 -77.15906524658203 55.00580749511718
      vertex 46.295406341552734 -76.95960998535156 60.289086914062494
    endloop
  endfacet
  facet normal -0.4770555640329634 0.8788731357967379 0
    outer loop
      vertex 40.7279167175293 -78.09290313720703 55.00580749511718
      vertex 40.7279167175293 -78.09290313720703 62.150537109374994
      vertex 43.294105529785156 -76.69996643066406 55.00580749511718
    endloop
  endfacet
  facet normal -0.5059236086789834 0.862578287566546 0
    outer loop
      vertex 43.294105529785156 -76.69996643066406 55.00580749511718
      vertex 43.294105529785156 -76.69996643066406 62.150537109374994
      vertex 45.812713623046875 -75.22274017333984 55.00580749511718
    endloop
  endfacet
  facet normal -0.5342393290559355 0.8453332711362209 0
    outer loop
      vertex 45.812713623046875 -75.22274017333984 55.00580749511718
      vertex 45.812713623046875 -75.22274017333984 62.150537109374994
      vertex 48.28097152709961 -73.66283416748047 55.00580749511718
    endloop
  endfacet
  facet normal -0.4770555640329634 0.8788731357967379 0
    outer loop
      vertex 40.7279167175293 -78.09290313720703 62.150537109374994
      vertex 43.294105529785156 -76.69996643066406 62.150537109374994
      vertex 43.294105529785156 -76.69996643066406 55.00580749511718
    endloop
  endfacet
  facet normal 0.36729769919898414 -0.6339040685436292 0.680630613509976
    outer loop
      vertex 43.74496078491211 -78.43739318847656 60.289086914062494
      vertex 46.295406341552734 -76.95960998535156 60.289086914062494
      vertex 43.294105529785156 -76.69996643066406 62.150537109374994
    endloop
  endfacet
  facet normal -0.5059236086789834 0.862578287566546 0
    outer loop
      vertex 45.812713623046875 -75.22274017333984 55.00580749511718
      vertex 43.294105529785156 -76.69996643066406 62.150537109374994
      vertex 45.812713623046875 -75.22274017333984 62.150537109374994
    endloop
  endfacet
  facet normal 0.38793525908155463 -0.6215647890257893 0.680561127162471
    outer loop
      vertex 46.295406341552734 -76.95960998535156 60.289086914062494
      vertex 48.795982360839844 -75.39893341064453 60.289086914062494
      vertex 45.812713623046875 -75.22274017333984 62.150537109374994
    endloop
  endfacet
  facet normal 0.34831430685601317 -0.6416948259055606 0.6833043934041748
    outer loop
      vertex 40.7279167175293 -78.09290313720703 62.150537109374994
      vertex 43.74496078491211 -78.43739318847656 60.289086914062494
      vertex 43.294105529785156 -76.69996643066406 62.150537109374994
    endloop
  endfacet
  facet normal 0.36935905598843743 -0.6297415193641612 0.6833736214899198
    outer loop
      vertex 46.295406341552734 -76.95960998535156 60.289086914062494
      vertex 45.812713623046875 -75.22274017333984 62.150537109374994
      vertex 43.294105529785156 -76.69996643066406 62.150537109374994
    endloop
  endfacet
  facet normal 0.019916219709757536 -0.9998016524253561 -1.5201618908620493e-18
    outer loop
      vertex -2.969846590872294e-14 -46 15.005807495117182
      vertex 2.363483428955078 -45.952919006347656 55.00580749511718
      vertex -2.6645352591003757e-14 -46 55.00580749511718
    endloop
  endfacet
  facet normal 0.059718004823428116 -0.9982152873503335 0
    outer loop
      vertex 2.363483428955078 -45.952919006347656 15.005807495117182
      vertex 4.723216533660889 -45.81174850463867 55.00580749511718
      vertex 2.363483428955078 -45.952919006347656 55.00580749511718
    endloop
  endfacet
  facet normal 0.09942616951671576 -0.9950449421082614 0
    outer loop
      vertex 4.723216533660889 -45.81174850463867 15.005807495117182
      vertex 7.075455665588379 -45.57670974731445 55.00580749511718
      vertex 4.723216533660889 -45.81174850463867 55.00580749511718
    endloop
  endfacet
  facet normal -0.02038350960200531 0.9997922346849394 0
    outer loop
      vertex -2.6645352591003757e-14 -43 55.00580749511718
      vertex 2.296555757522583 -42.95317840576172 55.00580749511718
      vertex 2.296555757522583 -42.95317840576172 15.005807495117182
    endloop
  endfacet
  facet normal -0.06111565356231116 0.998130691287294 0
    outer loop
      vertex 4.589294910430908 -42.81279373168945 15.005807495117182
      vertex 2.296555757522583 -42.95317840576172 55.00580749511718
      vertex 4.589294910430908 -42.81279373168945 55.00580749511718
    endloop
  endfacet
  facet normal 0.1389746355336211 -0.9902959409582053 0
    outer loop
      vertex 7.075455665588379 -45.57670974731445 15.005807495117182
      vertex 9.416467666625977 -45.2481803894043 55.00580749511718
      vertex 7.075455665588379 -45.57670974731445 55.00580749511718
    endloop
  endfacet
  facet normal -0.10174650939762596 0.994810357719198 0
    outer loop
      vertex 6.874406814575195 -42.579078674316406 15.005807495117182
      vertex 4.589294910430908 -42.81279373168945 55.00580749511718
      vertex 6.874406814575195 -42.579078674316406 55.00580749511718
    endloop
  endfacet
  facet normal -0.14220959884375178 0.9898365673163925 0
    outer loop
      vertex 9.148094177246094 -42.252418518066406 15.005807495117182
      vertex 6.874406814575195 -42.579078674316406 55.00580749511718
      vertex 9.148094177246094 -42.252418518066406 55.00580749511718
    endloop
  endfacet
  facet normal 0.17830197862369962 -0.9839758149562793 0
    outer loop
      vertex 9.416467666625977 -45.2481803894043 15.005807495117182
      vertex 11.742539405822754 -44.826683044433594 55.00580749511718
      vertex 9.416467666625977 -45.2481803894043 55.00580749511718
    endloop
  endfacet
  facet normal -0.18243362983828787 0.983218170450499 0
    outer loop
      vertex 11.406578063964844 -41.8333625793457 15.005807495117182
      vertex 9.148094177246094 -42.252418518066406 55.00580749511718
      vertex 11.406578063964844 -41.8333625793457 55.00580749511718
    endloop
  endfacet
  facet normal 0.21735007418400207 -0.976093717453508 0
    outer loop
      vertex 11.742539405822754 -44.826683044433594 15.005807495117182
      vertex 14.049979209899902 -44.3128776550293 55.00580749511718
      vertex 11.742539405822754 -44.826683044433594 55.00580749511718
    endloop
  endfacet
  facet normal 0.2560498687350254 -0.9666635737012005 0
    outer loop
      vertex 14.049979209899902 -44.3128776550293 15.005807495117182
      vertex 16.335124969482422 -43.70758819580078 55.00580749511718
      vertex 14.049979209899902 -44.3128776550293 55.00580749511718
    endloop
  endfacet
  facet normal 0.2943443781460241 -0.9556994229640564 0
    outer loop
      vertex 16.335124969482422 -43.70758819580078 15.005807495117182
      vertex 18.59435272216797 -43.01177215576172 55.00580749511718
      vertex 16.335124969482422 -43.70758819580078 55.00580749511718
    endloop
  endfacet
  facet normal -0.2223569372515594 0.9749653288482141 0
    outer loop
      vertex 13.646105766296387 -41.322601318359375 15.005807495117182
      vertex 11.406578063964844 -41.8333625793457 55.00580749511718
      vertex 13.646105766296387 -41.322601318359375 55.00580749511718
    endloop
  endfacet
  facet normal -0.26190994635396536 0.9650923168282209 0
    outer loop
      vertex 15.862955093383789 -40.720985412597656 15.005807495117182
      vertex 13.646105766296387 -41.322601318359375 55.00580749511718
      vertex 15.862955093383789 -40.720985412597656 55.00580749511718
    endloop
  endfacet
  facet normal -0.30102629400675 0.9536158400092574 0
    outer loop
      vertex 18.053442001342773 -40.029518127441406 15.005807495117182
      vertex 15.862955093383789 -40.720985412597656 55.00580749511718
      vertex 18.053442001342773 -40.029518127441406 55.00580749511718
    endloop
  endfacet
  facet normal 0.3321710207606794 -0.9432191754660252 0
    outer loop
      vertex 18.59435272216797 -43.01177215576172 15.005807495117182
      vertex 20.824077606201172 -42.22653579711914 55.00580749511718
      vertex 18.59435272216797 -43.01177215576172 55.00580749511718
    endloop
  endfacet
  facet normal 0.3694729279428292 -0.9292414947242471 0
    outer loop
      vertex 20.824077606201172 -42.22653579711914 15.005807495117182
      vertex 23.020761489868164 -41.353118896484375 55.00580749511718
      vertex 20.824077606201172 -42.22653579711914 55.00580749511718
    endloop
  endfacet
  facet normal -0.3396444841821484 0.9405538923233705 0
    outer loop
      vertex 20.213924407958984 -39.24934387207031 15.005807495117182
      vertex 18.053442001342773 -40.029518127441406 55.00580749511718
      vertex 20.213924407958984 -39.24934387207031 55.00580749511718
    endloop
  endfacet
  facet normal -0.3776976340124026 0.9259289914790623 0
    outer loop
      vertex 22.3408145904541 -38.38175964355469 15.005807495117182
      vertex 20.213924407958984 -39.24934387207031 55.00580749511718
      vertex 22.3408145904541 -38.38175964355469 55.00580749511718
    endloop
  endfacet
  facet normal 0.4061863772620958 -0.91379025324562 0
    outer loop
      vertex 23.020761489868164 -41.353118896484375 15.005807495117182
      vertex 25.180917739868164 -40.392913818359375 55.00580749511718
      vertex 23.020761489868164 -41.353118896484375 55.00580749511718
    endloop
  endfacet
  facet normal 0.4422572238807288 -0.8968882583272628 0
    outer loop
      vertex 25.180917739868164 -40.392913818359375 15.005807495117182
      vertex 27.301118850708008 -39.34743881225586 55.00580749511718
      vertex 25.180917739868164 -40.392913818359375 55.00580749511718
    endloop
  endfacet
  facet normal -0.4151218558547367 0.9097658186542947 0
    outer loop
      vertex 24.43057632446289 -37.4282112121582 15.005807495117182
      vertex 22.3408145904541 -38.38175964355469 55.00580749511718
      vertex 24.43057632446289 -37.4282112121582 55.00580749511718
    endloop
  endfacet
  facet normal 0.47762460736615875 -0.8785640184063555 0
    outer loop
      vertex 27.301118850708008 -39.34743881225586 15.005807495117182
      vertex 29.378002166748047 -38.21835708618164 55.00580749511718
      vertex 27.301118850708008 -39.34743881225586 55.00580749511718
    endloop
  endfacet
  facet normal 0.5122338449426038 -0.8588460211791846 0
    outer loop
      vertex 29.378002166748047 -38.21835708618164 15.005807495117182
      vertex 31.40827178955078 -37.00746154785156 55.00580749511718
      vertex 29.378002166748047 -38.21835708618164 55.00580749511718
    endloop
  endfacet
  facet normal -0.45185819137954986 0.8920897796092062 0
    outer loop
      vertex 26.479736328125 -36.39027786254883 15.005807495117182
      vertex 24.43057632446289 -37.4282112121582 55.00580749511718
      vertex 26.479736328125 -36.39027786254883 55.00580749511718
    endloop
  endfacet
  facet normal -0.4878423128518211 0.8729317715557074 0
    outer loop
      vertex 28.48488998413086 -35.26968765258789 15.005807495117182
      vertex 26.479736328125 -36.39027786254883 55.00580749511718
      vertex 28.48488998413086 -35.26968765258789 55.00580749511718
    endloop
  endfacet
  facet normal 0.5460323200587712 -0.837764110863694 0
    outer loop
      vertex 31.40827178955078 -37.00746154785156 15.005807495117182
      vertex 33.38870620727539 -35.71666717529297 55.00580749511718
      vertex 31.40827178955078 -37.00746154785156 55.00580749511718
    endloop
  endfacet
  facet normal -0.5230150408429578 0.8523234521307266 0
    outer loop
      vertex 30.442703247070312 -34.06830596923828 15.005807495117182
      vertex 28.48488998413086 -35.26968765258789 55.00580749511718
      vertex 30.442703247070312 -34.06830596923828 55.00580749511718
    endloop
  endfacet
  facet normal 0.5789643929635172 -0.8153528264992929 0
    outer loop
      vertex 33.38870620727539 -35.71666717529297 15.005807495117182
      vertex 35.316162109375 -34.3480224609375 55.00580749511718
      vertex 33.38870620727539 -35.71666717529297 55.00580749511718
    endloop
  endfacet
  facet normal -0.5573207132918669 0.8302973097245617 0
    outer loop
      vertex 32.34992599487305 -32.78812026977539 15.005807495117182
      vertex 30.442703247070312 -34.06830596923828 55.00580749511718
      vertex 32.34992599487305 -32.78812026977539 55.00580749511718
    endloop
  endfacet
  facet normal -0.5906978233049337 0.8068928562968032 0
    outer loop
      vertex 34.20338439941406 -31.4312686920166 15.005807495117182
      vertex 32.34992599487305 -32.78812026977539 55.00580749511718
      vertex 34.20338439941406 -31.4312686920166 55.00580749511718
    endloop
  endfacet
  facet normal -0.623094699900224 0.7821464025080278 0
    outer loop
      vertex 34.20338439941406 -31.4312686920166 15.005807495117182
      vertex 34.20338439941406 -31.4312686920166 55.00580749511718
      vertex 36 -30 55.00580749511718
    endloop
  endfacet
  facet normal 0.6109754503121808 -0.7916495431160356 0
    outer loop
      vertex 35.316162109375 -34.3480224609375 15.005807495117182
      vertex 37.187583923339844 -32.90370559692383 55.00580749511718
      vertex 35.316162109375 -34.3480224609375 55.00580749511718
    endloop
  endfacet
  facet normal 0.6420188493407268 -0.7666888528544087 0
    outer loop
      vertex 37.187583923339844 -32.90370559692383 15.005807495117182
      vertex 39 -31.386003494262695 55.00580749511718
      vertex 37.187583923339844 -32.90370559692383 55.00580749511718
    endloop
  endfacet
  facet normal 0 0 1
    outer loop
      vertex -2.6645352591003757e-14 -46 55.00580749511718
      vertex 2.363483428955078 -45.952919006347656 55.00580749511718
      vertex -2.6645352591003757e-14 -43 55.00580749511718
    endloop
  endfacet
  facet normal 0 0 1
    outer loop
      vertex -2.6645352591003757e-14 -43 55.00580749511718
      vertex 2.363483428955078 -45.952919006347656 55.00580749511718
      vertex 2.296555757522583 -42.95317840576172 55.00580749511718
    endloop
  endfacet
  facet normal 0 0 1
    outer loop
      vertex 2.363483428955078 -45.952919006347656 55.00580749511718
      vertex 4.723216533660889 -45.81174850463867 55.00580749511718
      vertex 2.296555757522583 -42.95317840576172 55.00580749511718
    endloop
  endfacet
  facet normal 0 0 1
    outer loop
      vertex 4.723216533660889 -45.81174850463867 55.00580749511718
      vertex 4.589294910430908 -42.81279373168945 55.00580749511718
      vertex 2.296555757522583 -42.95317840576172 55.00580749511718
    endloop
  endfacet
  facet normal 0 0 1
    outer loop
      vertex 4.723216533660889 -45.81174850463867 55.00580749511718
      vertex 7.075455665588379 -45.57670974731445 55.00580749511718
      vertex 4.589294910430908 -42.81279373168945 55.00580749511718
    endloop
  endfacet
  facet normal 0 0 1
    outer loop
      vertex 4.589294910430908 -42.81279373168945 55.00580749511718
      vertex 7.075455665588379 -45.57670974731445 55.00580749511718
      vertex 6.874406814575195 -42.579078674316406 55.00580749511718
    endloop
  endfacet
  facet normal 0 0 1
    outer loop
      vertex 7.075455665588379 -45.57670974731445 55.00580749511718
      vertex 9.416467666625977 -45.2481803894043 55.00580749511718
      vertex 6.874406814575195 -42.579078674316406 55.00580749511718
    endloop
  endfacet
  facet normal 0 0 1
    outer loop
      vertex 6.874406814575195 -42.579078674316406 55.00580749511718
      vertex 9.416467666625977 -45.2481803894043 55.00580749511718
      vertex 9.148094177246094 -42.252418518066406 55.00580749511718
    endloop
  endfacet
  facet normal 0 0 1
    outer loop
      vertex 9.416467666625977 -45.2481803894043 55.00580749511718
      vertex 11.742539405822754 -44.826683044433594 55.00580749511718
      vertex 9.148094177246094 -42.252418518066406 55.00580749511718
    endloop
  endfacet
  facet normal 0 0 1
    outer loop
      vertex 11.742539405822754 -44.826683044433594 55.00580749511718
      vertex 11.406578063964844 -41.8333625793457 55.00580749511718
      vertex 9.148094177246094 -42.252418518066406 55.00580749511718
    endloop
  endfacet
  facet normal 0 0 1
    outer loop
      vertex 11.742539405822754 -44.826683044433594 55.00580749511718
      vertex 14.049979209899902 -44.3128776550293 55.00580749511718
      vertex 11.406578063964844 -41.8333625793457 55.00580749511718
    endloop
  endfacet
  facet normal 0 0 1
    outer loop
      vertex 11.406578063964844 -41.8333625793457 55.00580749511718
      vertex 14.049979209899902 -44.3128776550293 55.00580749511718
      vertex 13.646105766296387 -41.322601318359375 55.00580749511718
    endloop
  endfacet
  facet normal 0 0 1
    outer loop
      vertex 14.049979209899902 -44.3128776550293 55.00580749511718
      vertex 16.335124969482422 -43.70758819580078 55.00580749511718
      vertex 13.646105766296387 -41.322601318359375 55.00580749511718
    endloop
  endfacet
  facet normal 0 0 1
    outer loop
      vertex 16.335124969482422 -43.70758819580078 55.00580749511718
      vertex 15.862955093383789 -40.720985412597656 55.00580749511718
      vertex 13.646105766296387 -41.322601318359375 55.00580749511718
    endloop
  endfacet
  facet normal 0 0 1
    outer loop
      vertex 16.335124969482422 -43.70758819580078 55.00580749511718
      vertex 18.59435272216797 -43.01177215576172 55.00580749511718
      vertex 15.862955093383789 -40.720985412597656 55.00580749511718
    endloop
  endfacet
  facet normal 0 0 1
    outer loop
      vertex 15.862955093383789 -40.720985412597656 55.00580749511718
      vertex 18.59435272216797 -43.01177215576172 55.00580749511718
      vertex 18.053442001342773 -40.029518127441406 55.00580749511718
    endloop
  endfacet
  facet normal 0 0 1
    outer loop
      vertex 18.59435272216797 -43.01177215576172 55.00580749511718
      vertex 20.824077606201172 -42.22653579711914 55.00580749511718
      vertex 18.053442001342773 -40.029518127441406 55.00580749511718
    endloop
  endfacet
  facet normal 0 0 1
    outer loop
      vertex 20.824077606201172 -42.22653579711914 55.00580749511718
      vertex 20.213924407958984 -39.24934387207031 55.00580749511718
      vertex 18.053442001342773 -40.029518127441406 55.00580749511718
    endloop
  endfacet
  facet normal 0 0 1
    outer loop
      vertex 20.824077606201172 -42.22653579711914 55.00580749511718
      vertex 23.020761489868164 -41.353118896484375 55.00580749511718
      vertex 20.213924407958984 -39.24934387207031 55.00580749511718
    endloop
  endfacet
  facet normal 0 0 1
    outer loop
      vertex 20.213924407958984 -39.24934387207031 55.00580749511718
      vertex 23.020761489868164 -41.353118896484375 55.00580749511718
      vertex 22.3408145904541 -38.38175964355469 55.00580749511718
    endloop
  endfacet
  facet normal 0 0 1
    outer loop
      vertex 23.020761489868164 -41.353118896484375 55.00580749511718
      vertex 25.180917739868164 -40.392913818359375 55.00580749511718
      vertex 22.3408145904541 -38.38175964355469 55.00580749511718
    endloop
  endfacet
  facet normal 0 0 1
    outer loop
      vertex 22.3408145904541 -38.38175964355469 55.00580749511718
      vertex 25.180917739868164 -40.392913818359375 55.00580749511718
      vertex 24.43057632446289 -37.4282112121582 55.00580749511718
    endloop
  endfacet
  facet normal 0 0 1
    outer loop
      vertex 25.180917739868164 -40.392913818359375 55.00580749511718
      vertex 27.301118850708008 -39.34743881225586 55.00580749511718
      vertex 24.43057632446289 -37.4282112121582 55.00580749511718
    endloop
  endfacet
  facet normal 0 0 1
    outer loop
      vertex 27.301118850708008 -39.34743881225586 55.00580749511718
      vertex 26.479736328125 -36.39027786254883 55.00580749511718
      vertex 24.43057632446289 -37.4282112121582 55.00580749511718
    endloop
  endfacet
  facet normal 0 0 1
    outer loop
      vertex 27.301118850708008 -39.34743881225586 55.00580749511718
      vertex 29.378002166748047 -38.21835708618164 55.00580749511718
      vertex 26.479736328125 -36.39027786254883 55.00580749511718
    endloop
  endfacet
  facet normal 0 0 1
    outer loop
      vertex 29.378002166748047 -38.21835708618164 55.00580749511718
      vertex 28.48488998413086 -35.26968765258789 55.00580749511718
      vertex 26.479736328125 -36.39027786254883 55.00580749511718
    endloop
  endfacet
  facet normal 0 0 1
    outer loop
      vertex 29.378002166748047 -38.21835708618164 55.00580749511718
      vertex 31.40827178955078 -37.00746154785156 55.00580749511718
      vertex 28.48488998413086 -35.26968765258789 55.00580749511718
    endloop
  endfacet
  facet normal 0 0 1
    outer loop
      vertex 31.40827178955078 -37.00746154785156 55.00580749511718
      vertex 33.38870620727539 -35.71666717529297 55.00580749511718
      vertex 30.442703247070312 -34.06830596923828 55.00580749511718
    endloop
  endfacet
  facet normal 0 0 1
    outer loop
      vertex 28.48488998413086 -35.26968765258789 55.00580749511718
      vertex 31.40827178955078 -37.00746154785156 55.00580749511718
      vertex 30.442703247070312 -34.06830596923828 55.00580749511718
    endloop
  endfacet
  facet normal 0 0 1
    outer loop
      vertex 30.442703247070312 -34.06830596923828 55.00580749511718
      vertex 33.38870620727539 -35.71666717529297 55.00580749511718
      vertex 32.34992599487305 -32.78812026977539 55.00580749511718
    endloop
  endfacet
  facet normal 0 0 1
    outer loop
      vertex 33.38870620727539 -35.71666717529297 55.00580749511718
      vertex 35.316162109375 -34.3480224609375 55.00580749511718
      vertex 32.34992599487305 -32.78812026977539 55.00580749511718
    endloop
  endfacet
  facet normal 0 0 1
    outer loop
      vertex 32.34992599487305 -32.78812026977539 55.00580749511718
      vertex 35.316162109375 -34.3480224609375 55.00580749511718
      vertex 34.20338439941406 -31.4312686920166 55.00580749511718
    endloop
  endfacet
  facet normal 0 0 1
    outer loop
      vertex 34.20338439941406 -31.4312686920166 55.00580749511718
      vertex 35.316162109375 -34.3480224609375 55.00580749511718
      vertex 37.187583923339844 -32.90370559692383 55.00580749511718
    endloop
  endfacet
  facet normal 0 0 1
    outer loop
      vertex 34.20338439941406 -31.4312686920166 55.00580749511718
      vertex 37.187583923339844 -32.90370559692383 55.00580749511718
      vertex 36 -30 55.00580749511718
    endloop
  endfacet
  facet normal 0 0 1
    outer loop
      vertex 37.187583923339844 -32.90370559692383 55.00580749511718
      vertex 39 -31.386003494262695 55.00580749511718
      vertex 36 -30 55.00580749511718
    endloop
  endfacet
  facet normal 0.5214048643992748 -0.8533094206562903 0
    outer loop
      vertex 47.75004196166992 -81.05616760253906 15.005807495117182
      vertex 50.3399772644043 -79.47361755371094 55.00580749511718
      vertex 47.75004196166992 -81.05616760253906 55.00580749511718
    endloop
  endfacet
  facet normal 0.5486609712297946 -0.836044938175681 0
    outer loop
      vertex 50.3399772644043 -79.47361755371094 15.005807495117182
      vertex 52.87751007080078 -77.80834197998047 55.00580749511718
      vertex 50.3399772644043 -79.47361755371094 55.00580749511718
    endloop
  endfacet
  facet normal -0.5299733340099978 0.8480143072132258 0
    outer loop
      vertex 48.985958099365234 -75.59062194824219 13.005807495117182
      vertex 46.476280212402344 -77.15906524658203 51.00580749511718
      vertex 48.985958099365234 -75.59062194824219 51.00580749511718
    endloop
  endfacet
  facet normal -0.5575453915658571 0.8301464547558312 0
    outer loop
      vertex 51.442752838134766 -73.94058227539062 13.005807495117182
      vertex 48.985958099365234 -75.59062194824219 51.00580749511718
      vertex 51.442752838134766 -73.94058227539062 51.00580749511718
    endloop
  endfacet
  facet normal -0.584517407300132 0.8113811684794833 0
    outer loop
      vertex 53.844017028808594 -72.2107162475586 13.005807495117182
      vertex 51.442752838134766 -73.94058227539062 51.00580749511718
      vertex 53.844017028808594 -72.2107162475586 51.00580749511718
    endloop
  endfacet
  facet normal -0.6108543162013184 0.7917430166273776 0
    outer loop
      vertex 56.18716049194336 -70.40290832519531 13.005807495117182
      vertex 53.844017028808594 -72.2107162475586 51.00580749511718
      vertex 56.18716049194336 -70.40290832519531 51.00580749511718
    endloop
  endfacet
  facet normal -0.6365359514772337 0.7712470307735213 0
    outer loop
      vertex 58.46964645385742 -68.51909637451172 13.005807495117182
      vertex 56.18716049194336 -70.40290832519531 51.00580749511718
      vertex 58.46964645385742 -68.51909637451172 51.00580749511718
    endloop
  endfacet
  facet normal -0.661528482119041 0.7499200406345183 0
    outer loop
      vertex 60.68901824951172 -66.56131744384766 13.005807495117182
      vertex 58.46964645385742 -68.51909637451172 51.00580749511718
      vertex 60.68901824951172 -66.56131744384766 51.00580749511718
    endloop
  endfacet
  facet normal -0.6858061226194849 0.7277842827223105 0
    outer loop
      vertex 62.84287643432617 -64.53169250488281 13.005807495117182
      vertex 60.68901824951172 -66.56131744384766 51.00580749511718
      vertex 62.84287643432617 -64.53169250488281 51.00580749511718
    endloop
  endfacet
  facet normal -0.709345404118597 0.7048610484739699 0
    outer loop
      vertex 64.92889404296875 -62.432403564453125 13.005807495117182
      vertex 62.84287643432617 -64.53169250488281 51.00580749511718
      vertex 64.92889404296875 -62.432403564453125 51.00580749511718
    endloop
  endfacet
  facet normal 0.5753454859626792 -0.8179104913022992 0
    outer loop
      vertex 52.87751007080078 -77.80834197998047 15.005807495117182
      vertex 55.36000442504883 -76.06207275390625 55.00580749511718
      vertex 52.87751007080078 -77.80834197998047 55.00580749511718
    endloop
  endfacet
  facet normal 0.6014302217879012 -0.7989253333823856 0
    outer loop
      vertex 55.36000442504883 -76.06207275390625 15.005807495117182
      vertex 57.784873962402344 -74.23663330078125 55.00580749511718
      vertex 55.36000442504883 -76.06207275390625 55.00580749511718
    endloop
  endfacet
  facet normal 0.6268908041633937 -0.7791071297680272 0
    outer loop
      vertex 57.784873962402344 -74.23663330078125 15.005807495117182
      vertex 60.149593353271484 -72.33391571044922 55.00580749511718
      vertex 57.784873962402344 -74.23663330078125 55.00580749511718
    endloop
  endfacet
  facet normal 0.6516973957884011 -0.7584790730947136 0
    outer loop
      vertex 60.149593353271484 -72.33391571044922 15.005807495117182
      vertex 62.45170593261719 -70.35590362548828 55.00580749511718
      vertex 60.149593353271484 -72.33391571044922 55.00580749511718
    endloop
  endfacet
  facet normal 0.675824561920688 -0.7370625221137691 0
    outer loop
      vertex 62.45170593261719 -70.35590362548828 15.005807495117182
      vertex 64.68881225585938 -68.3046646118164 55.00580749511718
      vertex 62.45170593261719 -70.35590362548828 55.00580749511718
    endloop
  endfacet
  facet normal 0.6992524095215096 -0.714874861621503 0
    outer loop
      vertex 64.68881225585938 -68.3046646118164 15.005807495117182
      vertex 66.85857391357422 -66.18231964111328 55.00580749511718
      vertex 64.68881225585938 -68.3046646118164 55.00580749511718
    endloop
  endfacet
  facet normal 0.7219467135871741 -0.6919486561448608 0
    outer loop
      vertex 66.85857391357422 -66.18231964111328 15.005807495117182
      vertex 68.95875549316406 -63.9910888671875 55.00580749511718
      vertex 66.85857391357422 -66.18231964111328 55.00580749511718
    endloop
  endfacet
  facet normal 0.7438944820342135 -0.6682970893240888 0
    outer loop
      vertex 68.95875549316406 -63.9910888671875 15.005807495117182
      vertex 70.98714447021484 -61.73324966430664 55.00580749511718
      vertex 68.95875549316406 -63.9910888671875 55.00580749511718
    endloop
  endfacet
  facet normal 0 0 1
    outer loop
      vertex 46.476280212402344 -77.15906524658203 55.00580749511718
      vertex 47.75004196166992 -81.05616760253906 55.00580749511718
      vertex 50.3399772644043 -79.47361755371094 55.00580749511718
    endloop
  endfacet
  facet normal -0.4743208182959583 0.7589642993556153 -0.4460862625487278
    outer loop
      vertex 46.476280212402344 -77.15906524658203 51.00580749511718
      vertex 45.812713623046875 -75.22274017333984 55.00580749511718
      vertex 48.985958099365234 -75.59062194824219 51.00580749511718
    endloop
  endfacet
  facet normal -0.4990122630822804 0.7429946823056248 -0.44603325364715196
    outer loop
      vertex 48.985958099365234 -75.59062194824219 51.00580749511718
      vertex 48.28097152709961 -73.66283416748047 55.00580749511718
      vertex 51.442752838134766 -73.94058227539062 51.00580749511718
    endloop
  endfacet
  facet normal 0 0 1
    outer loop
      vertex 46.476280212402344 -77.15906524658203 55.00580749511718
      vertex 50.3399772644043 -79.47361755371094 55.00580749511718
      vertex 48.985958099365234 -75.59062194824219 55.00580749511718
    endloop
  endfacet
  facet normal -0.4775391224115876 0.7556158569550797 -0.44833142125486936
    outer loop
      vertex 45.812713623046875 -75.22274017333984 55.00580749511718
      vertex 48.28097152709961 -73.66283416748047 55.00580749511718
      vertex 48.985958099365234 -75.59062194824219 51.00580749511718
    endloop
  endfacet
  facet normal 0 0 1
    outer loop
      vertex 50.3399772644043 -79.47361755371094 55.00580749511718
      vertex 52.87751007080078 -77.80834197998047 55.00580749511718
      vertex 48.985958099365234 -75.59062194824219 55.00580749511718
    endloop
  endfacet
  facet normal 0 0 1
    outer loop
      vertex 48.985958099365234 -75.59062194824219 55.00580749511718
      vertex 52.87751007080078 -77.80834197998047 55.00580749511718
      vertex 51.442752838134766 -73.94058227539062 55.00580749511718
    endloop
  endfacet
  facet normal -0.5231674685138523 0.7262200006564747 -0.4459824105671851
    outer loop
      vertex 51.442752838134766 -73.94058227539062 51.00580749511718
      vertex 50.696163177490234 -72.02196502685547 55.00580749511718
      vertex 53.844017028808594 -72.2107162475586 51.00580749511718
    endloop
  endfacet
  facet normal -0.502309257938216 0.7393478831737903 -0.44838612493697216
    outer loop
      vertex 51.442752838134766 -73.94058227539062 51.00580749511718
      vertex 48.28097152709961 -73.66283416748047 55.00580749511718
      vertex 50.696163177490234 -72.02196502685547 55.00580749511718
    endloop
  endfacet
  facet normal -0.5265233680161122 0.7222723249812145 -0.4484370987097303
    outer loop
      vertex 53.844017028808594 -72.2107162475586 51.00580749511718
      vertex 50.696163177490234 -72.02196502685547 55.00580749511718
      vertex 53.055641174316406 -70.30194854736328 55.00580749511718
    endloop
  endfacet
  facet normal 0 0 1
    outer loop
      vertex 52.87751007080078 -77.80834197998047 55.00580749511718
      vertex 55.36000442504883 -76.06207275390625 55.00580749511718
      vertex 51.442752838134766 -73.94058227539062 55.00580749511718
    endloop
  endfacet
  facet normal 0 0 1
    outer loop
      vertex 51.442752838134766 -73.94058227539062 55.00580749511718
      vertex 55.36000442504883 -76.06207275390625 55.00580749511718
      vertex 53.844017028808594 -72.2107162475586 55.00580749511718
    endloop
  endfacet
  facet normal 0 0 1
    outer loop
      vertex 55.36000442504883 -76.06207275390625 55.00580749511718
      vertex 57.784873962402344 -74.23663330078125 55.00580749511718
      vertex 53.844017028808594 -72.2107162475586 55.00580749511718
    endloop
  endfacet
  facet normal -0.5467558285641546 0.7086634203683323 -0.4459307351629637
    outer loop
      vertex 53.844017028808594 -72.2107162475586 51.00580749511718
      vertex 53.055641174316406 -70.30194854736328 55.00580749511718
      vertex 56.18716049194336 -70.40290832519531 51.00580749511718
    endloop
  endfacet
  facet normal 0 0 1
    outer loop
      vertex 57.784873962402344 -74.23663330078125 55.00580749511718
      vertex 56.18716049194336 -70.40290832519531 55.00580749511718
      vertex 53.844017028808594 -72.2107162475586 55.00580749511718
    endloop
  endfacet
  facet normal 0 0 1
    outer loop
      vertex 57.784873962402344 -74.23663330078125 55.00580749511718
      vertex 60.149593353271484 -72.33391571044922 55.00580749511718
      vertex 56.18716049194336 -70.40290832519531 55.00580749511718
    endloop
  endfacet
  facet normal 0 0 1
    outer loop
      vertex 56.18716049194336 -70.40290832519531 55.00580749511718
      vertex 60.149593353271484 -72.33391571044922 55.00580749511718
      vertex 58.46964645385742 -68.51909637451172 55.00580749511718
    endloop
  endfacet
  facet normal -0.5697579579426486 0.6903367080886224 -0.4458823822785415
    outer loop
      vertex 56.18716049194336 -70.40290832519531 51.00580749511718
      vertex 55.356807708740234 -68.5046615600586 55.00580749511718
      vertex 58.46964645385742 -68.51909637451172 51.00580749511718
    endloop
  endfacet
  facet normal -0.5501606340422259 0.7044012717823916 -0.44848871230121845
    outer loop
      vertex 56.18716049194336 -70.40290832519531 51.00580749511718
      vertex 53.055641174316406 -70.30194854736328 55.00580749511718
      vertex 55.356807708740234 -68.5046615600586 55.00580749511718
    endloop
  endfacet
  facet normal -0.5731911667899374 0.6857593524370906 -0.4485376203386425
    outer loop
      vertex 58.46964645385742 -68.51909637451172 51.00580749511718
      vertex 55.356807708740234 -68.5046615600586 55.00580749511718
      vertex 57.59713363647461 -66.63208770751953 55.00580749511718
    endloop
  endfacet
  facet normal 0 0 1
    outer loop
      vertex 58.46964645385742 -68.51909637451172 55.00580749511718
      vertex 60.149593353271484 -72.33391571044922 55.00580749511718
      vertex 62.45170593261719 -70.35590362548828 55.00580749511718
    endloop
  endfacet
  facet normal -0.5921444465592742 0.6712651071391469 -0.44583417359650707
    outer loop
      vertex 58.46964645385742 -68.51909637451172 51.00580749511718
      vertex 57.59713363647461 -66.63208770751953 55.00580749511718
      vertex 60.68901824951172 -66.56131744384766 51.00580749511718
    endloop
  endfacet
  facet normal 0 0 1
    outer loop
      vertex 58.46964645385742 -68.51909637451172 55.00580749511718
      vertex 62.45170593261719 -70.35590362548828 55.00580749511718
      vertex 60.68901824951172 -66.56131744384766 55.00580749511718
    endloop
  endfacet
  facet normal -0.5955910548359703 0.6663653659377047 -0.4485849913651652
    outer loop
      vertex 57.59713363647461 -66.63208770751953 55.00580749511718
      vertex 59.77415466308594 -64.68628692626953 55.00580749511718
      vertex 60.68901824951172 -66.56131744384766 51.00580749511718
    endloop
  endfacet
  facet normal 0 0 1
    outer loop
      vertex 62.45170593261719 -70.35590362548828 55.00580749511718
      vertex 64.68881225585938 -68.3046646118164 55.00580749511718
      vertex 60.68901824951172 -66.56131744384766 55.00580749511718
    endloop
  endfacet
  facet normal 0 0 1
    outer loop
      vertex 60.68901824951172 -66.56131744384766 55.00580749511718
      vertex 64.68881225585938 -68.3046646118164 55.00580749511718
      vertex 62.84287643432617 -64.53169250488281 55.00580749511718
    endloop
  endfacet
  facet normal -0.6138917195481729 0.6514680024640523 -0.44578739151717267
    outer loop
      vertex 60.68901824951172 -66.56131744384766 51.00580749511718
      vertex 59.77415466308594 -64.68628692626953 55.00580749511718
      vertex 62.84287643432617 -64.53169250488281 51.00580749511718
    endloop
  endfacet
  facet normal -0.6349783536990217 0.6309641333374132 -0.445742922294283
    outer loop
      vertex 62.84287643432617 -64.53169250488281 51.00580749511718
      vertex 61.8854866027832 -62.66938400268555 55.00580749511718
      vertex 64.92889404296875 -62.432403564453125 51.00580749511718
    endloop
  endfacet
  facet normal -0.6173362884719527 0.6462392454015026 -0.44863208159757195
    outer loop
      vertex 62.84287643432617 -64.53169250488281 51.00580749511718
      vertex 59.77415466308594 -64.68628692626953 55.00580749511718
      vertex 61.8854866027832 -62.66938400268555 55.00580749511718
    endloop
  endfacet
  facet normal -0.6384022768289832 0.6254047785103721 -0.4486773851621705
    outer loop
      vertex 64.92889404296875 -62.432403564453125 51.00580749511718
      vertex 61.8854866027832 -62.66938400268555 55.00580749511718
      vertex 63.92879867553711 -60.5836067199707 55.00580749511718
    endloop
  endfacet
  facet normal 0 0 1
    outer loop
      vertex 62.84287643432617 -64.53169250488281 55.00580749511718
      vertex 64.68881225585938 -68.3046646118164 55.00580749511718
      vertex 66.85857391357422 -66.18231964111328 55.00580749511718
    endloop
  endfacet
  facet normal 0 0 1
    outer loop
      vertex 62.84287643432617 -64.53169250488281 55.00580749511718
      vertex 66.85857391357422 -66.18231964111328 55.00580749511718
      vertex 64.92889404296875 -62.432403564453125 55.00580749511718
    endloop
  endfacet
  facet normal 0 0 1
    outer loop
      vertex 66.85857391357422 -66.18231964111328 55.00580749511718
      vertex 68.95875549316406 -63.9910888671875 55.00580749511718
      vertex 64.92889404296875 -62.432403564453125 55.00580749511718
    endloop
  endfacet
  facet normal 0 0 1
    outer loop
      vertex 64.92889404296875 -62.432403564453125 55.00580749511718
      vertex 68.95875549316406 -63.9910888671875 55.00580749511718
      vertex 66.94482421875 -60.265716552734375 55.00580749511718
    endloop
  endfacet
  facet normal 0 0 1
    outer loop
      vertex 68.95875549316406 -63.9910888671875 55.00580749511718
      vertex 70.98714447021484 -61.73324966430664 55.00580749511718
      vertex 66.94482421875 -60.265716552734375 55.00580749511718
    endloop
  endfacet
  facet normal 0.529316732231928 -0.8469636737828006 0.049762759887845294
    outer loop
      vertex 46.476280212402344 -77.15906524658203 55.00580749511718
      vertex 48.985958099365234 -75.59062194824219 55.00580749511718
      vertex 48.795982360839844 -75.39893341064453 60.289086914062494
    endloop
  endfacet
  facet normal 0.5568548857315879 -0.8291183394149494 0.04975354743791436
    outer loop
      vertex 48.985958099365234 -75.59062194824219 55.00580749511718
      vertex 51.442752838134766 -73.94058227539062 55.00580749511718
      vertex 51.243995666503906 -73.75703430175781 60.289086914062494
    endloop
  endfacet
  facet normal 0.5288015405649557 -0.8472661618228173 0.05008973673479415
    outer loop
      vertex 46.476280212402344 -77.15906524658203 55.00580749511718
      vertex 48.795982360839844 -75.39893341064453 60.289086914062494
      vertex 46.295406341552734 -76.95960998535156 60.289086914062494
    endloop
  endfacet
  facet normal 0.5563214738530219 -0.829455575466057 0.05009856343522918
    outer loop
      vertex 48.985958099365234 -75.59062194824219 55.00580749511718
      vertex 51.243995666503906 -73.75703430175781 60.289086914062494
      vertex 48.795982360839844 -75.39893341064453 60.289086914062494
    endloop
  endfacet
  facet normal -0.5619677768148791 0.8271591248494707 0
    outer loop
      vertex 48.28097152709961 -73.66283416748047 55.00580749511718
      vertex 48.28097152709961 -73.66283416748047 62.150537109374994
      vertex 50.696163177490234 -72.02196502685547 55.00580749511718
    endloop
  endfacet
  facet normal 0.5832421616503378 -0.8107513519551649 0.05010814481013608
    outer loop
      vertex 51.442752838134766 -73.94058227539062 55.00580749511718
      vertex 53.63680648803711 -72.03568267822266 60.289086914062494
      vertex 51.243995666503906 -73.75703430175781 60.289086914062494
    endloop
  endfacet
  facet normal -0.5890746136426963 0.8080786468913208 0
    outer loop
      vertex 50.696163177490234 -72.02196502685547 55.00580749511718
      vertex 50.696163177490234 -72.02196502685547 62.150537109374994
      vertex 53.055641174316406 -70.30194854736328 55.00580749511718
    endloop
  endfacet
  facet normal 0.5837937758587894 -0.8103766801321867 0.04974398020336672
    outer loop
      vertex 51.442752838134766 -73.94058227539062 55.00580749511718
      vertex 53.844017028808594 -72.2107162475586 55.00580749511718
      vertex 53.63680648803711 -72.03568267822266 60.289086914062494
    endloop
  endfacet
  facet normal 0.6100983516813983 -0.7907631927747987 0.049735040245761725
    outer loop
      vertex 53.844017028808594 -72.2107162475586 55.00580749511718
      vertex 56.18716049194336 -70.40290832519531 55.00580749511718
      vertex 55.97184371948242 -70.23674011230469 60.289086914062494
    endloop
  endfacet
  facet normal 0.6095319298588069 -0.791175758993035 0.05011731102516784
    outer loop
      vertex 53.844017028808594 -72.2107162475586 55.00580749511718
      vertex 55.97184371948242 -70.23674011230469 60.289086914062494
      vertex 53.63680648803711 -72.03568267822266 60.289086914062494
    endloop
  endfacet
  facet normal -0.5342393290559355 0.8453332711362209 0
    outer loop
      vertex 45.812713623046875 -75.22274017333984 62.150537109374994
      vertex 48.28097152709961 -73.66283416748047 62.150537109374994
      vertex 48.28097152709961 -73.66283416748047 55.00580749511718
    endloop
  endfacet
  facet normal 0.4081583475619372 -0.6085496119959319 0.6804955055363038
    outer loop
      vertex 48.795982360839844 -75.39893341064453 60.289086914062494
      vertex 51.243995666503906 -73.75703430175781 60.289086914062494
      vertex 48.28097152709961 -73.66283416748047 62.150537109374994
    endloop
  endfacet
  facet normal 0.38999701994605007 -0.6170969426510621 0.6834425270671354
    outer loop
      vertex 45.812713623046875 -75.22274017333984 62.150537109374994
      vertex 48.795982360839844 -75.39893341064453 60.289086914062494
      vertex 48.28097152709961 -73.66283416748047 62.150537109374994
    endloop
  endfacet
  facet normal -0.5619677768148791 0.8271591248494707 0
    outer loop
      vertex 50.696163177490234 -72.02196502685547 55.00580749511718
      vertex 48.28097152709961 -73.66283416748047 62.150537109374994
      vertex 50.696163177490234 -72.02196502685547 62.150537109374994
    endloop
  endfacet
  facet normal 0.427943888765768 -0.5948748379164714 0.6804321827205734
    outer loop
      vertex 51.243995666503906 -73.75703430175781 60.289086914062494
      vertex 53.63680648803711 -72.03568267822266 60.289086914062494
      vertex 50.696163177490234 -72.02196502685547 62.150537109374994
    endloop
  endfacet
  facet normal -0.5890746136426963 0.8080786468913208 0
    outer loop
      vertex 53.055641174316406 -70.30194854736328 55.00580749511718
      vertex 50.696163177490234 -72.02196502685547 62.150537109374994
      vertex 53.055641174316406 -70.30194854736328 62.150537109374994
    endloop
  endfacet
  facet normal 0.4102036022366674 -0.6037777727386567 0.6835096238231098
    outer loop
      vertex 51.243995666503906 -73.75703430175781 60.289086914062494
      vertex 50.696163177490234 -72.02196502685547 62.150537109374994
      vertex 48.28097152709961 -73.66283416748047 62.150537109374994
    endloop
  endfacet
  facet normal 0.42995535597812257 -0.5898026060468057 0.6835724378338571
    outer loop
      vertex 50.696163177490234 -72.02196502685547 62.150537109374994
      vertex 53.63680648803711 -72.03568267822266 60.289086914062494
      vertex 53.055641174316406 -70.30194854736328 62.150537109374994
    endloop
  endfacet
  facet normal 0.4472698345386582 -0.5805586770454879 0.6803685160403546
    outer loop
      vertex 53.63680648803711 -72.03568267822266 60.289086914062494
      vertex 55.97184371948242 -70.23674011230469 60.289086914062494
      vertex 53.055641174316406 -70.30194854736328 62.150537109374994
    endloop
  endfacet
  facet normal 0.6357485121356219 -0.7702929444368062 0.04972533628059831
    outer loop
      vertex 56.18716049194336 -70.40290832519531 55.00580749511718
      vertex 58.46964645385742 -68.51909637451172 55.00580749511718
      vertex 58.24658966064453 -68.36213684082031 60.289086914062494
    endloop
  endfacet
  facet normal -0.6155378333084143 0.7881073377186529 0
    outer loop
      vertex 53.055641174316406 -70.30194854736328 55.00580749511718
      vertex 53.055641174316406 -70.30194854736328 62.150537109374994
      vertex 55.356807708740234 -68.5046615600586 55.00580749511718
    endloop
  endfacet
  facet normal -0.6413227620784578 0.7672712133529171 0
    outer loop
      vertex 55.356807708740234 -68.5046615600586 55.00580749511718
      vertex 55.356807708740234 -68.5046615600586 62.150537109374994
      vertex 57.59713363647461 -66.63208770751953 55.00580749511718
    endloop
  endfacet
  facet normal 0.6351670881410195 -0.7707464174883591 0.05012713906975164
    outer loop
      vertex 56.18716049194336 -70.40290832519531 55.00580749511718
      vertex 58.24658966064453 -68.36213684082031 60.289086914062494
      vertex 55.97184371948242 -70.23674011230469 60.289086914062494
    endloop
  endfacet
  facet normal -0.666402909469523 0.7455918201338819 0
    outer loop
      vertex 57.59713363647461 -66.63208770751953 55.00580749511718
      vertex 57.59713363647461 -66.63208770751953 62.150537109374994
      vertex 59.77415466308594 -64.68628692626953 55.00580749511718
    endloop
  endfacet
  facet normal -0.6155378333084143 0.7881073377186529 0
    outer loop
      vertex 55.356807708740234 -68.5046615600586 55.00580749511718
      vertex 53.055641174316406 -70.30194854736328 62.150537109374994
      vertex 55.356807708740234 -68.5046615600586 62.150537109374994
    endloop
  endfacet
  facet normal 0.46611625001551404 -0.5656109022966309 0.680308715712702
    outer loop
      vertex 55.97184371948242 -70.23674011230469 60.289086914062494
      vertex 58.24658966064453 -68.36213684082031 60.289086914062494
      vertex 55.356807708740234 -68.5046615600586 62.150537109374994
    endloop
  endfacet
  facet normal -0.6413227620784578 0.7672712133529171 0
    outer loop
      vertex 57.59713363647461 -66.63208770751953 55.00580749511718
      vertex 55.356807708740234 -68.5046615600586 62.150537109374994
      vertex 57.59713363647461 -66.63208770751953 62.150537109374994
    endloop
  endfacet
  facet normal 0.48446251895623266 -0.5500506924136864 0.6802501771420615
    outer loop
      vertex 58.24658966064453 -68.36213684082031 60.289086914062494
      vertex 60.45859146118164 -66.41389465332031 60.289086914062494
      vertex 57.59713363647461 -66.63208770751953 62.150537109374994
    endloop
  endfacet
  facet normal 0.4492344594289858 -0.5751798746944975 0.6836347798407927
    outer loop
      vertex 55.97184371948242 -70.23674011230469 60.289086914062494
      vertex 55.356807708740234 -68.5046615600586 62.150537109374994
      vertex 53.055641174316406 -70.30194854736328 62.150537109374994
    endloop
  endfacet
  facet normal 0.46801703795913263 -0.5599302283002564 0.6836945162977268
    outer loop
      vertex 58.24658966064453 -68.36213684082031 60.289086914062494
      vertex 57.59713363647461 -66.63208770751953 62.150537109374994
      vertex 55.356807708740234 -68.5046615600586 62.150537109374994
    endloop
  endfacet
  facet normal 0.6607104299102174 -0.7489926826109952 0.04971608595857789
    outer loop
      vertex 58.46964645385742 -68.51909637451172 55.00580749511718
      vertex 60.68901824951172 -66.56131744384766 55.00580749511718
      vertex 60.45859146118164 -66.41389465332031 60.289086914062494
    endloop
  endfacet
  facet normal 0.6601179428068243 -0.749486941317735 0.0501360786128341
    outer loop
      vertex 58.46964645385742 -68.51909637451172 55.00580749511718
      vertex 60.45859146118164 -66.41389465332031 60.289086914062494
      vertex 58.24658966064453 -68.36213684082031 60.289086914062494
    endloop
  endfacet
  facet normal 0.6849583507713312 -0.7268846187997078 0.049707229464348426
    outer loop
      vertex 60.68901824951172 -66.56131744384766 55.00580749511718
      vertex 62.84287643432617 -64.53169250488281 55.00580749511718
      vertex 62.605472564697266 -64.39411163330078 60.289086914062494
    endloop
  endfacet
  facet normal 0.7084688669085664 -0.7039900525764827 0.04969779164764881
    outer loop
      vertex 62.84287643432617 -64.53169250488281 55.00580749511718
      vertex 64.92889404296875 -62.432403564453125 55.00580749511718
      vertex 64.6849136352539 -62.30496597290039 60.289086914062494
    endloop
  endfacet
  facet normal -0.6907517767271328 0.72309196022934 0
    outer loop
      vertex 59.77415466308594 -64.68628692626953 55.00580749511718
      vertex 59.77415466308594 -64.68628692626953 62.150537109374994
      vertex 61.8854866027832 -62.66938400268555 55.00580749511718
    endloop
  endfacet
  facet normal 0.6843567382367631 -0.7274209827597661 0.05014547507756473
    outer loop
      vertex 60.68901824951172 -66.56131744384766 55.00580749511718
      vertex 62.605472564697266 -64.39411163330078 60.289086914062494
      vertex 60.45859146118164 -66.41389465332031 60.289086914062494
    endloop
  endfacet
  facet normal -0.7143411742067934 0.6997976041919974 0
    outer loop
      vertex 61.8854866027832 -62.66938400268555 55.00580749511718
      vertex 61.8854866027832 -62.66938400268555 62.150537109374994
      vertex 63.92879867553711 -60.5836067199707 55.00580749511718
    endloop
  endfacet
  facet normal 0.70785901692656 -0.7045708395836955 0.05015520076812163
    outer loop
      vertex 62.84287643432617 -64.53169250488281 55.00580749511718
      vertex 64.6849136352539 -62.30496597290039 60.289086914062494
      vertex 62.605472564697266 -64.39411163330078 60.289086914062494
    endloop
  endfacet
  facet normal 0.48628414567220485 -0.5440694752707568 0.68375151608348
    outer loop
      vertex 57.59713363647461 -66.63208770751953 62.150537109374994
      vertex 60.45859146118164 -66.41389465332031 60.289086914062494
      vertex 59.77415466308594 -64.68628692626953 62.150537109374994
    endloop
  endfacet
  facet normal -0.666402909469523 0.7455918201338819 0
    outer loop
      vertex 59.77415466308594 -64.68628692626953 55.00580749511718
      vertex 57.59713363647461 -66.63208770751953 62.150537109374994
      vertex 59.77415466308594 -64.68628692626953 62.150537109374994
    endloop
  endfacet
  facet normal 0.5022879093127345 -0.5338951809870409 0.680193201875068
    outer loop
      vertex 60.45859146118164 -66.41389465332031 60.289086914062494
      vertex 62.605472564697266 -64.39411163330078 60.289086914062494
      vertex 59.77415466308594 -64.68628692626953 62.150537109374994
    endloop
  endfacet
  facet normal -0.6907517767271328 0.72309196022934 0
    outer loop
      vertex 61.8854866027832 -62.66938400268555 55.00580749511718
      vertex 59.77415466308594 -64.68628692626953 62.150537109374994
      vertex 61.8854866027832 -62.66938400268555 62.150537109374994
    endloop
  endfacet
  facet normal 0.5195733192928974 -0.5171597748220313 0.6801392013293945
    outer loop
      vertex 62.605472564697266 -64.39411163330078 60.289086914062494
      vertex 64.6849136352539 -62.30496597290039 60.289086914062494
      vertex 61.8854866027832 -62.66938400268555 62.150537109374994
    endloop
  endfacet
  facet normal 0.5040157507781597 -0.527613173785017 0.6838073279923443
    outer loop
      vertex 62.605472564697266 -64.39411163330078 60.289086914062494
      vertex 61.8854866027832 -62.66938400268555 62.150537109374994
      vertex 59.77415466308594 -64.68628692626953 62.150537109374994
    endloop
  endfacet
  facet normal 0.5211918871857041 -0.5105807240942782 0.6838613462648454
    outer loop
      vertex 61.8854866027832 -62.66938400268555 62.150537109374994
      vertex 64.6849136352539 -62.30496597290039 60.289086914062494
      vertex 63.92879867553711 -60.5836067199707 62.150537109374994
    endloop
  endfacet
  facet normal -0.7321180886853047 0.681177733209018 0
    outer loop
      vertex 66.94482421875 -60.265716552734375 13.005807495117182
      vertex 64.92889404296875 -62.432403564453125 51.00580749511718
      vertex 66.94482421875 -60.265716552734375 51.00580749511718
    endloop
  endfacet
  facet normal -0.7540996969666498 0.6567599615040544 0
    outer loop
      vertex 68.88848876953125 -58.03397750854492 13.005807495117182
      vertex 66.94482421875 -60.265716552734375 51.00580749511718
      vertex 68.88848876953125 -58.03397750854492 51.00580749511718
    endloop
  endfacet
  facet normal -0.775268134431564 0.6316322662237913 0
    outer loop
      vertex 70.7577896118164 -55.73958969116211 13.005807495117182
      vertex 68.88848876953125 -58.03397750854492 51.00580749511718
      vertex 70.7577896118164 -55.73958969116211 51.00580749511718
    endloop
  endfacet
  facet normal -0.7955999334107399 0.6058223716212752 0
    outer loop
      vertex 72.55070495605469 -53.385032653808594 13.005807495117182
      vertex 70.7577896118164 -55.73958969116211 51.00580749511718
      vertex 72.55070495605469 -53.385032653808594 51.00580749511718
    endloop
  endfacet
  facet normal -0.8150721910922487 0.5793594077151772 0
    outer loop
      vertex 74.26530456542969 -50.97284698486328 13.005807495117182
      vertex 72.55070495605469 -53.385032653808594 51.00580749511718
      vertex 74.26530456542969 -50.97284698486328 51.00580749511718
    endloop
  endfacet
  facet normal -0.8336653109389918 0.5522699967742173 0
    outer loop
      vertex 75.89973449707031 -48.50563430786133 13.005807495117182
      vertex 74.26530456542969 -50.97284698486328 51.00580749511718
      vertex 75.89973449707031 -48.50563430786133 51.00580749511718
    endloop
  endfacet
  facet normal -0.8513574960020613 0.524585945295049 0
    outer loop
      vertex 77.45223236083984 -45.98606491088867 13.005807495117182
      vertex 75.89973449707031 -48.50563430786133 51.00580749511718
      vertex 77.45223236083984 -45.98606491088867 51.00580749511718
    endloop
  endfacet
  facet normal 0.7650650760793563 -0.6439529713913034 0
    outer loop
      vertex 70.98714447021484 -61.73324966430664 15.005807495117182
      vertex 72.941650390625 -59.41114807128906 55.00580749511718
      vertex 70.98714447021484 -61.73324966430664 55.00580749511718
    endloop
  endfacet
  facet normal 0.785440236914583 -0.6189375043052115 0
    outer loop
      vertex 72.941650390625 -59.41114807128906 15.005807495117182
      vertex 74.82022857666016 -57.02720642089844 55.00580749511718
      vertex 72.941650390625 -59.41114807128906 55.00580749511718
    endloop
  endfacet
  facet normal 0.8049972654079491 -0.5932785203306487 0
    outer loop
      vertex 74.82022857666016 -57.02720642089844 15.005807495117182
      vertex 76.62092590332031 -54.58390808105469 55.00580749511718
      vertex 74.82022857666016 -57.02720642089844 55.00580749511718
    endloop
  endfacet
  facet normal 0.8237175027657366 -0.5670004194331595 0
    outer loop
      vertex 76.62092590332031 -54.58390808105469 15.005807495117182
      vertex 78.34186553955078 -52.08378982543945 55.00580749511718
      vertex 76.62092590332031 -54.58390808105469 55.00580749511718
    endloop
  endfacet
  facet normal 0.8415794136307012 -0.540133400701165 0
    outer loop
      vertex 78.34186553955078 -52.08378982543945 15.005807495117182
      vertex 79.98126220703125 -49.52945327758789 55.00580749511718
      vertex 78.34186553955078 -52.08378982543945 55.00580749511718
    endloop
  endfacet
  facet normal 0.8585660906677178 -0.5127029041809226 0
    outer loop
      vertex 79.98126220703125 -49.52945327758789 15.005807495117182
      vertex 81.53739929199219 -46.92356491088867 55.00580749511718
      vertex 79.98126220703125 -49.52945327758789 55.00580749511718
    endloop
  endfacet
  facet normal 0.8746580025608178 -0.4847405270413444 0
    outer loop
      vertex 81.53739929199219 -46.92356491088867 15.005807495117182
      vertex 83.0086669921875 -44.26883316040039 55.00580749511718
      vertex 81.53739929199219 -46.92356491088867 55.00580749511718
    endloop
  endfacet
  facet normal -0.868131752562591 0.49633381931176546 0
    outer loop
      vertex 78.9211196899414 -43.41685104370117 13.005807495117182
      vertex 77.45223236083984 -45.98606491088867 51.00580749511718
      vertex 78.9211196899414 -43.41685104370117 51.00580749511718
    endloop
  endfacet
  facet normal -0.8839676320632023 0.4675480996267389 0
    outer loop
      vertex 80.30481719970703 -40.8007698059082 13.005807495117182
      vertex 78.9211196899414 -43.41685104370117 51.00580749511718
      vertex 80.30481719970703 -40.8007698059082 51.00580749511718
    endloop
  endfacet
  facet normal -0.8988506617904857 0.43825504880013183 0
    outer loop
      vertex 81.60182189941406 -38.14064407348633 13.005807495117182
      vertex 80.30481719970703 -40.8007698059082 51.00580749511718
      vertex 81.60182189941406 -38.14064407348633 51.00580749511718
    endloop
  endfacet
  facet normal -0.9127618115841085 0.40849219737186726 0
    outer loop
      vertex 82.81074523925781 -35.43934631347656 13.005807495117182
      vertex 81.60182189941406 -38.14064407348633 51.00580749511718
      vertex 82.81074523925781 -35.43934631347656 51.00580749511718
    endloop
  endfacet
  facet normal -0.925689590562012 0.3782839963904559 0
    outer loop
      vertex 83.93026733398438 -32.699790954589844 13.005807495117182
      vertex 82.81074523925781 -35.43934631347656 51.00580749511718
      vertex 83.93026733398438 -32.699790954589844 51.00580749511718
    endloop
  endfacet
  facet normal -0.9376166543597612 0.3476708349390385 0
    outer loop
      vertex 84.95919036865234 -29.924938201904297 13.005807495117182
      vertex 83.93026733398438 -32.699790954589844 51.00580749511718
      vertex 84.95919036865234 -29.924938201904297 51.00580749511718
    endloop
  endfacet
  facet normal 0.8898396280987042 -0.45627342270305404 0
    outer loop
      vertex 83.0086669921875 -44.26883316040039 15.005807495117182
      vertex 84.3935317993164 -41.568023681640625 55.00580749511718
      vertex 83.0086669921875 -44.26883316040039 55.00580749511718
    endloop
  endfacet
  facet normal 0.9040953452746396 -0.4273307930078643 0
    outer loop
      vertex 84.3935317993164 -41.568023681640625 15.005807495117182
      vertex 85.6905517578125 -38.823944091796875 55.00580749511718
      vertex 84.3935317993164 -41.568023681640625 55.00580749511718
    endloop
  endfacet
  facet normal 0.9174108840441036 -0.3979412894352838 0
    outer loop
      vertex 85.6905517578125 -38.823944091796875 15.005807495117182
      vertex 86.89836883544922 -36.039451599121094 55.00580749511718
      vertex 85.6905517578125 -38.823944091796875 55.00580749511718
    endloop
  endfacet
  facet normal 0.9297697985438141 -0.36814144254049314 0
    outer loop
      vertex 86.89836883544922 -36.039451599121094 15.005807495117182
      vertex 88.01573944091797 -33.217445373535156 55.00580749511718
      vertex 86.89836883544922 -36.039451599121094 55.00580749511718
    endloop
  endfacet
  facet normal 0.9411623342982324 -0.3379548202027931 0
    outer loop
      vertex 88.01573944091797 -33.217445373535156 15.005807495117182
      vertex 89.04148864746094 -30.36086082458496 55.00580749511718
      vertex 88.01573944091797 -33.217445373535156 55.00580749511718
    endloop
  endfacet
  facet normal -0.6553793703869971 0.6097784507876878 -0.44569958697098955
    outer loop
      vertex 64.92889404296875 -62.432403564453125 51.00580749511718
      vertex 63.92879867553711 -60.5836067199707 55.00580749511718
      vertex 66.94482421875 -60.265716552734375 51.00580749511718
    endloop
  endfacet
  facet normal -0.6750730192248088 0.5879341046043661 -0.4456567147006351
    outer loop
      vertex 66.94482421875 -60.265716552734375 51.00580749511718
      vertex 65.90185546875 -58.43124771118164 55.00580749511718
      vertex 68.88848876953125 -58.03397750854492 51.00580749511718
    endloop
  endfacet
  facet normal -0.6587648230677495 0.6038864352907277 -0.44872049335903336
    outer loop
      vertex 66.94482421875 -60.265716552734375 51.00580749511718
      vertex 63.92879867553711 -60.5836067199707 55.00580749511718
      vertex 65.90185546875 -58.43124771118164 55.00580749511718
    endloop
  endfacet
  facet normal 0 0 1
    outer loop
      vertex 66.94482421875 -60.265716552734375 55.00580749511718
      vertex 70.98714447021484 -61.73324966430664 55.00580749511718
      vertex 68.88848876953125 -58.03397750854492 55.00580749511718
    endloop
  endfacet
  facet normal -0.6940384407346964 0.5654522012427432 -0.445616932905705
    outer loop
      vertex 68.88848876953125 -58.03397750854492 51.00580749511718
      vertex 67.80247497558594 -56.21466827392578 55.00580749511718
      vertex 70.7577896118164 -55.73958969116211 51.00580749511718
    endloop
  endfacet
  facet normal -0.6784050724738422 0.5817025515117591 -0.44876352258898045
    outer loop
      vertex 68.88848876953125 -58.03397750854492 51.00580749511718
      vertex 65.90185546875 -58.43124771118164 55.00580749511718
      vertex 67.80247497558594 -56.21466827392578 55.00580749511718
    endloop
  endfacet
  facet normal -0.6972967996087736 0.5588844490579771 -0.4488043514233383
    outer loop
      vertex 67.80247497558594 -56.21466827392578 55.00580749511718
      vertex 69.62858581542969 -53.93630599975586 55.00580749511718
      vertex 70.7577896118164 -55.73958969116211 51.00580749511718
    endloop
  endfacet
  facet normal -0.7371437278394171 0.6757359872812808 0
    outer loop
      vertex 63.92879867553711 -60.5836067199707 55.00580749511718
      vertex 63.92879867553711 -60.5836067199707 62.150537109374994
      vertex 65.90185546875 -58.43124771118164 55.00580749511718
    endloop
  endfacet
  facet normal 0.7312137379529393 -0.6803363066804032 0.0496888241092362
    outer loop
      vertex 64.92889404296875 -62.432403564453125 55.00580749511718
      vertex 66.94482421875 -60.265716552734375 55.00580749511718
      vertex 66.69467163085938 -60.14870834350586 60.289086914062494
    endloop
  endfacet
  facet normal 0.7531685597452511 -0.6559490161500903 0.04967905819349782
    outer loop
      vertex 66.94482421875 -60.265716552734375 55.00580749511718
      vertex 68.88848876953125 -58.03397750854492 55.00580749511718
      vertex 68.63259887695312 -57.92765808105469 60.289086914062494
    endloop
  endfacet
  facet normal 0.7305993180962154 -0.6809612177650928 0.050164293050207365
    outer loop
      vertex 64.92889404296875 -62.432403564453125 55.00580749511718
      vertex 66.69467163085938 -60.14870834350586 60.289086914062494
      vertex 64.6849136352539 -62.30496597290039 60.289086914062494
    endloop
  endfacet
  facet normal 0.752550223925538 -0.6566207022211927 0.05017383664989511
    outer loop
      vertex 66.94482421875 -60.265716552734375 55.00580749511718
      vertex 68.63259887695312 -57.92765808105469 60.289086914062494
      vertex 66.69467163085938 -60.14870834350586 60.289086914062494
    endloop
  endfacet
  facet normal 0.7743112114869551 -0.6308526347888583 0.04966991992704633
    outer loop
      vertex 68.88848876953125 -58.03397750854492 55.00580749511718
      vertex 70.7577896118164 -55.73958969116211 55.00580749511718
      vertex 70.49658966064453 -55.64421081542969 60.289086914062494
    endloop
  endfacet
  facet normal -0.7591391002661725 0.6509284341976975 0
    outer loop
      vertex 65.90185546875 -58.43124771118164 55.00580749511718
      vertex 65.90185546875 -58.43124771118164 62.150537109374994
      vertex 67.80247497558594 -56.21466827392578 55.00580749511718
    endloop
  endfacet
  facet normal 0.7736931093677929 -0.6315700156414087 0.050182545366960714
    outer loop
      vertex 68.88848876953125 -58.03397750854492 55.00580749511718
      vertex 70.49658966064453 -55.64421081542969 60.289086914062494
      vertex 68.63259887695312 -57.92765808105469 60.289086914062494
    endloop
  endfacet
  facet normal -0.7802969527490905 0.6254091984696767 0
    outer loop
      vertex 67.80247497558594 -56.21466827392578 55.00580749511718
      vertex 67.80247497558594 -56.21466827392578 62.150537109374994
      vertex 69.62858581542969 -53.93630599975586 55.00580749511718
    endloop
  endfacet
  facet normal -0.7143411742067934 0.6997976041919974 0
    outer loop
      vertex 61.8854866027832 -62.66938400268555 62.150537109374994
      vertex 63.92879867553711 -60.5836067199707 62.150537109374994
      vertex 63.92879867553711 -60.5836067199707 55.00580749511718
    endloop
  endfacet
  facet normal 0.5363002788459099 -0.49986316976356 0.6800873638171243
    outer loop
      vertex 64.6849136352539 -62.30496597290039 60.289086914062494
      vertex 66.69467163085938 -60.14870834350586 60.289086914062494
      vertex 63.92879867553711 -60.5836067199707 62.150537109374994
    endloop
  endfacet
  facet normal -0.7371437278394171 0.6757359872812808 0
    outer loop
      vertex 65.90185546875 -58.43124771118164 55.00580749511718
      vertex 63.92879867553711 -60.5836067199707 62.150537109374994
      vertex 65.90185546875 -58.43124771118164 62.150537109374994
    endloop
  endfacet
  facet normal 0.5524494205777305 -0.4820272653554258 0.6800362881179942
    outer loop
      vertex 66.69467163085938 -60.14870834350586 60.289086914062494
      vertex 68.63259887695312 -57.92765808105469 60.289086914062494
      vertex 65.90185546875 -58.43124771118164 62.150537109374994
    endloop
  endfacet
  facet normal 0.537793975878675 -0.49299306162375434 0.6839118954218038
    outer loop
      vertex 63.92879867553711 -60.5836067199707 62.150537109374994
      vertex 66.69467163085938 -60.14870834350586 60.289086914062494
      vertex 65.90185546875 -58.43124771118164 62.150537109374994
    endloop
  endfacet
  facet normal -0.7591391002661725 0.6509284341976975 0
    outer loop
      vertex 67.80247497558594 -56.21466827392578 55.00580749511718
      vertex 65.90185546875 -58.43124771118164 62.150537109374994
      vertex 67.80247497558594 -56.21466827392578 62.150537109374994
    endloop
  endfacet
  facet normal 0.5680041298087376 -0.4636649503584456 0.6799897957538179
    outer loop
      vertex 68.63259887695312 -57.92765808105469 60.289086914062494
      vertex 70.49658966064453 -55.64421081542969 60.289086914062494
      vertex 67.80247497558594 -56.21466827392578 62.150537109374994
    endloop
  endfacet
  facet normal -0.7802969527490905 0.6254091984696767 0
    outer loop
      vertex 69.62858581542969 -53.93630599975586 55.00580749511718
      vertex 67.80247497558594 -56.21466827392578 62.150537109374994
      vertex 69.62858581542969 -53.93630599975586 62.150537109374994
    endloop
  endfacet
  facet normal 0.5538048186376276 -0.4748633067649068 0.6839627641487819
    outer loop
      vertex 68.63259887695312 -57.92765808105469 60.289086914062494
      vertex 67.80247497558594 -56.21466827392578 62.150537109374994
      vertex 65.90185546875 -58.43124771118164 62.150537109374994
    endloop
  endfacet
  facet normal 0.5692052166279162 -0.45621884981331384 0.6840100748078086
    outer loop
      vertex 70.49658966064453 -55.64421081542969 60.289086914062494
      vertex 69.62858581542969 -53.93630599975586 62.150537109374994
      vertex 67.80247497558594 -56.21466827392578 62.150537109374994
    endloop
  endfacet
  facet normal -0.8005994246587347 0.5991999342757832 0
    outer loop
      vertex 69.62858581542969 -53.93630599975586 55.00580749511718
      vertex 69.62858581542969 -53.93630599975586 62.150537109374994
      vertex 71.37816619873047 -51.59866714477539 55.00580749511718
    endloop
  endfacet
  facet normal 0 0 1
    outer loop
      vertex 68.88848876953125 -58.03397750854492 55.00580749511718
      vertex 70.98714447021484 -61.73324966430664 55.00580749511718
      vertex 72.941650390625 -59.41114807128906 55.00580749511718
    endloop
  endfacet
  facet normal -0.7122557355495209 0.5423585910340923 -0.44557707067164615
    outer loop
      vertex 69.62858581542969 -53.93630599975586 55.00580749511718
      vertex 72.55070495605469 -53.385032653808594 51.00580749511718
      vertex 70.7577896118164 -55.73958969116211 51.00580749511718
    endloop
  endfacet
  facet normal 0 0 1
    outer loop
      vertex 68.88848876953125 -58.03397750854492 55.00580749511718
      vertex 72.941650390625 -59.41114807128906 55.00580749511718
      vertex 70.7577896118164 -55.73958969116211 55.00580749511718
    endloop
  endfacet
  facet normal 0 0 1
    outer loop
      vertex 72.941650390625 -59.41114807128906 55.00580749511718
      vertex 74.82022857666016 -57.02720642089844 55.00580749511718
      vertex 70.7577896118164 -55.73958969116211 55.00580749511718
    endloop
  endfacet
  facet normal 0 0 1
    outer loop
      vertex 70.7577896118164 -55.73958969116211 55.00580749511718
      vertex 74.82022857666016 -57.02720642089844 55.00580749511718
      vertex 72.55070495605469 -53.385032653808594 55.00580749511718
    endloop
  endfacet
  facet normal 0 0 1
    outer loop
      vertex 74.82022857666016 -57.02720642089844 55.00580749511718
      vertex 76.62092590332031 -54.58390808105469 55.00580749511718
      vertex 72.55070495605469 -53.385032653808594 55.00580749511718
    endloop
  endfacet
  facet normal -0.7297036246033535 0.5186787923549332 -0.4455389215343104
    outer loop
      vertex 72.55070495605469 -53.385032653808594 51.00580749511718
      vertex 71.37816619873047 -51.59866714477539 55.00580749511718
      vertex 74.26530456542969 -50.97284698486328 51.00580749511718
    endloop
  endfacet
  facet normal -0.7154239552226993 0.535451280309742 -0.44884350358244846
    outer loop
      vertex 69.62858581542969 -53.93630599975586 55.00580749511718
      vertex 71.37816619873047 -51.59866714477539 55.00580749511718
      vertex 72.55070495605469 -53.385032653808594 51.00580749511718
    endloop
  endfacet
  facet normal -0.7327636430376796 0.5114322809889695 -0.44888134891591097
    outer loop
      vertex 74.26530456542969 -50.97284698486328 51.00580749511718
      vertex 71.37816619873047 -51.59866714477539 55.00580749511718
      vertex 73.04930114746094 -49.20431900024414 55.00580749511718
    endloop
  endfacet
  facet normal 0 0 1
    outer loop
      vertex 76.62092590332031 -54.58390808105469 55.00580749511718
      vertex 74.26530456542969 -50.97284698486328 55.00580749511718
      vertex 72.55070495605469 -53.385032653808594 55.00580749511718
    endloop
  endfacet
  facet normal 0 0 1
    outer loop
      vertex 76.62092590332031 -54.58390808105469 55.00580749511718
      vertex 78.34186553955078 -52.08378982543945 55.00580749511718
      vertex 74.26530456542969 -50.97284698486328 55.00580749511718
    endloop
  endfacet
  facet normal 0 0 1
    outer loop
      vertex 74.26530456542969 -50.97284698486328 55.00580749511718
      vertex 78.34186553955078 -52.08378982543945 55.00580749511718
      vertex 75.89973449707031 -48.50563430786133 55.00580749511718
    endloop
  endfacet
  facet normal -0.7463647236410343 0.49443684187045217 -0.44550186161835065
    outer loop
      vertex 74.26530456542969 -50.97284698486328 51.00580749511718
      vertex 73.04930114746094 -49.20431900024414 55.00580749511718
      vertex 75.89973449707031 -48.50563430786133 51.00580749511718
    endloop
  endfacet
  facet normal -0.7622187905503046 0.46966082596342396 -0.44546742180252114
    outer loop
      vertex 75.89973449707031 -48.50563430786133 51.00580749511718
      vertex 74.64014434814453 -46.755889892578125 55.00580749511718
      vertex 77.45223236083984 -45.98606491088867 51.00580749511718
    endloop
  endfacet
  facet normal -0.7492993113080393 0.4868500014720026 -0.44891827556918357
    outer loop
      vertex 75.89973449707031 -48.50563430786133 51.00580749511718
      vertex 73.04930114746094 -49.20431900024414 55.00580749511718
      vertex 74.64014434814453 -46.755889892578125 55.00580749511718
    endloop
  endfacet
  facet normal -0.7650086849355847 0.46173855640329853 -0.4489534691966698
    outer loop
      vertex 77.45223236083984 -45.98606491088867 51.00580749511718
      vertex 74.64014434814453 -46.755889892578125 55.00580749511718
      vertex 76.14896392822266 -44.25607681274414 55.00580749511718
    endloop
  endfacet
  facet normal 0 0 1
    outer loop
      vertex 75.89973449707031 -48.50563430786133 55.00580749511718
      vertex 78.34186553955078 -52.08378982543945 55.00580749511718
      vertex 79.98126220703125 -49.52945327758789 55.00580749511718
    endloop
  endfacet
  facet normal 0 0 1
    outer loop
      vertex 75.89973449707031 -48.50563430786133 55.00580749511718
      vertex 79.98126220703125 -49.52945327758789 55.00580749511718
      vertex 77.45223236083984 -45.98606491088867 55.00580749511718
    endloop
  endfacet
  facet normal 0 0 1
    outer loop
      vertex 77.45223236083984 -45.98606491088867 55.00580749511718
      vertex 79.98126220703125 -49.52945327758789 55.00580749511718
      vertex 81.53739929199219 -46.92356491088867 55.00580749511718
    endloop
  endfacet
  facet normal 0.7946182513097053 -0.6050748539887921 0.04966141113528853
    outer loop
      vertex 70.7577896118164 -55.73958969116211 55.00580749511718
      vertex 72.55070495605469 -53.385032653808594 55.00580749511718
      vertex 72.28463745117188 -53.30082321166992 60.289086914062494
    endloop
  endfacet
  facet normal 0.7940027092522504 -0.6058386532699072 0.05019187089750579
    outer loop
      vertex 70.49658966064453 -55.64421081542969 60.289086914062494
      vertex 70.7577896118164 -55.73958969116211 55.00580749511718
      vertex 72.28463745117188 -53.30082321166992 60.289086914062494
    endloop
  endfacet
  facet normal 0.5829492028760961 -0.44480095077738424 0.6799428954358294
    outer loop
      vertex 70.49658966064453 -55.64421081542969 60.289086914062494
      vertex 72.28463745117188 -53.30082321166992 60.289086914062494
      vertex 69.62858581542969 -53.93630599975586 62.150537109374994
    endloop
  endfacet
  facet normal 0.814066849806528 -0.57864480361236 0.04965234434031223
    outer loop
      vertex 72.55070495605469 -53.385032653808594 55.00580749511718
      vertex 74.26530456542969 -50.97284698486328 55.00580749511718
      vertex 73.99482727050781 -50.900020599365234 60.289086914062494
    endloop
  endfacet
  facet normal 0.8134550225292411 -0.5794572577050496 0.05020172123439218
    outer loop
      vertex 72.55070495605469 -53.385032653808594 55.00580749511718
      vertex 73.99482727050781 -50.900020599365234 60.289086914062494
      vertex 72.28463745117188 -53.30082321166992 60.289086914062494
    endloop
  endfacet
  facet normal -0.8200209497650087 0.5723335058744097 0
    outer loop
      vertex 71.37816619873047 -51.59866714477539 55.00580749511718
      vertex 71.37816619873047 -51.59866714477539 62.150537109374994
      vertex 73.04930114746094 -49.20431900024414 55.00580749511718
    endloop
  endfacet
  facet normal 0.8320317543708514 -0.5524509172597445 0.050210992197227855
    outer loop
      vertex 74.26530456542969 -50.97284698486328 55.00580749511718
      vertex 75.62531280517578 -48.44438934326172 60.289086914062494
      vertex 73.99482727050781 -50.900020599365234 60.289086914062494
    endloop
  endfacet
  facet normal 0.832637439203294 -0.5515890727718515 0.049642619145950584
    outer loop
      vertex 74.26530456542969 -50.97284698486328 55.00580749511718
      vertex 75.89973449707031 -48.50563430786133 55.00580749511718
      vertex 75.62531280517578 -48.44438934326172 60.289086914062494
    endloop
  endfacet
  facet normal -0.838543088870735 0.5448352852992604 0
    outer loop
      vertex 73.04930114746094 -49.20431900024414 55.00580749511718
      vertex 73.04930114746094 -49.20431900024414 62.150537109374994
      vertex 74.64014434814453 -46.755889892578125 55.00580749511718
    endloop
  endfacet
  facet normal -0.8561404365910952 0.5167432175013127 0
    outer loop
      vertex 74.64014434814453 -46.755889892578125 55.00580749511718
      vertex 74.64014434814453 -46.755889892578125 62.150537109374994
      vertex 76.14896392822266 -44.25607681274414 55.00580749511718
    endloop
  endfacet
  facet normal 0.8497133285989638 -0.5248478382420485 0.05021957679946883
    outer loop
      vertex 75.89973449707031 -48.50563430786133 55.00580749511718
      vertex 77.17433166503906 -45.93657302856445 60.289086914062494
      vertex 75.62531280517578 -48.44438934326172 60.289086914062494
    endloop
  endfacet
  facet normal 0.8503081618021563 -0.5239393708820996 0.049634318896382215
    outer loop
      vertex 75.89973449707031 -48.50563430786133 55.00580749511718
      vertex 77.45223236083984 -45.98606491088867 55.00580749511718
      vertex 77.17433166503906 -45.93657302856445 60.289086914062494
    endloop
  endfacet
  facet normal -0.8005994246587347 0.5991999342757832 0
    outer loop
      vertex 69.62858581542969 -53.93630599975586 62.150537109374994
      vertex 71.37816619873047 -51.59866714477539 62.150537109374994
      vertex 71.37816619873047 -51.59866714477539 55.00580749511718
    endloop
  endfacet
  facet normal 0.5972650012890672 -0.42545627008864534 0.6798981397808265
    outer loop
      vertex 72.28463745117188 -53.30082321166992 60.289086914062494
      vertex 73.99482727050781 -50.900020599365234 60.289086914062494
      vertex 71.37816619873047 -51.59866714477539 62.150537109374994
    endloop
  endfacet
  facet normal -0.8200209497650087 0.5723335058744097 0
    outer loop
      vertex 73.04930114746094 -49.20431900024414 55.00580749511718
      vertex 71.37816619873047 -51.59866714477539 62.150537109374994
      vertex 73.04930114746094 -49.20431900024414 62.150537109374994
    endloop
  endfacet
  facet normal 0.5839821211013977 -0.43707506876032104 0.6840542862244728
    outer loop
      vertex 69.62858581542969 -53.93630599975586 62.150537109374994
      vertex 72.28463745117188 -53.30082321166992 60.289086914062494
      vertex 71.37816619873047 -51.59866714477539 62.150537109374994
    endloop
  endfacet
  facet normal 0.5981157724141467 -0.41745481873684737 0.6840972131962054
    outer loop
      vertex 73.99482727050781 -50.900020599365234 60.289086914062494
      vertex 73.04930114746094 -49.20431900024414 62.150537109374994
      vertex 71.37816619873047 -51.59866714477539 62.150537109374994
    endloop
  endfacet
  facet normal 0.6109376605476355 -0.4056492666115578 0.6798557548642853
    outer loop
      vertex 73.99482727050781 -50.900020599365234 60.289086914062494
      vertex 75.62531280517578 -48.44438934326172 60.289086914062494
      vertex 73.04930114746094 -49.20431900024414 62.150537109374994
    endloop
  endfacet
  facet normal -0.838543088870735 0.5448352852992604 0
    outer loop
      vertex 74.64014434814453 -46.755889892578125 55.00580749511718
      vertex 73.04930114746094 -49.20431900024414 62.150537109374994
      vertex 74.64014434814453 -46.755889892578125 62.150537109374994
    endloop
  endfacet
  facet normal 0.6239516134020406 -0.3854001631369711 0.6798169594729059
    outer loop
      vertex 75.62531280517578 -48.44438934326172 60.289086914062494
      vertex 77.17433166503906 -45.93657302856445 60.289086914062494
      vertex 74.64014434814453 -46.755889892578125 62.150537109374994
    endloop
  endfacet
  facet normal 0.611592499395166 -0.39737632844079157 0.6841393631991146
    outer loop
      vertex 75.62531280517578 -48.44438934326172 60.289086914062494
      vertex 74.64014434814453 -46.755889892578125 62.150537109374994
      vertex 73.04930114746094 -49.20431900024414 62.150537109374994
    endloop
  endfacet
  facet normal -0.7772516717029178 0.44437528018530775 -0.44543287843989354
    outer loop
      vertex 77.45223236083984 -45.98606491088867 51.00580749511718
      vertex 76.14896392822266 -44.25607681274414 55.00580749511718
      vertex 78.9211196899414 -43.41685104370117 51.00580749511718
    endloop
  endfacet
  facet normal -0.791444160174053 0.4186105911891597 -0.4454001731821065
    outer loop
      vertex 78.9211196899414 -43.41685104370117 51.00580749511718
      vertex 77.57408905029297 -41.70762252807617 55.00580749511718
      vertex 80.30481719970703 -40.8007698059082 51.00580749511718
    endloop
  endfacet
  facet normal 0 0 1
    outer loop
      vertex 77.45223236083984 -45.98606491088867 55.00580749511718
      vertex 81.53739929199219 -46.92356491088867 55.00580749511718
      vertex 78.9211196899414 -43.41685104370117 55.00580749511718
    endloop
  endfacet
  facet normal -0.7798796668931454 0.43611773307758317 -0.44898666802245535
    outer loop
      vertex 78.9211196899414 -43.41685104370117 51.00580749511718
      vertex 76.14896392822266 -44.25607681274414 55.00580749511718
      vertex 77.57408905029297 -41.70762252807617 55.00580749511718
    endloop
  endfacet
  facet normal 0 0 1
    outer loop
      vertex 81.53739929199219 -46.92356491088867 55.00580749511718
      vertex 83.0086669921875 -44.26883316040039 55.00580749511718
      vertex 78.9211196899414 -43.41685104370117 55.00580749511718
    endloop
  endfacet
  facet normal 0 0 1
    outer loop
      vertex 78.9211196899414 -43.41685104370117 55.00580749511718
      vertex 83.0086669921875 -44.26883316040039 55.00580749511718
      vertex 80.30481719970703 -40.8007698059082 55.00580749511718
    endloop
  endfacet
  facet normal -0.8047832543052217 0.3923903484550977 -0.4453692041769209
    outer loop
      vertex 80.30481719970703 -40.8007698059082 51.00580749511718
      vertex 78.91395568847656 -39.11333084106445 55.00580749511718
      vertex 81.60182189941406 -38.14064407348633 51.00580749511718
    endloop
  endfacet
  facet normal -0.7938926505984117 0.4100195371867417 -0.4490194187905446
    outer loop
      vertex 80.30481719970703 -40.8007698059082 51.00580749511718
      vertex 77.57408905029297 -41.70762252807617 55.00580749511718
      vertex 78.91395568847656 -39.11333084106445 55.00580749511718
    endloop
  endfacet
  facet normal 0 0 1
    outer loop
      vertex 80.30481719970703 -40.8007698059082 55.00580749511718
      vertex 84.3935317993164 -41.568023681640625 55.00580749511718
      vertex 81.60182189941406 -38.14064407348633 55.00580749511718
    endloop
  endfacet
  facet normal -0.8070336391259918 0.3834719244028925 -0.44905009577306715
    outer loop
      vertex 81.60182189941406 -38.14064407348633 51.00580749511718
      vertex 78.91395568847656 -39.11333084106445 55.00580749511718
      vertex 80.1670913696289 -36.476051330566406 55.00580749511718
    endloop
  endfacet
  facet normal -0.8172520072642118 0.36574828615424004 -0.44533958705447796
    outer loop
      vertex 81.60182189941406 -38.14064407348633 51.00580749511718
      vertex 80.1670913696289 -36.476051330566406 55.00580749511718
      vertex 82.81074523925781 -35.43934631347656 51.00580749511718
    endloop
  endfacet
  facet normal -0.8192869969481608 0.3565049876184716 -0.44908018263425725
    outer loop
      vertex 80.1670913696289 -36.476051330566406 55.00580749511718
      vertex 81.33212280273438 -33.798683166503906 55.00580749511718
      vertex 82.81074523925781 -35.43934631347656 51.00580749511718
    endloop
  endfacet
  facet normal 0 0 1
    outer loop
      vertex 80.30481719970703 -40.8007698059082 55.00580749511718
      vertex 83.0086669921875 -44.26883316040039 55.00580749511718
      vertex 84.3935317993164 -41.568023681640625 55.00580749511718
    endloop
  endfacet
  facet normal 0 0 1
    outer loop
      vertex 81.60182189941406 -38.14064407348633 55.00580749511718
      vertex 84.3935317993164 -41.568023681640625 55.00580749511718
      vertex 85.6905517578125 -38.823944091796875 55.00580749511718
    endloop
  endfacet
  facet normal -0.8288401309791372 0.3387063658404324 -0.4453111665090531
    outer loop
      vertex 81.33212280273438 -33.798683166503906 55.00580749511718
      vertex 83.93026733398438 -32.699790954589844 51.00580749511718
      vertex 82.81074523925781 -35.43934631347656 51.00580749511718
    endloop
  endfacet
  facet normal 0 0 1
    outer loop
      vertex 81.60182189941406 -38.14064407348633 55.00580749511718
      vertex 85.6905517578125 -38.823944091796875 55.00580749511718
      vertex 82.81074523925781 -35.43934631347656 55.00580749511718
    endloop
  endfacet
  facet normal 0 0 1
    outer loop
      vertex 85.6905517578125 -38.823944091796875 55.00580749511718
      vertex 86.89836883544922 -36.039451599121094 55.00580749511718
      vertex 82.81074523925781 -35.43934631347656 55.00580749511718
    endloop
  endfacet
  facet normal 0 0 1
    outer loop
      vertex 82.81074523925781 -35.43934631347656 55.00580749511718
      vertex 86.89836883544922 -36.039451599121094 55.00580749511718
      vertex 83.93026733398438 -32.699790954589844 55.00580749511718
    endloop
  endfacet
  facet normal 0 0 1
    outer loop
      vertex 86.89836883544922 -36.039451599121094 55.00580749511718
      vertex 88.01573944091797 -33.217445373535156 55.00580749511718
      vertex 83.93026733398438 -32.699790954589844 55.00580749511718
    endloop
  endfacet
  facet normal -0.8395318767819181 0.3113007295695001 -0.4452842728376192
    outer loop
      vertex 83.93026733398438 -32.699790954589844 51.00580749511718
      vertex 82.40776062011719 -31.084169387817383 55.00580749511718
      vertex 84.95919036865234 -29.924938201904297 51.00580749511718
    endloop
  endfacet
  facet normal -0.8306415834985972 0.3291453176318593 -0.4491079153655225
    outer loop
      vertex 81.33212280273438 -33.798683166503906 55.00580749511718
      vertex 82.40776062011719 -31.084169387817383 55.00580749511718
      vertex 83.93026733398438 -32.699790954589844 51.00580749511718
    endloop
  endfacet
  facet normal -0.8410821869150036 0.30142875026828164 -0.4491341262540368
    outer loop
      vertex 84.95919036865234 -29.924938201904297 51.00580749511718
      vertex 82.40776062011719 -31.084169387817383 55.00580749511718
      vertex 83.39283752441406 -28.335491180419922 55.00580749511718
    endloop
  endfacet
  facet normal 0 0 1
    outer loop
      vertex 83.93026733398438 -32.699790954589844 55.00580749511718
      vertex 88.01573944091797 -33.217445373535156 55.00580749511718
      vertex 84.95919036865234 -29.924938201904297 55.00580749511718
    endloop
  endfacet
  facet normal 0 0 1
    outer loop
      vertex 84.95919036865234 -29.924938201904297 55.00580749511718
      vertex 88.01573944091797 -33.217445373535156 55.00580749511718
      vertex 89.04148864746094 -30.36086082458496 55.00580749511718
    endloop
  endfacet
  facet normal 0.867062192412869 -0.4957223235652637 0.049623909632808445
    outer loop
      vertex 77.45223236083984 -45.98606491088867 55.00580749511718
      vertex 78.9211196899414 -43.41685104370117 55.00580749511718
      vertex 78.64022827148438 -43.379276275634766 60.289086914062494
    endloop
  endfacet
  facet normal 0.8828789402170322 -0.46697226880975756 0.0496152908277034
    outer loop
      vertex 78.9211196899414 -43.41685104370117 55.00580749511718
      vertex 80.30481719970703 -40.8007698059082 55.00580749511718
      vertex 80.02140808105469 -40.77525329589844 60.289086914062494
    endloop
  endfacet
  facet normal 0.8664772843547255 -0.49668311244771096 0.05022948841581709
    outer loop
      vertex 77.45223236083984 -45.98606491088867 55.00580749511718
      vertex 78.64022827148438 -43.379276275634766 60.289086914062494
      vertex 77.17433166503906 -45.93657302856445 60.289086914062494
    endloop
  endfacet
  facet normal -0.8727992196171804 0.4880794220571492 0
    outer loop
      vertex 76.14896392822266 -44.25607681274414 55.00580749511718
      vertex 76.14896392822266 -44.25607681274414 62.150537109374994
      vertex 77.57408905029297 -41.70762252807617 55.00580749511718
    endloop
  endfacet
  facet normal 0.8823103040662804 -0.4679794253872455 0.05023728448763221
    outer loop
      vertex 78.9211196899414 -43.41685104370117 55.00580749511718
      vertex 80.02140808105469 -40.77525329589844 60.289086914062494
      vertex 78.64022827148438 -43.379276275634766 60.289086914062494
    endloop
  endfacet
  facet normal 0.8977440633303494 -0.43771550159527894 0.04960581032809655
    outer loop
      vertex 80.30481719970703 -40.8007698059082 55.00580749511718
      vertex 81.60182189941406 -38.14064407348633 55.00580749511718
      vertex 81.31639099121094 -38.1273078918457 60.289086914062494
    endloop
  endfacet
  facet normal -0.8884981590354349 0.4588801819545524 0
    outer loop
      vertex 77.57408905029297 -41.70762252807617 55.00580749511718
      vertex 77.57408905029297 -41.70762252807617 62.150537109374994
      vertex 78.91395568847656 -39.11333084106445 55.00580749511718
    endloop
  endfacet
  facet normal -0.9032206988540872 0.4291763846736376 0
    outer loop
      vertex 78.91395568847656 -39.11333084106445 55.00580749511718
      vertex 78.91395568847656 -39.11333084106445 62.150537109374994
      vertex 80.1670913696289 -36.476051330566406 55.00580749511718
    endloop
  endfacet
  facet normal 0.8971918068474617 -0.43877341852344764 0.05024687973431288
    outer loop
      vertex 80.30481719970703 -40.8007698059082 55.00580749511718
      vertex 81.31639099121094 -38.1273078918457 60.289086914062494
      vertex 80.02140808105469 -40.77525329589844 60.289086914062494
    endloop
  endfacet
  facet normal -0.8561404365910952 0.5167432175013127 0
    outer loop
      vertex 74.64014434814453 -46.755889892578125 62.150537109374994
      vertex 76.14896392822266 -44.25607681274414 62.150537109374994
      vertex 76.14896392822266 -44.25607681274414 55.00580749511718
    endloop
  endfacet
  facet normal 0.6243964300734285 -0.37686880152184693 0.6841776118458165
    outer loop
      vertex 74.64014434814453 -46.755889892578125 62.150537109374994
      vertex 77.17433166503906 -45.93657302856445 60.289086914062494
      vertex 76.14896392822266 -44.25607681274414 62.150537109374994
    endloop
  endfacet
  facet normal 0.6362931130238341 -0.3647366751698244 0.6797780756279952
    outer loop
      vertex 77.17433166503906 -45.93657302856445 60.289086914062494
      vertex 78.64022827148438 -43.379276275634766 60.289086914062494
      vertex 76.14896392822266 -44.25607681274414 62.150537109374994
    endloop
  endfacet
  facet normal -0.8727992196171804 0.4880794220571492 0
    outer loop
      vertex 77.57408905029297 -41.70762252807617 55.00580749511718
      vertex 76.14896392822266 -44.25607681274414 62.150537109374994
      vertex 77.57408905029297 -41.70762252807617 62.150537109374994
    endloop
  endfacet
  facet normal 0.6479491223457989 -0.34367371270411706 0.6797428293461263
    outer loop
      vertex 78.64022827148438 -43.379276275634766 60.289086914062494
      vertex 80.02140808105469 -40.77525329589844 60.289086914062494
      vertex 77.57408905029297 -41.70762252807617 62.150537109374994
    endloop
  endfacet
  facet normal 0.6365149731685095 -0.35594653759093786 0.6842154275586855
    outer loop
      vertex 76.14896392822266 -44.25607681274414 62.150537109374994
      vertex 78.64022827148438 -43.379276275634766 60.289086914062494
      vertex 77.57408905029297 -41.70762252807617 62.150537109374994
    endloop
  endfacet
  facet normal -0.8884981590354349 0.4588801819545524 0
    outer loop
      vertex 78.91395568847656 -39.11333084106445 55.00580749511718
      vertex 77.57408905029297 -41.70762252807617 62.150537109374994
      vertex 78.91395568847656 -39.11333084106445 62.150537109374994
    endloop
  endfacet
  facet normal 0.658906311444185 -0.32223942812731726 0.6797089257168824
    outer loop
      vertex 80.02140808105469 -40.77525329589844 60.289086914062494
      vertex 81.31639099121094 -38.1273078918457 60.289086914062494
      vertex 78.91395568847656 -39.11333084106445 62.150537109374994
    endloop
  endfacet
  facet normal 0.6479348163827848 -0.3346370990337234 0.684250309221195
    outer loop
      vertex 77.57408905029297 -41.70762252807617 62.150537109374994
      vertex 80.02140808105469 -40.77525329589844 60.289086914062494
      vertex 78.91395568847656 -39.11333084106445 62.150537109374994
    endloop
  endfacet
  facet normal 0.6586431428030695 -0.31296236144381034 0.6842833994464642
    outer loop
      vertex 81.31639099121094 -38.1273078918457 60.289086914062494
      vertex 80.1670913696289 -36.476051330566406 62.150537109374994
      vertex 78.91395568847656 -39.11333084106445 62.150537109374994
    endloop
  endfacet
  facet normal 0.9116384509646904 -0.4079894549893056 0.049597775557265696
    outer loop
      vertex 81.60182189941406 -38.14064407348633 55.00580749511718
      vertex 82.81074523925781 -35.43934631347656 55.00580749511718
      vertex 82.5237808227539 -35.438289642333984 60.289086914062494
    endloop
  endfacet
  facet normal -0.9169500027519414 0.3990021208630537 0
    outer loop
      vertex 80.1670913696289 -36.476051330566406 55.00580749511718
      vertex 80.1670913696289 -36.476051330566406 62.150537109374994
      vertex 81.33212280273438 -33.798683166503906 55.00580749511718
    endloop
  endfacet
  facet normal 0.911107222922582 -0.40909413560202923 0.05025551267601263
    outer loop
      vertex 81.60182189941406 -38.14064407348633 55.00580749511718
      vertex 82.5237808227539 -35.438289642333984 60.289086914062494
      vertex 81.31639099121094 -38.1273078918457 60.289086914062494
    endloop
  endfacet
  facet normal -0.9296726152221831 0.3683867919808563 0
    outer loop
      vertex 81.33212280273438 -33.798683166503906 55.00580749511718
      vertex 81.33212280273438 -33.798683166503906 62.150537109374994
      vertex 82.40776062011719 -31.084169387817383 55.00580749511718
    endloop
  endfacet
  facet normal -0.9032206988540872 0.4291763846736376 0
    outer loop
      vertex 80.1670913696289 -36.476051330566406 55.00580749511718
      vertex 78.91395568847656 -39.11333084106445 62.150537109374994
      vertex 80.1670913696289 -36.476051330566406 62.150537109374994
    endloop
  endfacet
  facet normal 0.6691530086684574 -0.30045483646657506 0.6796772338645712
    outer loop
      vertex 81.31639099121094 -38.1273078918457 60.289086914062494
      vertex 82.5237808227539 -35.438289642333984 60.289086914062494
      vertex 80.1670913696289 -36.476051330566406 62.150537109374994
    endloop
  endfacet
  facet normal -0.9169500027519414 0.3990021208630537 0
    outer loop
      vertex 81.33212280273438 -33.798683166503906 55.00580749511718
      vertex 80.1670913696289 -36.476051330566406 62.150537109374994
      vertex 81.33212280273438 -33.798683166503906 62.150537109374994
    endloop
  endfacet
  facet normal 0.6686286476744256 -0.2909474319114685 0.6843137609117547
    outer loop
      vertex 80.1670913696289 -36.476051330566406 62.150537109374994
      vertex 82.5237808227539 -35.438289642333984 60.289086914062494
      vertex 81.33212280273438 -33.798683166503906 62.150537109374994
    endloop
  endfacet
  facet normal -0.9296726152221831 0.3683867919808563 0
    outer loop
      vertex 82.40776062011719 -31.084169387817383 55.00580749511718
      vertex 81.33212280273438 -33.798683166503906 62.150537109374994
      vertex 82.40776062011719 -31.084169387817383 62.150537109374994
    endloop
  endfacet
  facet normal 0.9245507880564136 -0.37781862358372953 0.0495875788636696
    outer loop
      vertex 82.81074523925781 -35.43934631347656 55.00580749511718
      vertex 83.93026733398438 -32.699790954589844 55.00580749511718
      vertex 83.64228057861328 -32.71110153198242 60.289086914062494
    endloop
  endfacet
  facet normal 0.9240403387233316 -0.37897601905173556 0.0502655885847295
    outer loop
      vertex 82.81074523925781 -35.43934631347656 55.00580749511718
      vertex 83.64228057861328 -32.71110153198242 60.289086914062494
      vertex 82.5237808227539 -35.438289642333984 60.289086914062494
    endloop
  endfacet
  facet normal 0.9364635793069005 -0.34724327153718193 0.04957897743866293
    outer loop
      vertex 83.93026733398438 -32.699790954589844 55.00580749511718
      vertex 84.95919036865234 -29.924938201904297 55.00580749511718
      vertex 84.6706771850586 -29.94867515563965 60.289086914062494
    endloop
  endfacet
  facet normal 0.9359794574625357 -0.3484466069395647 0.05027342558888999
    outer loop
      vertex 83.93026733398438 -32.699790954589844 55.00580749511718
      vertex 84.6706771850586 -29.94867515563965 60.289086914062494
      vertex 83.64228057861328 -32.71110153198242 60.289086914062494
    endloop
  endfacet
  facet normal -0.9413718534771564 0.33737076559918927 0
    outer loop
      vertex 82.40776062011719 -31.084169387817383 55.00580749511718
      vertex 82.40776062011719 -31.084169387817383 62.150537109374994
      vertex 83.39283752441406 -28.335491180419922 55.00580749511718
    endloop
  endfacet
  facet normal 0.6786777990768769 -0.27834565195314265 0.6796470724419744
    outer loop
      vertex 81.33212280273438 -33.798683166503906 62.150537109374994
      vertex 82.5237808227539 -35.438289642333984 60.289086914062494
      vertex 83.64228057861328 -32.71110153198242 60.289086914062494
    endloop
  endfacet
  facet normal 0.6874703122954092 -0.25593157604167455 0.6796201866463922
    outer loop
      vertex 83.64228057861328 -32.71110153198242 60.289086914062494
      vertex 84.6706771850586 -29.94867515563965 60.289086914062494
      vertex 82.40776062011719 -31.084169387817383 62.150537109374994
    endloop
  endfacet
  facet normal 0.6778799382157907 -0.2686128554274076 0.6843434249437124
    outer loop
      vertex 81.33212280273438 -33.798683166503906 62.150537109374994
      vertex 83.64228057861328 -32.71110153198242 60.289086914062494
      vertex 82.40776062011719 -31.084169387817383 62.150537109374994
    endloop
  endfacet
  facet normal 0.6863877935519959 -0.2459890579405287 0.6843691841662319
    outer loop
      vertex 84.6706771850586 -29.94867515563965 60.289086914062494
      vertex 83.39283752441406 -28.335491180419922 62.150537109374994
      vertex 82.40776062011719 -31.084169387817383 62.150537109374994
    endloop
  endfacet
  facet normal 1 0 0
    outer loop
      vertex 39 -31.386003494262695 0
      vertex 39 31 0
      vertex 39 -31.386003494262695 55.00580749511718
    endloop
  endfacet
  facet normal 0 1 0
    outer loop
      vertex 36 35 0
      vertex 50.73004150390625 35 15.41161499023437
      vertex 50.73004150390625 35 9.46032104492187
    endloop
  endfacet
  facet normal -1 0 0
    outer loop
      vertex 36 -30 0
      vertex 36 35 55.00580749511718
      vertex 36 35 0
    endloop
  endfacet
  facet normal 0 1 0
    outer loop
      vertex 36 35 0
      vertex 36 35 55.00580749511718
      vertex 50.73004150390625 35 15.41161499023437
    endloop
  endfacet
  facet normal -0.9485319924698346 0.31668132130140797 0
    outer loop
      vertex 84.95919036865234 -29.924938201904297 0
      vertex 85.89640045166016 -27.117782592773438 13.005807495117182
      vertex 85.89640045166016 -27.117782592773438 0
    endloop
  endfacet
  facet normal -0.9584230123214662 0.2853512387438442 0
    outer loop
      vertex 85.89640045166016 -27.117782592773438 0
      vertex 86.74089050292969 -24.281352996826172 13.005807495117182
      vertex 86.74089050292969 -24.281352996826172 0
    endloop
  endfacet
  facet normal -0.9672798318200261 0.25371189754172385 0
    outer loop
      vertex 86.74089050292969 -24.281352996826172 0
      vertex 87.49174499511719 -21.418710708618164 13.005807495117182
      vertex 87.49174499511719 -21.418710708618164 0
    endloop
  endfacet
  facet normal 0.9515742789632914 -0.30741891876638283 0
    outer loop
      vertex 89.04148864746094 -30.36086082458496 0
      vertex 89.97455596923828 -27.472675323486328 0
      vertex 89.04148864746094 -30.36086082458496 15.005807495117182
    endloop
  endfacet
  facet normal 0.9609956397991056 -0.2765635194437393 0
    outer loop
      vertex 89.97455596923828 -27.472675323486328 0
      vertex 90.81397247314453 -24.555892944335938 0
      vertex 89.97455596923828 -27.472675323486328 15.005807495117182
    endloop
  endfacet
  facet normal 0.9694176463045199 -0.24541684341830486 0
    outer loop
      vertex 90.81397247314453 -24.555892944335938 0
      vertex 91.55885314941406 -21.613550186157227 0
      vertex 90.81397247314453 -24.555892944335938 15.005807495117182
    endloop
  endfacet
  facet normal -0.9750928410603628 0.22179709491521804 0
    outer loop
      vertex 87.49174499511719 -21.418710708618164 0
      vertex 88.14814758300781 -18.532949447631836 13.005807495117182
      vertex 88.14814758300781 -18.532949447631836 0
    endloop
  endfacet
  facet normal 0.9768301154688894 -0.21401618049352295 0
    outer loop
      vertex 91.55885314941406 -21.613550186157227 0
      vertex 92.20842742919922 -18.648710250854492 0
      vertex 91.55885314941406 -21.613550186157227 15.005807495117182
    endloop
  endfacet
  facet normal 0.9832254897956432 -0.18239417813109465 0
    outer loop
      vertex 92.20842742919922 -18.648710250854492 0
      vertex 92.76202392578125 -15.664458274841309 0
      vertex 92.20842742919922 -18.648710250854492 15.005807495117182
    endloop
  endfacet
  facet normal -0.981852788287455 0.18964467335559407 0
    outer loop
      vertex 88.14814758300781 -18.532949447631836 0
      vertex 88.70939636230469 -15.627180099487305 13.005807495117182
      vertex 88.70939636230469 -15.627180099487305 0
    endloop
  endfacet
  facet normal -0.9875526543410609 0.15728876280244952 0
    outer loop
      vertex 88.70939636230469 -15.627180099487305 0
      vertex 89.17488861083984 -12.70454216003418 13.005807495117182
      vertex 89.17488861083984 -12.70454216003418 0
    endloop
  endfacet
  facet normal 0.9885972725115122 -0.1505836404885964 0
    outer loop
      vertex 92.76202392578125 -15.664458274841309 0
      vertex 93.21907043457031 -12.663900375366211 0
      vertex 92.76202392578125 -15.664458274841309 15.005807495117182
    endloop
  endfacet
  facet normal -0.9485319924698346 0.31668132130140797 0
    outer loop
      vertex 84.95919036865234 -29.924938201904297 0
      vertex 84.95919036865234 -29.924938201904297 13.005807495117182
      vertex 85.89640045166016 -27.117782592773438 13.005807495117182
    endloop
  endfacet
  facet normal -0.9584230123214662 0.2853512387438442 0
    outer loop
      vertex 85.89640045166016 -27.117782592773438 0
      vertex 85.89640045166016 -27.117782592773438 13.005807495117182
      vertex 86.74089050292969 -24.281352996826172 13.005807495117182
    endloop
  endfacet
  facet normal -0.9672798318200261 0.25371189754172385 0
    outer loop
      vertex 86.74089050292969 -24.281352996826172 0
      vertex 86.74089050292969 -24.281352996826172 13.005807495117182
      vertex 87.49174499511719 -21.418710708618164 13.005807495117182
    endloop
  endfacet
  facet normal 0.9515742789632914 -0.30741891876638283 0
    outer loop
      vertex 89.04148864746094 -30.36086082458496 15.005807495117182
      vertex 89.97455596923828 -27.472675323486328 0
      vertex 89.97455596923828 -27.472675323486328 15.005807495117182
    endloop
  endfacet
  facet normal 0.9609956397991056 -0.2765635194437393 0
    outer loop
      vertex 90.81397247314453 -24.555892944335938 0
      vertex 90.81397247314453 -24.555892944335938 15.005807495117182
      vertex 89.97455596923828 -27.472675323486328 15.005807495117182
    endloop
  endfacet
  facet normal 0.9694176463045199 -0.24541684341830486 0
    outer loop
      vertex 91.55885314941406 -21.613550186157227 0
      vertex 91.55885314941406 -21.613550186157227 15.005807495117182
      vertex 90.81397247314453 -24.555892944335938 15.005807495117182
    endloop
  endfacet
  facet normal -0.9750928410603628 0.22179709491521804 0
    outer loop
      vertex 87.49174499511719 -21.418710708618164 0
      vertex 87.49174499511719 -21.418710708618164 13.005807495117182
      vertex 88.14814758300781 -18.532949447631836 13.005807495117182
    endloop
  endfacet
  facet normal -0.981852788287455 0.18964467335559407 0
    outer loop
      vertex 88.14814758300781 -18.532949447631836 0
      vertex 88.14814758300781 -18.532949447631836 13.005807495117182
      vertex 88.70939636230469 -15.627180099487305 13.005807495117182
    endloop
  endfacet
  facet normal 0.9768301154688894 -0.21401618049352295 0
    outer loop
      vertex 92.20842742919922 -18.648710250854492 0
      vertex 92.20842742919922 -18.648710250854492 15.005807495117182
      vertex 91.55885314941406 -21.613550186157227 15.005807495117182
    endloop
  endfacet
  facet normal -0.9875526543410609 0.15728876280244952 0
    outer loop
      vertex 88.70939636230469 -15.627180099487305 0
      vertex 88.70939636230469 -15.627180099487305 13.005807495117182
      vertex 89.17488861083984 -12.70454216003418 13.005807495117182
    endloop
  endfacet
  facet normal 0.9832254897956432 -0.18239417813109465 0
    outer loop
      vertex 92.76202392578125 -15.664458274841309 0
      vertex 92.76202392578125 -15.664458274841309 15.005807495117182
      vertex 92.20842742919922 -18.648710250854492 15.005807495117182
    endloop
  endfacet
  facet normal 0.9885972725115122 -0.1505836404885964 0
    outer loop
      vertex 92.76202392578125 -15.664458274841309 15.005807495117182
      vertex 93.21907043457031 -12.663900375366211 0
      vertex 93.21907043457031 -12.663900375366211 15.005807495117182
    endloop
  endfacet
  facet normal -0.9921869319654633 0.12476013801275312 0
    outer loop
      vertex 89.17488861083984 -12.70454216003418 0
      vertex 89.54411315917969 -9.768189430236816 13.005807495117182
      vertex 89.54411315917969 -9.768189430236816 0
    endloop
  endfacet
  facet normal 0.9929406305008366 -0.11861241208491279 0
    outer loop
      vertex 93.21907043457031 -12.663900375366211 0
      vertex 93.5790786743164 -9.650161743164062 0
      vertex 93.21907043457031 -12.663900375366211 15.005807495117182
    endloop
  endfacet
  facet normal -0.9957497596642477 0.09210003327139873 0
    outer loop
      vertex 89.54411315917969 -9.768189430236816 0
      vertex 89.81668090820312 -6.821292877197266 13.005807495117182
      vertex 89.81668090820312 -6.821292877197266 0
    endloop
  endfacet
  facet normal 0.9962502970403707 -0.08651789206270102 0
    outer loop
      vertex 93.5790786743164 -9.650161743164062 0
      vertex 93.8416748046875 -6.626377105712891 0
      vertex 93.5790786743164 -9.650161743164062 15.005807495117182
    endloop
  endfacet
  facet normal 0.9985227399937252 -0.05433541860907526 0
    outer loop
      vertex 93.8416748046875 -6.626377105712891 0
      vertex 94.006591796875 -3.5956952571868896 0
      vertex 93.8416748046875 -6.626377105712891 15.005807495117182
    endloop
  endfacet
  facet normal -0.9982380197048223 0.05933680152986585 0
    outer loop
      vertex 89.81668090820312 -6.821292877197266 0
      vertex 89.9922866821289 -3.867032527923584 13.005807495117182
      vertex 89.9922866821289 -3.867032527923584 0
    endloop
  endfacet
  facet normal -0.999648435004454 0.02651426772788431 0
    outer loop
      vertex 89.9922866821289 -3.867032527923584 0
      vertex 90.07075500488281 -0.9085975885391235 13.005807495117182
      vertex 90.07075500488281 -0.9085975885391235 0
    endloop
  endfacet
  facet normal 0.99975581729556 -0.022097642039071098 0
    outer loop
      vertex 94.006591796875 -3.5956952571868896 0
      vertex 94.07366180419922 -0.5612705945968628 0
      vertex 94.006591796875 -3.5956952571868896 15.005807495117182
    endloop
  endfacet
  facet normal -0.9999798907769407 -0.0063417696061728425 0
    outer loop
      vertex 90.07075500488281 -0.9085975885391235 0
      vertex 90.05198669433594 2.0508182048797607 13.005807495117182
      vertex 90.05198669433594 2.0508182048797607 0
    endloop
  endfacet
  facet normal 0.9999483323296281 0.010165267886073682 0
    outer loop
      vertex 94.07366180419922 -0.5612705945968628 0
      vertex 94.04280853271484 2.473738193511963 0
      vertex 94.07366180419922 -0.5612705945968628 15.005807495117182
    endloop
  endfacet
  facet normal -0.9921869319654633 0.12476013801275312 0
    outer loop
      vertex 89.17488861083984 -12.70454216003418 0
      vertex 89.17488861083984 -12.70454216003418 13.005807495117182
      vertex 89.54411315917969 -9.768189430236816 13.005807495117182
    endloop
  endfacet
  facet normal 0.9929406305008366 -0.11861241208491279 0
    outer loop
      vertex 93.5790786743164 -9.650161743164062 0
      vertex 93.5790786743164 -9.650161743164062 15.005807495117182
      vertex 93.21907043457031 -12.663900375366211 15.005807495117182
    endloop
  endfacet
  facet normal -0.9957497596642477 0.09210003327139873 0
    outer loop
      vertex 89.54411315917969 -9.768189430236816 0
      vertex 89.54411315917969 -9.768189430236816 13.005807495117182
      vertex 89.81668090820312 -6.821292877197266 13.005807495117182
    endloop
  endfacet
  facet normal -0.9982380197048223 0.05933680152986585 0
    outer loop
      vertex 89.81668090820312 -6.821292877197266 0
      vertex 89.81668090820312 -6.821292877197266 13.005807495117182
      vertex 89.9922866821289 -3.867032527923584 13.005807495117182
    endloop
  endfacet
  facet normal 0.9962502970403707 -0.08651789206270102 0
    outer loop
      vertex 93.8416748046875 -6.626377105712891 0
      vertex 93.8416748046875 -6.626377105712891 15.005807495117182
      vertex 93.5790786743164 -9.650161743164062 15.005807495117182
    endloop
  endfacet
  facet normal -0.999648435004454 0.02651426772788431 0
    outer loop
      vertex 89.9922866821289 -3.867032527923584 0
      vertex 89.9922866821289 -3.867032527923584 13.005807495117182
      vertex 90.07075500488281 -0.9085975885391235 13.005807495117182
    endloop
  endfacet
  facet normal 0.9985227399937252 -0.05433541860907526 0
    outer loop
      vertex 94.006591796875 -3.5956952571868896 0
      vertex 94.006591796875 -3.5956952571868896 15.005807495117182
      vertex 93.8416748046875 -6.626377105712891 15.005807495117182
    endloop
  endfacet
  facet normal 0.99975581729556 -0.022097642039071098 0
    outer loop
      vertex 94.07366180419922 -0.5612705945968628 0
      vertex 94.07366180419922 -0.5612705945968628 15.005807495117182
      vertex 94.006591796875 -3.5956952571868896 15.005807495117182
    endloop
  endfacet
  facet normal -0.9999798907769407 -0.0063417696061728425 0
    outer loop
      vertex 90.07075500488281 -0.9085975885391235 0
      vertex 90.07075500488281 -0.9085975885391235 13.005807495117182
      vertex 90.05198669433594 2.0508182048797607 13.005807495117182
    endloop
  endfacet
  facet normal 0.9999483323296281 0.010165267886073682 0
    outer loop
      vertex 94.04280853271484 2.473738193511963 0
      vertex 94.04280853271484 2.473738193511963 15.005807495117182
      vertex 94.07366180419922 -0.5612705945968628 15.005807495117182
    endloop
  endfacet
  facet normal -0.9485319924698346 0.316681321301408 0
    outer loop
      vertex 84.95919036865234 -29.924938201904297 13.005807495117182
      vertex 84.95919036865234 -29.924938201904297 51.00580749511718
      vertex 85.89640045166016 -27.117782592773438 13.005807495117182
    endloop
  endfacet
  facet normal -0.9584230123214663 0.2853512387438442 0
    outer loop
      vertex 85.89640045166016 -27.117782592773438 13.005807495117182
      vertex 85.89640045166016 -27.117782592773438 51.00580749511718
      vertex 86.74089050292969 -24.281352996826172 13.005807495117182
    endloop
  endfacet
  facet normal -0.967279831820026 0.25371189754172385 0
    outer loop
      vertex 86.74089050292969 -24.281352996826172 13.005807495117182
      vertex 86.74089050292969 -24.281352996826172 51.00580749511718
      vertex 87.49174499511719 -21.418710708618164 13.005807495117182
    endloop
  endfacet
  facet normal 0.9515742789632915 -0.30741891876638283 0
    outer loop
      vertex 89.04148864746094 -30.36086082458496 15.005807495117182
      vertex 89.97455596923828 -27.472675323486328 15.005807495117182
      vertex 89.97455596923828 -27.472675323486328 55.00580749511718
    endloop
  endfacet
  facet normal 0.9609956397991056 -0.2765635194437393 0
    outer loop
      vertex 89.97455596923828 -27.472675323486328 15.005807495117182
      vertex 90.81397247314453 -24.555892944335938 15.005807495117182
      vertex 90.81397247314453 -24.555892944335938 55.00580749511718
    endloop
  endfacet
  facet normal 0.9694176463045199 -0.2454168434183049 0
    outer loop
      vertex 90.81397247314453 -24.555892944335938 15.005807495117182
      vertex 91.55885314941406 -21.613550186157227 15.005807495117182
      vertex 91.55885314941406 -21.613550186157227 55.00580749511718
    endloop
  endfacet
  facet normal -0.9750928410603628 0.22179709491521807 0
    outer loop
      vertex 87.49174499511719 -21.418710708618164 13.005807495117182
      vertex 87.49174499511719 -21.418710708618164 51.00580749511718
      vertex 88.14814758300781 -18.532949447631836 13.005807495117182
    endloop
  endfacet
  facet normal -0.981852788287455 0.1896446733555941 0
    outer loop
      vertex 88.14814758300781 -18.532949447631836 13.005807495117182
      vertex 88.14814758300781 -18.532949447631836 51.00580749511718
      vertex 88.70939636230469 -15.627180099487305 13.005807495117182
    endloop
  endfacet
  facet normal -0.9875526543410609 0.1572887628024495 0
    outer loop
      vertex 88.70939636230469 -15.627180099487305 13.005807495117182
      vertex 88.70939636230469 -15.627180099487305 51.00580749511718
      vertex 89.17488861083984 -12.70454216003418 13.005807495117182
    endloop
  endfacet
  facet normal 0.9768301154688894 -0.21401618049352292 0
    outer loop
      vertex 91.55885314941406 -21.613550186157227 15.005807495117182
      vertex 92.20842742919922 -18.648710250854492 15.005807495117182
      vertex 92.20842742919922 -18.648710250854492 55.00580749511718
    endloop
  endfacet
  facet normal 0.9832254897956432 -0.18239417813109465 0
    outer loop
      vertex 92.20842742919922 -18.648710250854492 15.005807495117182
      vertex 92.76202392578125 -15.664458274841309 15.005807495117182
      vertex 92.76202392578125 -15.664458274841309 55.00580749511718
    endloop
  endfacet
  facet normal 0.9885972725115122 -0.1505836404885964 0
    outer loop
      vertex 92.76202392578125 -15.664458274841309 15.005807495117182
      vertex 93.21907043457031 -12.663900375366211 15.005807495117182
      vertex 93.21907043457031 -12.663900375366211 55.00580749511718
    endloop
  endfacet
  facet normal -0.9921869319654633 0.12476013801275312 0
    outer loop
      vertex 89.17488861083984 -12.70454216003418 13.005807495117182
      vertex 89.17488861083984 -12.70454216003418 51.00580749511718
      vertex 89.54411315917969 -9.768189430236816 13.005807495117182
    endloop
  endfacet
  facet normal -0.9957497596642478 0.09210003327139875 0
    outer loop
      vertex 89.54411315917969 -9.768189430236816 13.005807495117182
      vertex 89.54411315917969 -9.768189430236816 51.00580749511718
      vertex 89.81668090820312 -6.821292877197266 13.005807495117182
    endloop
  endfacet
  facet normal -0.9982380197048224 0.059336801529865854 0
    outer loop
      vertex 89.81668090820312 -6.821292877197266 13.005807495117182
      vertex 89.81668090820312 -6.821292877197266 51.00580749511718
      vertex 89.9922866821289 -3.867032527923584 13.005807495117182
    endloop
  endfacet
  facet normal 0.9929406305008366 -0.1186124120849128 0
    outer loop
      vertex 93.21907043457031 -12.663900375366211 15.005807495117182
      vertex 93.5790786743164 -9.650161743164062 15.005807495117182
      vertex 93.5790786743164 -9.650161743164062 55.00580749511718
    endloop
  endfacet
  facet normal 0.9962502970403707 -0.08651789206270104 0
    outer loop
      vertex 93.5790786743164 -9.650161743164062 15.005807495117182
      vertex 93.8416748046875 -6.626377105712891 15.005807495117182
      vertex 93.8416748046875 -6.626377105712891 55.00580749511718
    endloop
  endfacet
  facet normal -0.9996484350044541 0.02651426772788431 0
    outer loop
      vertex 89.9922866821289 -3.867032527923584 13.005807495117182
      vertex 89.9922866821289 -3.867032527923584 51.00580749511718
      vertex 90.07075500488281 -0.9085975885391235 13.005807495117182
    endloop
  endfacet
  facet normal -0.9999798907769407 -0.006341769606172842 0
    outer loop
      vertex 90.07075500488281 -0.9085975885391235 13.005807495117182
      vertex 90.07075500488281 -0.9085975885391235 51.00580749511718
      vertex 90.05198669433594 2.0508182048797607 13.005807495117182
    endloop
  endfacet
  facet normal 0.9985227399937252 -0.05433541860907526 0
    outer loop
      vertex 93.8416748046875 -6.626377105712891 15.005807495117182
      vertex 94.006591796875 -3.5956952571868896 15.005807495117182
      vertex 94.006591796875 -3.5956952571868896 55.00580749511718
    endloop
  endfacet
  facet normal 0.99975581729556 -0.022097642039071098 0
    outer loop
      vertex 94.006591796875 -3.5956952571868896 15.005807495117182
      vertex 94.07366180419922 -0.5612705945968628 15.005807495117182
      vertex 94.07366180419922 -0.5612705945968628 55.00580749511718
    endloop
  endfacet
  facet normal 0.9999483323296282 0.010165267886073684 0
    outer loop
      vertex 94.07366180419922 -0.5612705945968628 15.005807495117182
      vertex 94.04280853271484 2.473738193511963 15.005807495117182
      vertex 94.04280853271484 2.473738193511963 55.00580749511718
    endloop
  endfacet
  facet normal 0 1 0
    outer loop
      vertex 36 35 0
      vertex 50.73004150390625 35 9.46032104492187
      vertex 55.14276123046875 35 9.46032104492187
    endloop
  endfacet
  facet normal 0 1 0
    outer loop
      vertex 36 35 0
      vertex 55.14276123046875 35 9.46032104492187
      vertex 56.27537155151367 35 9.46032104492187
    endloop
  endfacet
  facet normal 0 1 0
    outer loop
      vertex 36 35 0
      vertex 56.27537155151367 35 9.46032104492187
      vertex 58.47158432006836 35 9.46032104492187
    endloop
  endfacet
  facet normal 0 1 0
    outer loop
      vertex 36 35 0
      vertex 58.47158432006836 35 9.46032104492187
      vertex 58.757476806640625 35 9.46392211914062
    endloop
  endfacet
  facet normal 0 1 0
    outer loop
      vertex 36 35 0
      vertex 58.757476806640625 35 9.46392211914062
      vertex 59.04201126098633 35 9.479821777343744
    endloop
  endfacet
  facet normal 0 1 0
    outer loop
      vertex 36 35 0
      vertex 59.04201126098633 35 9.479821777343744
      vertex 59.324012756347656 35 9.51867065429687
    endloop
  endfacet
  facet normal 0 1 0
    outer loop
      vertex 36 35 0
      vertex 59.324012756347656 35 9.51867065429687
      vertex 65.0683364868164 35 9.46032104492187
    endloop
  endfacet
  facet normal 0 1 0
    outer loop
      vertex 36 35 0
      vertex 65.0683364868164 35 9.46032104492187
      vertex 69.14817810058594 35 9.46032104492187
    endloop
  endfacet
  facet normal 0 1 0
    outer loop
      vertex 36 35 0
      vertex 69.14817810058594 35 9.46032104492187
      vertex 87.32221221923828 35 0
    endloop
  endfacet
  facet normal 0 0 1
    outer loop
      vertex 50.73004150390625 34.5 9.46032104492187
      vertex 55.14276123046875 34.5 9.46032104492187
      vertex 50.73004150390625 35 9.46032104492187
    endloop
  endfacet
  facet normal 0 1 0
    outer loop
      vertex 50.73004150390625 34.5 9.46032104492187
      vertex 51.931663513183594 34.5 10.46709594726562
      vertex 55.14276123046875 34.5 9.46032104492187
    endloop
  endfacet
  facet normal 0 1 0
    outer loop
      vertex 50.73004150390625 34.5 9.46032104492187
      vertex 51.931663513183594 34.5 11.786447143554682
      vertex 51.931663513183594 34.5 10.46709594726562
    endloop
  endfacet
  facet normal 1 0 0
    outer loop
      vertex 50.73004150390625 34.5 9.46032104492187
      vertex 50.73004150390625 35 9.46032104492187
      vertex 50.73004150390625 35 15.41161499023437
    endloop
  endfacet
  facet normal -1 0 0
    outer loop
      vertex 51.931663513183594 34.5 10.46709594726562
      vertex 51.931663513183594 34.5 11.786447143554682
      vertex 51.931663513183594 35 10.46709594726562
    endloop
  endfacet
  facet normal 0 1 0
    outer loop
      vertex 50.73004150390625 34.5 9.46032104492187
      vertex 51.931663513183594 34.5 12.789147949218744
      vertex 51.931663513183594 34.5 11.786447143554682
    endloop
  endfacet
  facet normal -1 0 0
    outer loop
      vertex 51.931663513183594 35 10.46709594726562
      vertex 51.931663513183594 34.5 11.786447143554682
      vertex 51.931663513183594 35 11.786447143554682
    endloop
  endfacet
  facet normal 0 0 1
    outer loop
      vertex 50.73004150390625 35 9.46032104492187
      vertex 55.14276123046875 34.5 9.46032104492187
      vertex 55.14276123046875 35 9.46032104492187
    endloop
  endfacet
  facet normal -1 0 0
    outer loop
      vertex 55.14276123046875 34.5 9.46032104492187
      vertex 55.14276123046875 34.5 10.46709594726562
      vertex 55.14276123046875 35 9.46032104492187
    endloop
  endfacet
  facet normal 0 1 0
    outer loop
      vertex 55.14276123046875 35 9.46032104492187
      vertex 55.14276123046875 35 10.46709594726562
      vertex 56.27537155151367 35 9.46032104492187
    endloop
  endfacet
  facet normal 0 0 1
    outer loop
      vertex 56.27537155151367 34.5 9.46032104492187
      vertex 58.47158432006836 34.5 9.46032104492187
      vertex 56.27537155151367 35 9.46032104492187
    endloop
  endfacet
  facet normal 0 0 1
    outer loop
      vertex 56.27537155151367 35 9.46032104492187
      vertex 58.47158432006836 34.5 9.46032104492187
      vertex 58.47158432006836 35 9.46032104492187
    endloop
  endfacet
  facet normal 0 1 0
    outer loop
      vertex 56.27537155151367 34.5 9.46032104492187
      vertex 57.47699737548828 34.5 10.46709594726562
      vertex 58.47158432006836 34.5 9.46032104492187
    endloop
  endfacet
  facet normal -0.012594904568753834 0 0.9999206810437035
    outer loop
      vertex 58.47158432006836 34.5 9.46032104492187
      vertex 58.757476806640625 34.5 9.46392211914062
      vertex 58.47158432006836 35 9.46032104492187
    endloop
  endfacet
  facet normal -0.012594904568753834 0 0.9999206810437035
    outer loop
      vertex 58.757476806640625 34.5 9.46392211914062
      vertex 58.757476806640625 35 9.46392211914062
      vertex 58.47158432006836 35 9.46032104492187
    endloop
  endfacet
  facet normal 0 1 0
    outer loop
      vertex 58.47158432006836 34.5 9.46032104492187
      vertex 58.51165008544922 34.5 10.473641967773432
      vertex 58.757476806640625 34.5 9.46392211914062
    endloop
  endfacet
  facet normal 0 1 0
    outer loop
      vertex 51.931663513183594 34.5 10.46709594726562
      vertex 55.14276123046875 34.5 10.46709594726562
      vertex 55.14276123046875 34.5 9.46032104492187
    endloop
  endfacet
  facet normal 0 0 -1
    outer loop
      vertex 51.931663513183594 34.5 10.46709594726562
      vertex 51.931663513183594 35 10.46709594726562
      vertex 55.14276123046875 35 10.46709594726562
    endloop
  endfacet
  facet normal 0 0 -1
    outer loop
      vertex 51.931663513183594 34.5 10.46709594726562
      vertex 55.14276123046875 35 10.46709594726562
      vertex 55.14276123046875 34.5 10.46709594726562
    endloop
  endfacet
  facet normal -1 0 0
    outer loop
      vertex 55.14276123046875 35 9.46032104492187
      vertex 55.14276123046875 34.5 10.46709594726562
      vertex 55.14276123046875 35 10.46709594726562
    endloop
  endfacet
  facet normal 0 1 0
    outer loop
      vertex 56.27537155151367 35 9.46032104492187
      vertex 55.14276123046875 35 10.46709594726562
      vertex 54.91948699951172 35 11.786447143554682
    endloop
  endfacet
  facet normal 0 1 0
    outer loop
      vertex 51.931663513183594 35 10.46709594726562
      vertex 54.91948699951172 35 11.786447143554682
      vertex 55.14276123046875 35 10.46709594726562
    endloop
  endfacet
  facet normal 0 1 0
    outer loop
      vertex 51.931663513183594 35 10.46709594726562
      vertex 51.931663513183594 35 11.786447143554682
      vertex 54.91948699951172 35 11.786447143554682
    endloop
  endfacet
  facet normal 0 0 1
    outer loop
      vertex 51.931663513183594 34.5 11.786447143554682
      vertex 54.91948699951172 34.5 11.786447143554682
      vertex 51.931663513183594 35 11.786447143554682
    endloop
  endfacet
  facet normal 0 0 1
    outer loop
      vertex 51.931663513183594 35 11.786447143554682
      vertex 54.91948699951172 34.5 11.786447143554682
      vertex 54.91948699951172 35 11.786447143554682
    endloop
  endfacet
  facet normal 0 1 0
    outer loop
      vertex 56.27537155151367 35 9.46032104492187
      vertex 54.91948699951172 35 11.786447143554682
      vertex 54.91948699951172 35 12.789147949218744
    endloop
  endfacet
  facet normal 0 1 0
    outer loop
      vertex 58.47158432006836 34.5 9.46032104492187
      vertex 57.47699737548828 34.5 10.46709594726562
      vertex 58.01691436767578 34.5 10.46709594726562
    endloop
  endfacet
  facet normal 0 1 0
    outer loop
      vertex 58.47158432006836 34.5 9.46032104492187
      vertex 58.2645149230957 34.5 10.466989135742182
      vertex 58.51165008544922 34.5 10.473641967773432
    endloop
  endfacet
  facet normal 0 1 0
    outer loop
      vertex 58.47158432006836 34.5 9.46032104492187
      vertex 58.01691436767578 34.5 10.46709594726562
      vertex 58.2645149230957 34.5 10.466989135742182
    endloop
  endfacet
  facet normal 0 1 0
    outer loop
      vertex 58.757476806640625 34.5 9.46392211914062
      vertex 58.51165008544922 34.5 10.473641967773432
      vertex 58.75788497924805 34.5 10.493417358398432
    endloop
  endfacet
  facet normal 0 0 -1
    outer loop
      vertex 57.47699737548828 34.5 10.46709594726562
      vertex 57.47699737548828 35 10.46709594726562
      vertex 58.01691436767578 35 10.46709594726562
    endloop
  endfacet
  facet normal 0 0 -1
    outer loop
      vertex 57.47699737548828 34.5 10.46709594726562
      vertex 58.01691436767578 35 10.46709594726562
      vertex 58.01691436767578 34.5 10.46709594726562
    endloop
  endfacet
  facet normal -0.0004313864050823587 0 -0.9999999069528804
    outer loop
      vertex 58.01691436767578 34.5 10.46709594726562
      vertex 58.2645149230957 35 10.466989135742182
      vertex 58.2645149230957 34.5 10.466989135742182
    endloop
  endfacet
  facet normal -0.0004313864050823587 0 -0.9999999069528804
    outer loop
      vertex 58.01691436767578 34.5 10.46709594726562
      vertex 58.01691436767578 35 10.46709594726562
      vertex 58.2645149230957 35 10.466989135742182
    endloop
  endfacet
  facet normal 0.026910062908772407 0 -0.9996378586839566
    outer loop
      vertex 58.2645149230957 34.5 10.466989135742182
      vertex 58.2645149230957 35 10.466989135742182
      vertex 58.51165008544922 35 10.473641967773432
    endloop
  endfacet
  facet normal 0.026910062908772407 0 -0.9996378586839566
    outer loop
      vertex 58.2645149230957 34.5 10.466989135742182
      vertex 58.51165008544922 35 10.473641967773432
      vertex 58.51165008544922 34.5 10.473641967773432
    endloop
  endfacet
  facet normal 0.08005332967516875 0 -0.9967905820220808
    outer loop
      vertex 58.51165008544922 34.5 10.473641967773432
      vertex 58.75788497924805 35 10.493417358398432
      vertex 58.75788497924805 34.5 10.493417358398432
    endloop
  endfacet
  facet normal 0.08005332967516875 0 -0.9967905820220808
    outer loop
      vertex 58.51165008544922 34.5 10.473641967773432
      vertex 58.51165008544922 35 10.473641967773432
      vertex 58.75788497924805 35 10.493417358398432
    endloop
  endfacet
  facet normal 1 0 0
    outer loop
      vertex 56.27537155151367 34.5 9.46032104492187
      vertex 56.27537155151367 35 9.46032104492187
      vertex 56.27537155151367 35 15.41161499023437
    endloop
  endfacet
  facet normal 0 1 0
    outer loop
      vertex 56.27537155151367 34.5 9.46032104492187
      vertex 56.27537155151367 34.5 15.41161499023437
      vertex 57.47699737548828 34.5 10.46709594726562
    endloop
  endfacet
  facet normal -1 0 0
    outer loop
      vertex 57.47699737548828 34.5 10.46709594726562
      vertex 57.47699737548828 34.5 14.408898925781244
      vertex 57.47699737548828 35 10.46709594726562
    endloop
  endfacet
  facet normal 0 1 0
    outer loop
      vertex 57.47699737548828 35 10.46709594726562
      vertex 57.47699737548828 35 14.408898925781244
      vertex 58.01691436767578 35 10.46709594726562
    endloop
  endfacet
  facet normal 0 1 0
    outer loop
      vertex 58.01691436767578 35 10.46709594726562
      vertex 58.55698776245117 35 14.407876586914057
      vertex 58.2645149230957 35 10.466989135742182
    endloop
  endfacet
  facet normal 0 1 0
    outer loop
      vertex 58.2645149230957 35 10.466989135742182
      vertex 58.55698776245117 35 14.407876586914057
      vertex 58.51165008544922 35 10.473641967773432
    endloop
  endfacet
  facet normal 0 1 0
    outer loop
      vertex 58.51165008544922 35 10.473641967773432
      vertex 58.55698776245117 35 14.407876586914057
      vertex 58.75788497924805 35 10.493417358398432
    endloop
  endfacet
  facet normal 0 1 0
    outer loop
      vertex 50.73004150390625 34.5 9.46032104492187
      vertex 50.73004150390625 34.5 15.41161499023437
      vertex 51.931663513183594 34.5 12.789147949218744
    endloop
  endfacet
  facet normal 1 0 0
    outer loop
      vertex 50.73004150390625 34.5 9.46032104492187
      vertex 50.73004150390625 35 15.41161499023437
      vertex 50.73004150390625 34.5 15.41161499023437
    endloop
  endfacet
  facet normal -1 0 0
    outer loop
      vertex 51.931663513183594 34.5 12.789147949218744
      vertex 51.931663513183594 34.5 14.408898925781244
      vertex 51.931663513183594 35 12.789147949218744
    endloop
  endfacet
  facet normal -1 0 0
    outer loop
      vertex 51.931663513183594 35 12.789147949218744
      vertex 51.931663513183594 34.5 14.408898925781244
      vertex 51.931663513183594 35 14.408898925781244
    endloop
  endfacet
  facet normal 0 1 0
    outer loop
      vertex 51.931663513183594 34.5 12.789147949218744
      vertex 50.73004150390625 34.5 15.41161499023437
      vertex 51.931663513183594 34.5 14.408898925781244
    endloop
  endfacet
  facet normal 0 1 0
    outer loop
      vertex 51.931663513183594 34.5 14.408898925781244
      vertex 50.73004150390625 34.5 15.41161499023437
      vertex 55.25642776489258 34.5 15.41161499023437
    endloop
  endfacet
  facet normal 0 0 -1
    outer loop
      vertex 50.73004150390625 34.5 15.41161499023437
      vertex 50.73004150390625 35 15.41161499023437
      vertex 55.25642776489258 35 15.41161499023437
    endloop
  endfacet
  facet normal 0 1 0
    outer loop
      vertex 51.931663513183594 34.5 11.786447143554682
      vertex 51.931663513183594 34.5 12.789147949218744
      vertex 54.91948699951172 34.5 11.786447143554682
    endloop
  endfacet
  facet normal 0 0 -1
    outer loop
      vertex 51.931663513183594 34.5 12.789147949218744
      vertex 51.931663513183594 35 12.789147949218744
      vertex 54.91948699951172 35 12.789147949218744
    endloop
  endfacet
  facet normal 0 1 0
    outer loop
      vertex 54.91948699951172 34.5 11.786447143554682
      vertex 51.931663513183594 34.5 12.789147949218744
      vertex 54.91948699951172 34.5 12.789147949218744
    endloop
  endfacet
  facet normal 0 0 -1
    outer loop
      vertex 51.931663513183594 34.5 12.789147949218744
      vertex 54.91948699951172 35 12.789147949218744
      vertex 54.91948699951172 34.5 12.789147949218744
    endloop
  endfacet
  facet normal -1 0 0
    outer loop
      vertex 54.91948699951172 34.5 11.786447143554682
      vertex 54.91948699951172 34.5 12.789147949218744
      vertex 54.91948699951172 35 11.786447143554682
    endloop
  endfacet
  facet normal -1 0 0
    outer loop
      vertex 54.91948699951172 35 11.786447143554682
      vertex 54.91948699951172 34.5 12.789147949218744
      vertex 54.91948699951172 35 12.789147949218744
    endloop
  endfacet
  facet normal 0 1 0
    outer loop
      vertex 56.27537155151367 35 9.46032104492187
      vertex 54.91948699951172 35 12.789147949218744
      vertex 56.27537155151367 35 15.41161499023437
    endloop
  endfacet
  facet normal 0 1 0
    outer loop
      vertex 51.931663513183594 35 12.789147949218744
      vertex 51.931663513183594 35 14.408898925781244
      vertex 54.91948699951172 35 12.789147949218744
    endloop
  endfacet
  facet normal 1 0 0
    outer loop
      vertex 56.27537155151367 34.5 9.46032104492187
      vertex 56.27537155151367 35 15.41161499023437
      vertex 56.27537155151367 34.5 15.41161499023437
    endloop
  endfacet
  facet normal 0 1 0
    outer loop
      vertex 57.47699737548828 34.5 10.46709594726562
      vertex 56.27537155151367 34.5 15.41161499023437
      vertex 57.47699737548828 34.5 14.408898925781244
    endloop
  endfacet
  facet normal -1 0 0
    outer loop
      vertex 57.47699737548828 35 10.46709594726562
      vertex 57.47699737548828 34.5 14.408898925781244
      vertex 57.47699737548828 35 14.408898925781244
    endloop
  endfacet
  facet normal 0 1 0
    outer loop
      vertex 58.01691436767578 35 10.46709594726562
      vertex 57.47699737548828 35 14.408898925781244
      vertex 58.55698776245117 35 14.407876586914057
    endloop
  endfacet
  facet normal 0 1 0
    outer loop
      vertex 58.75788497924805 35 10.493417358398432
      vertex 58.55698776245117 35 14.407876586914057
      vertex 58.7392578125 35 14.40044555664062
    endloop
  endfacet
  facet normal 0 1 0
    outer loop
      vertex 51.931663513183594 35 14.408898925781244
      vertex 55.25642776489258 35 14.408898925781244
      vertex 54.91948699951172 35 12.789147949218744
    endloop
  endfacet
  facet normal 0 0 1
    outer loop
      vertex 51.931663513183594 34.5 14.408898925781244
      vertex 55.25642776489258 34.5 14.408898925781244
      vertex 51.931663513183594 35 14.408898925781244
    endloop
  endfacet
  facet normal 0 0 1
    outer loop
      vertex 51.931663513183594 35 14.408898925781244
      vertex 55.25642776489258 34.5 14.408898925781244
      vertex 55.25642776489258 35 14.408898925781244
    endloop
  endfacet
  facet normal 0 1 0
    outer loop
      vertex 51.931663513183594 34.5 14.408898925781244
      vertex 55.25642776489258 34.5 15.41161499023437
      vertex 55.25642776489258 34.5 14.408898925781244
    endloop
  endfacet
  facet normal 0 1 0
    outer loop
      vertex 54.91948699951172 35 12.789147949218744
      vertex 55.25642776489258 35 14.408898925781244
      vertex 56.27537155151367 35 15.41161499023437
    endloop
  endfacet
  facet normal -1 0 0
    outer loop
      vertex 55.25642776489258 34.5 14.408898925781244
      vertex 55.25642776489258 34.5 15.41161499023437
      vertex 55.25642776489258 35 14.408898925781244
    endloop
  endfacet
  facet normal 0 0 -1
    outer loop
      vertex 50.73004150390625 34.5 15.41161499023437
      vertex 55.25642776489258 35 15.41161499023437
      vertex 55.25642776489258 34.5 15.41161499023437
    endloop
  endfacet
  facet normal -1 0 0
    outer loop
      vertex 55.25642776489258 35 14.408898925781244
      vertex 55.25642776489258 34.5 15.41161499023437
      vertex 55.25642776489258 35 15.41161499023437
    endloop
  endfacet
  facet normal 0 1 0
    outer loop
      vertex 55.25642776489258 35 14.408898925781244
      vertex 55.25642776489258 35 15.41161499023437
      vertex 56.27537155151367 35 15.41161499023437
    endloop
  endfacet
  facet normal 0 0 1
    outer loop
      vertex 57.47699737548828 34.5 14.408898925781244
      vertex 58.37415313720703 34.5 14.408898925781244
      vertex 57.47699737548828 35 14.408898925781244
    endloop
  endfacet
  facet normal 0 0 1
    outer loop
      vertex 57.47699737548828 35 14.408898925781244
      vertex 58.37415313720703 34.5 14.408898925781244
      vertex 58.37415313720703 35 14.408898925781244
    endloop
  endfacet
  facet normal 0 1 0
    outer loop
      vertex 57.47699737548828 35 14.408898925781244
      vertex 58.37415313720703 35 14.408898925781244
      vertex 58.55698776245117 35 14.407876586914057
    endloop
  endfacet
  facet normal 0.005591516836344216 0 0.9999843673475445
    outer loop
      vertex 58.37415313720703 34.5 14.408898925781244
      vertex 58.55698776245117 34.5 14.407876586914057
      vertex 58.37415313720703 35 14.408898925781244
    endloop
  endfacet
  facet normal 0.040735503476768416 0 0.9991699648991128
    outer loop
      vertex 58.55698776245117 34.5 14.407876586914057
      vertex 58.7392578125 34.5 14.40044555664062
      vertex 58.55698776245117 35 14.407876586914057
    endloop
  endfacet
  facet normal 0.005591516836344216 0 0.9999843673475445
    outer loop
      vertex 58.37415313720703 35 14.408898925781244
      vertex 58.55698776245117 34.5 14.407876586914057
      vertex 58.55698776245117 35 14.407876586914057
    endloop
  endfacet
  facet normal 0.040735503476768416 0 0.9991699648991128
    outer loop
      vertex 58.7392578125 34.5 14.40044555664062
      vertex 58.7392578125 35 14.40044555664062
      vertex 58.55698776245117 35 14.407876586914057
    endloop
  endfacet
  facet normal 0 1 0
    outer loop
      vertex 57.47699737548828 34.5 14.408898925781244
      vertex 58.536537170410156 34.5 15.41161499023437
      vertex 58.37415313720703 34.5 14.408898925781244
    endloop
  endfacet
  facet normal 0 1 0
    outer loop
      vertex 58.37415313720703 34.5 14.408898925781244
      vertex 58.536537170410156 34.5 15.41161499023437
      vertex 58.55698776245117 34.5 14.407876586914057
    endloop
  endfacet
  facet normal 0 1 0
    outer loop
      vertex 58.55698776245117 34.5 14.407876586914057
      vertex 58.536537170410156 34.5 15.41161499023437
      vertex 58.7392578125 34.5 14.40044555664062
    endloop
  endfacet
  facet normal 0 0 -1
    outer loop
      vertex 56.27537155151367 34.5 15.41161499023437
      vertex 56.27537155151367 35 15.41161499023437
      vertex 58.536537170410156 35 15.41161499023437
    endloop
  endfacet
  facet normal 0 1 0
    outer loop
      vertex 57.47699737548828 34.5 14.408898925781244
      vertex 56.27537155151367 34.5 15.41161499023437
      vertex 58.536537170410156 34.5 15.41161499023437
    endloop
  endfacet
  facet normal 0 1 0
    outer loop
      vertex 58.7392578125 34.5 14.40044555664062
      vertex 58.536537170410156 34.5 15.41161499023437
      vertex 58.80575942993164 34.5 15.40630493164062
    endloop
  endfacet
  facet normal 0 0 -1
    outer loop
      vertex 56.27537155151367 34.5 15.41161499023437
      vertex 58.536537170410156 35 15.41161499023437
      vertex 58.536537170410156 34.5 15.41161499023437
    endloop
  endfacet
  facet normal -0.019719862813766934 0 -0.9998055445988515
    outer loop
      vertex 58.536537170410156 34.5 15.41161499023437
      vertex 58.80575942993164 35 15.40630493164062
      vertex 58.80575942993164 34.5 15.40630493164062
    endloop
  endfacet
  facet normal -0.019719862813766934 0 -0.9998055445988515
    outer loop
      vertex 58.536537170410156 34.5 15.41161499023437
      vertex 58.536537170410156 35 15.41161499023437
      vertex 58.80575942993164 35 15.40630493164062
    endloop
  endfacet
  facet normal -0.05579251443168951 0 0.9984423845838025
    outer loop
      vertex 58.757476806640625 34.5 9.46392211914062
      vertex 59.04201126098633 34.5 9.479821777343744
      vertex 58.757476806640625 35 9.46392211914062
    endloop
  endfacet
  facet normal -0.13647233411995693 0 0.9906438825429906
    outer loop
      vertex 59.04201126098633 34.5 9.479821777343744
      vertex 59.324012756347656 34.5 9.51867065429687
      vertex 59.04201126098633 35 9.479821777343744
    endloop
  endfacet
  facet normal -0.05579251443168951 0 0.9984423845838025
    outer loop
      vertex 58.757476806640625 35 9.46392211914062
      vertex 59.04201126098633 34.5 9.479821777343744
      vertex 59.04201126098633 35 9.479821777343744
    endloop
  endfacet
  facet normal -0.19368039755667435 0 0.9810646786029392
    outer loop
      vertex 59.324012756347656 34.5 9.51867065429687
      vertex 59.60419464111328 34.5 9.573983764648432
      vertex 59.324012756347656 35 9.51867065429687
    endloop
  endfacet
  facet normal -0.13647233411995693 0 0.9906438825429906
    outer loop
      vertex 59.04201126098633 35 9.479821777343744
      vertex 59.324012756347656 34.5 9.51867065429687
      vertex 59.324012756347656 35 9.51867065429687
    endloop
  endfacet
  facet normal -0.19368039755667435 0 0.9810646786029392
    outer loop
      vertex 59.324012756347656 35 9.51867065429687
      vertex 59.60419464111328 34.5 9.573983764648432
      vertex 59.60419464111328 35 9.573983764648432
    endloop
  endfacet
  facet normal 0 1 0
    outer loop
      vertex 58.757476806640625 34.5 9.46392211914062
      vertex 58.75788497924805 34.5 10.493417358398432
      vertex 59.04201126098633 34.5 9.479821777343744
    endloop
  endfacet
  facet normal 0 1 0
    outer loop
      vertex 59.04201126098633 34.5 9.479821777343744
      vertex 59.00338363647461 34.5 10.52391967773437
      vertex 59.324012756347656 34.5 9.51867065429687
    endloop
  endfacet
  facet normal -0.3575900667137069 0 0.9338786560296186
    outer loop
      vertex 59.60419464111328 34.5 9.573983764648432
      vertex 59.85381317138672 34.5 9.669564819335932
      vertex 59.60419464111328 35 9.573983764648432
    endloop
  endfacet
  facet normal -0.3575900667137069 0 0.9338786560296186
    outer loop
      vertex 59.60419464111328 35 9.573983764648432
      vertex 59.85381317138672 34.5 9.669564819335932
      vertex 59.85381317138672 35 9.669564819335932
    endloop
  endfacet
  facet normal -0.44794237297250933 0 0.8940624309832941
    outer loop
      vertex 59.85381317138672 34.5 9.669564819335932
      vertex 60.089630126953125 34.5 9.78771362304687
      vertex 59.85381317138672 35 9.669564819335932
    endloop
  endfacet
  facet normal -0.5908242677596577 0 0.8068002755491996
    outer loop
      vertex 60.089630126953125 34.5 9.78771362304687
      vertex 60.30241394042969 34.5 9.94353637695312
      vertex 60.089630126953125 35 9.78771362304687
    endloop
  endfacet
  facet normal -0.44794237297250933 0 0.8940624309832941
    outer loop
      vertex 59.85381317138672 35 9.669564819335932
      vertex 60.089630126953125 34.5 9.78771362304687
      vertex 60.089630126953125 35 9.78771362304687
    endloop
  endfacet
  facet normal 0 1 0
    outer loop
      vertex 59.324012756347656 35 9.51867065429687
      vertex 59.60419464111328 35 9.573983764648432
      vertex 65.0683364868164 35 9.46032104492187
    endloop
  endfacet
  facet normal 0 1 0
    outer loop
      vertex 59.60419464111328 35 9.573983764648432
      vertex 59.85381317138672 35 9.669564819335932
      vertex 65.0683364868164 35 9.46032104492187
    endloop
  endfacet
  facet normal 0 1 0
    outer loop
      vertex 59.85381317138672 35 9.669564819335932
      vertex 60.089630126953125 35 9.78771362304687
      vertex 65.0683364868164 35 9.46032104492187
    endloop
  endfacet
  facet normal 0 1 0
    outer loop
      vertex 60.089630126953125 35 9.78771362304687
      vertex 60.30241394042969 35 9.94353637695312
      vertex 65.0683364868164 35 9.46032104492187
    endloop
  endfacet
  facet normal 0 1 0
    outer loop
      vertex 60.30241394042969 35 9.94353637695312
      vertex 60.5013542175293 35 10.122033691406244
      vertex 65.0683364868164 35 9.46032104492187
    endloop
  endfacet
  facet normal 0 1 0
    outer loop
      vertex 59.324012756347656 34.5 9.51867065429687
      vertex 59.30107116699219 34.5 10.625512695312494
      vertex 59.60419464111328 34.5 9.573983764648432
    endloop
  endfacet
  facet normal 0 1 0
    outer loop
      vertex 58.75788497924805 34.5 10.493417358398432
      vertex 59.00338363647461 34.5 10.52391967773437
      vertex 59.04201126098633 34.5 9.479821777343744
    endloop
  endfacet
  facet normal 0 1 0
    outer loop
      vertex 59.324012756347656 34.5 9.51867065429687
      vertex 59.00338363647461 34.5 10.52391967773437
      vertex 59.15578079223633 34.5 10.56774291992187
    endloop
  endfacet
  facet normal 0 1 0
    outer loop
      vertex 59.324012756347656 34.5 9.51867065429687
      vertex 59.15578079223633 34.5 10.56774291992187
      vertex 59.30107116699219 34.5 10.625512695312494
    endloop
  endfacet
  facet normal 0 1 0
    outer loop
      vertex 59.85381317138672 34.5 9.669564819335932
      vertex 59.30107116699219 34.5 10.625512695312494
      vertex 59.434120178222656 34.5 10.707284545898432
    endloop
  endfacet
  facet normal 0 1 0
    outer loop
      vertex 59.60419464111328 34.5 9.573983764648432
      vertex 59.30107116699219 34.5 10.625512695312494
      vertex 59.85381317138672 34.5 9.669564819335932
    endloop
  endfacet
  facet normal 0 1 0
    outer loop
      vertex 59.85381317138672 34.5 9.669564819335932
      vertex 59.559539794921875 34.5 10.804025268554682
      vertex 60.089630126953125 34.5 9.78771362304687
    endloop
  endfacet
  facet normal -0.5908242677596577 0 0.8068002755491996
    outer loop
      vertex 60.089630126953125 35 9.78771362304687
      vertex 60.30241394042969 34.5 9.94353637695312
      vertex 60.30241394042969 35 9.94353637695312
    endloop
  endfacet
  facet normal 0 1 0
    outer loop
      vertex 60.089630126953125 34.5 9.78771362304687
      vertex 59.559539794921875 34.5 10.804025268554682
      vertex 60.30241394042969 34.5 9.94353637695312
    endloop
  endfacet
  facet normal 0 1 0
    outer loop
      vertex 60.30241394042969 34.5 9.94353637695312
      vertex 59.66984939575195 34.5 10.93303833007812
      vertex 60.5013542175293 34.5 10.122033691406244
    endloop
  endfacet
  facet normal 0.12329833603249275 0 -0.9923696490379069
    outer loop
      vertex 58.75788497924805 34.5 10.493417358398432
      vertex 59.00338363647461 35 10.52391967773437
      vertex 59.00338363647461 34.5 10.52391967773437
    endloop
  endfacet
  facet normal 0.27636019652876775 0 -0.9610541305122103
    outer loop
      vertex 59.00338363647461 34.5 10.52391967773437
      vertex 59.15578079223633 35 10.56774291992187
      vertex 59.15578079223633 34.5 10.56774291992187
    endloop
  endfacet
  facet normal 0.12329833603249275 0 -0.9923696490379069
    outer loop
      vertex 58.75788497924805 34.5 10.493417358398432
      vertex 58.75788497924805 35 10.493417358398432
      vertex 59.00338363647461 35 10.52391967773437
    endloop
  endfacet
  facet normal 0.27636019652876775 0 -0.9610541305122103
    outer loop
      vertex 59.00338363647461 34.5 10.52391967773437
      vertex 59.00338363647461 35 10.52391967773437
      vertex 59.15578079223633 35 10.56774291992187
    endloop
  endfacet
  facet normal 0.36948013267798807 0 -0.9292386300387303
    outer loop
      vertex 59.15578079223633 34.5 10.56774291992187
      vertex 59.30107116699219 35 10.625512695312494
      vertex 59.30107116699219 34.5 10.625512695312494
    endloop
  endfacet
  facet normal 0.5236121600427226 0 -0.8519567511648666
    outer loop
      vertex 59.30107116699219 34.5 10.625512695312494
      vertex 59.434120178222656 35 10.707284545898432
      vertex 59.434120178222656 34.5 10.707284545898432
    endloop
  endfacet
  facet normal 0.6107577266563556 0 -0.7918175290618163
    outer loop
      vertex 59.434120178222656 34.5 10.707284545898432
      vertex 59.559539794921875 35 10.804025268554682
      vertex 59.559539794921875 34.5 10.804025268554682
    endloop
  endfacet
  facet normal 0.36948013267798807 0 -0.9292386300387303
    outer loop
      vertex 59.15578079223633 34.5 10.56774291992187
      vertex 59.15578079223633 35 10.56774291992187
      vertex 59.30107116699219 35 10.625512695312494
    endloop
  endfacet
  facet normal 0.5236121600427226 0 -0.8519567511648666
    outer loop
      vertex 59.30107116699219 34.5 10.625512695312494
      vertex 59.30107116699219 35 10.625512695312494
      vertex 59.434120178222656 35 10.707284545898432
    endloop
  endfacet
  facet normal 0.6107577266563556 0 -0.7918175290618163
    outer loop
      vertex 59.434120178222656 34.5 10.707284545898432
      vertex 59.434120178222656 35 10.707284545898432
      vertex 59.559539794921875 35 10.804025268554682
    endloop
  endfacet
  facet normal 0 1 0
    outer loop
      vertex 59.85381317138672 34.5 9.669564819335932
      vertex 59.434120178222656 34.5 10.707284545898432
      vertex 59.559539794921875 34.5 10.804025268554682
    endloop
  endfacet
  facet normal 0 1 0
    outer loop
      vertex 59.559539794921875 34.5 10.804025268554682
      vertex 59.66984939575195 34.5 10.93303833007812
      vertex 60.30241394042969 34.5 9.94353637695312
    endloop
  endfacet
  facet normal 0 1 0
    outer loop
      vertex 60.5013542175293 34.5 10.122033691406244
      vertex 59.66984939575195 34.5 10.93303833007812
      vertex 59.76578140258789 34.5 11.070718383789057
    endloop
  endfacet
  facet normal -0.667829265201351 0 0.7443144984081821
    outer loop
      vertex 60.30241394042969 34.5 9.94353637695312
      vertex 60.5013542175293 34.5 10.122033691406244
      vertex 60.30241394042969 35 9.94353637695312
    endloop
  endfacet
  facet normal -0.667829265201351 0 0.7443144984081821
    outer loop
      vertex 60.30241394042969 35 9.94353637695312
      vertex 60.5013542175293 34.5 10.122033691406244
      vertex 60.5013542175293 35 10.122033691406244
    endloop
  endfacet
  facet normal -0.7760562397054471 0 0.6306637081791225
    outer loop
      vertex 60.5013542175293 34.5 10.122033691406244
      vertex 60.67972946166992 34.5 10.341531372070307
      vertex 60.5013542175293 35 10.122033691406244
    endloop
  endfacet
  facet normal -0.7760562397054471 0 0.6306637081791225
    outer loop
      vertex 60.5013542175293 35 10.122033691406244
      vertex 60.67972946166992 34.5 10.341531372070307
      vertex 60.67972946166992 35 10.341531372070307
    endloop
  endfacet
  facet normal 0 1 0
    outer loop
      vertex 60.5013542175293 34.5 10.122033691406244
      vertex 59.76578140258789 34.5 11.070718383789057
      vertex 60.67972946166992 34.5 10.341531372070307
    endloop
  endfacet
  facet normal -0.8256488669717391 0 0.5641843213598581
    outer loop
      vertex 60.67972946166992 34.5 10.341531372070307
      vertex 60.8379020690918 34.5 10.573007202148432
      vertex 60.67972946166992 35 10.341531372070307
    endloop
  endfacet
  facet normal -0.8256488669717391 0 0.5641843213598581
    outer loop
      vertex 60.8379020690918 34.5 10.573007202148432
      vertex 60.8379020690918 35 10.573007202148432
      vertex 60.67972946166992 35 10.341531372070307
    endloop
  endfacet
  facet normal 0 1 0
    outer loop
      vertex 60.67972946166992 34.5 10.341531372070307
      vertex 59.83945846557617 34.5 11.221810913085932
      vertex 60.8379020690918 34.5 10.573007202148432
    endloop
  endfacet
  facet normal -0.8944163117434606 0 0.44723535335125786
    outer loop
      vertex 60.8379020690918 34.5 10.573007202148432
      vertex 60.96335983276367 34.5 10.82390747070312
      vertex 60.8379020690918 35 10.573007202148432
    endloop
  endfacet
  facet normal -0.8944163117434606 0 0.44723535335125786
    outer loop
      vertex 60.8379020690918 35 10.573007202148432
      vertex 60.96335983276367 34.5 10.82390747070312
      vertex 60.96335983276367 35 10.82390747070312
    endloop
  endfacet
  facet normal 0 1 0
    outer loop
      vertex 59.15578079223633 35 10.56774291992187
      vertex 60.0009880065918 35 11.905282592773432
      vertex 59.30107116699219 35 10.625512695312494
    endloop
  endfacet
  facet normal 0 1 0
    outer loop
      vertex 58.75788497924805 35 10.493417358398432
      vertex 60.0223274230957 35 12.440026855468744
      vertex 59.00338363647461 35 10.52391967773437
    endloop
  endfacet
  facet normal 0 1 0
    outer loop
      vertex 59.00338363647461 35 10.52391967773437
      vertex 60.01820755004883 35 12.171823120117182
      vertex 59.15578079223633 35 10.56774291992187
    endloop
  endfacet
  facet normal 0.7600508018007621 0 -0.6498636616106634
    outer loop
      vertex 59.559539794921875 34.5 10.804025268554682
      vertex 59.66984939575195 35 10.93303833007812
      vertex 59.66984939575195 34.5 10.93303833007812
    endloop
  endfacet
  facet normal 0.8204731302718087 0 -0.571685090326816
    outer loop
      vertex 59.66984939575195 34.5 10.93303833007812
      vertex 59.76578140258789 35 11.070718383789057
      vertex 59.76578140258789 34.5 11.070718383789057
    endloop
  endfacet
  facet normal 0.7600508018007621 0 -0.6498636616106634
    outer loop
      vertex 59.559539794921875 34.5 10.804025268554682
      vertex 59.559539794921875 35 10.804025268554682
      vertex 59.66984939575195 35 10.93303833007812
    endloop
  endfacet
  facet normal 0.8204731302718087 0 -0.571685090326816
    outer loop
      vertex 59.66984939575195 34.5 10.93303833007812
      vertex 59.66984939575195 35 10.93303833007812
      vertex 59.76578140258789 35 11.070718383789057
    endloop
  endfacet
  facet normal 0 1 0
    outer loop
      vertex 59.434120178222656 35 10.707284545898432
      vertex 59.95942687988281 35 11.641793823242182
      vertex 59.559539794921875 35 10.804025268554682
    endloop
  endfacet
  facet normal 0 1 0
    outer loop
      vertex 60.67972946166992 34.5 10.341531372070307
      vertex 59.76578140258789 34.5 11.070718383789057
      vertex 59.83945846557617 34.5 11.221810913085932
    endloop
  endfacet
  facet normal 0 1 0
    outer loop
      vertex 60.8379020690918 34.5 10.573007202148432
      vertex 59.83945846557617 34.5 11.221810913085932
      vertex 59.90053939819336 34.5 11.38048706054687
    endloop
  endfacet
  facet normal 0.8988308127581002 0 -0.43829575635250323
    outer loop
      vertex 59.76578140258789 34.5 11.070718383789057
      vertex 59.83945846557617 35 11.221810913085932
      vertex 59.83945846557617 34.5 11.221810913085932
    endloop
  endfacet
  facet normal 0 1 0
    outer loop
      vertex 59.30107116699219 35 10.625512695312494
      vertex 60.0009880065918 35 11.905282592773432
      vertex 59.434120178222656 35 10.707284545898432
    endloop
  endfacet
  facet normal 0.8988308127581002 0 -0.43829575635250323
    outer loop
      vertex 59.76578140258789 34.5 11.070718383789057
      vertex 59.76578140258789 35 11.070718383789057
      vertex 59.83945846557617 35 11.221810913085932
    endloop
  endfacet
  facet normal 0 1 0
    outer loop
      vertex 59.559539794921875 35 10.804025268554682
      vertex 59.95942687988281 35 11.641793823242182
      vertex 59.66984939575195 35 10.93303833007812
    endloop
  endfacet
  facet normal 0.9332437975913028 0 -0.35924366975266714
    outer loop
      vertex 59.83945846557617 34.5 11.221810913085932
      vertex 59.83945846557617 35 11.221810913085932
      vertex 59.90053939819336 35 11.38048706054687
    endloop
  endfacet
  facet normal 0 1 0
    outer loop
      vertex 59.66984939575195 35 10.93303833007812
      vertex 59.95942687988281 35 11.641793823242182
      vertex 59.76578140258789 35 11.070718383789057
    endloop
  endfacet
  facet normal 0 1 0
    outer loop
      vertex 59.76578140258789 35 11.070718383789057
      vertex 59.95942687988281 35 11.641793823242182
      vertex 59.83945846557617 35 11.221810913085932
    endloop
  endfacet
  facet normal 0.9332437975913028 0 -0.35924366975266714
    outer loop
      vertex 59.83945846557617 34.5 11.221810913085932
      vertex 59.90053939819336 35 11.38048706054687
      vertex 59.90053939819336 34.5 11.38048706054687
    endloop
  endfacet
  facet normal 0 1 0
    outer loop
      vertex 59.434120178222656 35 10.707284545898432
      vertex 60.0009880065918 35 11.905282592773432
      vertex 59.95942687988281 35 11.641793823242182
    endloop
  endfacet
  facet normal 0 1 0
    outer loop
      vertex 59.15578079223633 35 10.56774291992187
      vertex 60.01820755004883 35 12.171823120117182
      vertex 60.0009880065918 35 11.905282592773432
    endloop
  endfacet
  facet normal 0.9755349767718845 0 -0.21984428374346834
    outer loop
      vertex 59.90053939819336 34.5 11.38048706054687
      vertex 59.95942687988281 35 11.641793823242182
      vertex 59.95942687988281 34.5 11.641793823242182
    endloop
  endfacet
  facet normal 0 1 0
    outer loop
      vertex 59.83945846557617 35 11.221810913085932
      vertex 59.95942687988281 35 11.641793823242182
      vertex 59.90053939819336 35 11.38048706054687
    endloop
  endfacet
  facet normal 0.9755349767718845 0 -0.21984428374346834
    outer loop
      vertex 59.90053939819336 34.5 11.38048706054687
      vertex 59.90053939819336 35 11.38048706054687
      vertex 59.95942687988281 35 11.641793823242182
    endloop
  endfacet
  facet normal 0 1 0
    outer loop
      vertex 59.00338363647461 35 10.52391967773437
      vertex 60.0223274230957 35 12.440026855468744
      vertex 60.01820755004883 35 12.171823120117182
    endloop
  endfacet
  facet normal 0.98778741920205 0 -0.15580762005163212
    outer loop
      vertex 59.95942687988281 34.5 11.641793823242182
      vertex 59.95942687988281 35 11.641793823242182
      vertex 60.0009880065918 35 11.905282592773432
    endloop
  endfacet
  facet normal 0 1 0
    outer loop
      vertex 60.8379020690918 34.5 10.573007202148432
      vertex 59.90053939819336 34.5 11.38048706054687
      vertex 60.96335983276367 34.5 10.82390747070312
    endloop
  endfacet
  facet normal -0.9267366044516158 0 0.37571167930940025
    outer loop
      vertex 60.96335983276367 34.5 10.82390747070312
      vertex 61.06968688964844 34.5 11.08617553710937
      vertex 60.96335983276367 35 10.82390747070312
    endloop
  endfacet
  facet normal 0 1 0
    outer loop
      vertex 60.96335983276367 34.5 10.82390747070312
      vertex 59.90053939819336 34.5 11.38048706054687
      vertex 61.06968688964844 34.5 11.08617553710937
    endloop
  endfacet
  facet normal -0.9267366044516158 0 0.37571167930940025
    outer loop
      vertex 60.96335983276367 35 10.82390747070312
      vertex 61.06968688964844 34.5 11.08617553710937
      vertex 61.06968688964844 35 11.08617553710937
    endloop
  endfacet
  facet normal -0.9685200211919244 0 0.24893567151052196
    outer loop
      vertex 61.06968688964844 34.5 11.08617553710937
      vertex 61.1585693359375 34.5 11.431985473632807
      vertex 61.06968688964844 35 11.08617553710937
    endloop
  endfacet
  facet normal -0.9685200211919244 0 0.24893567151052196
    outer loop
      vertex 61.06968688964844 35 11.08617553710937
      vertex 61.1585693359375 34.5 11.431985473632807
      vertex 61.1585693359375 35 11.431985473632807
    endloop
  endfacet
  facet normal 0 1 0
    outer loop
      vertex 59.90053939819336 34.5 11.38048706054687
      vertex 59.95942687988281 34.5 11.641793823242182
      vertex 61.06968688964844 34.5 11.08617553710937
    endloop
  endfacet
  facet normal 0 1 0
    outer loop
      vertex 59.95942687988281 34.5 11.641793823242182
      vertex 61.1585693359375 34.5 11.431985473632807
      vertex 61.06968688964844 34.5 11.08617553710937
    endloop
  endfacet
  facet normal 0 1 0
    outer loop
      vertex 59.95942687988281 34.5 11.641793823242182
      vertex 60.0009880065918 34.5 11.905282592773432
      vertex 61.1585693359375 34.5 11.431985473632807
    endloop
  endfacet
  facet normal 0 1 0
    outer loop
      vertex 61.1585693359375 34.5 11.431985473632807
      vertex 60.0009880065918 34.5 11.905282592773432
      vertex 61.2241096496582 34.5 11.781198120117182
    endloop
  endfacet
  facet normal -0.9828400848019329 0 0.1844596641722233
    outer loop
      vertex 61.1585693359375 34.5 11.431985473632807
      vertex 61.2241096496582 34.5 11.781198120117182
      vertex 61.1585693359375 35 11.431985473632807
    endloop
  endfacet
  facet normal -0.9828400848019329 0 0.1844596641722233
    outer loop
      vertex 61.1585693359375 35 11.431985473632807
      vertex 61.2241096496582 34.5 11.781198120117182
      vertex 61.2241096496582 35 11.781198120117182
    endloop
  endfacet
  facet normal 0 1 0
    outer loop
      vertex 61.06968688964844 35 11.08617553710937
      vertex 61.1585693359375 35 11.431985473632807
      vertex 62.14952850341797 35 12.683602905273432
    endloop
  endfacet
  facet normal 0 1 0
    outer loop
      vertex 60.5013542175293 35 10.122033691406244
      vertex 60.67972946166992 35 10.341531372070307
      vertex 65.0683364868164 35 9.46032104492187
    endloop
  endfacet
  facet normal 0 1 0
    outer loop
      vertex 60.67972946166992 35 10.341531372070307
      vertex 60.8379020690918 35 10.573007202148432
      vertex 65.0683364868164 35 9.46032104492187
    endloop
  endfacet
  facet normal 0 1 0
    outer loop
      vertex 60.8379020690918 35 10.573007202148432
      vertex 60.96335983276367 35 10.82390747070312
      vertex 65.0683364868164 35 9.46032104492187
    endloop
  endfacet
  facet normal 0 1 0
    outer loop
      vertex 60.96335983276367 35 10.82390747070312
      vertex 61.06968688964844 35 11.08617553710937
      vertex 65.0683364868164 35 9.46032104492187
    endloop
  endfacet
  facet normal 0 1 0
    outer loop
      vertex 61.06968688964844 35 11.08617553710937
      vertex 62.14952850341797 35 12.683602905273432
      vertex 65.0683364868164 35 9.46032104492187
    endloop
  endfacet
  facet normal 0 1 0
    outer loop
      vertex 65.0683364868164 35 9.46032104492187
      vertex 62.14952850341797 35 12.683602905273432
      vertex 64.39039611816406 35 12.683602905273432
    endloop
  endfacet
  facet normal 0 0 1
    outer loop
      vertex 65.0683364868164 34.5 9.46032104492187
      vertex 69.14817810058594 34.5 9.46032104492187
      vertex 65.0683364868164 35 9.46032104492187
    endloop
  endfacet
  facet normal 0 1 0
    outer loop
      vertex 65.0683364868164 34.5 9.46032104492187
      vertex 66.26995849609375 34.5 10.46709594726562
      vertex 69.14817810058594 34.5 9.46032104492187
    endloop
  endfacet
  facet normal 0 0 1
    outer loop
      vertex 65.0683364868164 35 9.46032104492187
      vertex 69.14817810058594 34.5 9.46032104492187
      vertex 69.14817810058594 35 9.46032104492187
    endloop
  endfacet
  facet normal -1 0 0
    outer loop
      vertex 69.14817810058594 34.5 9.46032104492187
      vertex 69.14817810058594 34.5 10.46709594726562
      vertex 69.14817810058594 35 9.46032104492187
    endloop
  endfacet
  facet normal 0 1 0
    outer loop
      vertex 65.0683364868164 34.5 9.46032104492187
      vertex 66.26995849609375 34.5 11.875756835937494
      vertex 66.26995849609375 34.5 10.46709594726562
    endloop
  endfacet
  facet normal 0 0 -1
    outer loop
      vertex 66.26995849609375 34.5 10.46709594726562
      vertex 66.26995849609375 35 10.46709594726562
      vertex 69.14817810058594 35 10.46709594726562
    endloop
  endfacet
  facet normal 1 0 0
    outer loop
      vertex 65.0683364868164 34.5 9.46032104492187
      vertex 65.0683364868164 35 9.46032104492187
      vertex 65.0683364868164 35 15.41161499023437
    endloop
  endfacet
  facet normal 0 1 0
    outer loop
      vertex 65.0683364868164 34.5 9.46032104492187
      vertex 66.26995849609375 34.5 12.882516479492182
      vertex 66.26995849609375 34.5 11.875756835937494
    endloop
  endfacet
  facet normal -1 0 0
    outer loop
      vertex 66.26995849609375 34.5 10.46709594726562
      vertex 66.26995849609375 34.5 11.875756835937494
      vertex 66.26995849609375 35 10.46709594726562
    endloop
  endfacet
  facet normal -1 0 0
    outer loop
      vertex 66.26995849609375 35 10.46709594726562
      vertex 66.26995849609375 34.5 11.875756835937494
      vertex 66.26995849609375 35 11.875756835937494
    endloop
  endfacet
  facet normal 0 1 0
    outer loop
      vertex 66.26995849609375 35 10.46709594726562
      vertex 66.26995849609375 35 11.875756835937494
      vertex 68.75440216064453 35 11.875756835937494
    endloop
  endfacet
  facet normal 0 1 0
    outer loop
      vertex 69.14817810058594 34.5 9.46032104492187
      vertex 66.26995849609375 34.5 10.46709594726562
      vertex 69.14817810058594 34.5 10.46709594726562
    endloop
  endfacet
  facet normal 0 0 -1
    outer loop
      vertex 66.26995849609375 34.5 10.46709594726562
      vertex 69.14817810058594 35 10.46709594726562
      vertex 69.14817810058594 34.5 10.46709594726562
    endloop
  endfacet
  facet normal -1 0 0
    outer loop
      vertex 69.14817810058594 35 9.46032104492187
      vertex 69.14817810058594 34.5 10.46709594726562
      vertex 69.14817810058594 35 10.46709594726562
    endloop
  endfacet
  facet normal 0 1 0
    outer loop
      vertex 66.26995849609375 35 10.46709594726562
      vertex 68.75440216064453 35 11.875756835937494
      vertex 69.14817810058594 35 10.46709594726562
    endloop
  endfacet
  facet normal 0 1 0
    outer loop
      vertex 69.14817810058594 35 10.46709594726562
      vertex 68.75440216064453 35 11.875756835937494
      vertex 68.75440216064453 35 12.882516479492182
    endloop
  endfacet
  facet normal 0.98778741920205 0 -0.15580762005163212
    outer loop
      vertex 59.95942687988281 34.5 11.641793823242182
      vertex 60.0009880065918 35 11.905282592773432
      vertex 60.0009880065918 34.5 11.905282592773432
    endloop
  endfacet
  facet normal 0.9979196811171909 0 -0.06446945043168936
    outer loop
      vertex 60.0009880065918 34.5 11.905282592773432
      vertex 60.0009880065918 35 11.905282592773432
      vertex 60.01820755004883 35 12.171823120117182
    endloop
  endfacet
  facet normal 0.9979196811171909 0 -0.06446945043168936
    outer loop
      vertex 60.0009880065918 34.5 11.905282592773432
      vertex 60.01820755004883 35 12.171823120117182
      vertex 60.01820755004883 34.5 12.171823120117182
    endloop
  endfacet
  facet normal 0.9998820409738367 0 -0.015359171136310856
    outer loop
      vertex 60.01820755004883 34.5 12.171823120117182
      vertex 60.01820755004883 35 12.171823120117182
      vertex 60.0223274230957 35 12.440026855468744
    endloop
  endfacet
  facet normal 0 1 0
    outer loop
      vertex 58.75788497924805 35 10.493417358398432
      vertex 58.92044448852539 35 14.380868530273432
      vertex 60.0223274230957 35 12.440026855468744
    endloop
  endfacet
  facet normal 0.9998820409738367 0 -0.015359171136310856
    outer loop
      vertex 60.01820755004883 34.5 12.171823120117182
      vertex 60.0223274230957 35 12.440026855468744
      vertex 60.0223274230957 34.5 12.440026855468744
    endloop
  endfacet
  facet normal 0.9998474592891079 0 0.017465914036084024
    outer loop
      vertex 60.0223274230957 34.5 12.440026855468744
      vertex 60.0223274230957 35 12.440026855468744
      vertex 60.017513275146484 35 12.715615844726557
    endloop
  endfacet
  facet normal 0.9998474592891079 0 0.017465914036084024
    outer loop
      vertex 60.0223274230957 34.5 12.440026855468744
      vertex 60.017513275146484 35 12.715615844726557
      vertex 60.017513275146484 34.5 12.715615844726557
    endloop
  endfacet
  facet normal 0 1 0
    outer loop
      vertex 61.2241096496582 34.5 11.781198120117182
      vertex 60.0009880065918 34.5 11.905282592773432
      vertex 60.01820755004883 34.5 12.171823120117182
    endloop
  endfacet
  facet normal 0 1 0
    outer loop
      vertex 61.2241096496582 34.5 11.781198120117182
      vertex 60.01820755004883 34.5 12.171823120117182
      vertex 61.25423049926758 34.5 12.13555297851562
    endloop
  endfacet
  facet normal 0 1 0
    outer loop
      vertex 60.01820755004883 34.5 12.171823120117182
      vertex 60.0223274230957 34.5 12.440026855468744
      vertex 61.25423049926758 34.5 12.13555297851562
    endloop
  endfacet
  facet normal -0.9964067951752404 0 0.08469650836136264
    outer loop
      vertex 61.2241096496582 34.5 11.781198120117182
      vertex 61.25423049926758 34.5 12.13555297851562
      vertex 61.2241096496582 35 11.781198120117182
    endloop
  endfacet
  facet normal -0.9964067951752404 0 0.08469650836136264
    outer loop
      vertex 61.2241096496582 35 11.781198120117182
      vertex 61.25423049926758 34.5 12.13555297851562
      vertex 61.25423049926758 35 12.13555297851562
    endloop
  endfacet
  facet normal 0 1 0
    outer loop
      vertex 61.1585693359375 35 11.431985473632807
      vertex 61.2241096496582 35 11.781198120117182
      vertex 62.14952850341797 35 12.683602905273432
    endloop
  endfacet
  facet normal -0.9995834397404438 0 0.02886082113631487
    outer loop
      vertex 61.25423049926758 34.5 12.13555297851562
      vertex 61.26454544067383 34.5 12.492807006835932
      vertex 61.25423049926758 35 12.13555297851562
    endloop
  endfacet
  facet normal 0 1 0
    outer loop
      vertex 61.2241096496582 35 11.781198120117182
      vertex 61.25423049926758 35 12.13555297851562
      vertex 62.14952850341797 35 12.683602905273432
    endloop
  endfacet
  facet normal 0 1 0
    outer loop
      vertex 60.0223274230957 34.5 12.440026855468744
      vertex 60.017513275146484 34.5 12.715615844726557
      vertex 61.26454544067383 34.5 12.492807006835932
    endloop
  endfacet
  facet normal 0 1 0
    outer loop
      vertex 60.0223274230957 34.5 12.440026855468744
      vertex 61.26454544067383 34.5 12.492807006835932
      vertex 61.25423049926758 34.5 12.13555297851562
    endloop
  endfacet
  facet normal 0 1 0
    outer loop
      vertex 60.017513275146484 34.5 12.715615844726557
      vertex 61.254024505615234 34.5 12.814721679687494
      vertex 61.26454544067383 34.5 12.492807006835932
    endloop
  endfacet
  facet normal -0.9995834397404438 0 0.02886082113631487
    outer loop
      vertex 61.25423049926758 35 12.13555297851562
      vertex 61.26454544067383 34.5 12.492807006835932
      vertex 61.26454544067383 35 12.492807006835932
    endloop
  endfacet
  facet normal 0 1 0
    outer loop
      vertex 61.25423049926758 35 12.13555297851562
      vertex 61.26454544067383 35 12.492807006835932
      vertex 62.14952850341797 35 12.683602905273432
    endloop
  endfacet
  facet normal -0.9994663587470716 0 -0.03266493123932814
    outer loop
      vertex 61.26454544067383 34.5 12.492807006835932
      vertex 61.254024505615234 34.5 12.814721679687494
      vertex 61.26454544067383 35 12.492807006835932
    endloop
  endfacet
  facet normal -0.9994663587470716 0 -0.03266493123932814
    outer loop
      vertex 61.26454544067383 35 12.492807006835932
      vertex 61.254024505615234 34.5 12.814721679687494
      vertex 61.254024505615234 35 12.814721679687494
    endloop
  endfacet
  facet normal 0 1 0
    outer loop
      vertex 61.26454544067383 35 12.492807006835932
      vertex 61.254024505615234 35 12.814721679687494
      vertex 62.14952850341797 35 12.683602905273432
    endloop
  endfacet
  facet normal 0 1 0
    outer loop
      vertex 58.75788497924805 35 10.493417358398432
      vertex 58.7392578125 35 14.40044555664062
      vertex 58.92044448852539 35 14.380868530273432
    endloop
  endfacet
  facet normal 0.9979204692673331 0 0.06445724953227387
    outer loop
      vertex 60.017513275146484 34.5 12.715615844726557
      vertex 59.999813079833984 35 12.989648437499994
      vertex 59.999813079833984 34.5 12.989648437499994
    endloop
  endfacet
  facet normal 0.9979204692673331 0 0.06445724953227387
    outer loop
      vertex 60.017513275146484 34.5 12.715615844726557
      vertex 60.017513275146484 35 12.715615844726557
      vertex 59.999813079833984 35 12.989648437499994
    endloop
  endfacet
  facet normal 0 1 0
    outer loop
      vertex 60.0223274230957 35 12.440026855468744
      vertex 58.92044448852539 35 14.380868530273432
      vertex 60.017513275146484 35 12.715615844726557
    endloop
  endfacet
  facet normal 0.9885478682302975 0 0.1509076280952508
    outer loop
      vertex 59.999813079833984 34.5 12.989648437499994
      vertex 59.95841598510742 35 13.260827636718744
      vertex 59.95841598510742 34.5 13.260827636718744
    endloop
  endfacet
  facet normal 0.9885478682302975 0 0.1509076280952508
    outer loop
      vertex 59.999813079833984 34.5 12.989648437499994
      vertex 59.999813079833984 35 12.989648437499994
      vertex 59.95841598510742 35 13.260827636718744
    endloop
  endfacet
  facet normal 0 1 0
    outer loop
      vertex 60.017513275146484 35 12.715615844726557
      vertex 59.10081100463867 35 14.352075195312494
      vertex 59.999813079833984 35 12.989648437499994
    endloop
  endfacet
  facet normal 0 1 0
    outer loop
      vertex 59.999813079833984 35 12.989648437499994
      vertex 59.232688903808594 35 14.310678100585932
      vertex 59.95841598510742 35 13.260827636718744
    endloop
  endfacet
  facet normal 0.9776570070896762 0 0.2102065091486391
    outer loop
      vertex 59.95841598510742 34.5 13.260827636718744
      vertex 59.90053939819336 35 13.530007934570307
      vertex 59.90053939819336 34.5 13.530007934570307
    endloop
  endfacet
  facet normal 0.9776570070896762 0 0.2102065091486391
    outer loop
      vertex 59.95841598510742 34.5 13.260827636718744
      vertex 59.95841598510742 35 13.260827636718744
      vertex 59.90053939819336 35 13.530007934570307
    endloop
  endfacet
  facet normal 0.9467342406793876 0 0.3220159584946423
    outer loop
      vertex 59.90053939819336 34.5 13.530007934570307
      vertex 59.846858978271484 35 13.687829589843744
      vertex 59.846858978271484 34.5 13.687829589843744
    endloop
  endfacet
  facet normal 0.9467342406793876 0 0.3220159584946423
    outer loop
      vertex 59.90053939819336 34.5 13.530007934570307
      vertex 59.90053939819336 35 13.530007934570307
      vertex 59.846858978271484 35 13.687829589843744
    endloop
  endfacet
  facet normal 0 1 0
    outer loop
      vertex 59.95841598510742 35 13.260827636718744
      vertex 59.69127655029297 35 13.976022338867182
      vertex 59.90053939819336 35 13.530007934570307
    endloop
  endfacet
  facet normal 0.9154110400006992 0 0.40252034463470077
    outer loop
      vertex 59.846858978271484 34.5 13.687829589843744
      vertex 59.846858978271484 35 13.687829589843744
      vertex 59.780609130859375 35 13.83849487304687
    endloop
  endfacet
  facet normal 0 1 0
    outer loop
      vertex 59.90053939819336 35 13.530007934570307
      vertex 59.69127655029297 35 13.976022338867182
      vertex 59.846858978271484 35 13.687829589843744
    endloop
  endfacet
  facet normal 0 1 0
    outer loop
      vertex 59.95841598510742 35 13.260827636718744
      vertex 59.5859260559082 35 14.104440307617182
      vertex 59.69127655029297 35 13.976022338867182
    endloop
  endfacet
  facet normal 0 1 0
    outer loop
      vertex 60.017513275146484 34.5 12.715615844726557
      vertex 59.999813079833984 34.5 12.989648437499994
      vertex 61.22520065307617 34.5 13.133889770507807
    endloop
  endfacet
  facet normal 0 1 0
    outer loop
      vertex 60.017513275146484 34.5 12.715615844726557
      vertex 61.22520065307617 34.5 13.133889770507807
      vertex 61.254024505615234 34.5 12.814721679687494
    endloop
  endfacet
  facet normal 0 1 0
    outer loop
      vertex 59.999813079833984 34.5 12.989648437499994
      vertex 59.95841598510742 34.5 13.260827636718744
      vertex 61.164005279541016 34.5 13.448205566406244
    endloop
  endfacet
  facet normal 0 1 0
    outer loop
      vertex 59.999813079833984 34.5 12.989648437499994
      vertex 61.164005279541016 34.5 13.448205566406244
      vertex 61.22520065307617 34.5 13.133889770507807
    endloop
  endfacet
  facet normal -0.9959468889692439 0 -0.08994328408772298
    outer loop
      vertex 61.254024505615234 34.5 12.814721679687494
      vertex 61.22520065307617 34.5 13.133889770507807
      vertex 61.254024505615234 35 12.814721679687494
    endloop
  endfacet
  facet normal -0.9959468889692439 0 -0.08994328408772298
    outer loop
      vertex 61.254024505615234 35 12.814721679687494
      vertex 61.22520065307617 34.5 13.133889770507807
      vertex 61.22520065307617 35 13.133889770507807
    endloop
  endfacet
  facet normal 0 1 0
    outer loop
      vertex 61.254024505615234 35 12.814721679687494
      vertex 61.22520065307617 35 13.133889770507807
      vertex 62.14952850341797 35 12.683602905273432
    endloop
  endfacet
  facet normal -0.9815694814174452 0 -0.19110560732194107
    outer loop
      vertex 61.22520065307617 34.5 13.133889770507807
      vertex 61.164005279541016 34.5 13.448205566406244
      vertex 61.22520065307617 35 13.133889770507807
    endloop
  endfacet
  facet normal 0 1 0
    outer loop
      vertex 59.95841598510742 34.5 13.260827636718744
      vertex 59.90053939819336 34.5 13.530007934570307
      vertex 61.08186721801758 34.5 13.759378051757807
    endloop
  endfacet
  facet normal 0 1 0
    outer loop
      vertex 59.95841598510742 34.5 13.260827636718744
      vertex 61.08186721801758 34.5 13.759378051757807
      vertex 61.164005279541016 34.5 13.448205566406244
    endloop
  endfacet
  facet normal 0 1 0
    outer loop
      vertex 59.90053939819336 34.5 13.530007934570307
      vertex 60.96479034423828 34.5 14.048165893554682
      vertex 61.08186721801758 34.5 13.759378051757807
    endloop
  endfacet
  facet normal -0.9815694814174452 0 -0.19110560732194107
    outer loop
      vertex 61.22520065307617 35 13.133889770507807
      vertex 61.164005279541016 34.5 13.448205566406244
      vertex 61.164005279541016 35 13.448205566406244
    endloop
  endfacet
  facet normal 0 1 0
    outer loop
      vertex 61.22520065307617 35 13.133889770507807
      vertex 61.164005279541016 35 13.448205566406244
      vertex 62.14952850341797 35 13.82433471679687
    endloop
  endfacet
  facet normal -0.9668826479519644 0 -0.25522136487644903
    outer loop
      vertex 61.164005279541016 34.5 13.448205566406244
      vertex 61.08186721801758 34.5 13.759378051757807
      vertex 61.164005279541016 35 13.448205566406244
    endloop
  endfacet
  facet normal -0.9668826479519644 0 -0.25522136487644903
    outer loop
      vertex 61.164005279541016 35 13.448205566406244
      vertex 61.08186721801758 34.5 13.759378051757807
      vertex 61.08186721801758 35 13.759378051757807
    endloop
  endfacet
  facet normal 0 1 0
    outer loop
      vertex 61.164005279541016 35 13.448205566406244
      vertex 61.08186721801758 35 13.759378051757807
      vertex 62.14952850341797 35 13.82433471679687
    endloop
  endfacet
  facet normal 0 0 1
    outer loop
      vertex 62.14952850341797 34.5 12.683602905273432
      vertex 64.39039611816406 34.5 12.683602905273432
      vertex 62.14952850341797 35 12.683602905273432
    endloop
  endfacet
  facet normal 0 0 1
    outer loop
      vertex 62.14952850341797 35 12.683602905273432
      vertex 64.39039611816406 34.5 12.683602905273432
      vertex 64.39039611816406 35 12.683602905273432
    endloop
  endfacet
  facet normal 0 1 0
    outer loop
      vertex 61.22520065307617 35 13.133889770507807
      vertex 62.14952850341797 35 13.82433471679687
      vertex 62.14952850341797 35 12.683602905273432
    endloop
  endfacet
  facet normal 1 0 0
    outer loop
      vertex 62.14952850341797 34.5 12.683602905273432
      vertex 62.14952850341797 35 12.683602905273432
      vertex 62.14952850341797 35 13.82433471679687
    endloop
  endfacet
  facet normal 0 1 0
    outer loop
      vertex 62.14952850341797 34.5 12.683602905273432
      vertex 62.14952850341797 34.5 13.82433471679687
      vertex 64.39039611816406 34.5 12.683602905273432
    endloop
  endfacet
  facet normal 1 0 0
    outer loop
      vertex 62.14952850341797 34.5 12.683602905273432
      vertex 62.14952850341797 35 13.82433471679687
      vertex 62.14952850341797 34.5 13.82433471679687
    endloop
  endfacet
  facet normal -1 0 0
    outer loop
      vertex 64.39039611816406 34.5 12.683602905273432
      vertex 64.39039611816406 34.5 13.82433471679687
      vertex 64.39039611816406 35 12.683602905273432
    endloop
  endfacet
  facet normal 0 1 0
    outer loop
      vertex 64.39039611816406 34.5 12.683602905273432
      vertex 62.14952850341797 34.5 13.82433471679687
      vertex 64.39039611816406 34.5 13.82433471679687
    endloop
  endfacet
  facet normal -1 0 0
    outer loop
      vertex 64.39039611816406 35 12.683602905273432
      vertex 64.39039611816406 34.5 13.82433471679687
      vertex 64.39039611816406 35 13.82433471679687
    endloop
  endfacet
  facet normal 0 1 0
    outer loop
      vertex 60.017513275146484 35 12.715615844726557
      vertex 58.92044448852539 35 14.380868530273432
      vertex 59.10081100463867 35 14.352075195312494
    endloop
  endfacet
  facet normal 0 1 0
    outer loop
      vertex 59.999813079833984 35 12.989648437499994
      vertex 59.10081100463867 35 14.352075195312494
      vertex 59.232688903808594 35 14.310678100585932
    endloop
  endfacet
  facet normal 0 1 0
    outer loop
      vertex 59.95841598510742 35 13.260827636718744
      vertex 59.232688903808594 35 14.310678100585932
      vertex 59.35894012451172 35 14.258401489257807
    endloop
  endfacet
  facet normal 0.6000663036080749 0 0.7999502680005437
    outer loop
      vertex 59.47547149658203 34.5 14.187295532226557
      vertex 59.5859260559082 34.5 14.104440307617182
      vertex 59.47547149658203 35 14.187295532226557
    endloop
  endfacet
  facet normal 0.5208756898024884 0 0.8536325414209452
    outer loop
      vertex 59.47547149658203 34.5 14.187295532226557
      vertex 59.35894012451172 35 14.258401489257807
      vertex 59.35894012451172 34.5 14.258401489257807
    endloop
  endfacet
  facet normal 0.5208756898024884 0 0.8536325414209452
    outer loop
      vertex 59.47547149658203 34.5 14.187295532226557
      vertex 59.47547149658203 35 14.187295532226557
      vertex 59.35894012451172 35 14.258401489257807
    endloop
  endfacet
  facet normal 0.9154110400006992 0 0.40252034463470077
    outer loop
      vertex 59.846858978271484 34.5 13.687829589843744
      vertex 59.780609130859375 35 13.83849487304687
      vertex 59.780609130859375 34.5 13.83849487304687
    endloop
  endfacet
  facet normal 0.8386115147443803 0 0.5447299581794047
    outer loop
      vertex 59.780609130859375 34.5 13.83849487304687
      vertex 59.69127655029297 35 13.976022338867182
      vertex 59.69127655029297 34.5 13.976022338867182
    endloop
  endfacet
  facet normal 0 1 0
    outer loop
      vertex 59.95841598510742 35 13.260827636718744
      vertex 59.35894012451172 35 14.258401489257807
      vertex 59.47547149658203 35 14.187295532226557
    endloop
  endfacet
  facet normal 0 1 0
    outer loop
      vertex 59.95841598510742 35 13.260827636718744
      vertex 59.47547149658203 35 14.187295532226557
      vertex 59.5859260559082 35 14.104440307617182
    endloop
  endfacet
  facet normal 0.8386115147443803 0 0.5447299581794047
    outer loop
      vertex 59.780609130859375 34.5 13.83849487304687
      vertex 59.780609130859375 35 13.83849487304687
      vertex 59.69127655029297 35 13.976022338867182
    endloop
  endfacet
  facet normal 0 1 0
    outer loop
      vertex 59.846858978271484 35 13.687829589843744
      vertex 59.69127655029297 35 13.976022338867182
      vertex 59.780609130859375 35 13.83849487304687
    endloop
  endfacet
  facet normal 0.7731267895909857 0 0.6342515015486647
    outer loop
      vertex 59.69127655029297 34.5 13.976022338867182
      vertex 59.69127655029297 35 13.976022338867182
      vertex 59.5859260559082 35 14.104440307617182
    endloop
  endfacet
  facet normal 0 1 0
    outer loop
      vertex 59.90053939819336 34.5 13.530007934570307
      vertex 59.846858978271484 34.5 13.687829589843744
      vertex 60.825382232666016 34.5 14.323251342773432
    endloop
  endfacet
  facet normal 0.7731267895909857 0 0.6342515015486647
    outer loop
      vertex 59.69127655029297 34.5 13.976022338867182
      vertex 59.5859260559082 35 14.104440307617182
      vertex 59.5859260559082 34.5 14.104440307617182
    endloop
  endfacet
  facet normal 0.6000663036080749 0 0.7999502680005437
    outer loop
      vertex 59.47547149658203 35 14.187295532226557
      vertex 59.5859260559082 34.5 14.104440307617182
      vertex 59.5859260559082 35 14.104440307617182
    endloop
  endfacet
  facet normal 0 1 0
    outer loop
      vertex 59.846858978271484 34.5 13.687829589843744
      vertex 59.780609130859375 34.5 13.83849487304687
      vertex 60.64717483520508 34.5 14.57451782226562
    endloop
  endfacet
  facet normal 0 1 0
    outer loop
      vertex 59.780609130859375 34.5 13.83849487304687
      vertex 59.69127655029297 34.5 13.976022338867182
      vertex 60.44451904296875 34.5 14.810800170898432
    endloop
  endfacet
  facet normal 0.10742368623840809 0 0.9942133330603408
    outer loop
      vertex 58.7392578125 34.5 14.40044555664062
      vertex 58.92044448852539 34.5 14.380868530273432
      vertex 58.7392578125 35 14.40044555664062
    endloop
  endfacet
  facet normal 0.2994957487866009 0 0.9540976346573516
    outer loop
      vertex 59.10081100463867 34.5 14.352075195312494
      vertex 59.232688903808594 34.5 14.310678100585932
      vertex 59.10081100463867 35 14.352075195312494
    endloop
  endfacet
  facet normal 0.15764186073517275 0 0.9874963512560198
    outer loop
      vertex 58.92044448852539 34.5 14.380868530273432
      vertex 59.10081100463867 34.5 14.352075195312494
      vertex 58.92044448852539 35 14.380868530273432
    endloop
  endfacet
  facet normal 0.10742368623840809 0 0.9942133330603408
    outer loop
      vertex 58.7392578125 35 14.40044555664062
      vertex 58.92044448852539 34.5 14.380868530273432
      vertex 58.92044448852539 35 14.380868530273432
    endloop
  endfacet
  facet normal 0.15764186073517275 0 0.9874963512560198
    outer loop
      vertex 59.10081100463867 34.5 14.352075195312494
      vertex 59.10081100463867 35 14.352075195312494
      vertex 58.92044448852539 35 14.380868530273432
    endloop
  endfacet
  facet normal 0.3825687662559751 0 0.9239270204325563
    outer loop
      vertex 59.35894012451172 34.5 14.258401489257807
      vertex 59.232688903808594 35 14.310678100585932
      vertex 59.232688903808594 34.5 14.310678100585932
    endloop
  endfacet
  facet normal 0.3825687662559751 0 0.9239270204325563
    outer loop
      vertex 59.35894012451172 34.5 14.258401489257807
      vertex 59.35894012451172 35 14.258401489257807
      vertex 59.232688903808594 35 14.310678100585932
    endloop
  endfacet
  facet normal 0.2994957487866009 0 0.9540976346573516
    outer loop
      vertex 59.10081100463867 35 14.352075195312494
      vertex 59.232688903808594 34.5 14.310678100585932
      vertex 59.232688903808594 35 14.310678100585932
    endloop
  endfacet
  facet normal 0 1 0
    outer loop
      vertex 58.7392578125 34.5 14.40044555664062
      vertex 58.80575942993164 34.5 15.40630493164062
      vertex 58.92044448852539 34.5 14.380868530273432
    endloop
  endfacet
  facet normal 0 1 0
    outer loop
      vertex 58.92044448852539 34.5 14.380868530273432
      vertex 59.07330322265625 34.5 15.387780761718744
      vertex 59.10081100463867 34.5 14.352075195312494
    endloop
  endfacet
  facet normal 0 1 0
    outer loop
      vertex 59.35894012451172 34.5 14.258401489257807
      vertex 59.232688903808594 34.5 14.310678100585932
      vertex 59.600135803222656 34.5 15.28576049804687
    endloop
  endfacet
  facet normal 0 1 0
    outer loop
      vertex 59.10081100463867 34.5 14.352075195312494
      vertex 59.33777618408203 34.5 15.34508666992187
      vertex 59.232688903808594 34.5 14.310678100585932
    endloop
  endfacet
  facet normal 0 1 0
    outer loop
      vertex 59.69127655029297 34.5 13.976022338867182
      vertex 59.5859260559082 34.5 14.104440307617182
      vertex 60.25297546386719 34.5 14.963693237304682
    endloop
  endfacet
  facet normal 0 1 0
    outer loop
      vertex 59.47547149658203 34.5 14.187295532226557
      vertex 60.050235748291016 34.5 15.09703979492187
      vertex 59.5859260559082 34.5 14.104440307617182
    endloop
  endfacet
  facet normal 0 1 0
    outer loop
      vertex 59.47547149658203 34.5 14.187295532226557
      vertex 59.35894012451172 34.5 14.258401489257807
      vertex 59.83011245727539 34.5 15.20000610351562
    endloop
  endfacet
  facet normal 0 1 0
    outer loop
      vertex 59.69127655029297 34.5 13.976022338867182
      vertex 60.25297546386719 34.5 14.963693237304682
      vertex 60.44451904296875 34.5 14.810800170898432
    endloop
  endfacet
  facet normal 0 1 0
    outer loop
      vertex 59.5859260559082 34.5 14.104440307617182
      vertex 60.050235748291016 34.5 15.09703979492187
      vertex 60.25297546386719 34.5 14.963693237304682
    endloop
  endfacet
  facet normal 0 1 0
    outer loop
      vertex 59.90053939819336 34.5 13.530007934570307
      vertex 60.825382232666016 34.5 14.323251342773432
      vertex 60.96479034423828 34.5 14.048165893554682
    endloop
  endfacet
  facet normal 0 1 0
    outer loop
      vertex 59.846858978271484 34.5 13.687829589843744
      vertex 60.64717483520508 34.5 14.57451782226562
      vertex 60.825382232666016 34.5 14.323251342773432
    endloop
  endfacet
  facet normal -0.891994612749349 0 -0.4520460273314422
    outer loop
      vertex 60.96479034423828 34.5 14.048165893554682
      vertex 60.825382232666016 34.5 14.323251342773432
      vertex 60.96479034423828 35 14.048165893554682
    endloop
  endfacet
  facet normal -0.891994612749349 0 -0.4520460273314422
    outer loop
      vertex 60.96479034423828 35 14.048165893554682
      vertex 60.825382232666016 34.5 14.323251342773432
      vertex 60.825382232666016 35 14.323251342773432
    endloop
  endfacet
  facet normal -0.9267384618420228 0 -0.3757070978071637
    outer loop
      vertex 61.08186721801758 34.5 13.759378051757807
      vertex 60.96479034423828 34.5 14.048165893554682
      vertex 61.08186721801758 35 13.759378051757807
    endloop
  endfacet
  facet normal -0.9267384618420228 0 -0.3757070978071637
    outer loop
      vertex 61.08186721801758 35 13.759378051757807
      vertex 60.96479034423828 34.5 14.048165893554682
      vertex 60.96479034423828 35 14.048165893554682
    endloop
  endfacet
  facet normal 0 1 0
    outer loop
      vertex 61.08186721801758 35 13.759378051757807
      vertex 60.96479034423828 35 14.048165893554682
      vertex 62.14952850341797 35 13.82433471679687
    endloop
  endfacet
  facet normal 0 1 0
    outer loop
      vertex 60.96479034423828 35 14.048165893554682
      vertex 60.825382232666016 35 14.323251342773432
      vertex 62.14952850341797 35 13.82433471679687
    endloop
  endfacet
  facet normal 0 1 0
    outer loop
      vertex 60.825382232666016 35 14.323251342773432
      vertex 60.64717483520508 35 14.57451782226562
      vertex 62.14952850341797 35 13.82433471679687
    endloop
  endfacet
  facet normal 0 1 0
    outer loop
      vertex 59.780609130859375 34.5 13.83849487304687
      vertex 60.44451904296875 34.5 14.810800170898432
      vertex 60.64717483520508 34.5 14.57451782226562
    endloop
  endfacet
  facet normal -0.8156767937151892 0 -0.5785078808404502
    outer loop
      vertex 60.825382232666016 34.5 14.323251342773432
      vertex 60.64717483520508 34.5 14.57451782226562
      vertex 60.825382232666016 35 14.323251342773432
    endloop
  endfacet
  facet normal -0.8156767937151892 0 -0.5785078808404502
    outer loop
      vertex 60.825382232666016 35 14.323251342773432
      vertex 60.64717483520508 34.5 14.57451782226562
      vertex 60.64717483520508 35 14.57451782226562
    endloop
  endfacet
  facet normal -0.7590532822371299 0 -0.6510285053091301
    outer loop
      vertex 60.64717483520508 34.5 14.57451782226562
      vertex 60.44451904296875 34.5 14.810800170898432
      vertex 60.64717483520508 35 14.57451782226562
    endloop
  endfacet
  facet normal -0.7590532822371299 0 -0.6510285053091301
    outer loop
      vertex 60.64717483520508 35 14.57451782226562
      vertex 60.44451904296875 34.5 14.810800170898432
      vertex 60.44451904296875 35 14.810800170898432
    endloop
  endfacet
  facet normal 0 1 0
    outer loop
      vertex 60.64717483520508 35 14.57451782226562
      vertex 60.44451904296875 35 14.810800170898432
      vertex 62.14952850341797 35 13.82433471679687
    endloop
  endfacet
  facet normal 0 1 0
    outer loop
      vertex 59.232688903808594 34.5 14.310678100585932
      vertex 59.33777618408203 34.5 15.34508666992187
      vertex 59.600135803222656 34.5 15.28576049804687
    endloop
  endfacet
  facet normal 0 1 0
    outer loop
      vertex 58.92044448852539 34.5 14.380868530273432
      vertex 58.80575942993164 34.5 15.40630493164062
      vertex 59.07330322265625 34.5 15.387780761718744
    endloop
  endfacet
  facet normal 0 1 0
    outer loop
      vertex 59.10081100463867 34.5 14.352075195312494
      vertex 59.07330322265625 34.5 15.387780761718744
      vertex 59.33777618408203 34.5 15.34508666992187
    endloop
  endfacet
  facet normal 0 1 0
    outer loop
      vertex 59.47547149658203 34.5 14.187295532226557
      vertex 59.83011245727539 34.5 15.20000610351562
      vertex 60.050235748291016 34.5 15.09703979492187
    endloop
  endfacet
  facet normal 0 1 0
    outer loop
      vertex 59.35894012451172 34.5 14.258401489257807
      vertex 59.600135803222656 34.5 15.28576049804687
      vertex 59.83011245727539 34.5 15.20000610351562
    endloop
  endfacet
  facet normal -0.5495163105089538 0 -0.835482988746406
    outer loop
      vertex 60.25297546386719 34.5 14.963693237304682
      vertex 60.050235748291016 34.5 15.09703979492187
      vertex 60.25297546386719 35 14.963693237304682
    endloop
  endfacet
  facet normal -0.3493838368492647 0 -0.9369796873724032
    outer loop
      vertex 59.83011245727539 34.5 15.20000610351562
      vertex 59.600135803222656 34.5 15.28576049804687
      vertex 59.83011245727539 35 15.20000610351562
    endloop
  endfacet
  facet normal -0.3493838368492647 0 -0.9369796873724032
    outer loop
      vertex 59.83011245727539 35 15.20000610351562
      vertex 59.600135803222656 34.5 15.28576049804687
      vertex 59.600135803222656 35 15.28576049804687
    endloop
  endfacet
  facet normal -0.4237033894653676 0 -0.9058009923573493
    outer loop
      vertex 59.83011245727539 34.5 15.20000610351562
      vertex 60.050235748291016 35 15.09703979492187
      vertex 60.050235748291016 34.5 15.09703979492187
    endloop
  endfacet
  facet normal -0.5495163105089538 0 -0.835482988746406
    outer loop
      vertex 60.25297546386719 35 14.963693237304682
      vertex 60.050235748291016 34.5 15.09703979492187
      vertex 60.050235748291016 35 15.09703979492187
    endloop
  endfacet
  facet normal -0.4237033894653676 0 -0.9058009923573493
    outer loop
      vertex 59.83011245727539 34.5 15.20000610351562
      vertex 59.83011245727539 35 15.20000610351562
      vertex 60.050235748291016 35 15.09703979492187
    endloop
  endfacet
  facet normal -0.06907253334237659 0 -0.9976116404381348
    outer loop
      vertex 58.80575942993164 34.5 15.40630493164062
      vertex 59.07330322265625 35 15.387780761718744
      vertex 59.07330322265625 34.5 15.387780761718744
    endloop
  endfacet
  facet normal -0.15936763965667056 0 -0.9872193046280352
    outer loop
      vertex 59.07330322265625 34.5 15.387780761718744
      vertex 59.07330322265625 35 15.387780761718744
      vertex 59.33777618408203 35 15.34508666992187
    endloop
  endfacet
  facet normal -0.06907253334237659 0 -0.9976116404381348
    outer loop
      vertex 58.80575942993164 34.5 15.40630493164062
      vertex 58.80575942993164 35 15.40630493164062
      vertex 59.07330322265625 35 15.387780761718744
    endloop
  endfacet
  facet normal -0.15936763965667056 0 -0.9872193046280352
    outer loop
      vertex 59.07330322265625 34.5 15.387780761718744
      vertex 59.33777618408203 35 15.34508666992187
      vertex 59.33777618408203 34.5 15.34508666992187
    endloop
  endfacet
  facet normal -0.2205568557295465 0 -0.9753741197052013
    outer loop
      vertex 59.33777618408203 34.5 15.34508666992187
      vertex 59.600135803222656 35 15.28576049804687
      vertex 59.600135803222656 34.5 15.28576049804687
    endloop
  endfacet
  facet normal -0.2205568557295465 0 -0.9753741197052013
    outer loop
      vertex 59.33777618408203 34.5 15.34508666992187
      vertex 59.33777618408203 35 15.34508666992187
      vertex 59.600135803222656 35 15.28576049804687
    endloop
  endfacet
  facet normal -0.6238442978653121 0 -0.7815486498107049
    outer loop
      vertex 60.25297546386719 34.5 14.963693237304682
      vertex 60.44451904296875 35 14.810800170898432
      vertex 60.44451904296875 34.5 14.810800170898432
    endloop
  endfacet
  facet normal -0.6238442978653121 0 -0.7815486498107049
    outer loop
      vertex 60.25297546386719 34.5 14.963693237304682
      vertex 60.25297546386719 35 14.963693237304682
      vertex 60.44451904296875 35 14.810800170898432
    endloop
  endfacet
  facet normal 0 1 0
    outer loop
      vertex 59.83011245727539 35 15.20000610351562
      vertex 65.0683364868164 35 15.41161499023437
      vertex 60.050235748291016 35 15.09703979492187
    endloop
  endfacet
  facet normal 0 1 0
    outer loop
      vertex 59.33777618408203 35 15.34508666992187
      vertex 65.0683364868164 35 15.41161499023437
      vertex 59.600135803222656 35 15.28576049804687
    endloop
  endfacet
  facet normal 0 1 0
    outer loop
      vertex 59.83011245727539 35 15.20000610351562
      vertex 59.600135803222656 35 15.28576049804687
      vertex 65.0683364868164 35 15.41161499023437
    endloop
  endfacet
  facet normal 0 0 -1
    outer loop
      vertex 62.14952850341797 34.5 13.82433471679687
      vertex 62.14952850341797 35 13.82433471679687
      vertex 64.39039611816406 35 13.82433471679687
    endloop
  endfacet
  facet normal 0 1 0
    outer loop
      vertex 60.44451904296875 35 14.810800170898432
      vertex 65.0683364868164 35 15.41161499023437
      vertex 62.14952850341797 35 13.82433471679687
    endloop
  endfacet
  facet normal 0 0 -1
    outer loop
      vertex 62.14952850341797 34.5 13.82433471679687
      vertex 64.39039611816406 35 13.82433471679687
      vertex 64.39039611816406 34.5 13.82433471679687
    endloop
  endfacet
  facet normal 0 1 0
    outer loop
      vertex 64.39039611816406 35 12.683602905273432
      vertex 64.39039611816406 35 13.82433471679687
      vertex 65.0683364868164 35 15.41161499023437
    endloop
  endfacet
  facet normal 0 1 0
    outer loop
      vertex 62.14952850341797 35 13.82433471679687
      vertex 65.0683364868164 35 15.41161499023437
      vertex 64.39039611816406 35 13.82433471679687
    endloop
  endfacet
  facet normal 0 1 0
    outer loop
      vertex 60.25297546386719 35 14.963693237304682
      vertex 65.0683364868164 35 15.41161499023437
      vertex 60.44451904296875 35 14.810800170898432
    endloop
  endfacet
  facet normal 0 1 0
    outer loop
      vertex 60.25297546386719 35 14.963693237304682
      vertex 60.050235748291016 35 15.09703979492187
      vertex 65.0683364868164 35 15.41161499023437
    endloop
  endfacet
  facet normal 0 1 0
    outer loop
      vertex 65.0683364868164 34.5 9.46032104492187
      vertex 65.2 34.5 14.42
      vertex 66.26995849609375 34.5 12.882516479492182
    endloop
  endfacet
  facet normal 0 1 0
    outer loop
      vertex 65.0683364868164 35 9.46032104492187
      vertex 64.39039611816406 35 12.683602905273432
      vertex 65.0683364868164 35 15.41161499023437
    endloop
  endfacet
  facet normal 0 0 1
    outer loop
      vertex 66.26995849609375 34.5 11.875756835937494
      vertex 68.75440216064453 34.5 11.875756835937494
      vertex 66.26995849609375 35 11.875756835937494
    endloop
  endfacet
  facet normal 0 1 0
    outer loop
      vertex 66.26995849609375 34.5 11.875756835937494
      vertex 66.26995849609375 34.5 12.882516479492182
      vertex 68.75440216064453 34.5 11.875756835937494
    endloop
  endfacet
  facet normal 0 1 0
    outer loop
      vertex 65.0683364868164 34.5 9.46032104492187
      vertex 65.0683364868164 34.5 15.41161499023437
      vertex 65.2 34.5 14.42
    endloop
  endfacet
  facet normal 1 0 0
    outer loop
      vertex 65.0683364868164 34.5 9.46032104492187
      vertex 65.0683364868164 35 15.41161499023437
      vertex 65.0683364868164 34.5 15.41161499023437
    endloop
  endfacet
  facet normal 0 0 -1
    outer loop
      vertex 66.26995849609375 34.5 12.882516479492182
      vertex 66.26995849609375 35 12.882516479492182
      vertex 68.75440216064453 35 12.882516479492182
    endloop
  endfacet
  facet normal -1 0 0
    outer loop
      vertex 66.26995849609375 34.5 12.882516479492182
      vertex 66.26995849609375 35 14.42
      vertex 66.26995849609375 35 12.882516479492182
    endloop
  endfacet
  facet normal 0 0 1
    outer loop
      vertex 66.26995849609375 35 11.875756835937494
      vertex 68.75440216064453 34.5 11.875756835937494
      vertex 68.75440216064453 35 11.875756835937494
    endloop
  endfacet
  facet normal -1 0 0
    outer loop
      vertex 68.75440216064453 34.5 11.875756835937494
      vertex 68.75440216064453 34.5 12.882516479492182
      vertex 68.75440216064453 35 11.875756835937494
    endloop
  endfacet
  facet normal 0 1 0
    outer loop
      vertex 66.26995849609375 34.5 12.882516479492182
      vertex 68.75440216064453 34.5 12.882516479492182
      vertex 68.75440216064453 34.5 11.875756835937494
    endloop
  endfacet
  facet normal -1 0 0
    outer loop
      vertex 68.75440216064453 35 11.875756835937494
      vertex 68.75440216064453 34.5 12.882516479492182
      vertex 68.75440216064453 35 12.882516479492182
    endloop
  endfacet
  facet normal 0 0 -1
    outer loop
      vertex 66.26995849609375 34.5 12.882516479492182
      vertex 68.75440216064453 35 12.882516479492182
      vertex 68.75440216064453 34.5 12.882516479492182
    endloop
  endfacet
  facet normal 0 1 0
    outer loop
      vertex 66.26995849609375 35 12.882516479492182
      vertex 69.2 35 14.42
      vertex 68.75440216064453 35 12.882516479492182
    endloop
  endfacet
  facet normal 0 1 0
    outer loop
      vertex 66.26995849609375 34.5 12.882516479492182
      vertex 65.2 34.5 14.42
      vertex 66.26995849609375 34.5 14.42
    endloop
  endfacet
  facet normal -1 0 0
    outer loop
      vertex 66.26995849609375 34.5 12.882516479492182
      vertex 66.26995849609375 34.5 14.42
      vertex 66.26995849609375 35 14.42
    endloop
  endfacet
  facet normal 0 1 0
    outer loop
      vertex 66.26995849609375 35 12.882516479492182
      vertex 66.26995849609375 35 14.42
      vertex 69.2 35 14.42
    endloop
  endfacet
  facet normal 0 1 0
    outer loop
      vertex 65.0683364868164 34.5 15.41161499023437
      vertex 65.2 34.5 15.41161499023437
      vertex 65.2 34.5 14.42
    endloop
  endfacet
  facet normal 0 0 -1
    outer loop
      vertex 65.0683364868164 34.5 15.41161499023437
      vertex 65.0683364868164 35 15.41161499023437
      vertex 65.2 34.5 15.41161499023437
    endloop
  endfacet
  facet normal 0 0 -1
    outer loop
      vertex 65.0683364868164 35 15.41161499023437
      vertex 65.2 35 15.41161499023437
      vertex 65.2 34.5 15.41161499023437
    endloop
  endfacet
  facet normal 0 1 0
    outer loop
      vertex 65.0683364868164 35 15.41161499023437
      vertex 65.2 35 15.42
      vertex 65.2 35 15.41161499023437
    endloop
  endfacet
  facet normal -0.9992318749001768 -0.03918750034740005 0
    outer loop
      vertex 90.05198669433594 2.0508182048797607 0
      vertex 89.9360122680664 5.008019924163818 13.005807495117182
      vertex 89.9360122680664 5.008019924163818 0
    endloop
  endfacet
  facet normal 0.9990999464205926 0.042418121862820436 0
    outer loop
      vertex 94.04280853271484 2.473738193511963 0
      vertex 93.9140625 5.506172180175781 0
      vertex 94.04280853271484 2.473738193511963 15.005807495117182
    endloop
  endfacet
  facet normal 0.9972116114242927 0.07462574649921534 0
    outer loop
      vertex 93.9140625 5.506172180175781 0
      vertex 93.68756103515625 8.53287410736084 0
      vertex 93.9140625 5.506172180175781 15.005807495117182
    endloop
  endfacet
  facet normal -0.9974050253016595 -0.07199455189801297 0
    outer loop
      vertex 89.9360122680664 5.008019924163818 0
      vertex 89.72294616699219 7.959815502166748 13.005807495117182
      vertex 89.72294616699219 7.959815502166748 0
    endloop
  endfacet
  facet normal -0.9945018378940641 -0.10471912158401975 0
    outer loop
      vertex 89.72294616699219 7.959815502166748 0
      vertex 89.41303253173828 10.903018951416016 13.005807495117182
      vertex 89.41303253173828 10.903018951416016 0
    endloop
  endfacet
  facet normal 0.9942853138329067 0.10675539656709641 0
    outer loop
      vertex 93.68756103515625 8.53287410736084 0
      vertex 93.36354064941406 11.550695419311523 0
      vertex 93.68756103515625 8.53287410736084 15.005807495117182
    endloop
  endfacet
  facet normal -0.9793683338885071 -0.20208331592798437 0
    outer loop
      vertex 88.50408172607422 16.750951766967773 0
      vertex 87.90602111816406 19.649368286132812 13.005807495117182
      vertex 87.90602111816406 19.649368286132812 0
    endloop
  endfacet
  facet normal -0.9905249562807807 -0.13733284743628327 0
    outer loop
      vertex 89.41303253173828 10.903018951416016 0
      vertex 89.00659942626953 13.834452629089355 13.005807495117182
      vertex 89.00659942626953 13.834452629089355 0
    endloop
  endfacet
  facet normal 0.9903239996603308 0.13877454988853388 0
    outer loop
      vertex 93.36354064941406 11.550695419311523 0
      vertex 92.94233703613281 14.55649185180664 0
      vertex 93.36354064941406 11.550695419311523 15.005807495117182
    endloop
  endfacet
  facet normal -0.9854786091901256 -0.16979961963648685 0
    outer loop
      vertex 89.00659942626953 13.834452629089355 0
      vertex 88.50408172607422 16.750951766967773 13.005807495117182
      vertex 88.50408172607422 16.750951766967773 0
    endloop
  endfacet
  facet normal 0.9853316703752353 0.17065022518458212 0
    outer loop
      vertex 92.94233703613281 14.55649185180664 0
      vertex 92.42438507080078 17.547138214111328 0
      vertex 92.94233703613281 14.55649185180664 15.005807495117182
    endloop
  endfacet
  facet normal 0.9793137572318028 0.20234763378040674 0
    outer loop
      vertex 92.42438507080078 17.547138214111328 0
      vertex 91.81022644042969 20.51951789855957 0
      vertex 92.42438507080078 17.547138214111328 15.005807495117182
    endloop
  endfacet
  facet normal -0.9992318749001768 -0.03918750034740005 0
    outer loop
      vertex 90.05198669433594 2.0508182048797607 0
      vertex 90.05198669433594 2.0508182048797607 13.005807495117182
      vertex 89.9360122680664 5.008019924163818 13.005807495117182
    endloop
  endfacet
  facet normal -0.9974050253016595 -0.07199455189801297 0
    outer loop
      vertex 89.9360122680664 5.008019924163818 0
      vertex 89.9360122680664 5.008019924163818 13.005807495117182
      vertex 89.72294616699219 7.959815502166748 13.005807495117182
    endloop
  endfacet
  facet normal 0.9990999464205926 0.042418121862820436 0
    outer loop
      vertex 94.04280853271484 2.473738193511963 15.005807495117182
      vertex 93.9140625 5.506172180175781 0
      vertex 93.9140625 5.506172180175781 15.005807495117182
    endloop
  endfacet
  facet normal -0.9945018378940641 -0.10471912158401975 0
    outer loop
      vertex 89.72294616699219 7.959815502166748 0
      vertex 89.72294616699219 7.959815502166748 13.005807495117182
      vertex 89.41303253173828 10.903018951416016 13.005807495117182
    endloop
  endfacet
  facet normal 0.9972116114242927 0.07462574649921534 0
    outer loop
      vertex 93.68756103515625 8.53287410736084 0
      vertex 93.68756103515625 8.53287410736084 15.005807495117182
      vertex 93.9140625 5.506172180175781 15.005807495117182
    endloop
  endfacet
  facet normal 0.9942853138329067 0.10675539656709641 0
    outer loop
      vertex 93.36354064941406 11.550695419311523 0
      vertex 93.36354064941406 11.550695419311523 15.005807495117182
      vertex 93.68756103515625 8.53287410736084 15.005807495117182
    endloop
  endfacet
  facet normal -0.9905249562807807 -0.13733284743628327 0
    outer loop
      vertex 89.41303253173828 10.903018951416016 0
      vertex 89.41303253173828 10.903018951416016 13.005807495117182
      vertex 89.00659942626953 13.834452629089355 13.005807495117182
    endloop
  endfacet
  facet normal -0.9854786091901256 -0.16979961963648685 0
    outer loop
      vertex 89.00659942626953 13.834452629089355 0
      vertex 89.00659942626953 13.834452629089355 13.005807495117182
      vertex 88.50408172607422 16.750951766967773 13.005807495117182
    endloop
  endfacet
  facet normal 0.9903239996603308 0.13877454988853388 0
    outer loop
      vertex 92.94233703613281 14.55649185180664 0
      vertex 92.94233703613281 14.55649185180664 15.005807495117182
      vertex 93.36354064941406 11.550695419311523 15.005807495117182
    endloop
  endfacet
  facet normal -0.9793683338885071 -0.20208331592798437 0
    outer loop
      vertex 88.50408172607422 16.750951766967773 0
      vertex 88.50408172607422 16.750951766967773 13.005807495117182
      vertex 87.90602111816406 19.649368286132812 13.005807495117182
    endloop
  endfacet
  facet normal 0.9853316703752353 0.17065022518458212 0
    outer loop
      vertex 92.42438507080078 17.547138214111328 0
      vertex 92.42438507080078 17.547138214111328 15.005807495117182
      vertex 92.94233703613281 14.55649185180664 15.005807495117182
    endloop
  endfacet
  facet normal 0 1 0
    outer loop
      vertex 69.14817810058594 35 9.46032104492187
      vertex 69.14817810058594 35 10.46709594726562
      vertex 87.32221221923828 35 0
    endloop
  endfacet
  facet normal -0.972201604707097 -0.2341453390630382 0
    outer loop
      vertex 87.90602111816406 19.649368286132812 0
      vertex 87.21307373046875 22.526575088500977 13.005807495117182
      vertex 87.21307373046875 22.526575088500977 0
    endloop
  endfacet
  facet normal -0.9639841175858632 -0.26595981095309196 0
    outer loop
      vertex 87.21307373046875 22.526575088500977 0
      vertex 86.42597198486328 25.37946319580078 13.005807495117182
      vertex 86.42597198486328 25.37946319580078 0
    endloop
  endfacet
  facet normal 0.9722771591462546 0.2338314046540554 0
    outer loop
      vertex 91.81022644042969 20.51951789855957 0
      vertex 91.10050964355469 23.470539093017578 0
      vertex 91.81022644042969 20.51951789855957 15.005807495117182
    endloop
  endfacet
  facet normal 0.9642274647432013 0.2650762083531796 0
    outer loop
      vertex 91.10050964355469 23.470539093017578 0
      vertex 90.29595947265625 26.39712905883789 0
      vertex 91.10050964355469 23.470539093017578 15.005807495117182
    endloop
  endfacet
  facet normal -0.9444390150425453 -0.3286867001651676 0
    outer loop
      vertex 85.54558563232422 28.2049560546875 0
      vertex 85.54558563232422 28.2049560546875 13.005807495117182
      vertex 84.57284545898438 31 0
    endloop
  endfacet
  facet normal -0.9547278560742882 -0.29748062262237013 0
    outer loop
      vertex 86.42597198486328 25.37946319580078 0
      vertex 85.54558563232422 28.2049560546875 13.005807495117182
      vertex 85.54558563232422 28.2049560546875 0
    endloop
  endfacet
  facet normal 0.9340962939081002 0.35702116702956427 0
    outer loop
      vertex 87.32221221923828 35 0
      vertex 88.40583038330078 32.16486358642578 15.005807495117182
      vertex 88.40583038330078 32.16486358642578 0
    endloop
  endfacet
  facet normal 0.9551749214695582 0.2960420061336283 0
    outer loop
      vertex 90.29595947265625 26.39712905883789 0
      vertex 89.39742279052734 29.29624366760254 0
      vertex 90.29595947265625 26.39712905883789 15.005807495117182
    endloop
  endfacet
  facet normal 0.9451276922667279 0.32670115596760496 0
    outer loop
      vertex 89.39742279052734 29.29624366760254 0
      vertex 88.40583038330078 32.16486358642578 0
      vertex 89.39742279052734 29.29624366760254 15.005807495117182
    endloop
  endfacet
  facet normal -0.972201604707097 -0.2341453390630382 0
    outer loop
      vertex 87.90602111816406 19.649368286132812 0
      vertex 87.90602111816406 19.649368286132812 13.005807495117182
      vertex 87.21307373046875 22.526575088500977 13.005807495117182
    endloop
  endfacet
  facet normal -0.9639841175858632 -0.26595981095309196 0
    outer loop
      vertex 87.21307373046875 22.526575088500977 0
      vertex 87.21307373046875 22.526575088500977 13.005807495117182
      vertex 86.42597198486328 25.37946319580078 13.005807495117182
    endloop
  endfacet
  facet normal -0.9547278560742882 -0.29748062262237013 0
    outer loop
      vertex 86.42597198486328 25.37946319580078 0
      vertex 86.42597198486328 25.37946319580078 13.005807495117182
      vertex 85.54558563232422 28.2049560546875 13.005807495117182
    endloop
  endfacet
  facet normal 0.9793137572318028 0.20234763378040674 0
    outer loop
      vertex 92.42438507080078 17.547138214111328 15.005807495117182
      vertex 91.81022644042969 20.51951789855957 0
      vertex 91.81022644042969 20.51951789855957 15.005807495117182
    endloop
  endfacet
  facet normal 0.9722771591462546 0.2338314046540554 0
    outer loop
      vertex 91.10050964355469 23.470539093017578 0
      vertex 91.10050964355469 23.470539093017578 15.005807495117182
      vertex 91.81022644042969 20.51951789855957 15.005807495117182
    endloop
  endfacet
  facet normal 0.9642274647432013 0.2650762083531796 0
    outer loop
      vertex 90.29595947265625 26.39712905883789 0
      vertex 90.29595947265625 26.39712905883789 15.005807495117182
      vertex 91.10050964355469 23.470539093017578 15.005807495117182
    endloop
  endfacet
  facet normal 0.9551749214695582 0.2960420061336283 0
    outer loop
      vertex 89.39742279052734 29.29624366760254 0
      vertex 89.39742279052734 29.29624366760254 15.005807495117182
      vertex 90.29595947265625 26.39712905883789 15.005807495117182
    endloop
  endfacet
  facet normal 0.9451276922667279 0.32670115596760496 0
    outer loop
      vertex 88.40583038330078 32.16486358642578 0
      vertex 88.40583038330078 32.16486358642578 15.005807495117182
      vertex 89.39742279052734 29.29624366760254 15.005807495117182
    endloop
  endfacet
  facet normal 0 -1 0
    outer loop
      vertex 39 31 0
      vertex 84.57284545898438 31 0
      vertex 39 31 51.00580749511718
    endloop
  endfacet
  facet normal 0 1 0
    outer loop
      vertex 50.73004150390625 35 15.41161499023437
      vertex 36 35 55.00580749511718
      vertex 55.25642776489258 35 15.41161499023437
    endloop
  endfacet
  facet normal 0 1 0
    outer loop
      vertex 55.25642776489258 35 15.41161499023437
      vertex 36 35 55.00580749511718
      vertex 56.27537155151367 35 15.41161499023437
    endloop
  endfacet
  facet normal 0 1 0
    outer loop
      vertex 56.27537155151367 35 15.41161499023437
      vertex 36 35 55.00580749511718
      vertex 58.536537170410156 35 15.41161499023437
    endloop
  endfacet
  facet normal 0 1 0
    outer loop
      vertex 58.536537170410156 35 15.41161499023437
      vertex 36 35 55.00580749511718
      vertex 58.80575942993164 35 15.40630493164062
    endloop
  endfacet
  facet normal 0 1 0
    outer loop
      vertex 58.80575942993164 35 15.40630493164062
      vertex 36 35 55.00580749511718
      vertex 59.07330322265625 35 15.387780761718744
    endloop
  endfacet
  facet normal 0 1 0
    outer loop
      vertex 59.07330322265625 35 15.387780761718744
      vertex 87.32221221923828 35 55.00580749511718
      vertex 59.33777618408203 35 15.34508666992187
    endloop
  endfacet
  facet normal -0.9992318749001768 -0.039187500347400046 0
    outer loop
      vertex 90.05198669433594 2.0508182048797607 13.005807495117182
      vertex 90.05198669433594 2.0508182048797607 51.00580749511718
      vertex 89.9360122680664 5.008019924163818 13.005807495117182
    endloop
  endfacet
  facet normal -0.9974050253016596 -0.07199455189801297 0
    outer loop
      vertex 89.9360122680664 5.008019924163818 13.005807495117182
      vertex 89.9360122680664 5.008019924163818 51.00580749511718
      vertex 89.72294616699219 7.959815502166748 13.005807495117182
    endloop
  endfacet
  facet normal -0.9945018378940641 -0.10471912158401976 0
    outer loop
      vertex 89.72294616699219 7.959815502166748 13.005807495117182
      vertex 89.72294616699219 7.959815502166748 51.00580749511718
      vertex 89.41303253173828 10.903018951416016 13.005807495117182
    endloop
  endfacet
  facet normal 0.9990999464205926 0.042418121862820436 0
    outer loop
      vertex 94.04280853271484 2.473738193511963 15.005807495117182
      vertex 93.9140625 5.506172180175781 15.005807495117182
      vertex 93.9140625 5.506172180175781 55.00580749511718
    endloop
  endfacet
  facet normal 0.9972116114242929 0.07462574649921536 0
    outer loop
      vertex 93.9140625 5.506172180175781 15.005807495117182
      vertex 93.68756103515625 8.53287410736084 15.005807495117182
      vertex 93.68756103515625 8.53287410736084 55.00580749511718
    endloop
  endfacet
  facet normal 0.9942853138329069 0.10675539656709643 0
    outer loop
      vertex 93.68756103515625 8.53287410736084 15.005807495117182
      vertex 93.36354064941406 11.550695419311523 15.005807495117182
      vertex 93.36354064941406 11.550695419311523 55.00580749511718
    endloop
  endfacet
  facet normal -0.9905249562807807 -0.13733284743628327 0
    outer loop
      vertex 89.41303253173828 10.903018951416016 13.005807495117182
      vertex 89.41303253173828 10.903018951416016 51.00580749511718
      vertex 89.00659942626953 13.834452629089355 13.005807495117182
    endloop
  endfacet
  facet normal -0.9854786091901256 -0.16979961963648682 0
    outer loop
      vertex 89.00659942626953 13.834452629089355 13.005807495117182
      vertex 89.00659942626953 13.834452629089355 51.00580749511718
      vertex 88.50408172607422 16.750951766967773 13.005807495117182
    endloop
  endfacet
  facet normal -0.9793683338885072 -0.20208331592798442 0
    outer loop
      vertex 88.50408172607422 16.750951766967773 13.005807495117182
      vertex 88.50408172607422 16.750951766967773 51.00580749511718
      vertex 87.90602111816406 19.649368286132812 13.005807495117182
    endloop
  endfacet
  facet normal 0.9903239996603308 0.13877454988853385 0
    outer loop
      vertex 93.36354064941406 11.550695419311523 15.005807495117182
      vertex 92.94233703613281 14.55649185180664 15.005807495117182
      vertex 92.94233703613281 14.55649185180664 55.00580749511718
    endloop
  endfacet
  facet normal 0.9853316703752354 0.17065022518458214 0
    outer loop
      vertex 92.94233703613281 14.55649185180664 15.005807495117182
      vertex 92.42438507080078 17.547138214111328 15.005807495117182
      vertex 92.42438507080078 17.547138214111328 55.00580749511718
    endloop
  endfacet
  facet normal 0 1 0
    outer loop
      vertex 69.14817810058594 35 10.46709594726562
      vertex 87.32221221923828 35 55.00580749511718
      vertex 87.32221221923828 35 0
    endloop
  endfacet
  facet normal -0.9444390150425453 -0.3286867001651676 0
    outer loop
      vertex 84.57284545898438 31 0
      vertex 85.54558563232422 28.2049560546875 13.005807495117182
      vertex 84.57284545898438 31 51.00580749511718
    endloop
  endfacet
  facet normal 0.9340962939081001 0.3570211670295642 0
    outer loop
      vertex 87.32221221923828 35 0
      vertex 87.32221221923828 35 55.00580749511718
      vertex 88.40583038330078 32.16486358642578 15.005807495117182
    endloop
  endfacet
  facet normal 0 1 0
    outer loop
      vertex 69.14817810058594 35 10.46709594726562
      vertex 68.75440216064453 35 12.882516479492182
      vertex 87.32221221923828 35 55.00580749511718
    endloop
  endfacet
  facet normal 0 1 0
    outer loop
      vertex 68.75440216064453 35 12.882516479492182
      vertex 69.2 35 14.42
      vertex 87.32221221923828 35 55.00580749511718
    endloop
  endfacet
  facet normal 0 1 0
    outer loop
      vertex 59.33777618408203 35 15.34508666992187
      vertex 87.32221221923828 35 55.00580749511718
      vertex 65.0683364868164 35 15.41161499023437
    endloop
  endfacet
  facet normal 0 1 0
    outer loop
      vertex 65.0683364868164 35 15.41161499023437
      vertex 87.32221221923828 35 55.00580749511718
      vertex 65.2 35 15.42
    endloop
  endfacet
  facet normal 0 1 0
    outer loop
      vertex 87.32221221923828 35 55.00580749511718
      vertex 69.2 35 14.42
      vertex 69.2 35 15.42
    endloop
  endfacet
  facet normal 0 1 0
    outer loop
      vertex 87.32221221923828 35 55.00580749511718
      vertex 69.2 35 15.42
      vertex 65.2 35 15.42
    endloop
  endfacet
  facet normal -0.9722016047070972 -0.23414533906303822 0
    outer loop
      vertex 87.90602111816406 19.649368286132812 13.005807495117182
      vertex 87.90602111816406 19.649368286132812 51.00580749511718
      vertex 87.21307373046875 22.526575088500977 13.005807495117182
    endloop
  endfacet
  facet normal -0.9639841175858633 -0.265959810953092 0
    outer loop
      vertex 87.21307373046875 22.526575088500977 13.005807495117182
      vertex 87.21307373046875 22.526575088500977 51.00580749511718
      vertex 86.42597198486328 25.37946319580078 13.005807495117182
    endloop
  endfacet
  facet normal -0.9547278560742883 -0.29748062262237013 0
    outer loop
      vertex 86.42597198486328 25.37946319580078 13.005807495117182
      vertex 86.42597198486328 25.37946319580078 51.00580749511718
      vertex 85.54558563232422 28.2049560546875 13.005807495117182
    endloop
  endfacet
  facet normal 0.9793137572318028 0.2023476337804067 0
    outer loop
      vertex 92.42438507080078 17.547138214111328 15.005807495117182
      vertex 91.81022644042969 20.51951789855957 15.005807495117182
      vertex 91.81022644042969 20.51951789855957 55.00580749511718
    endloop
  endfacet
  facet normal 0.9722771591462547 0.23383140465405544 0
    outer loop
      vertex 91.81022644042969 20.51951789855957 15.005807495117182
      vertex 91.10050964355469 23.470539093017578 15.005807495117182
      vertex 91.10050964355469 23.470539093017578 55.00580749511718
    endloop
  endfacet
  facet normal 0.9642274647432014 0.2650762083531796 0
    outer loop
      vertex 91.10050964355469 23.470539093017578 15.005807495117182
      vertex 90.29595947265625 26.39712905883789 15.005807495117182
      vertex 90.29595947265625 26.39712905883789 55.00580749511718
    endloop
  endfacet
  facet normal 0.9551749214695583 0.2960420061336283 0
    outer loop
      vertex 90.29595947265625 26.39712905883789 15.005807495117182
      vertex 89.39742279052734 29.29624366760254 15.005807495117182
      vertex 89.39742279052734 29.29624366760254 55.00580749511718
    endloop
  endfacet
  facet normal 0.9451276922667279 0.326701155967605 0
    outer loop
      vertex 89.39742279052734 29.29624366760254 15.005807495117182
      vertex 88.40583038330078 32.16486358642578 15.005807495117182
      vertex 88.40583038330078 32.16486358642578 55.00580749511718
    endloop
  endfacet
  facet normal -1 0 0
    outer loop
      vertex 36 -30 0
      vertex 36 -30 55.00580749511718
      vertex 36 35 55.00580749511718
    endloop
  endfacet
  facet normal 0 0 1
    outer loop
      vertex 36 -30 55.00580749511718
      vertex 39 -31.386003494262695 55.00580749511718
      vertex 39 29 55.00580749511718
    endloop
  endfacet
  facet normal 1 0 0
    outer loop
      vertex 39 -31.386003494262695 55.00580749511718
      vertex 39 31 0
      vertex 39 31 51.00580749511718
    endloop
  endfacet
  facet normal 1 0 0
    outer loop
      vertex 39 -31.386003494262695 55.00580749511718
      vertex 39 31 51.00580749511718
      vertex 39 29 55.00580749511718
    endloop
  endfacet
  facet normal 0 0 1
    outer loop
      vertex 36 -30 55.00580749511718
      vertex 39 29 55.00580749511718
      vertex 36 35 55.00580749511718
    endloop
  endfacet
  facet normal 0 -0.8944271909999159 -0.4472135954999579
    outer loop
      vertex 39 31 51.00580749511718
      vertex 39.5 29 55.00580749511718
      vertex 39 29 55.00580749511718
    endloop
  endfacet
  facet normal 0 0 1
    outer loop
      vertex 39 29 55.00580749511718
      vertex 39.5 29 55.00580749511718
      vertex 39.5 31 55.00580749511718
    endloop
  endfacet
  facet normal 0 0 1
    outer loop
      vertex 39 29 55.00580749511718
      vertex 39.5 31 55.00580749511718
      vertex 36 35 55.00580749511718
    endloop
  endfacet
  facet normal -1 0 0
    outer loop
      vertex 39.5 29 55.00580749511718
      vertex 39.5 30.600000381469727 63.00580749511718
      vertex 39.5 31 55.00580749511718
    endloop
  endfacet
  facet normal -1 0 0
    outer loop
      vertex 39.5 29 55.00580749511718
      vertex 39.5 29 63.00580749511718
      vertex 39.5 30.600000381469727 63.00580749511718
    endloop
  endfacet
  facet normal -0.9485319924698346 0.316681321301408 0
    outer loop
      vertex 84.95919036865234 -29.924938201904297 51.00580749511718
      vertex 85.89640045166016 -27.117782592773438 51.00580749511718
      vertex 85.89640045166016 -27.117782592773438 13.005807495117182
    endloop
  endfacet
  facet normal -0.9584230123214663 0.2853512387438442 0
    outer loop
      vertex 86.74089050292969 -24.281352996826172 13.005807495117182
      vertex 85.89640045166016 -27.117782592773438 51.00580749511718
      vertex 86.74089050292969 -24.281352996826172 51.00580749511718
    endloop
  endfacet
  facet normal -0.967279831820026 0.25371189754172385 0
    outer loop
      vertex 87.49174499511719 -21.418710708618164 13.005807495117182
      vertex 86.74089050292969 -24.281352996826172 51.00580749511718
      vertex 87.49174499511719 -21.418710708618164 51.00580749511718
    endloop
  endfacet
  facet normal -0.9750928410603628 0.22179709491521807 0
    outer loop
      vertex 88.14814758300781 -18.532949447631836 13.005807495117182
      vertex 87.49174499511719 -21.418710708618164 51.00580749511718
      vertex 88.14814758300781 -18.532949447631836 51.00580749511718
    endloop
  endfacet
  facet normal -0.981852788287455 0.1896446733555941 0
    outer loop
      vertex 88.70939636230469 -15.627180099487305 13.005807495117182
      vertex 88.14814758300781 -18.532949447631836 51.00580749511718
      vertex 88.70939636230469 -15.627180099487305 51.00580749511718
    endloop
  endfacet
  facet normal -0.9875526543410609 0.1572887628024495 0
    outer loop
      vertex 89.17488861083984 -12.70454216003418 13.005807495117182
      vertex 88.70939636230469 -15.627180099487305 51.00580749511718
      vertex 89.17488861083984 -12.70454216003418 51.00580749511718
    endloop
  endfacet
  facet normal 0.9515742789632915 -0.30741891876638283 0
    outer loop
      vertex 89.04148864746094 -30.36086082458496 15.005807495117182
      vertex 89.97455596923828 -27.472675323486328 55.00580749511718
      vertex 89.04148864746094 -30.36086082458496 55.00580749511718
    endloop
  endfacet
  facet normal 0.9609956397991056 -0.2765635194437393 0
    outer loop
      vertex 89.97455596923828 -27.472675323486328 15.005807495117182
      vertex 90.81397247314453 -24.555892944335938 55.00580749511718
      vertex 89.97455596923828 -27.472675323486328 55.00580749511718
    endloop
  endfacet
  facet normal 0.9694176463045199 -0.2454168434183049 0
    outer loop
      vertex 90.81397247314453 -24.555892944335938 15.005807495117182
      vertex 91.55885314941406 -21.613550186157227 55.00580749511718
      vertex 90.81397247314453 -24.555892944335938 55.00580749511718
    endloop
  endfacet
  facet normal 0.9768301154688894 -0.21401618049352292 0
    outer loop
      vertex 91.55885314941406 -21.613550186157227 15.005807495117182
      vertex 92.20842742919922 -18.648710250854492 55.00580749511718
      vertex 91.55885314941406 -21.613550186157227 55.00580749511718
    endloop
  endfacet
  facet normal 0.9832254897956432 -0.18239417813109465 0
    outer loop
      vertex 92.20842742919922 -18.648710250854492 15.005807495117182
      vertex 92.76202392578125 -15.664458274841309 55.00580749511718
      vertex 92.20842742919922 -18.648710250854492 55.00580749511718
    endloop
  endfacet
  facet normal 0.9885972725115122 -0.1505836404885964 0
    outer loop
      vertex 92.76202392578125 -15.664458274841309 15.005807495117182
      vertex 93.21907043457031 -12.663900375366211 55.00580749511718
      vertex 92.76202392578125 -15.664458274841309 55.00580749511718
    endloop
  endfacet
  facet normal -0.9921869319654633 0.12476013801275312 0
    outer loop
      vertex 89.54411315917969 -9.768189430236816 13.005807495117182
      vertex 89.17488861083984 -12.70454216003418 51.00580749511718
      vertex 89.54411315917969 -9.768189430236816 51.00580749511718
    endloop
  endfacet
  facet normal -0.9957497596642478 0.09210003327139875 0
    outer loop
      vertex 89.81668090820312 -6.821292877197266 13.005807495117182
      vertex 89.54411315917969 -9.768189430236816 51.00580749511718
      vertex 89.81668090820312 -6.821292877197266 51.00580749511718
    endloop
  endfacet
  facet normal -0.9982380197048224 0.059336801529865854 0
    outer loop
      vertex 89.9922866821289 -3.867032527923584 13.005807495117182
      vertex 89.81668090820312 -6.821292877197266 51.00580749511718
      vertex 89.9922866821289 -3.867032527923584 51.00580749511718
    endloop
  endfacet
  facet normal -0.9996484350044541 0.02651426772788431 0
    outer loop
      vertex 90.07075500488281 -0.9085975885391235 13.005807495117182
      vertex 89.9922866821289 -3.867032527923584 51.00580749511718
      vertex 90.07075500488281 -0.9085975885391235 51.00580749511718
    endloop
  endfacet
  facet normal -0.9999798907769407 -0.006341769606172842 0
    outer loop
      vertex 90.05198669433594 2.0508182048797607 13.005807495117182
      vertex 90.07075500488281 -0.9085975885391235 51.00580749511718
      vertex 90.05198669433594 2.0508182048797607 51.00580749511718
    endloop
  endfacet
  facet normal 0.9929406305008366 -0.1186124120849128 0
    outer loop
      vertex 93.21907043457031 -12.663900375366211 15.005807495117182
      vertex 93.5790786743164 -9.650161743164062 55.00580749511718
      vertex 93.21907043457031 -12.663900375366211 55.00580749511718
    endloop
  endfacet
  facet normal 0.9962502970403707 -0.08651789206270104 0
    outer loop
      vertex 93.5790786743164 -9.650161743164062 15.005807495117182
      vertex 93.8416748046875 -6.626377105712891 55.00580749511718
      vertex 93.5790786743164 -9.650161743164062 55.00580749511718
    endloop
  endfacet
  facet normal 0.9985227399937252 -0.05433541860907526 0
    outer loop
      vertex 93.8416748046875 -6.626377105712891 15.005807495117182
      vertex 94.006591796875 -3.5956952571868896 55.00580749511718
      vertex 93.8416748046875 -6.626377105712891 55.00580749511718
    endloop
  endfacet
  facet normal 0.99975581729556 -0.022097642039071098 0
    outer loop
      vertex 94.006591796875 -3.5956952571868896 15.005807495117182
      vertex 94.07366180419922 -0.5612705945968628 55.00580749511718
      vertex 94.006591796875 -3.5956952571868896 55.00580749511718
    endloop
  endfacet
  facet normal 0.9999483323296282 0.010165267886073684 0
    outer loop
      vertex 94.07366180419922 -0.5612705945968628 15.005807495117182
      vertex 94.04280853271484 2.473738193511963 55.00580749511718
      vertex 94.07366180419922 -0.5612705945968628 55.00580749511718
    endloop
  endfacet
  facet normal -0.8493178975045043 0.2835572401583638 -0.44525767880217454
    outer loop
      vertex 84.95919036865234 -29.924938201904297 51.00580749511718
      vertex 83.39283752441406 -28.335491180419922 55.00580749511718
      vertex 85.89640045166016 -27.117782592773438 51.00580749511718
    endloop
  endfacet
  facet normal -0.858185727515184 0.2555075966149775 -0.44523378708412553
    outer loop
      vertex 85.89640045166016 -27.117782592773438 51.00580749511718
      vertex 84.2862548828125 -25.55567169189453 55.00580749511718
      vertex 86.74089050292969 -24.281352996826172 51.00580749511718
    endloop
  endfacet
  facet normal -0.8506001678298197 0.2733778067722342 -0.4491591357773828
    outer loop
      vertex 85.89640045166016 -27.117782592773438 51.00580749511718
      vertex 83.39283752441406 -28.335491180419922 55.00580749511718
      vertex 84.2862548828125 -25.55567169189453 55.00580749511718
    endloop
  endfacet
  facet normal 0 0 1
    outer loop
      vertex 84.95919036865234 -29.924938201904297 55.00580749511718
      vertex 89.04148864746094 -30.36086082458496 55.00580749511718
      vertex 85.89640045166016 -27.117782592773438 55.00580749511718
    endloop
  endfacet
  facet normal 0 0 1
    outer loop
      vertex 85.89640045166016 -27.117782592773438 55.00580749511718
      vertex 89.97455596923828 -27.472675323486328 55.00580749511718
      vertex 86.74089050292969 -24.281352996826172 55.00580749511718
    endloop
  endfacet
  facet normal -0.8661267169851864 0.22718002138473387 -0.4452120259023721
    outer loop
      vertex 86.74089050292969 -24.281352996826172 51.00580749511718
      vertex 85.0870361328125 -22.747764587402344 55.00580749511718
      vertex 87.49174499511719 -21.418710708618164 51.00580749511718
    endloop
  endfacet
  facet normal -0.8591826283111732 0.24502852604225853 -0.44918396301945435
    outer loop
      vertex 86.74089050292969 -24.281352996826172 51.00580749511718
      vertex 84.2862548828125 -25.55567169189453 55.00580749511718
      vertex 85.0870361328125 -22.747764587402344 55.00580749511718
    endloop
  endfacet
  facet normal 0 0 1
    outer loop
      vertex 89.04148864746094 -30.36086082458496 55.00580749511718
      vertex 89.97455596923828 -27.472675323486328 55.00580749511718
      vertex 85.89640045166016 -27.117782592773438 55.00580749511718
    endloop
  endfacet
  facet normal 0 0 1
    outer loop
      vertex 86.74089050292969 -24.281352996826172 55.00580749511718
      vertex 89.97455596923828 -27.472675323486328 55.00580749511718
      vertex 90.81397247314453 -24.555892944335938 55.00580749511718
    endloop
  endfacet
  facet normal 0 0 1
    outer loop
      vertex 86.74089050292969 -24.281352996826172 55.00580749511718
      vertex 90.81397247314453 -24.555892944335938 55.00580749511718
      vertex 87.49174499511719 -21.418710708618164 55.00580749511718
    endloop
  endfacet
  facet normal 0 0 1
    outer loop
      vertex 90.81397247314453 -24.555892944335938 55.00580749511718
      vertex 91.55885314941406 -21.613550186157227 55.00580749511718
      vertex 87.49174499511719 -21.418710708618164 55.00580749511718
    endloop
  endfacet
  facet normal -0.873133488346717 0.19860516151251684 -0.4451897363462914
    outer loop
      vertex 87.49174499511719 -21.418710708618164 51.00580749511718
      vertex 85.7943115234375 -19.914857864379883 55.00580749511718
      vertex 88.14814758300781 -18.532949447631836 51.00580749511718
    endloop
  endfacet
  facet normal -0.8668209004058572 0.21641414662688352 -0.4492064600596665
    outer loop
      vertex 85.0870361328125 -22.747764587402344 55.00580749511718
      vertex 85.7943115234375 -19.914857864379883 55.00580749511718
      vertex 87.49174499511719 -21.418710708618164 51.00580749511718
    endloop
  endfacet
  facet normal -0.8735085159449598 0.18755803319914843 -0.44922695461659573
    outer loop
      vertex 88.14814758300781 -18.532949447631836 51.00580749511718
      vertex 85.7943115234375 -19.914857864379883 55.00580749511718
      vertex 86.40728759765625 -17.060062408447266 55.00580749511718
    endloop
  endfacet
  facet normal -0.8791964040534286 0.16981661288852065 -0.4451696318108309
    outer loop
      vertex 88.14814758300781 -18.532949447631836 51.00580749511718
      vertex 86.40728759765625 -17.060062408447266 55.00580749511718
      vertex 88.70939636230469 -15.627180099487305 51.00580749511718
    endloop
  endfacet
  facet normal -0.8792358235690007 0.15849956613319555 -0.4492463178352496
    outer loop
      vertex 88.70939636230469 -15.627180099487305 51.00580749511718
      vertex 86.40728759765625 -17.060062408447266 55.00580749511718
      vertex 86.92530059814453 -14.186517715454102 55.00580749511718
    endloop
  endfacet
  facet normal 0 0 1
    outer loop
      vertex 91.55885314941406 -21.613550186157227 55.00580749511718
      vertex 88.14814758300781 -18.532949447631836 55.00580749511718
      vertex 87.49174499511719 -21.418710708618164 55.00580749511718
    endloop
  endfacet
  facet normal 0 0 1
    outer loop
      vertex 91.55885314941406 -21.613550186157227 55.00580749511718
      vertex 92.20842742919922 -18.648710250854492 55.00580749511718
      vertex 88.14814758300781 -18.532949447631836 55.00580749511718
    endloop
  endfacet
  facet normal 0 0 1
    outer loop
      vertex 88.14814758300781 -18.532949447631836 55.00580749511718
      vertex 92.20842742919922 -18.648710250854492 55.00580749511718
      vertex 88.70939636230469 -15.627180099487305 55.00580749511718
    endloop
  endfacet
  facet normal -0.8843095721618266 0.14084510626170663 -0.44515080211664876
    outer loop
      vertex 88.70939636230469 -15.627180099487305 51.00580749511718
      vertex 86.92530059814453 -14.186517715454102 55.00580749511718
      vertex 89.17488861083984 -12.70454216003418 51.00580749511718
    endloop
  endfacet
  facet normal 0 0 1
    outer loop
      vertex 88.70939636230469 -15.627180099487305 55.00580749511718
      vertex 92.76202392578125 -15.664458274841309 55.00580749511718
      vertex 89.17488861083984 -12.70454216003418 55.00580749511718
    endloop
  endfacet
  facet normal 0 0 1
    outer loop
      vertex 92.20842742919922 -18.648710250854492 55.00580749511718
      vertex 92.76202392578125 -15.664458274841309 55.00580749511718
      vertex 88.70939636230469 -15.627180099487305 55.00580749511718
    endloop
  endfacet
  facet normal 0 0 1
    outer loop
      vertex 92.76202392578125 -15.664458274841309 55.00580749511718
      vertex 93.21907043457031 -12.663900375366211 55.00580749511718
      vertex 89.17488861083984 -12.70454216003418 55.00580749511718
    endloop
  endfacet
  facet normal 0.9473659359907667 -0.31629201623902237 0.049569585309870864
    outer loop
      vertex 84.95919036865234 -29.924938201904297 55.00580749511718
      vertex 85.89640045166016 -27.117782592773438 55.00580749511718
      vertex 85.60787200927734 -27.153989791870117 60.289086914062494
    endloop
  endfacet
  facet normal 0.9469090904040527 -0.317544976632134 0.05028282336809619
    outer loop
      vertex 84.95919036865234 -29.924938201904297 55.00580749511718
      vertex 85.60787200927734 -27.153989791870117 60.289086914062494
      vertex 84.6706771850586 -29.94867515563965 60.289086914062494
    endloop
  endfacet
  facet normal -0.9520381440801735 0.30597936567091977 0
    outer loop
      vertex 83.39283752441406 -28.335491180419922 55.00580749511718
      vertex 83.39283752441406 -28.335491180419922 62.150537109374994
      vertex 84.2862548828125 -25.55567169189453 55.00580749511718
    endloop
  endfacet
  facet normal 0.9568193973322439 -0.28629952183568336 0.05029139772785037
    outer loop
      vertex 85.89640045166016 -27.117782592773438 55.00580749511718
      vertex 86.45285034179688 -24.330053329467773 60.289086914062494
      vertex 85.60787200927734 -27.153989791870117 60.289086914062494
    endloop
  endfacet
  facet normal 0.9572451974364429 -0.2850005679730764 0.04956115656327358
    outer loop
      vertex 85.89640045166016 -27.117782592773438 55.00580749511718
      vertex 86.74089050292969 -24.281352996826172 55.00580749511718
      vertex 86.45285034179688 -24.330053329467773 60.289086914062494
    endloop
  endfacet
  facet normal 0.9660915480526775 -0.25340021759191583 0.04955250251551984
    outer loop
      vertex 86.74089050292969 -24.281352996826172 55.00580749511718
      vertex 87.49174499511719 -21.418710708618164 55.00580749511718
      vertex 87.20470428466797 -21.479909896850586 60.289086914062494
    endloop
  endfacet
  facet normal -0.9616575369014783 0.2742531343860665 0
    outer loop
      vertex 84.2862548828125 -25.55567169189453 55.00580749511718
      vertex 84.2862548828125 -25.55567169189453 62.150537109374994
      vertex 85.0870361328125 -22.747764587402344 55.00580749511718
    endloop
  endfacet
  facet normal -0.9702191104143084 0.2422289780081401 0
    outer loop
      vertex 85.0870361328125 -22.747764587402344 55.00580749511718
      vertex 85.0870361328125 -22.747764587402344 62.150537109374994
      vertex 85.7943115234375 -19.914857864379883 55.00580749511718
    endloop
  endfacet
  facet normal 0.9656987020906318 -0.2547466097611865 0.050300910485308985
    outer loop
      vertex 86.74089050292969 -24.281352996826172 55.00580749511718
      vertex 87.20470428466797 -21.479909896850586 60.289086914062494
      vertex 86.45285034179688 -24.330053329467773 60.289086914062494
    endloop
  endfacet
  facet normal -0.9413718534771564 0.33737076559918927 0
    outer loop
      vertex 82.40776062011719 -31.084169387817383 62.150537109374994
      vertex 83.39283752441406 -28.335491180419922 62.150537109374994
      vertex 83.39283752441406 -28.335491180419922 55.00580749511718
    endloop
  endfacet
  facet normal 0.6955220729796837 -0.23324260232545105 0.6795932124870695
    outer loop
      vertex 84.6706771850586 -29.94867515563965 60.289086914062494
      vertex 85.60787200927734 -27.153989791870117 60.289086914062494
      vertex 83.39283752441406 -28.335491180419922 62.150537109374994
    endloop
  endfacet
  facet normal -0.9520381440801735 0.30597936567091977 0
    outer loop
      vertex 84.2862548828125 -25.55567169189453 55.00580749511718
      vertex 83.39283752441406 -28.335491180419922 62.150537109374994
      vertex 84.2862548828125 -25.55567169189453 62.150537109374994
    endloop
  endfacet
  facet normal 0.702822241374034 -0.21029848705188697 0.679570043022547
    outer loop
      vertex 85.60787200927734 -27.153989791870117 60.289086914062494
      vertex 86.45285034179688 -24.330053329467773 60.289086914062494
      vertex 84.2862548828125 -25.55567169189453 62.150537109374994
    endloop
  endfacet
  facet normal 0.6941428465183045 -0.22309335942404346 0.6843939374427276
    outer loop
      vertex 85.60787200927734 -27.153989791870117 60.289086914062494
      vertex 84.2862548828125 -25.55567169189453 62.150537109374994
      vertex 83.39283752441406 -28.335491180419922 62.150537109374994
    endloop
  endfacet
  facet normal -0.9616575369014783 0.2742531343860665 0
    outer loop
      vertex 85.0870361328125 -22.747764587402344 55.00580749511718
      vertex 84.2862548828125 -25.55567169189453 62.150537109374994
      vertex 85.0870361328125 -22.747764587402344 62.150537109374994
    endloop
  endfacet
  facet normal 0.7093634447204669 -0.18712661851967172 0.6795492122986431
    outer loop
      vertex 86.45285034179688 -24.330053329467773 60.289086914062494
      vertex 87.20470428466797 -21.479909896850586 60.289086914062494
      vertex 85.0870361328125 -22.747764587402344 62.150537109374994
    endloop
  endfacet
  facet normal 0.7011356208903676 -0.19995542516982756 0.6844170286191248
    outer loop
      vertex 84.2862548828125 -25.55567169189453 62.150537109374994
      vertex 86.45285034179688 -24.330053329467773 60.289086914062494
      vertex 85.0870361328125 -22.747764587402344 62.150537109374994
    endloop
  endfacet
  facet normal 0.9738953711538217 -0.22152471536802504 0.04954398577299877
    outer loop
      vertex 87.49174499511719 -21.418710708618164 55.00580749511718
      vertex 88.14814758300781 -18.532949447631836 55.00580749511718
      vertex 87.86261749267578 -18.60662841796875 60.289086914062494
    endloop
  endfacet
  facet normal 0.9735383046938153 -0.22291714677702 0.05031018750396908
    outer loop
      vertex 87.49174499511719 -21.418710708618164 55.00580749511718
      vertex 87.86261749267578 -18.60662841796875 60.289086914062494
      vertex 87.20470428466797 -21.479909896850586 60.289086914062494
    endloop
  endfacet
  facet normal -0.9777157310711907 0.20993320179506392 0
    outer loop
      vertex 85.7943115234375 -19.914857864379883 55.00580749511718
      vertex 85.7943115234375 -19.914857864379883 62.150537109374994
      vertex 86.40728759765625 -17.060062408447266 55.00580749511718
    endloop
  endfacet
  facet normal 0.9803281790910147 -0.190852352457643 0.050319388325765935
    outer loop
      vertex 88.14814758300781 -18.532949447631836 55.00580749511718
      vertex 88.42589569091797 -15.713305473327637 60.289086914062494
      vertex 87.86261749267578 -18.60662841796875 60.289086914062494
    endloop
  endfacet
  facet normal -0.9841370161865922 0.17741007122300345 0
    outer loop
      vertex 86.40728759765625 -17.060062408447266 55.00580749511718
      vertex 86.40728759765625 -17.060062408447266 62.150537109374994
      vertex 86.92530059814453 -14.186517715454102 55.00580749511718
    endloop
  endfacet
  facet normal 0.9806475114092374 -0.18941187436311854 0.049533829017348256
    outer loop
      vertex 88.14814758300781 -18.532949447631836 55.00580749511718
      vertex 88.70939636230469 -15.627180099487305 55.00580749511718
      vertex 88.42589569091797 -15.713305473327637 60.289086914062494
    endloop
  endfacet
  facet normal 0.9863408167468374 -0.15709575189303113 0.04952492257787837
    outer loop
      vertex 88.70939636230469 -15.627180099487305 55.00580749511718
      vertex 89.17488861083984 -12.70454216003418 55.00580749511718
      vertex 88.8939208984375 -12.803054809570312 60.289086914062494
    endloop
  endfacet
  facet normal 0.9860629499847267 -0.1585782017134198 0.05032705642849038
    outer loop
      vertex 88.70939636230469 -15.627180099487305 55.00580749511718
      vertex 88.8939208984375 -12.803054809570312 60.289086914062494
      vertex 88.42589569091797 -15.713305473327637 60.289086914062494
    endloop
  endfacet
  facet normal -0.9702191104143084 0.2422289780081401 0
    outer loop
      vertex 85.7943115234375 -19.914857864379883 55.00580749511718
      vertex 85.0870361328125 -22.747764587402344 62.150537109374994
      vertex 85.7943115234375 -19.914857864379883 62.150537109374994
    endloop
  endfacet
  facet normal 0.7151413418410988 -0.1637503801308004 0.679528273287235
    outer loop
      vertex 87.20470428466797 -21.479909896850586 60.289086914062494
      vertex 87.86261749267578 -18.60662841796875 60.289086914062494
      vertex 85.7943115234375 -19.914857864379883 62.150537109374994
    endloop
  endfacet
  facet normal -0.9777157310711907 0.20993320179506392 0
    outer loop
      vertex 86.40728759765625 -17.060062408447266 55.00580749511718
      vertex 85.7943115234375 -19.914857864379883 62.150537109374994
      vertex 86.40728759765625 -17.060062408447266 62.150537109374994
    endloop
  endfacet
  facet normal 0.7073592416032563 -0.17660227915424384 0.684437388163441
    outer loop
      vertex 87.20470428466797 -21.479909896850586 60.289086914062494
      vertex 85.7943115234375 -19.914857864379883 62.150537109374994
      vertex 85.0870361328125 -22.747764587402344 62.150537109374994
    endloop
  endfacet
  facet normal 0.7128088551931073 -0.15305291761503545 0.6844547759843722
    outer loop
      vertex 87.86261749267578 -18.60662841796875 60.289086914062494
      vertex 86.40728759765625 -17.060062408447266 62.150537109374994
      vertex 85.7943115234375 -19.914857864379883 62.150537109374994
    endloop
  endfacet
  facet normal 0.7201449911910691 -0.1401993420273232 0.6795111008346519
    outer loop
      vertex 87.86261749267578 -18.60662841796875 60.289086914062494
      vertex 88.42589569091797 -15.713305473327637 60.289086914062494
      vertex 86.40728759765625 -17.060062408447266 62.150537109374994
    endloop
  endfacet
  facet normal -0.9841370161865922 0.17741007122300345 0
    outer loop
      vertex 86.92530059814453 -14.186517715454102 55.00580749511718
      vertex 86.40728759765625 -17.060062408447266 62.150537109374994
      vertex 86.92530059814453 -14.186517715454102 62.150537109374994
    endloop
  endfacet
  facet normal 0.724371514131233 -0.11649310227621597 0.6794963330565428
    outer loop
      vertex 86.92530059814453 -14.186517715454102 62.150537109374994
      vertex 88.42589569091797 -15.713305473327637 60.289086914062494
      vertex 88.8939208984375 -12.803054809570312 60.289086914062494
    endloop
  endfacet
  facet normal 0.7174741293978322 -0.12933883626322026 0.6844723070211814
    outer loop
      vertex 86.40728759765625 -17.060062408447266 62.150537109374994
      vertex 88.42589569091797 -15.713305473327637 60.289086914062494
      vertex 86.92530059814453 -14.186517715454102 62.150537109374994
    endloop
  endfacet
  facet normal -0.8839972730255797 0.1292667555104648 -0.4492648742146843
    outer loop
      vertex 86.92530059814453 -14.186517715454102 55.00580749511718
      vertex 87.3477783203125 -11.297382354736328 55.00580749511718
      vertex 89.17488861083984 -12.70454216003418 51.00580749511718
    endloop
  endfacet
  facet normal -0.8877881365321153 0.09989217400165397 -0.44928140202556516
    outer loop
      vertex 89.54411315917969 -9.768189430236816 51.00580749511718
      vertex 87.3477783203125 -11.297382354736328 55.00580749511718
      vertex 87.67425537109375 -8.395829200744629 55.00580749511718
    endloop
  endfacet
  facet normal -0.888467871067466 0.11171823639593391 -0.4451335504513525
    outer loop
      vertex 89.17488861083984 -12.70454216003418 51.00580749511718
      vertex 87.3477783203125 -11.297382354736328 55.00580749511718
      vertex 89.54411315917969 -9.768189430236816 51.00580749511718
    endloop
  endfacet
  facet normal 0 0 1
    outer loop
      vertex 89.17488861083984 -12.70454216003418 55.00580749511718
      vertex 93.21907043457031 -12.663900375366211 55.00580749511718
      vertex 89.54411315917969 -9.768189430236816 55.00580749511718
    endloop
  endfacet
  facet normal 0 0 1
    outer loop
      vertex 89.54411315917969 -9.768189430236816 55.00580749511718
      vertex 93.21907043457031 -12.663900375366211 55.00580749511718
      vertex 93.5790786743164 -9.650161743164062 55.00580749511718
    endloop
  endfacet
  facet normal -0.8916660338342909 0.08247300146053245 -0.4451178362370084
    outer loop
      vertex 89.54411315917969 -9.768189430236816 51.00580749511718
      vertex 87.67425537109375 -8.395829200744629 55.00580749511718
      vertex 89.81668090820312 -6.821292877197266 51.00580749511718
    endloop
  endfacet
  facet normal -0.8939011623460726 0.05313485843098775 -0.44510380674159494
    outer loop
      vertex 89.81668090820312 -6.821292877197266 51.00580749511718
      vertex 87.90437316894531 -5.485049247741699 55.00580749511718
      vertex 89.9922866821289 -3.867032527923584 51.00580749511718
    endloop
  endfacet
  facet normal 0 0 1
    outer loop
      vertex 89.54411315917969 -9.768189430236816 55.00580749511718
      vertex 93.5790786743164 -9.650161743164062 55.00580749511718
      vertex 89.81668090820312 -6.821292877197266 55.00580749511718
    endloop
  endfacet
  facet normal -0.890603321348858 0.07040850850187244 -0.4492976362423072
    outer loop
      vertex 89.81668090820312 -6.821292877197266 51.00580749511718
      vertex 87.67425537109375 -8.395829200744629 55.00580749511718
      vertex 87.90437316894531 -5.485049247741699 55.00580749511718
    endloop
  endfacet
  facet normal 0 0 1
    outer loop
      vertex 93.5790786743164 -9.650161743164062 55.00580749511718
      vertex 93.8416748046875 -6.626377105712891 55.00580749511718
      vertex 89.81668090820312 -6.821292877197266 55.00580749511718
    endloop
  endfacet
  facet normal 0 0 1
    outer loop
      vertex 89.81668090820312 -6.821292877197266 55.00580749511718
      vertex 93.8416748046875 -6.626377105712891 55.00580749511718
      vertex 89.9922866821289 -3.867032527923584 55.00580749511718
    endloop
  endfacet
  facet normal -0.8951711348981917 0.023743154394933796 -0.4450897683214723
    outer loop
      vertex 89.9922866821289 -3.867032527923584 51.00580749511718
      vertex 88.03788757324219 -2.5682411193847656 55.00580749511718
      vertex 90.07075500488281 -0.9085975885391235 51.00580749511718
    endloop
  endfacet
  facet normal -0.8924411113352682 0.04085073069824784 -0.4493106726977346
    outer loop
      vertex 87.90437316894531 -5.485049247741699 55.00580749511718
      vertex 88.03788757324219 -2.5682411193847656 55.00580749511718
      vertex 89.9922866821289 -3.867032527923584 51.00580749511718
    endloop
  endfacet
  facet normal 0 0 1
    outer loop
      vertex 93.8416748046875 -6.626377105712891 55.00580749511718
      vertex 94.006591796875 -3.5956952571868896 55.00580749511718
      vertex 89.9922866821289 -3.867032527923584 55.00580749511718
    endloop
  endfacet
  facet normal 0 0 1
    outer loop
      vertex 89.9922866821289 -3.867032527923584 55.00580749511718
      vertex 94.006591796875 -3.5956952571868896 55.00580749511718
      vertex 90.07075500488281 -0.9085975885391235 55.00580749511718
    endloop
  endfacet
  facet normal 0 0 1
    outer loop
      vertex 94.006591796875 -3.5956952571868896 55.00580749511718
      vertex 94.07366180419922 -0.5612705945968628 55.00580749511718
      vertex 90.07075500488281 -0.9085975885391235 55.00580749511718
    endloop
  endfacet
  facet normal -0.8954735313245376 -0.00567900102438457 -0.4450785364905024
    outer loop
      vertex 90.07075500488281 -0.9085975885391235 51.00580749511718
      vertex 88.07463836669922 0.35138967633247375 55.00580749511718
      vertex 90.05198669433594 2.0508182048797607 51.00580749511718
    endloop
  endfacet
  facet normal -0.8932982090227359 0.011244373097957268 -0.44932379619869495
    outer loop
      vertex 90.07075500488281 -0.9085975885391235 51.00580749511718
      vertex 88.03788757324219 -2.5682411193847656 55.00580749511718
      vertex 88.07463836669922 0.35138967633247375 55.00580749511718
    endloop
  endfacet
  facet normal -0.8931742962142982 -0.018373237829563585 -0.4493351763591976
    outer loop
      vertex 90.05198669433594 2.0508182048797607 51.00580749511718
      vertex 88.07463836669922 0.35138967633247375 55.00580749511718
      vertex 88.01458740234375 3.270634412765503 55.00580749511718
    endloop
  endfacet
  facet normal 0 0 1
    outer loop
      vertex 90.07075500488281 -0.9085975885391235 55.00580749511718
      vertex 94.07366180419922 -0.5612705945968628 55.00580749511718
      vertex 90.05198669433594 2.0508182048797607 55.00580749511718
    endloop
  endfacet
  facet normal 0 0 1
    outer loop
      vertex 90.05198669433594 2.0508182048797607 55.00580749511718
      vertex 94.07366180419922 -0.5612705945968628 55.00580749511718
      vertex 94.04280853271484 2.473738193511963 55.00580749511718
    endloop
  endfacet
  facet normal -0.9894768864629941 0.14469101960902386 0
    outer loop
      vertex 86.92530059814453 -14.186517715454102 55.00580749511718
      vertex 86.92530059814453 -14.186517715454102 62.150537109374994
      vertex 87.3477783203125 -11.297382354736328 55.00580749511718
    endloop
  endfacet
  facet normal -0.9937293253108169 0.11181246807627672 0
    outer loop
      vertex 87.3477783203125 -11.297382354736328 55.00580749511718
      vertex 87.3477783203125 -11.297382354736328 62.150537109374994
      vertex 87.67425537109375 -8.395829200744629 55.00580749511718
    endloop
  endfacet
  facet normal -0.9968895607898067 0.07881118948668628 0
    outer loop
      vertex 87.67425537109375 -8.395829200744629 55.00580749511718
      vertex 87.67425537109375 -8.395829200744629 62.150537109374994
      vertex 87.90437316894531 -5.485049247741699 55.00580749511718
    endloop
  endfacet
  facet normal 0.9909697995519319 -0.12460709265103771 0.0495169550463232
    outer loop
      vertex 89.17488861083984 -12.70454216003418 55.00580749511718
      vertex 89.54411315917969 -9.768189430236816 55.00580749511718
      vertex 89.26618194580078 -9.879014015197754 60.289086914062494
    endloop
  endfacet
  facet normal 0.9907357092531721 -0.12613104218538407 0.05033601700415651
    outer loop
      vertex 89.17488861083984 -12.70454216003418 55.00580749511718
      vertex 89.26618194580078 -9.879014015197754 60.289086914062494
      vertex 88.8939208984375 -12.803054809570312 60.289086914062494
    endloop
  endfacet
  facet normal 0.9945287003785843 -0.09198709365002854 0.04950796627922635
    outer loop
      vertex 89.54411315917969 -9.768189430236816 55.00580749511718
      vertex 89.81668090820312 -6.821292877197266 55.00580749511718
      vertex 89.54229736328125 -6.94433069229126 60.289086914062494
    endloop
  endfacet
  facet normal 0.9943404239132932 -0.09355446263094913 0.05034564423827087
    outer loop
      vertex 89.54411315917969 -9.768189430236816 55.00580749511718
      vertex 89.54229736328125 -6.94433069229126 60.289086914062494
      vertex 89.26618194580078 -9.879014015197754 60.289086914062494
    endloop
  endfacet
  facet normal 0.9968746294694023 -0.06087204833906783 0.05035441243076796
    outer loop
      vertex 89.81668090820312 -6.821292877197266 55.00580749511718
      vertex 89.72195434570312 -4.002167701721191 60.289086914062494
      vertex 89.54229736328125 -6.94433069229126 60.289086914062494
    endloop
  endfacet
  facet normal -0.9894768864629941 0.14469101960902386 0
    outer loop
      vertex 86.92530059814453 -14.186517715454102 62.150537109374994
      vertex 87.3477783203125 -11.297382354736328 62.150537109374994
      vertex 87.3477783203125 -11.297382354736328 55.00580749511718
    endloop
  endfacet
  facet normal 0.7213533869919092 -0.1054833705468123 0.684487070450118
    outer loop
      vertex 86.92530059814453 -14.186517715454102 62.150537109374994
      vertex 88.8939208984375 -12.803054809570312 60.289086914062494
      vertex 87.3477783203125 -11.297382354736328 62.150537109374994
    endloop
  endfacet
  facet normal 0.7244432187870798 -0.08151292531129634 0.6844981123134016
    outer loop
      vertex 87.3477783203125 -11.297382354736328 62.150537109374994
      vertex 89.26618194580078 -9.879014015197754 60.289086914062494
      vertex 87.67425537109375 -8.395829200744629 62.150537109374994
    endloop
  endfacet
  facet normal -0.9937293253108169 0.11181246807627672 0
    outer loop
      vertex 87.67425537109375 -8.395829200744629 55.00580749511718
      vertex 87.3477783203125 -11.297382354736328 62.150537109374994
      vertex 87.67425537109375 -8.395829200744629 62.150537109374994
    endloop
  endfacet
  facet normal -0.9968895607898067 0.07881118948668628 0
    outer loop
      vertex 87.90437316894531 -5.485049247741699 55.00580749511718
      vertex 87.67425537109375 -8.395829200744629 62.150537109374994
      vertex 87.90437316894531 -5.485049247741699 62.150537109374994
    endloop
  endfacet
  facet normal 0.7278171845120714 -0.09265875767427388 0.679482524098436
    outer loop
      vertex 87.3477783203125 -11.297382354736328 62.150537109374994
      vertex 88.8939208984375 -12.803054809570312 60.289086914062494
      vertex 89.26618194580078 -9.879014015197754 60.289086914062494
    endloop
  endfacet
  facet normal 0.7304762935975958 -0.06872829009929673 0.6794709755625665
    outer loop
      vertex 87.67425537109375 -8.395829200744629 62.150537109374994
      vertex 89.26618194580078 -9.879014015197754 60.289086914062494
      vertex 89.54229736328125 -6.94433069229126 60.289086914062494
    endloop
  endfacet
  facet normal 0.7323462291607837 -0.04471917906681722 0.6794624313805516
    outer loop
      vertex 87.90437316894531 -5.485049247741699 62.150537109374994
      vertex 89.54229736328125 -6.94433069229126 60.289086914062494
      vertex 89.72195434570312 -4.002167701721191 60.289086914062494
    endloop
  endfacet
  facet normal 0.7267364469422974 -0.05745366997470937 0.6845094685189698
    outer loop
      vertex 87.67425537109375 -8.395829200744629 62.150537109374994
      vertex 89.54229736328125 -6.94433069229126 60.289086914062494
      vertex 87.90437316894531 -5.485049247741699 62.150537109374994
    endloop
  endfacet
  facet normal -0.9989540071724846 0.04572626765914211 0
    outer loop
      vertex 87.90437316894531 -5.485049247741699 55.00580749511718
      vertex 87.90437316894531 -5.485049247741699 62.150537109374994
      vertex 88.03788757324219 -2.5682411193847656 55.00580749511718
    endloop
  endfacet
  facet normal -0.9999207870900587 0.012586482638025247 0
    outer loop
      vertex 88.03788757324219 -2.5682411193847656 55.00580749511718
      vertex 88.03788757324219 -2.5682411193847656 62.150537109374994
      vertex 88.07463836669922 0.35138967633247375 55.00580749511718
    endloop
  endfacet
  facet normal -0.9997884898752544 -0.02056636849223764 0
    outer loop
      vertex 88.07463836669922 0.35138967633247375 55.00580749511718
      vertex 88.07463836669922 0.35138967633247375 62.150537109374994
      vertex 88.01458740234375 3.270634412765503 55.00580749511718
    endloop
  endfacet
  facet normal 0.9970143573219378 -0.05926406515785884 0.04949890781510739
    outer loop
      vertex 89.81668090820312 -6.821292877197266 55.00580749511718
      vertex 89.9922866821289 -3.867032527923584 55.00580749511718
      vertex 89.72195434570312 -4.002167701721191 60.289086914062494
    endloop
  endfacet
  facet normal 0.9984234724155117 -0.026481777319354118 0.04949025358350926
    outer loop
      vertex 89.9922866821289 -3.867032527923584 55.00580749511718
      vertex 90.07075500488281 -0.9085975885391235 55.00580749511718
      vertex 89.80496978759766 -1.055693507194519 60.289086914062494
    endloop
  endfacet
  facet normal 0.9983348232823407 -0.0281275860713234 0.05036287842864011
    outer loop
      vertex 89.9922866821289 -3.867032527923584 55.00580749511718
      vertex 89.80496978759766 -1.055693507194519 60.289086914062494
      vertex 89.72195434570312 -4.002167701721191 60.289086914062494
    endloop
  endfacet
  facet normal 0.9987549609960991 0.006334001227502945 0.04948139361548487
    outer loop
      vertex 90.07075500488281 -0.9085975885391235 55.00580749511718
      vertex 90.05198669433594 2.0508182048797607 55.00580749511718
      vertex 89.79124450683594 1.8919178247451782 60.289086914062494
    endloop
  endfacet
  facet normal 0.9987197012980725 0.004650446330573534 0.05037193254199577
    outer loop
      vertex 90.07075500488281 -0.9085975885391235 55.00580749511718
      vertex 89.79124450683594 1.8919178247451782 60.289086914062494
      vertex 89.80496978759766 -1.055693507194519 60.289086914062494
    endloop
  endfacet
  facet normal -0.9989540071724846 0.04572626765914211 0
    outer loop
      vertex 88.03788757324219 -2.5682411193847656 55.00580749511718
      vertex 87.90437316894531 -5.485049247741699 62.150537109374994
      vertex 88.03788757324219 -2.5682411193847656 62.150537109374994
    endloop
  endfacet
  facet normal -0.9999207870900587 0.012586482638025247 0
    outer loop
      vertex 88.07463836669922 0.35138967633247375 55.00580749511718
      vertex 88.03788757324219 -2.5682411193847656 62.150537109374994
      vertex 88.07463836669922 0.35138967633247375 62.150537109374994
    endloop
  endfacet
  facet normal -0.9997884898752544 -0.02056636849223764 0
    outer loop
      vertex 88.07463836669922 0.35138967633247375 62.150537109374994
      vertex 88.01458740234375 3.270634412765503 62.150537109374994
      vertex 88.01458740234375 3.270634412765503 55.00580749511718
    endloop
  endfacet
  facet normal 0.733426813392101 -0.020663934924033497 0.6794542745402103
    outer loop
      vertex 88.03788757324219 -2.5682411193847656 62.150537109374994
      vertex 89.72195434570312 -4.002167701721191 60.289086914062494
      vertex 89.80496978759766 -1.055693507194519 60.289086914062494
    endloop
  endfacet
  facet normal 0.7282343842544677 -0.03333430781990014 0.6845169870147011
    outer loop
      vertex 87.90437316894531 -5.485049247741699 62.150537109374994
      vertex 89.72195434570312 -4.002167701721191 60.289086914062494
      vertex 88.03788757324219 -2.5682411193847656 62.150537109374994
    endloop
  endfacet
  facet normal 0.7337142467084921 0.003416472832027046 0.6794495800943424
    outer loop
      vertex 88.07463836669922 0.35138967633247375 62.150537109374994
      vertex 89.80496978759766 -1.055693507194519 60.289086914062494
      vertex 89.79124450683594 1.8919178247451782 60.289086914062494
    endloop
  endfacet
  facet normal 0.7289330625267108 -0.009175430148297026 0.684523485234089
    outer loop
      vertex 88.03788757324219 -2.5682411193847656 62.150537109374994
      vertex 89.80496978759766 -1.055693507194519 60.289086914062494
      vertex 88.07463836669922 0.35138967633247375 62.150537109374994
    endloop
  endfacet
  facet normal 0.728832409385341 0.01499260698867876 0.6845279693082247
    outer loop
      vertex 88.07463836669922 0.35138967633247375 62.150537109374994
      vertex 89.79124450683594 1.8919178247451782 60.289086914062494
      vertex 88.01458740234375 3.270634412765503 62.150537109374994
    endloop
  endfacet
  facet normal 0 -1 0
    outer loop
      vertex 84.57284545898438 31 0
      vertex 84.57284545898438 31 51.00580749511718
      vertex 39 31 51.00580749511718
    endloop
  endfacet
  facet normal 0 1 0
    outer loop
      vertex 59.07330322265625 35 15.387780761718744
      vertex 36 35 55.00580749511718
      vertex 87.32221221923828 35 55.00580749511718
    endloop
  endfacet
  facet normal -0.9992318749001768 -0.039187500347400046 0
    outer loop
      vertex 89.9360122680664 5.008019924163818 13.005807495117182
      vertex 90.05198669433594 2.0508182048797607 51.00580749511718
      vertex 89.9360122680664 5.008019924163818 51.00580749511718
    endloop
  endfacet
  facet normal -0.9974050253016596 -0.07199455189801297 0
    outer loop
      vertex 89.72294616699219 7.959815502166748 13.005807495117182
      vertex 89.9360122680664 5.008019924163818 51.00580749511718
      vertex 89.72294616699219 7.959815502166748 51.00580749511718
    endloop
  endfacet
  facet normal -0.9945018378940641 -0.10471912158401976 0
    outer loop
      vertex 89.41303253173828 10.903018951416016 13.005807495117182
      vertex 89.72294616699219 7.959815502166748 51.00580749511718
      vertex 89.41303253173828 10.903018951416016 51.00580749511718
    endloop
  endfacet
  facet normal -0.9793683338885072 -0.20208331592798442 0
    outer loop
      vertex 87.90602111816406 19.649368286132812 13.005807495117182
      vertex 88.50408172607422 16.750951766967773 51.00580749511718
      vertex 87.90602111816406 19.649368286132812 51.00580749511718
    endloop
  endfacet
  facet normal -0.9905249562807807 -0.13733284743628327 0
    outer loop
      vertex 89.00659942626953 13.834452629089355 13.005807495117182
      vertex 89.41303253173828 10.903018951416016 51.00580749511718
      vertex 89.00659942626953 13.834452629089355 51.00580749511718
    endloop
  endfacet
  facet normal -0.9854786091901256 -0.16979961963648682 0
    outer loop
      vertex 88.50408172607422 16.750951766967773 13.005807495117182
      vertex 89.00659942626953 13.834452629089355 51.00580749511718
      vertex 88.50408172607422 16.750951766967773 51.00580749511718
    endloop
  endfacet
  facet normal 0.9990999464205926 0.042418121862820436 0
    outer loop
      vertex 94.04280853271484 2.473738193511963 15.005807495117182
      vertex 93.9140625 5.506172180175781 55.00580749511718
      vertex 94.04280853271484 2.473738193511963 55.00580749511718
    endloop
  endfacet
  facet normal 0.9972116114242929 0.07462574649921536 0
    outer loop
      vertex 93.9140625 5.506172180175781 15.005807495117182
      vertex 93.68756103515625 8.53287410736084 55.00580749511718
      vertex 93.9140625 5.506172180175781 55.00580749511718
    endloop
  endfacet
  facet normal 0.9942853138329069 0.10675539656709643 0
    outer loop
      vertex 93.68756103515625 8.53287410736084 15.005807495117182
      vertex 93.36354064941406 11.550695419311523 55.00580749511718
      vertex 93.68756103515625 8.53287410736084 55.00580749511718
    endloop
  endfacet
  facet normal 0.9903239996603308 0.13877454988853385 0
    outer loop
      vertex 93.36354064941406 11.550695419311523 15.005807495117182
      vertex 92.94233703613281 14.55649185180664 55.00580749511718
      vertex 93.36354064941406 11.550695419311523 55.00580749511718
    endloop
  endfacet
  facet normal 0.9853316703752354 0.17065022518458214 0
    outer loop
      vertex 92.94233703613281 14.55649185180664 15.005807495117182
      vertex 92.42438507080078 17.547138214111328 55.00580749511718
      vertex 92.94233703613281 14.55649185180664 55.00580749511718
    endloop
  endfacet
  facet normal 0.9793137572318028 0.2023476337804067 0
    outer loop
      vertex 92.42438507080078 17.547138214111328 15.005807495117182
      vertex 91.81022644042969 20.51951789855957 55.00580749511718
      vertex 92.42438507080078 17.547138214111328 55.00580749511718
    endloop
  endfacet
  facet normal -0.9722016047070972 -0.23414533906303822 0
    outer loop
      vertex 87.21307373046875 22.526575088500977 13.005807495117182
      vertex 87.90602111816406 19.649368286132812 51.00580749511718
      vertex 87.21307373046875 22.526575088500977 51.00580749511718
    endloop
  endfacet
  facet normal -0.9639841175858633 -0.265959810953092 0
    outer loop
      vertex 86.42597198486328 25.37946319580078 13.005807495117182
      vertex 87.21307373046875 22.526575088500977 51.00580749511718
      vertex 86.42597198486328 25.37946319580078 51.00580749511718
    endloop
  endfacet
  facet normal -0.9444390150425453 -0.3286867001651676 0
    outer loop
      vertex 85.54558563232422 28.2049560546875 13.005807495117182
      vertex 85.54558563232422 28.2049560546875 51.00580749511718
      vertex 84.57284545898438 31 51.00580749511718
    endloop
  endfacet
  facet normal -0.9547278560742883 -0.29748062262237013 0
    outer loop
      vertex 85.54558563232422 28.2049560546875 13.005807495117182
      vertex 86.42597198486328 25.37946319580078 51.00580749511718
      vertex 85.54558563232422 28.2049560546875 51.00580749511718
    endloop
  endfacet
  facet normal 0.9722771591462547 0.23383140465405544 0
    outer loop
      vertex 91.81022644042969 20.51951789855957 15.005807495117182
      vertex 91.10050964355469 23.470539093017578 55.00580749511718
      vertex 91.81022644042969 20.51951789855957 55.00580749511718
    endloop
  endfacet
  facet normal 0.9642274647432014 0.2650762083531796 0
    outer loop
      vertex 91.10050964355469 23.470539093017578 15.005807495117182
      vertex 90.29595947265625 26.39712905883789 55.00580749511718
      vertex 91.10050964355469 23.470539093017578 55.00580749511718
    endloop
  endfacet
  facet normal 0.9340962939081002 0.35702116702956427 0
    outer loop
      vertex 88.40583038330078 32.16486358642578 15.005807495117182
      vertex 87.32221221923828 35 55.00580749511718
      vertex 88.40583038330078 32.16486358642578 55.00580749511718
    endloop
  endfacet
  facet normal 0.9551749214695583 0.2960420061336283 0
    outer loop
      vertex 90.29595947265625 26.39712905883789 15.005807495117182
      vertex 89.39742279052734 29.29624366760254 55.00580749511718
      vertex 90.29595947265625 26.39712905883789 55.00580749511718
    endloop
  endfacet
  facet normal 0.9451276922667279 0.326701155967605 0
    outer loop
      vertex 89.39742279052734 29.29624366760254 15.005807495117182
      vertex 88.40583038330078 32.16486358642578 55.00580749511718
      vertex 89.39742279052734 29.29624366760254 55.00580749511718
    endloop
  endfacet
  facet normal 0 -0.894427190999916 -0.447213595499958
    outer loop
      vertex 39 31 51.00580749511718
      vertex 83.1640853881836 29 55.00580749511718
      vertex 39.5 29 55.00580749511718
    endloop
  endfacet
  facet normal 0 0 1
    outer loop
      vertex 36 35 55.00580749511718
      vertex 39.5 31 55.00580749511718
      vertex 87.32221221923828 35 55.00580749511718
    endloop
  endfacet
  facet normal 0 -0.894427190999916 -0.447213595499958
    outer loop
      vertex 39 31 51.00580749511718
      vertex 84.57284545898438 31 51.00580749511718
      vertex 83.1640853881836 29 55.00580749511718
    endloop
  endfacet
  facet normal 0 0 1
    outer loop
      vertex 39.5 31 55.00580749511718
      vertex 84.57284545898438 31 55.00580749511718
      vertex 87.32221221923828 35 55.00580749511718
    endloop
  endfacet
  facet normal 5.605315212599909e-9 0.9987523412531164 0.049937569438433006
    outer loop
      vertex 39.5 31 55.00580749511718
      vertex 39.5 30.600000381469727 63.00580749511718
      vertex 84.38812255859375 30.735836029052734 60.289086914062494
    endloop
  endfacet
  facet normal 0 -1 0
    outer loop
      vertex 39.5 29 55.00580749511718
      vertex 83.1640853881836 29 62.150537109374994
      vertex 39.5 29 63.00580749511718
    endloop
  endfacet
  facet normal 0 0 1
    outer loop
      vertex 39.5 29 63.00580749511718
      vertex 81.93492889404297 30.067930221557617 63.00580749511718
      vertex 39.5 30.600000381469727 63.00580749511718
    endloop
  endfacet
  facet normal 0 0.9987523388778446 0.04993761694389223
    outer loop
      vertex 39.5 31 55.00580749511718
      vertex 84.38812255859375 30.735836029052734 60.289086914062494
      vertex 84.57284545898438 31 55.00580749511718
    endloop
  endfacet
  facet normal 0 -1 0
    outer loop
      vertex 39.5 29 55.00580749511718
      vertex 83.1640853881836 29 55.00580749511718
      vertex 83.1640853881836 29 62.150537109374994
    endloop
  endfacet
  facet normal 2.6918654664415933e-8 0.9987523236890643 0.04993792071856675
    outer loop
      vertex 39.5 30.600000381469727 63.00580749511718
      vertex 83.05342102050781 30.667383193969727 61.65813598632812
      vertex 84.38812255859375 30.735836029052734 60.289086914062494
    endloop
  endfacet
  facet normal 0 -1 0
    outer loop
      vertex 39.5 29 63.00580749511718
      vertex 82.88243103027344 29 62.43567810058593
      vertex 82.6007308959961 29 62.72077331542968
    endloop
  endfacet
  facet normal 0 0 1
    outer loop
      vertex 39.5 29 63.00580749511718
      vertex 82.3189697265625 29 63.00580749511718
      vertex 82.1286849975586 29.534589767456055 63.00580749511718
    endloop
  endfacet
  facet normal 0 -1 0
    outer loop
      vertex 39.5 29 63.00580749511718
      vertex 82.6007308959961 29 62.72077331542968
      vertex 82.3189697265625 29 63.00580749511718
    endloop
  endfacet
  facet normal 0 0 1
    outer loop
      vertex 39.5 29 63.00580749511718
      vertex 82.1286849975586 29.534589767456055 63.00580749511718
      vertex 81.93492889404297 30.067930221557617 63.00580749511718
    endloop
  endfacet
  facet normal 0 -1 0
    outer loop
      vertex 39.5 29 63.00580749511718
      vertex 83.1640853881836 29 62.150537109374994
      vertex 82.88243103027344 29 62.43567810058593
    endloop
  endfacet
  facet normal 0 0 1
    outer loop
      vertex 39.5 30.600000381469727 63.00580749511718
      vertex 81.93492889404297 30.067930221557617 63.00580749511718
      vertex 81.73770904541016 30.600000381469727 63.00580749511718
    endloop
  endfacet
  facet normal 0 0.998752367077709 0.04993705294341281
    outer loop
      vertex 39.5 30.600000381469727 63.00580749511718
      vertex 81.73770904541016 30.600000381469727 63.00580749511718
      vertex 83.05342102050781 30.667383193969727 61.65813598632812
    endloop
  endfacet
  facet normal -0.8869233898499918 -0.1069675704004076 -0.44936047825730463
    outer loop
      vertex 87.6044692993164 9.095135688781738 55.00580749511718
      vertex 87.25485229492188 11.993990898132324 55.00580749511718
      vertex 89.41303253173828 10.903018951416016 51.00580749511718
    endloop
  endfacet
  facet normal -0.8948084311166632 -0.03509226095168727 -0.4450689888363764
    outer loop
      vertex 90.05198669433594 2.0508182048797607 51.00580749511718
      vertex 88.01458740234375 3.270634412765503 55.00580749511718
      vertex 89.9360122680664 5.008019924163818 51.00580749511718
    endloop
  endfacet
  facet normal -0.8931772095090051 -0.06447119408153185 -0.44505947641569016
    outer loop
      vertex 89.9360122680664 5.008019924163818 51.00580749511718
      vertex 87.8578109741211 6.18628454208374 55.00580749511718
      vertex 89.72294616699219 7.959815502166748 51.00580749511718
    endloop
  endfacet
  facet normal -0.8920694042165878 -0.04796715954135821 -0.4493454458055586
    outer loop
      vertex 89.9360122680664 5.008019924163818 51.00580749511718
      vertex 88.01458740234375 3.270634412765503 55.00580749511718
      vertex 87.8578109741211 6.18628454208374 55.00580749511718
    endloop
  endfacet
  facet normal 0 0 1
    outer loop
      vertex 90.05198669433594 2.0508182048797607 55.00580749511718
      vertex 94.04280853271484 2.473738193511963 55.00580749511718
      vertex 89.9360122680664 5.008019924163818 55.00580749511718
    endloop
  endfacet
  facet normal 0 0 1
    outer loop
      vertex 94.04280853271484 2.473738193511963 55.00580749511718
      vertex 93.9140625 5.506172180175781 55.00580749511718
      vertex 89.9360122680664 5.008019924163818 55.00580749511718
    endloop
  endfacet
  facet normal 0 0 1
    outer loop
      vertex 89.9360122680664 5.008019924163818 55.00580749511718
      vertex 93.9140625 5.506172180175781 55.00580749511718
      vertex 89.72294616699219 7.959815502166748 55.00580749511718
    endloop
  endfacet
  facet normal -0.8905809849336296 -0.09377645660179777 -0.44505222779114056
    outer loop
      vertex 89.72294616699219 7.959815502166748 51.00580749511718
      vertex 87.6044692993164 9.095135688781738 55.00580749511718
      vertex 89.41303253173828 10.903018951416016 51.00580749511718
    endloop
  endfacet
  facet normal -0.8899852310456356 -0.07751182085768889 -0.4493530974055614
    outer loop
      vertex 89.72294616699219 7.959815502166748 51.00580749511718
      vertex 87.8578109741211 6.18628454208374 55.00580749511718
      vertex 87.6044692993164 9.095135688781738 55.00580749511718
    endloop
  endfacet
  facet normal 0 0 1
    outer loop
      vertex 89.72294616699219 7.959815502166748 55.00580749511718
      vertex 93.68756103515625 8.53287410736084 55.00580749511718
      vertex 89.41303253173828 10.903018951416016 55.00580749511718
    endloop
  endfacet
  facet normal 0 0 1
    outer loop
      vertex 93.9140625 5.506172180175781 55.00580749511718
      vertex 93.68756103515625 8.53287410736084 55.00580749511718
      vertex 89.72294616699219 7.959815502166748 55.00580749511718
    endloop
  endfacet
  facet normal 0 0 1
    outer loop
      vertex 93.68756103515625 8.53287410736084 55.00580749511718
      vertex 93.36354064941406 11.550695419311523 55.00580749511718
      vertex 89.41303253173828 10.903018951416016 55.00580749511718
    endloop
  endfacet
  facet normal -0.8828871087096235 -0.1363087894744142 -0.4493665176516618
    outer loop
      vertex 89.00659942626953 13.834452629089355 51.00580749511718
      vertex 87.25485229492188 11.993990898132324 55.00580749511718
      vertex 86.80933380126953 14.879663467407227 55.00580749511718
    endloop
  endfacet
  facet normal -0.8825057011020018 -0.15205721461300745 -0.4450418980350028
    outer loop
      vertex 89.00659942626953 13.834452629089355 51.00580749511718
      vertex 86.80933380126953 14.879663467407227 55.00580749511718
      vertex 88.50408172607422 16.750951766967773 51.00580749511718
    endloop
  endfacet
  facet normal -0.8770357293181158 -0.18096795887225373 -0.44503811899774504
    outer loop
      vertex 88.50408172607422 16.750951766967773 51.00580749511718
      vertex 86.2684097290039 17.74898338317871 55.00580749511718
      vertex 87.90602111816406 19.649368286132812 51.00580749511718
    endloop
  endfacet
  facet normal -0.8778816874562609 -0.16549821953840235 -0.4493707624652126
    outer loop
      vertex 88.50408172607422 16.750951766967773 51.00580749511718
      vertex 86.80933380126953 14.879663467407227 55.00580749511718
      vertex 86.2684097290039 17.74898338317871 55.00580749511718
    endloop
  endfacet
  facet normal -0.8870227009475675 -0.1229826189530363 -0.4450460688952714
    outer loop
      vertex 89.41303253173828 10.903018951416016 51.00580749511718
      vertex 87.25485229492188 11.993990898132324 55.00580749511718
      vertex 89.00659942626953 13.834452629089355 51.00580749511718
    endloop
  endfacet
  facet normal 0 0 1
    outer loop
      vertex 89.41303253173828 10.903018951416016 55.00580749511718
      vertex 93.36354064941406 11.550695419311523 55.00580749511718
      vertex 89.00659942626953 13.834452629089355 55.00580749511718
    endloop
  endfacet
  facet normal 0 0 1
    outer loop
      vertex 89.00659942626953 13.834452629089355 55.00580749511718
      vertex 93.36354064941406 11.550695419311523 55.00580749511718
      vertex 92.94233703613281 14.55649185180664 55.00580749511718
    endloop
  endfacet
  facet normal 0 0 1
    outer loop
      vertex 89.00659942626953 13.834452629089355 55.00580749511718
      vertex 92.94233703613281 14.55649185180664 55.00580749511718
      vertex 88.50408172607422 16.750951766967773 55.00580749511718
    endloop
  endfacet
  facet normal 0 0 1
    outer loop
      vertex 88.50408172607422 16.750951766967773 55.00580749511718
      vertex 92.42438507080078 17.547138214111328 55.00580749511718
      vertex 87.90602111816406 19.649368286132812 55.00580749511718
    endloop
  endfacet
  facet normal 0 0 1
    outer loop
      vertex 92.94233703613281 14.55649185180664 55.00580749511718
      vertex 92.42438507080078 17.547138214111328 55.00580749511718
      vertex 88.50408172607422 16.750951766967773 55.00580749511718
    endloop
  endfacet
  facet normal -0.9985574854138822 -0.05369309381945342 0
    outer loop
      vertex 88.01458740234375 3.270634412765503 55.00580749511718
      vertex 88.01458740234375 3.270634412765503 62.150537109374994
      vertex 87.8578109741211 6.18628454208374 55.00580749511718
    endloop
  endfacet
  facet normal -0.9962288122443956 -0.08676493332055775 0
    outer loop
      vertex 87.8578109741211 6.18628454208374 55.00580749511718
      vertex 87.8578109741211 6.18628454208374 62.150537109374994
      vertex 87.6044692993164 9.095135688781738 55.00580749511718
    endloop
  endfacet
  facet normal -0.9928055841409085 -0.11973751333074217 0
    outer loop
      vertex 87.6044692993164 9.095135688781738 55.00580749511718
      vertex 87.6044692993164 9.095135688781738 62.150537109374994
      vertex 87.25485229492188 11.993990898132324 55.00580749511718
    endloop
  endfacet
  facet normal 0.9980082309413182 0.0391395119382356 0.049473928271535975
    outer loop
      vertex 90.05198669433594 2.0508182048797607 55.00580749511718
      vertex 89.9360122680664 5.008019924163818 55.00580749511718
      vertex 89.68079376220703 4.837491035461426 60.289086914062494
    endloop
  endfacet
  facet normal 0.9980287038421519 0.03742328084033039 0.05038059505702613
    outer loop
      vertex 90.05198669433594 2.0508182048797607 55.00580749511718
      vertex 89.68079376220703 4.837491035461426 60.289086914062494
      vertex 89.79124450683594 1.8919178247451782 60.289086914062494
    endloop
  endfacet
  facet normal 0.9962627491497519 0.07015213051511118 0.0503906066719724
    outer loop
      vertex 89.9360122680664 5.008019924163818 55.00580749511718
      vertex 89.47374725341797 7.777853965759277 60.289086914062494
      vertex 89.68079376220703 4.837491035461426 60.289086914062494
    endloop
  endfacet
  facet normal 0.9961841083091061 0.07190642383613863 0.04946401281223372
    outer loop
      vertex 89.9360122680664 5.008019924163818 55.00580749511718
      vertex 89.72294616699219 7.959815502166748 55.00580749511718
      vertex 89.47374725341797 7.777853965759277 60.289086914062494
    endloop
  endfacet
  facet normal 0.9932848767392689 0.10459097792628466 0.04945584876916792
    outer loop
      vertex 89.72294616699219 7.959815502166748 55.00580749511718
      vertex 89.41303253173828 10.903018951416016 55.00580749511718
      vertex 89.17031860351562 10.709837913513184 60.289086914062494
    endloop
  endfacet
  facet normal 0.9934235861545314 0.10280860431003788 0.050398108612250914
    outer loop
      vertex 89.72294616699219 7.959815502166748 55.00580749511718
      vertex 89.17031860351562 10.709837913513184 60.289086914062494
      vertex 89.47374725341797 7.777853965759277 60.289086914062494
    endloop
  endfacet
  facet normal -0.9985574854138822 -0.05369309381945342 0
    outer loop
      vertex 87.8578109741211 6.18628454208374 55.00580749511718
      vertex 88.01458740234375 3.270634412765503 62.150537109374994
      vertex 87.8578109741211 6.18628454208374 62.150537109374994
    endloop
  endfacet
  facet normal -0.9962288122443956 -0.08676493332055775 0
    outer loop
      vertex 87.6044692993164 9.095135688781738 55.00580749511718
      vertex 87.8578109741211 6.18628454208374 62.150537109374994
      vertex 87.6044692993164 9.095135688781738 62.150537109374994
    endloop
  endfacet
  facet normal 0.7237423076874995 0.08728708379470052 0.684527601390762
    outer loop
      vertex 87.6044692993164 9.095135688781738 62.150537109374994
      vertex 89.17031860351562 10.709837913513184 60.289086914062494
      vertex 87.25485229492188 11.993990898132324 62.150537109374994
    endloop
  endfacet
  facet normal 0.7332094931612754 0.027493302218400403 0.6794468025322612
    outer loop
      vertex 89.79124450683594 1.8919178247451782 60.289086914062494
      vertex 89.68079376220703 4.837491035461426 60.289086914062494
      vertex 88.01458740234375 3.270634412765503 62.150537109374994
    endloop
  endfacet
  facet normal 0.7319142010332401 0.051537950807221525 0.6794449513775683
    outer loop
      vertex 87.8578109741211 6.18628454208374 62.150537109374994
      vertex 89.68079376220703 4.837491035461426 60.289086914062494
      vertex 89.47374725341797 7.777853965759277 60.289086914062494
    endloop
  endfacet
  facet normal 0.727933836697729 0.03914148194679637 0.6845292351547395
    outer loop
      vertex 88.01458740234375 3.270634412765503 62.150537109374994
      vertex 89.68079376220703 4.837491035461426 60.289086914062494
      vertex 87.8578109741211 6.18628454208374 62.150537109374994
    endloop
  endfacet
  facet normal 0.7298270030606444 0.0755292068944002 0.6794467488401287
    outer loop
      vertex 87.6044692993164 9.095135688781738 62.150537109374994
      vertex 89.47374725341797 7.777853965759277 60.289086914062494
      vertex 89.17031860351562 10.709837913513184 60.289086914062494
    endloop
  endfacet
  facet normal 0.726235784609567 0.06325032829023812 0.6845297518177743
    outer loop
      vertex 87.8578109741211 6.18628454208374 62.150537109374994
      vertex 89.47374725341797 7.777853965759277 60.289086914062494
      vertex 87.6044692993164 9.095135688781738 62.150537109374994
    endloop
  endfacet
  facet normal -0.9882908066570838 -0.1525820483447852 0
    outer loop
      vertex 87.25485229492188 11.993990898132324 55.00580749511718
      vertex 87.25485229492188 11.993990898132324 62.150537109374994
      vertex 86.80933380126953 14.879663467407227 55.00580749511718
    endloop
  endfacet
  facet normal 0.9781711864884444 0.20183629597860672 0.04942913664454524
    outer loop
      vertex 88.50408172607422 16.750951766967773 55.00580749511718
      vertex 87.90602111816406 19.649368286132812 55.00580749511718
      vertex 87.685546875 19.42400550842285 60.289086914062494
    endloop
  endfacet
  facet normal -0.9826901606921613 -0.18525670859327745 0
    outer loop
      vertex 86.80933380126953 14.879663467407227 55.00580749511718
      vertex 86.80933380126953 14.879663467407227 62.150537109374994
      vertex 86.2684097290039 17.74898338317871 55.00580749511718
    endloop
  endfacet
  facet normal -0.976009578033156 -0.2177275903222661 0
    outer loop
      vertex 86.2684097290039 17.74898338317871 55.00580749511718
      vertex 86.2684097290039 17.74898338317871 62.150537109374994
      vertex 85.63267517089844 20.598796844482422 55.00580749511718
    endloop
  endfacet
  facet normal 0.978503838681121 0.19996875133026 0.050425550842081786
    outer loop
      vertex 88.50408172607422 16.750951766967773 55.00580749511718
      vertex 87.685546875 19.42400550842285 60.289086914062494
      vertex 88.2757339477539 16.536052703857422 60.289086914062494
    endloop
  endfacet
  facet normal 0.989313308474274 0.1371648566731002 0.04944673669246349
    outer loop
      vertex 89.41303253173828 10.903018951416016 55.00580749511718
      vertex 89.00659942626953 13.834452629089355 55.00580749511718
      vertex 88.77084350585938 13.63028621673584 60.289086914062494
    endloop
  endfacet
  facet normal 0.9895145905904486 0.1353512874281024 0.05040738041370725
    outer loop
      vertex 89.41303253173828 10.903018951416016 55.00580749511718
      vertex 88.77084350585938 13.63028621673584 60.289086914062494
      vertex 89.17031860351562 10.709837913513184 60.289086914062494
    endloop
  endfacet
  facet normal 0.9845388615042069 0.16775422347852734 0.050415778215914496
    outer loop
      vertex 89.00659942626953 13.834452629089355 55.00580749511718
      vertex 88.2757339477539 16.536052703857422 60.289086914062494
      vertex 88.77084350585938 13.63028621673584 60.289086914062494
    endloop
  endfacet
  facet normal 0.9842734953412499 0.16959197649613905 0.04943933531967896
    outer loop
      vertex 89.00659942626953 13.834452629089355 55.00580749511718
      vertex 88.50408172607422 16.750951766967773 55.00580749511718
      vertex 88.2757339477539 16.536052703857422 60.289086914062494
    endloop
  endfacet
  facet normal -0.9928055841409085 -0.11973751333074217 0
    outer loop
      vertex 87.25485229492188 11.993990898132324 55.00580749511718
      vertex 87.6044692993164 9.095135688781738 62.150537109374994
      vertex 87.25485229492188 11.993990898132324 62.150537109374994
    endloop
  endfacet
  facet normal -0.9882908066570838 -0.1525820483447852 0
    outer loop
      vertex 86.80933380126953 14.879663467407227 55.00580749511718
      vertex 87.25485229492188 11.993990898132324 62.150537109374994
      vertex 86.80933380126953 14.879663467407227 62.150537109374994
    endloop
  endfacet
  facet normal 0.7204539704548174 0.11123076508418056 0.6845245016467102
    outer loop
      vertex 87.25485229492188 11.993990898132324 62.150537109374994
      vertex 88.77084350585938 13.63028621673584 60.289086914062494
      vertex 86.80933380126953 14.879663467407227 62.150537109374994
    endloop
  endfacet
  facet normal -0.9826901606921613 -0.18525670859327745 0
    outer loop
      vertex 86.2684097290039 17.74898338317871 55.00580749511718
      vertex 86.80933380126953 14.879663467407227 62.150537109374994
      vertex 86.2684097290039 17.74898338317871 62.150537109374994
    endloop
  endfacet
  facet normal 0.7232928768891798 0.12324087921193343 0.6794550021395408
    outer loop
      vertex 86.80933380126953 14.879663467407227 62.150537109374994
      vertex 88.77084350585938 13.63028621673584 60.289086914062494
      vertex 88.2757339477539 16.536052703857422 60.289086914062494
    endloop
  endfacet
  facet normal 0.7188532615396372 0.14690610646302363 0.6794619814659983
    outer loop
      vertex 86.2684097290039 17.74898338317871 62.150537109374994
      vertex 88.2757339477539 16.536052703857422 60.289086914062494
      vertex 87.685546875 19.42400550842285 60.289086914062494
    endloop
  endfacet
  facet normal 0.7163779267539885 0.13505153722699578 0.6845171643956655
    outer loop
      vertex 86.80933380126953 14.879663467407227 62.150537109374994
      vertex 88.2757339477539 16.536052703857422 60.289086914062494
      vertex 86.2684097290039 17.74898338317871 62.150537109374994
    endloop
  endfacet
  facet normal 0.7269528392289211 0.09943663653351142 0.6794497220927481
    outer loop
      vertex 89.17031860351562 10.709837913513184 60.289086914062494
      vertex 88.77084350585938 13.63028621673584 60.289086914062494
      vertex 87.25485229492188 11.993990898132324 62.150537109374994
    endloop
  endfacet
  facet normal -0.8706190990233993 -0.20968017656893972 -0.44503551315563866
    outer loop
      vertex 87.90602111816406 19.649368286132812 51.00580749511718
      vertex 85.63267517089844 20.598796844482422 55.00580749511718
      vertex 87.21307373046875 22.526575088500977 51.00580749511718
    endloop
  endfacet
  facet normal -0.871912762014015 -0.19450573940791174 -0.44937251003424
    outer loop
      vertex 86.2684097290039 17.74898338317871 55.00580749511718
      vertex 85.63267517089844 20.598796844482422 55.00580749511718
      vertex 87.90602111816406 19.649368286132812 51.00580749511718
    endloop
  endfacet
  facet normal -0.8649844808756054 -0.22330297291618614 -0.4493747101597424
    outer loop
      vertex 87.21307373046875 22.526575088500977 51.00580749511718
      vertex 85.63267517089844 20.598796844482422 55.00580749511718
      vertex 84.90281677246094 23.42597007751465 55.00580749511718
    endloop
  endfacet
  facet normal -0.8632600793807722 -0.23817040480961166 -0.44503583408567077
    outer loop
      vertex 87.21307373046875 22.526575088500977 51.00580749511718
      vertex 84.90281677246094 23.42597007751465 55.00580749511718
      vertex 86.42597198486328 25.37946319580078 51.00580749511718
    endloop
  endfacet
  facet normal -0.8549710990076802 -0.26639773128935135 -0.44503558130276066
    outer loop
      vertex 86.42597198486328 25.37946319580078 51.00580749511718
      vertex 84.07965850830078 26.227397918701172 55.00580749511718
      vertex 85.54558563232422 28.2049560546875 51.00580749511718
    endloop
  endfacet
  facet normal -0.8571088077718406 -0.2518487851191715 -0.44937365418316555
    outer loop
      vertex 86.42597198486328 25.37946319580078 51.00580749511718
      vertex 84.90281677246094 23.42597007751465 55.00580749511718
      vertex 84.07965850830078 26.227397918701172 55.00580749511718
    endloop
  endfacet
  facet normal 0 0 1
    outer loop
      vertex 86.42597198486328 25.37946319580078 55.00580749511718
      vertex 90.29595947265625 26.39712905883789 55.00580749511718
      vertex 85.54558563232422 28.2049560546875 55.00580749511718
    endloop
  endfacet
  facet normal 0 0 1
    outer loop
      vertex 92.42438507080078 17.547138214111328 55.00580749511718
      vertex 91.81022644042969 20.51951789855957 55.00580749511718
      vertex 87.90602111816406 19.649368286132812 55.00580749511718
    endloop
  endfacet
  facet normal 0 0 1
    outer loop
      vertex 87.90602111816406 19.649368286132812 55.00580749511718
      vertex 91.81022644042969 20.51951789855957 55.00580749511718
      vertex 87.21307373046875 22.526575088500977 55.00580749511718
    endloop
  endfacet
  facet normal 0 0 1
    outer loop
      vertex 87.21307373046875 22.526575088500977 55.00580749511718
      vertex 91.81022644042969 20.51951789855957 55.00580749511718
      vertex 91.10050964355469 23.470539093017578 55.00580749511718
    endloop
  endfacet
  facet normal 0 0 1
    outer loop
      vertex 87.21307373046875 22.526575088500977 55.00580749511718
      vertex 91.10050964355469 23.470539093017578 55.00580749511718
      vertex 86.42597198486328 25.37946319580078 55.00580749511718
    endloop
  endfacet
  facet normal 0 0 1
    outer loop
      vertex 86.42597198486328 25.37946319580078 55.00580749511718
      vertex 91.10050964355469 23.470539093017578 55.00580749511718
      vertex 90.29595947265625 26.39712905883789 55.00580749511718
    endloop
  endfacet
  facet normal -0.8457560715518369 -0.29434274513797565 -0.4450382183788769
    outer loop
      vertex 85.54558563232422 28.2049560546875 51.00580749511718
      vertex 83.1640853881836 29 55.00580749511718
      vertex 84.57284545898438 31 51.00580749511718
    endloop
  endfacet
  facet normal -0.8482894303812608 -0.28012350051067203 -0.44937274813353284
    outer loop
      vertex 84.07965850830078 26.227397918701172 55.00580749511718
      vertex 83.1640853881836 29 55.00580749511718
      vertex 85.54558563232422 28.2049560546875 51.00580749511718
    endloop
  endfacet
  facet normal 0 0 1
    outer loop
      vertex 85.54558563232422 28.2049560546875 55.00580749511718
      vertex 89.39742279052734 29.29624366760254 55.00580749511718
      vertex 84.57284545898438 31 55.00580749511718
    endloop
  endfacet
  facet normal 0 0 1
    outer loop
      vertex 84.57284545898438 31 55.00580749511718
      vertex 89.39742279052734 29.29624366760254 55.00580749511718
      vertex 88.40583038330078 32.16486358642578 55.00580749511718
    endloop
  endfacet
  facet normal 0 0 1
    outer loop
      vertex 84.57284545898438 31 55.00580749511718
      vertex 88.40583038330078 32.16486358642578 55.00580749511718
      vertex 87.32221221923828 35 55.00580749511718
    endloop
  endfacet
  facet normal 0 0 1
    outer loop
      vertex 90.29595947265625 26.39712905883789 55.00580749511718
      vertex 89.39742279052734 29.29624366760254 55.00580749511718
      vertex 85.54558563232422 28.2049560546875 55.00580749511718
    endloop
  endfacet
  facet normal 0.6856626718601148 0.2541512352050698 0.6821098519017196
    outer loop
      vertex 81.93492889404297 30.067930221557617 63.00580749511718
      vertex 83.05342102050781 30.667383193969727 61.65813598632812
      vertex 81.73770904541016 30.600000381469727 63.00580749511718
    endloop
  endfacet
  facet normal 0.9710135940622683 0.23385921820714048 0.04942131327495874
    outer loop
      vertex 87.90602111816406 19.649368286132812 55.00580749511718
      vertex 87.21307373046875 22.526575088500977 55.00580749511718
      vertex 87.00090026855469 22.291034698486328 60.289086914062494
    endloop
  endfacet
  facet normal 0.9714138048573779 0.2319736287494889 0.05043268084592192
    outer loop
      vertex 87.90602111816406 19.649368286132812 55.00580749511718
      vertex 87.00090026855469 22.291034698486328 60.289086914062494
      vertex 87.685546875 19.42400550842285 60.289086914062494
    endloop
  endfacet
  facet normal -0.9682553356723723 -0.24996320717653955 0
    outer loop
      vertex 85.63267517089844 20.598796844482422 55.00580749511718
      vertex 85.63267517089844 20.598796844482422 62.150537109374994
      vertex 84.90281677246094 23.42597007751465 55.00580749511718
    endloop
  endfacet
  facet normal 0.9628066312911093 0.26563494664605664 0.04941119166962679
    outer loop
      vertex 87.21307373046875 22.526575088500977 55.00580749511718
      vertex 86.42597198486328 25.37946319580078 55.00580749511718
      vertex 86.22254180908203 25.13405418395996 60.289086914062494
    endloop
  endfacet
  facet normal -0.9594388122175573 -0.2819169480725891 0
    outer loop
      vertex 84.90281677246094 23.42597007751465 55.00580749511718
      vertex 84.90281677246094 23.42597007751465 62.150537109374994
      vertex 84.07965850830078 26.227397918701172 55.00580749511718
    endloop
  endfacet
  facet normal 0.9632780769780472 0.263725114749084 0.05044214769473823
    outer loop
      vertex 87.21307373046875 22.526575088500977 55.00580749511718
      vertex 86.22254180908203 25.13405418395996 60.289086914062494
      vertex 87.00090026855469 22.291034698486328 60.289086914062494
    endloop
  endfacet
  facet normal 0.954104212624215 0.29519490576353624 0.0504491730753201
    outer loop
      vertex 86.42597198486328 25.37946319580078 55.00580749511718
      vertex 85.35130310058594 27.94999885559082 60.289086914062494
      vertex 86.22254180908203 25.13405418395996 60.289086914062494
    endloop
  endfacet
  facet normal -0.9682553356723723 -0.24996320717653955 0
    outer loop
      vertex 84.90281677246094 23.42597007751465 55.00580749511718
      vertex 85.63267517089844 20.598796844482422 62.150537109374994
      vertex 84.90281677246094 23.42597007751465 62.150537109374994
    endloop
  endfacet
  facet normal -0.976009578033156 -0.2177275903222661 0
    outer loop
      vertex 86.2684097290039 17.74898338317871 62.150537109374994
      vertex 85.63267517089844 20.598796844482422 62.150537109374994
      vertex 85.63267517089844 20.598796844482422 55.00580749511718
    endloop
  endfacet
  facet normal 0.713636877762639 0.17041649533522943 0.6794708417694242
    outer loop
      vertex 87.685546875 19.42400550842285 60.289086914062494
      vertex 87.00090026855469 22.291034698486328 60.289086914062494
      vertex 85.63267517089844 20.598796844482422 62.150537109374994
    endloop
  endfacet
  facet normal 0.7115147189529939 0.15872424689586098 0.6845096187494987
    outer loop
      vertex 86.2684097290039 17.74898338317871 62.150537109374994
      vertex 87.685546875 19.42400550842285 60.289086914062494
      vertex 85.63267517089844 20.598796844482422 62.150537109374994
    endloop
  endfacet
  facet normal 0.7058712144779616 0.18222655339356972 0.6844993146889978
    outer loop
      vertex 87.00090026855469 22.291034698486328 60.289086914062494
      vertex 84.90281677246094 23.42597007751465 62.150537109374994
      vertex 85.63267517089844 20.598796844482422 62.150537109374994
    endloop
  endfacet
  facet normal -0.9594388122175573 -0.2819169480725891 0
    outer loop
      vertex 84.07965850830078 26.227397918701172 55.00580749511718
      vertex 84.90281677246094 23.42597007751465 62.150537109374994
      vertex 84.07965850830078 26.227397918701172 62.150537109374994
    endloop
  endfacet
  facet normal 0.7008988945472865 0.21685449072337723 0.6794960408092872
    outer loop
      vertex 86.22254180908203 25.13405418395996 60.289086914062494
      vertex 85.35130310058594 27.94999885559082 60.289086914062494
      vertex 84.07965850830078 26.227397918701172 62.150537109374994
    endloop
  endfacet
  facet normal 0.7076489464236139 0.19373927846786146 0.6794836720660046
    outer loop
      vertex 87.00090026855469 22.291034698486328 60.289086914062494
      vertex 86.22254180908203 25.13405418395996 60.289086914062494
      vertex 84.90281677246094 23.42597007751465 62.150537109374994
    endloop
  endfacet
  facet normal 0.6994541949574757 0.20552430175637715 0.6844878308223917
    outer loop
      vertex 86.22254180908203 25.13405418395996 60.289086914062494
      vertex 84.07965850830078 26.227397918701172 62.150537109374994
      vertex 84.90281677246094 23.42597007751465 62.150537109374994
    endloop
  endfacet
  facet normal 0.9432861576288998 0.32828547902434574 0.04939503099971029
    outer loop
      vertex 85.54558563232422 28.2049560546875 55.00580749511718
      vertex 84.57284545898438 31 55.00580749511718
      vertex 84.38812255859375 30.735836029052734 60.289086914062494
    endloop
  endfacet
  facet normal 0.9535620379032018 0.29711736903843755 0.04940353110426039
    outer loop
      vertex 86.42597198486328 25.37946319580078 55.00580749511718
      vertex 85.54558563232422 28.2049560546875 55.00580749511718
      vertex 85.35130310058594 27.94999885559082 60.289086914062494
    endloop
  endfacet
  facet normal -0.9495660071364092 -0.31356721463032 0
    outer loop
      vertex 84.07965850830078 26.227397918701172 55.00580749511718
      vertex 84.07965850830078 26.227397918701172 62.150537109374994
      vertex 83.1640853881836 29 55.00580749511718
    endloop
  endfacet
  facet normal 0.9439024360564613 0.32634658931585175 0.05045884311583935
    outer loop
      vertex 85.54558563232422 28.2049560546875 55.00580749511718
      vertex 84.38812255859375 30.735836029052734 60.289086914062494
      vertex 85.35130310058594 27.94999885559082 60.289086914062494
    endloop
  endfacet
  facet normal -0.9495660071364092 -0.31356721463032 0
    outer loop
      vertex 83.1640853881836 29 55.00580749511718
      vertex 84.07965850830078 26.227397918701172 62.150537109374994
      vertex 83.1640853881836 29 62.150537109374994
    endloop
  endfacet
  facet normal 0.6933914358207486 0.23973444870671665 0.6795113765300235
    outer loop
      vertex 84.38812255859375 30.735836029052734 60.289086914062494
      vertex 83.1640853881836 29 62.150537109374994
      vertex 85.35130310058594 27.94999885559082 60.289086914062494
    endloop
  endfacet
  facet normal 0.6922699721836396 0.2286025040054425 0.684472921871497
    outer loop
      vertex 84.07965850830078 26.227397918701172 62.150537109374994
      vertex 85.35130310058594 27.94999885559082 60.289086914062494
      vertex 83.1640853881836 29 62.150537109374994
    endloop
  endfacet
  facet normal 0.6894824761630756 0.24481144175309408 0.6816753428508363
    outer loop
      vertex 82.1286849975586 29.534589767456055 63.00580749511718
      vertex 83.1640853881836 29 62.150537109374994
      vertex 84.38812255859375 30.735836029052734 60.289086914062494
    endloop
  endfacet
  facet normal 0.6865741748082018 0.2521002774861526 0.6819540692582174
    outer loop
      vertex 81.93492889404297 30.067930221557617 63.00580749511718
      vertex 84.38812255859375 30.735836029052734 60.289086914062494
      vertex 83.05342102050781 30.667383193969727 61.65813598632812
    endloop
  endfacet
  facet normal 0.6895431231083171 0.24559616712706642 0.6813316402945941
    outer loop
      vertex 82.1286849975586 29.534589767456055 63.00580749511718
      vertex 82.6007308959961 29 62.72077331542968
      vertex 82.88243103027344 29 62.43567810058593
    endloop
  endfacet
  facet normal 0.6896067431987514 0.24585355884735624 0.6811744030253198
    outer loop
      vertex 82.1286849975586 29.534589767456055 63.00580749511718
      vertex 82.88243103027344 29 62.43567810058593
      vertex 83.1640853881836 29 62.150537109374994
    endloop
  endfacet
  facet normal 0.6894317060909161 0.24539999331542553 0.6815150518641226
    outer loop
      vertex 82.1286849975586 29.534589767456055 63.00580749511718
      vertex 82.3189697265625 29 63.00580749511718
      vertex 82.6007308959961 29 62.72077331542968
    endloop
  endfacet
  facet normal 0.6873441370386026 0.24970376940795286 0.6820601621720174
    outer loop
      vertex 82.1286849975586 29.534589767456055 63.00580749511718
      vertex 84.38812255859375 30.735836029052734 60.289086914062494
      vertex 81.93492889404297 30.067930221557617 63.00580749511718
    endloop
  endfacet
  facet normal 0 0 -1
    outer loop
      vertex -50.3399772644043 -79.47361755371094 0
      vertex -48.985958099365234 -75.59062194824219 0
      vertex -47.75004196166992 -81.05616760253906 0
    endloop
  endfacet
  facet normal 0 0 -1
    outer loop
      vertex -47.75004196166992 -81.05616760253906 0
      vertex -48.985958099365234 -75.59062194824219 0
      vertex -46.476280212402344 -77.15906524658203 0
    endloop
  endfacet
  facet normal 0 0 -1
    outer loop
      vertex -62.45170593261719 -70.35590362548828 0
      vertex -58.46964645385742 -68.51909637451172 0
      vertex -60.149593353271484 -72.33391571044922 0
    endloop
  endfacet
  facet normal 0 0 -1
    outer loop
      vertex -64.68881225585938 -68.3046646118164 0
      vertex -66.85857391357422 -66.18231964111328 0
      vertex -62.84287643432617 -64.53169250488281 0
    endloop
  endfacet
  facet normal 0 0 -1
    outer loop
      vertex -68.95875549316406 -63.9910888671875 0
      vertex -70.98714447021484 -61.73324966430664 0
      vertex -66.94482421875 -60.265716552734375 0
    endloop
  endfacet
  facet normal 0 0 -1
    outer loop
      vertex -66.85857391357422 -66.18231964111328 0
      vertex -68.95875549316406 -63.9910888671875 0
      vertex -64.92889404296875 -62.432403564453125 0
    endloop
  endfacet
  facet normal 0 0 -1
    outer loop
      vertex -66.85857391357422 -66.18231964111328 0
      vertex -64.92889404296875 -62.432403564453125 0
      vertex -62.84287643432617 -64.53169250488281 0
    endloop
  endfacet
  facet normal 0 0 -1
    outer loop
      vertex -68.95875549316406 -63.9910888671875 0
      vertex -66.94482421875 -60.265716552734375 0
      vertex -64.92889404296875 -62.432403564453125 0
    endloop
  endfacet
  facet normal 0 0 -1
    outer loop
      vertex -62.45170593261719 -70.35590362548828 0
      vertex -64.68881225585938 -68.3046646118164 0
      vertex -60.68901824951172 -66.56131744384766 0
    endloop
  endfacet
  facet normal 0 0 -1
    outer loop
      vertex -64.68881225585938 -68.3046646118164 0
      vertex -62.84287643432617 -64.53169250488281 0
      vertex -60.68901824951172 -66.56131744384766 0
    endloop
  endfacet
  facet normal 0 0 -1
    outer loop
      vertex -62.45170593261719 -70.35590362548828 0
      vertex -60.68901824951172 -66.56131744384766 0
      vertex -58.46964645385742 -68.51909637451172 0
    endloop
  endfacet
  facet normal 0 0 -1
    outer loop
      vertex -55.36000442504883 -76.06207275390625 0
      vertex -53.844017028808594 -72.2107162475586 0
      vertex -52.87751007080078 -77.80834197998047 0
    endloop
  endfacet
  facet normal 0 0 -1
    outer loop
      vertex -60.149593353271484 -72.33391571044922 0
      vertex -56.18716049194336 -70.40290832519531 0
      vertex -57.784873962402344 -74.23663330078125 0
    endloop
  endfacet
  facet normal 0 0 -1
    outer loop
      vertex -57.784873962402344 -74.23663330078125 0
      vertex -56.18716049194336 -70.40290832519531 0
      vertex -55.36000442504883 -76.06207275390625 0
    endloop
  endfacet
  facet normal 0 0 -1
    outer loop
      vertex -60.149593353271484 -72.33391571044922 0
      vertex -58.46964645385742 -68.51909637451172 0
      vertex -56.18716049194336 -70.40290832519531 0
    endloop
  endfacet
  facet normal 0 0 -1
    outer loop
      vertex -55.36000442504883 -76.06207275390625 0
      vertex -56.18716049194336 -70.40290832519531 0
      vertex -53.844017028808594 -72.2107162475586 0
    endloop
  endfacet
  facet normal 0 0 -1
    outer loop
      vertex -50.3399772644043 -79.47361755371094 0
      vertex -52.87751007080078 -77.80834197998047 0
      vertex -53.844017028808594 -72.2107162475586 0
    endloop
  endfacet
  facet normal 0 0 -1
    outer loop
      vertex -50.3399772644043 -79.47361755371094 0
      vertex -51.442752838134766 -73.94058227539062 0
      vertex -48.985958099365234 -75.59062194824219 0
    endloop
  endfacet
  facet normal 0 0 -1
    outer loop
      vertex -50.3399772644043 -79.47361755371094 0
      vertex -53.844017028808594 -72.2107162475586 0
      vertex -51.442752838134766 -73.94058227539062 0
    endloop
  endfacet
  facet normal 0 0 -1
    outer loop
      vertex -70.98714447021484 -61.73324966430664 0
      vertex -72.941650390625 -59.41114807128906 0
      vertex -68.88848876953125 -58.03397750854492 0
    endloop
  endfacet
  facet normal 0 0 -1
    outer loop
      vertex -76.62092590332031 -54.58390808105469 0
      vertex -72.55070495605469 -53.385032653808594 0
      vertex -74.82022857666016 -57.02720642089844 0
    endloop
  endfacet
  facet normal 0 0 -1
    outer loop
      vertex -72.941650390625 -59.41114807128906 0
      vertex -74.82022857666016 -57.02720642089844 0
      vertex -70.7577896118164 -55.73958969116211 0
    endloop
  endfacet
  facet normal 0 0 -1
    outer loop
      vertex -72.941650390625 -59.41114807128906 0
      vertex -70.7577896118164 -55.73958969116211 0
      vertex -68.88848876953125 -58.03397750854492 0
    endloop
  endfacet
  facet normal 0 0 -1
    outer loop
      vertex -74.82022857666016 -57.02720642089844 0
      vertex -72.55070495605469 -53.385032653808594 0
      vertex -70.7577896118164 -55.73958969116211 0
    endloop
  endfacet
  facet normal 0 0 -1
    outer loop
      vertex -78.34186553955078 -52.08378982543945 0
      vertex -79.98126220703125 -49.52945327758789 0
      vertex -75.89973449707031 -48.50563430786133 0
    endloop
  endfacet
  facet normal 0 0 -1
    outer loop
      vertex -79.98126220703125 -49.52945327758789 0
      vertex -81.53739929199219 -46.92356491088867 0
      vertex -77.45223236083984 -45.98606491088867 0
    endloop
  endfacet
  facet normal 0 0 -1
    outer loop
      vertex -79.98126220703125 -49.52945327758789 0
      vertex -77.45223236083984 -45.98606491088867 0
      vertex -75.89973449707031 -48.50563430786133 0
    endloop
  endfacet
  facet normal 0 0 -1
    outer loop
      vertex -76.62092590332031 -54.58390808105469 0
      vertex -78.34186553955078 -52.08378982543945 0
      vertex -74.26530456542969 -50.97284698486328 0
    endloop
  endfacet
  facet normal 0 0 -1
    outer loop
      vertex -76.62092590332031 -54.58390808105469 0
      vertex -74.26530456542969 -50.97284698486328 0
      vertex -72.55070495605469 -53.385032653808594 0
    endloop
  endfacet
  facet normal 0 0 -1
    outer loop
      vertex -78.34186553955078 -52.08378982543945 0
      vertex -75.89973449707031 -48.50563430786133 0
      vertex -74.26530456542969 -50.97284698486328 0
    endloop
  endfacet
  facet normal 0 0 -1
    outer loop
      vertex -83.0086669921875 -44.26883316040039 0
      vertex -84.3935317993164 -41.568023681640625 0
      vertex -80.30481719970703 -40.8007698059082 0
    endloop
  endfacet
  facet normal 0 0 -1
    outer loop
      vertex -85.6905517578125 -38.823944091796875 0
      vertex -81.60182189941406 -38.14064407348633 0
      vertex -84.3935317993164 -41.568023681640625 0
    endloop
  endfacet
  facet normal 0 0 -1
    outer loop
      vertex -86.89836883544922 -36.039451599121094 0
      vertex -88.01573944091797 -33.217445373535156 0
      vertex -83.93026733398438 -32.699790954589844 0
    endloop
  endfacet
  facet normal 0 0 -1
    outer loop
      vertex -85.6905517578125 -38.823944091796875 0
      vertex -86.89836883544922 -36.039451599121094 0
      vertex -82.81074523925781 -35.43934631347656 0
    endloop
  endfacet
  facet normal 0 0 -1
    outer loop
      vertex -85.6905517578125 -38.823944091796875 0
      vertex -82.81074523925781 -35.43934631347656 0
      vertex -81.60182189941406 -38.14064407348633 0
    endloop
  endfacet
  facet normal 0 0 -1
    outer loop
      vertex -86.89836883544922 -36.039451599121094 0
      vertex -83.93026733398438 -32.699790954589844 0
      vertex -82.81074523925781 -35.43934631347656 0
    endloop
  endfacet
  facet normal 0 0 -1
    outer loop
      vertex -88.01573944091797 -33.217445373535156 0
      vertex -84.95919036865234 -29.924938201904297 0
      vertex -83.93026733398438 -32.699790954589844 0
    endloop
  endfacet
  facet normal 0 0 -1
    outer loop
      vertex -89.04148864746094 -30.36086082458496 0
      vertex -84.95919036865234 -29.924938201904297 0
      vertex -88.01573944091797 -33.217445373535156 0
    endloop
  endfacet
  facet normal 0 0 -1
    outer loop
      vertex -81.53739929199219 -46.92356491088867 0
      vertex -83.0086669921875 -44.26883316040039 0
      vertex -78.9211196899414 -43.41685104370117 0
    endloop
  endfacet
  facet normal 0 0 -1
    outer loop
      vertex -83.0086669921875 -44.26883316040039 0
      vertex -80.30481719970703 -40.8007698059082 0
      vertex -78.9211196899414 -43.41685104370117 0
    endloop
  endfacet
  facet normal 0 0 -1
    outer loop
      vertex -81.53739929199219 -46.92356491088867 0
      vertex -78.9211196899414 -43.41685104370117 0
      vertex -77.45223236083984 -45.98606491088867 0
    endloop
  endfacet
  facet normal 0 0 -1
    outer loop
      vertex -84.3935317993164 -41.568023681640625 0
      vertex -81.60182189941406 -38.14064407348633 0
      vertex -80.30481719970703 -40.8007698059082 0
    endloop
  endfacet
  facet normal 0 0 -1
    outer loop
      vertex -70.98714447021484 -61.73324966430664 0
      vertex -68.88848876953125 -58.03397750854492 0
      vertex -66.94482421875 -60.265716552734375 0
    endloop
  endfacet
  facet normal 0 0 -1
    outer loop
      vertex -47.75004196166992 -81.05616760253906 0
      vertex -46.476280212402344 -77.15906524658203 0
      vertex -45.11040115356445 -82.55435180664062 0
    endloop
  endfacet
  facet normal 0 0 -1
    outer loop
      vertex -45.11040115356445 -82.55435180664062 0
      vertex -46.476280212402344 -77.15906524658203 0
      vertex -43.91643142700195 -78.64421844482422 0
    endloop
  endfacet
  facet normal 0 0 -1
    outer loop
      vertex -45.11040115356445 -82.55435180664062 0
      vertex -43.91643142700195 -78.64421844482422 0
      vertex -42.42380905151367 -83.96659851074219 0
    endloop
  endfacet
  facet normal 0 0 -1
    outer loop
      vertex -42.42380905151367 -83.96659851074219 0
      vertex -43.91643142700195 -78.64421844482422 0
      vertex -41.30917739868164 -80.04447174072266 0
    endloop
  endfacet
  facet normal 0 0 -1
    outer loop
      vertex -36.92098617553711 -86.52751159667969 0
      vertex -39.693058013916016 -85.29144287109375 0
      vertex -38.65732955932617 -81.35832214355469 0
    endloop
  endfacet
  facet normal 0 0 -1
    outer loop
      vertex -42.42380905151367 -83.96659851074219 0
      vertex -41.30917739868164 -80.04447174072266 0
      vertex -39.693058013916016 -85.29144287109375 0
    endloop
  endfacet
  facet normal 0 0 -1
    outer loop
      vertex -41.30917739868164 -80.04447174072266 0
      vertex -38.65732955932617 -81.35832214355469 0
      vertex -39.693058013916016 -85.29144287109375 0
    endloop
  endfacet
  facet normal 0 0 -1
    outer loop
      vertex -36.92098617553711 -86.52751159667969 0
      vertex -35.96375274658203 -82.5843505859375 0
      vertex -34.1104850769043 -87.67350769042969 0
    endloop
  endfacet
  facet normal 0 0 -1
    outer loop
      vertex -36.92098617553711 -86.52751159667969 0
      vertex -38.65732955932617 -81.35832214355469 0
      vertex -35.96375274658203 -82.5843505859375 0
    endloop
  endfacet
  facet normal 0 0 -1
    outer loop
      vertex -34.1104850769043 -87.67350769042969 0
      vertex -33.231353759765625 -83.72122192382812 0
      vertex -31.264476776123047 -88.7282485961914 0
    endloop
  endfacet
  facet normal 0 0 -1
    outer loop
      vertex -31.264476776123047 -88.7282485961914 0
      vertex -30.46308135986328 -84.7677230834961 0
      vertex -28.38592529296875 -89.69062805175781 0
    endloop
  endfacet
  facet normal 0 0 -1
    outer loop
      vertex -25.477828979492188 -90.55964660644531 0
      vertex -28.38592529296875 -89.69062805175781 0
      vertex -27.661924362182617 -85.72271728515625 0
    endloop
  endfacet
  facet normal 0 0 -1
    outer loop
      vertex -28.38592529296875 -89.69062805175781 0
      vertex -30.46308135986328 -84.7677230834961 0
      vertex -27.661924362182617 -85.72271728515625 0
    endloop
  endfacet
  facet normal 0 0 -1
    outer loop
      vertex -25.477828979492188 -90.55964660644531 0
      vertex -24.830907821655273 -86.58517456054688 0
      vertex -22.543209075927734 -91.33440399169922 0
    endloop
  endfacet
  facet normal 0 0 -1
    outer loop
      vertex -25.477828979492188 -90.55964660644531 0
      vertex -27.661924362182617 -85.72271728515625 0
      vertex -24.830907821655273 -86.58517456054688 0
    endloop
  endfacet
  facet normal 0 0 -1
    outer loop
      vertex -35.96375274658203 -82.5843505859375 0
      vertex -33.231353759765625 -83.72122192382812 0
      vertex -34.1104850769043 -87.67350769042969 0
    endloop
  endfacet
  facet normal 0 0 -1
    outer loop
      vertex -31.264476776123047 -88.7282485961914 0
      vertex -33.231353759765625 -83.72122192382812 0
      vertex -30.46308135986328 -84.7677230834961 0
    endloop
  endfacet
  facet normal 0 0 -1
    outer loop
      vertex -22.543209075927734 -91.33440399169922 0
      vertex -21.973085403442383 -87.35416412353516 0
      vertex -19.585126876831055 -92.01408386230469 0
    endloop
  endfacet
  facet normal 0 0 -1
    outer loop
      vertex -19.585126876831055 -92.01408386230469 0
      vertex -19.091543197631836 -88.02885437011719 0
      vertex -16.60665512084961 -92.59799194335938 0
    endloop
  endfacet
  facet normal 0 0 -1
    outer loop
      vertex -24.830907821655273 -86.58517456054688 0
      vertex -21.973085403442383 -87.35416412353516 0
      vertex -22.543209075927734 -91.33440399169922 0
    endloop
  endfacet
  facet normal 0 0 -1
    outer loop
      vertex -19.585126876831055 -92.01408386230469 0
      vertex -21.973085403442383 -87.35416412353516 0
      vertex -19.091543197631836 -88.02885437011719 0
    endloop
  endfacet
  facet normal 0 0 -1
    outer loop
      vertex -16.60665512084961 -92.59799194335938 0
      vertex -16.18939208984375 -88.6085205078125 0
      vertex -13.610899925231934 -93.08551025390625 0
    endloop
  endfacet
  facet normal 0 0 -1
    outer loop
      vertex -13.610899925231934 -93.08551025390625 0
      vertex -16.18939208984375 -88.6085205078125 0
      vertex -13.269763946533203 -89.09253692626953 0
    endloop
  endfacet
  facet normal 0 0 -1
    outer loop
      vertex -13.610899925231934 -93.08551025390625 0
      vertex -13.269763946533203 -89.09253692626953 0
      vertex -10.60097599029541 -93.47613525390625 0
    endloop
  endfacet
  facet normal 0 0 -1
    outer loop
      vertex -19.091543197631836 -88.02885437011719 0
      vertex -16.18939208984375 -88.6085205078125 0
      vertex -16.60665512084961 -92.59799194335938 0
    endloop
  endfacet
  facet normal 0 0 -1
    outer loop
      vertex -10.60097599029541 -93.47613525390625 0
      vertex -10.33581256866455 -89.48037719726562 0
      vertex -7.580017566680908 -93.76946258544922 0
    endloop
  endfacet
  facet normal 0 0 -1
    outer loop
      vertex -13.269763946533203 -89.09253692626953 0
      vertex -10.33581256866455 -89.48037719726562 0
      vertex -10.60097599029541 -93.47613525390625 0
    endloop
  endfacet
  facet normal 0 0 -1
    outer loop
      vertex -7.580017566680908 -93.76946258544922 0
      vertex -7.390702724456787 -89.77162170410156 0
      vertex -4.551168918609619 -93.9651870727539 0
    endloop
  endfacet
  facet normal 0 0 -1
    outer loop
      vertex -7.580017566680908 -93.76946258544922 0
      vertex -10.33581256866455 -89.48037719726562 0
      vertex -7.390702724456787 -89.77162170410156 0
    endloop
  endfacet
  facet normal 0 0 -1
    outer loop
      vertex -4.551168918609619 -93.9651870727539 0
      vertex -4.437615394592285 -89.96595764160156 0
      vertex -1.5175827741622925 -94.06309509277344 0
    endloop
  endfacet
  facet normal 0 0 -1
    outer loop
      vertex -7.390702724456787 -89.77162170410156 0
      vertex -4.437615394592285 -89.96595764160156 0
      vertex -4.551168918609619 -93.9651870727539 0
    endloop
  endfacet
  facet normal 0 0 -1
    outer loop
      vertex -1.5175827741622925 -94.06309509277344 0
      vertex -1.479737639427185 -90.06317901611328 0
      vertex 1.5175827741622925 -94.06309509277344 0
    endloop
  endfacet
  facet normal 0 0 -1
    outer loop
      vertex -1.5175827741622925 -94.06309509277344 0
      vertex -4.437615394592285 -89.96595764160156 0
      vertex -1.479737639427185 -90.06317901611328 0
    endloop
  endfacet
  facet normal 0 0 -1
    outer loop
      vertex -35.316162109375 -34.3480224609375 0
      vertex -37.187583923339844 -32.90370559692383 0
      vertex -36 -30 0
    endloop
  endfacet
  facet normal 0 0 -1
    outer loop
      vertex -39 -31.386003494262695 0
      vertex -36 -30 0
      vertex -37.187583923339844 -32.90370559692383 0
    endloop
  endfacet
  facet normal 0 0 -1
    outer loop
      vertex -29.378002166748047 -38.21835708618164 0
      vertex -28.48488998413086 -35.26968765258789 0
      vertex -27.301118850708008 -39.34743881225586 0
    endloop
  endfacet
  facet normal 0 0 -1
    outer loop
      vertex -25.180917739868164 -40.392913818359375 0
      vertex -24.43057632446289 -37.4282112121582 0
      vertex -23.020761489868164 -41.353118896484375 0
    endloop
  endfacet
  facet normal 0 0 -1
    outer loop
      vertex -27.301118850708008 -39.34743881225586 0
      vertex -26.479736328125 -36.39027786254883 0
      vertex -25.180917739868164 -40.392913818359375 0
    endloop
  endfacet
  facet normal 0 0 -1
    outer loop
      vertex -25.180917739868164 -40.392913818359375 0
      vertex -26.479736328125 -36.39027786254883 0
      vertex -24.43057632446289 -37.4282112121582 0
    endloop
  endfacet
  facet normal 0 0 -1
    outer loop
      vertex -35.316162109375 -34.3480224609375 0
      vertex -34.20338439941406 -31.4312686920166 0
      vertex -33.38870620727539 -35.71666717529297 0
    endloop
  endfacet
  facet normal 0 0 -1
    outer loop
      vertex -33.38870620727539 -35.71666717529297 0
      vertex -32.34992599487305 -32.78812026977539 0
      vertex -31.40827178955078 -37.00746154785156 0
    endloop
  endfacet
  facet normal 0 0 -1
    outer loop
      vertex -29.378002166748047 -38.21835708618164 0
      vertex -31.40827178955078 -37.00746154785156 0
      vertex -30.442703247070312 -34.06830596923828 0
    endloop
  endfacet
  facet normal 0 0 -1
    outer loop
      vertex -29.378002166748047 -38.21835708618164 0
      vertex -30.442703247070312 -34.06830596923828 0
      vertex -28.48488998413086 -35.26968765258789 0
    endloop
  endfacet
  facet normal 0 0 -1
    outer loop
      vertex -31.40827178955078 -37.00746154785156 0
      vertex -32.34992599487305 -32.78812026977539 0
      vertex -30.442703247070312 -34.06830596923828 0
    endloop
  endfacet
  facet normal 0 0 -1
    outer loop
      vertex -35.316162109375 -34.3480224609375 0
      vertex -36 -30 0
      vertex -34.20338439941406 -31.4312686920166 0
    endloop
  endfacet
  facet normal 0 0 -1
    outer loop
      vertex -33.38870620727539 -35.71666717529297 0
      vertex -34.20338439941406 -31.4312686920166 0
      vertex -32.34992599487305 -32.78812026977539 0
    endloop
  endfacet
  facet normal 0 0 -1
    outer loop
      vertex -27.301118850708008 -39.34743881225586 0
      vertex -28.48488998413086 -35.26968765258789 0
      vertex -26.479736328125 -36.39027786254883 0
    endloop
  endfacet
  facet normal 0 0 -1
    outer loop
      vertex -18.59435272216797 -43.01177215576172 0
      vertex -18.053442001342773 -40.029518127441406 0
      vertex -16.335124969482422 -43.70758819580078 0
    endloop
  endfacet
  facet normal 0 0 -1
    outer loop
      vertex -20.824077606201172 -42.22653579711914 0
      vertex -23.020761489868164 -41.353118896484375 0
      vertex -22.3408145904541 -38.38175964355469 0
    endloop
  endfacet
  facet normal 0 0 -1
    outer loop
      vertex -20.824077606201172 -42.22653579711914 0
      vertex -22.3408145904541 -38.38175964355469 0
      vertex -20.213924407958984 -39.24934387207031 0
    endloop
  endfacet
  facet normal 0 0 -1
    outer loop
      vertex -24.43057632446289 -37.4282112121582 0
      vertex -22.3408145904541 -38.38175964355469 0
      vertex -23.020761489868164 -41.353118896484375 0
    endloop
  endfacet
  facet normal 0 0 -1
    outer loop
      vertex -20.824077606201172 -42.22653579711914 0
      vertex -20.213924407958984 -39.24934387207031 0
      vertex -18.59435272216797 -43.01177215576172 0
    endloop
  endfacet
  facet normal 0 0 -1
    outer loop
      vertex -18.59435272216797 -43.01177215576172 0
      vertex -20.213924407958984 -39.24934387207031 0
      vertex -18.053442001342773 -40.029518127441406 0
    endloop
  endfacet
  facet normal 0 0 -1
    outer loop
      vertex -16.335124969482422 -43.70758819580078 0
      vertex -15.862955093383789 -40.720985412597656 0
      vertex -14.049979209899902 -44.3128776550293 0
    endloop
  endfacet
  facet normal 0 0 -1
    outer loop
      vertex -14.049979209899902 -44.3128776550293 0
      vertex -15.862955093383789 -40.720985412597656 0
      vertex -13.646105766296387 -41.322601318359375 0
    endloop
  endfacet
  facet normal 0 0 -1
    outer loop
      vertex -14.049979209899902 -44.3128776550293 0
      vertex -13.646105766296387 -41.322601318359375 0
      vertex -11.742539405822754 -44.826683044433594 0
    endloop
  endfacet
  facet normal 0 0 -1
    outer loop
      vertex -13.646105766296387 -41.322601318359375 0
      vertex -11.406578063964844 -41.8333625793457 0
      vertex -11.742539405822754 -44.826683044433594 0
    endloop
  endfacet
  facet normal 0 0 -1
    outer loop
      vertex -18.053442001342773 -40.029518127441406 0
      vertex -15.862955093383789 -40.720985412597656 0
      vertex -16.335124969482422 -43.70758819580078 0
    endloop
  endfacet
  facet normal 0 0 -1
    outer loop
      vertex -11.742539405822754 -44.826683044433594 0
      vertex -11.406578063964844 -41.8333625793457 0
      vertex -9.416467666625977 -45.2481803894043 0
    endloop
  endfacet
  facet normal 0 0 -1
    outer loop
      vertex -9.416467666625977 -45.2481803894043 0
      vertex -11.406578063964844 -41.8333625793457 0
      vertex -9.148094177246094 -42.252418518066406 0
    endloop
  endfacet
  facet normal 0 0 -1
    outer loop
      vertex -9.416467666625977 -45.2481803894043 0
      vertex -9.148094177246094 -42.252418518066406 0
      vertex -7.075455665588379 -45.57670974731445 0
    endloop
  endfacet
  facet normal 0 0 -1
    outer loop
      vertex -4.723216533660889 -45.81174850463867 0
      vertex -7.075455665588379 -45.57670974731445 0
      vertex -6.874406814575195 -42.579078674316406 0
    endloop
  endfacet
  facet normal 0 0 -1
    outer loop
      vertex -9.148094177246094 -42.252418518066406 0
      vertex -6.874406814575195 -42.579078674316406 0
      vertex -7.075455665588379 -45.57670974731445 0
    endloop
  endfacet
  facet normal 0 0 -1
    outer loop
      vertex -4.723216533660889 -45.81174850463867 0
      vertex -6.874406814575195 -42.579078674316406 0
      vertex -4.589294910430908 -42.81279373168945 0
    endloop
  endfacet
  facet normal 0 0 -1
    outer loop
      vertex -4.723216533660889 -45.81174850463867 0
      vertex -4.589294910430908 -42.81279373168945 0
      vertex -2.363483428955078 -45.952919006347656 0
    endloop
  endfacet
  facet normal 0 0 -1
    outer loop
      vertex -2.363483428955078 -45.952919006347656 0
      vertex -4.589294910430908 -42.81279373168945 0
      vertex -2.296555757522583 -42.95317840576172 0
    endloop
  endfacet
  facet normal 0 0 -1
    outer loop
      vertex -2.363483428955078 -45.952919006347656 0
      vertex -2.296555757522583 -42.95317840576172 0
      vertex -3.1885063737895495e-14 -46 0
    endloop
  endfacet
  facet normal 0 0 -1
    outer loop
      vertex -3.1885063737895495e-14 -46 0
      vertex -2.296555757522583 -42.95317840576172 0
      vertex -2.911015093781205e-14 -43 0
    endloop
  endfacet
  facet normal 0 0 -1
    outer loop
      vertex -89.04148864746094 -30.36086082458496 0
      vertex -89.97455596923828 -27.472675323486328 0
      vertex -85.89640045166016 -27.117782592773438 0
    endloop
  endfacet
  facet normal 0 0 -1
    outer loop
      vertex -89.97455596923828 -27.472675323486328 0
      vertex -90.81397247314453 -24.555892944335938 0
      vertex -86.74089050292969 -24.281352996826172 0
    endloop
  endfacet
  facet normal 0 0 -1
    outer loop
      vertex -91.55885314941406 -21.613550186157227 0
      vertex -87.49174499511719 -21.418710708618164 0
      vertex -90.81397247314453 -24.555892944335938 0
    endloop
  endfacet
  facet normal 0 0 -1
    outer loop
      vertex -90.81397247314453 -24.555892944335938 0
      vertex -87.49174499511719 -21.418710708618164 0
      vertex -86.74089050292969 -24.281352996826172 0
    endloop
  endfacet
  facet normal 0 0 -1
    outer loop
      vertex -89.04148864746094 -30.36086082458496 0
      vertex -85.89640045166016 -27.117782592773438 0
      vertex -84.95919036865234 -29.924938201904297 0
    endloop
  endfacet
  facet normal 0 0 -1
    outer loop
      vertex -89.97455596923828 -27.472675323486328 0
      vertex -86.74089050292969 -24.281352996826172 0
      vertex -85.89640045166016 -27.117782592773438 0
    endloop
  endfacet
  facet normal 0 0 -1
    outer loop
      vertex -91.55885314941406 -21.613550186157227 0
      vertex -92.20842742919922 -18.648710250854492 0
      vertex -88.14814758300781 -18.532949447631836 0
    endloop
  endfacet
  facet normal 0 0 -1
    outer loop
      vertex -91.55885314941406 -21.613550186157227 0
      vertex -88.14814758300781 -18.532949447631836 0
      vertex -87.49174499511719 -21.418710708618164 0
    endloop
  endfacet
  facet normal 0 0 -1
    outer loop
      vertex -92.20842742919922 -18.648710250854492 0
      vertex -88.70939636230469 -15.627180099487305 0
      vertex -88.14814758300781 -18.532949447631836 0
    endloop
  endfacet
  facet normal 0 0 -1
    outer loop
      vertex -92.20842742919922 -18.648710250854492 0
      vertex -92.76202392578125 -15.664458274841309 0
      vertex -88.70939636230469 -15.627180099487305 0
    endloop
  endfacet
  facet normal 0 0 -1
    outer loop
      vertex -92.76202392578125 -15.664458274841309 0
      vertex -93.21907043457031 -12.663900375366211 0
      vertex -89.17488861083984 -12.70454216003418 0
    endloop
  endfacet
  facet normal 0 0 -1
    outer loop
      vertex -92.76202392578125 -15.664458274841309 0
      vertex -89.17488861083984 -12.70454216003418 0
      vertex -88.70939636230469 -15.627180099487305 0
    endloop
  endfacet
  facet normal 0 0 -1
    outer loop
      vertex -93.21907043457031 -12.663900375366211 0
      vertex -93.5790786743164 -9.650161743164062 0
      vertex -89.54411315917969 -9.768189430236816 0
    endloop
  endfacet
  facet normal 0 0 -1
    outer loop
      vertex -93.21907043457031 -12.663900375366211 0
      vertex -89.54411315917969 -9.768189430236816 0
      vertex -89.17488861083984 -12.70454216003418 0
    endloop
  endfacet
  facet normal 0 0 -1
    outer loop
      vertex -93.5790786743164 -9.650161743164062 0
      vertex -93.8416748046875 -6.626377105712891 0
      vertex -89.81668090820312 -6.821292877197266 0
    endloop
  endfacet
  facet normal 0 0 -1
    outer loop
      vertex -93.8416748046875 -6.626377105712891 0
      vertex -89.9922866821289 -3.867032527923584 0
      vertex -89.81668090820312 -6.821292877197266 0
    endloop
  endfacet
  facet normal 0 0 -1
    outer loop
      vertex -93.5790786743164 -9.650161743164062 0
      vertex -89.81668090820312 -6.821292877197266 0
      vertex -89.54411315917969 -9.768189430236816 0
    endloop
  endfacet
  facet normal 0 0 -1
    outer loop
      vertex -93.8416748046875 -6.626377105712891 0
      vertex -94.006591796875 -3.5956952571868896 0
      vertex -89.9922866821289 -3.867032527923584 0
    endloop
  endfacet
  facet normal 0 0 -1
    outer loop
      vertex -94.006591796875 -3.5956952571868896 0
      vertex -94.07366180419922 -0.5612705945968628 0
      vertex -90.07075500488281 -0.9085975885391235 0
    endloop
  endfacet
  facet normal 0 0 -1
    outer loop
      vertex -94.006591796875 -3.5956952571868896 0
      vertex -90.07075500488281 -0.9085975885391235 0
      vertex -89.9922866821289 -3.867032527923584 0
    endloop
  endfacet
  facet normal 0 0 -1
    outer loop
      vertex -94.07366180419922 -0.5612705945968628 0
      vertex -90.05198669433594 2.0508182048797607 0
      vertex -90.07075500488281 -0.9085975885391235 0
    endloop
  endfacet
  facet normal 0 0 -1
    outer loop
      vertex -94.07366180419922 -0.5612705945968628 0
      vertex -94.04280853271484 2.473738193511963 0
      vertex -90.05198669433594 2.0508182048797607 0
    endloop
  endfacet
  facet normal 0 0 -1
    outer loop
      vertex -94.04280853271484 2.473738193511963 0
      vertex -93.9140625 5.506172180175781 0
      vertex -89.9360122680664 5.008019924163818 0
    endloop
  endfacet
  facet normal 0 0 -1
    outer loop
      vertex -94.04280853271484 2.473738193511963 0
      vertex -89.9360122680664 5.008019924163818 0
      vertex -90.05198669433594 2.0508182048797607 0
    endloop
  endfacet
  facet normal 0 0 -1
    outer loop
      vertex -93.9140625 5.506172180175781 0
      vertex -89.72294616699219 7.959815502166748 0
      vertex -89.9360122680664 5.008019924163818 0
    endloop
  endfacet
  facet normal 0 0 -1
    outer loop
      vertex -93.9140625 5.506172180175781 0
      vertex -93.68756103515625 8.53287410736084 0
      vertex -89.72294616699219 7.959815502166748 0
    endloop
  endfacet
  facet normal 0 0 -1
    outer loop
      vertex -93.68756103515625 8.53287410736084 0
      vertex -93.36354064941406 11.550695419311523 0
      vertex -89.41303253173828 10.903018951416016 0
    endloop
  endfacet
  facet normal 0 0 -1
    outer loop
      vertex -93.68756103515625 8.53287410736084 0
      vertex -89.41303253173828 10.903018951416016 0
      vertex -89.72294616699219 7.959815502166748 0
    endloop
  endfacet
  facet normal 0 0 -1
    outer loop
      vertex -93.36354064941406 11.550695419311523 0
      vertex -92.94233703613281 14.55649185180664 0
      vertex -89.00659942626953 13.834452629089355 0
    endloop
  endfacet
  facet normal 0 0 -1
    outer loop
      vertex -93.36354064941406 11.550695419311523 0
      vertex -89.00659942626953 13.834452629089355 0
      vertex -89.41303253173828 10.903018951416016 0
    endloop
  endfacet
  facet normal 0 0 -1
    outer loop
      vertex -92.94233703613281 14.55649185180664 0
      vertex -92.42438507080078 17.547138214111328 0
      vertex -88.50408172607422 16.750951766967773 0
    endloop
  endfacet
  facet normal 0 0 -1
    outer loop
      vertex -92.94233703613281 14.55649185180664 0
      vertex -88.50408172607422 16.750951766967773 0
      vertex -89.00659942626953 13.834452629089355 0
    endloop
  endfacet
  facet normal 0 0 -1
    outer loop
      vertex -92.42438507080078 17.547138214111328 0
      vertex -87.90602111816406 19.649368286132812 0
      vertex -88.50408172607422 16.750951766967773 0
    endloop
  endfacet
  facet normal 0 0 -1
    outer loop
      vertex -92.42438507080078 17.547138214111328 0
      vertex -91.81022644042969 20.51951789855957 0
      vertex -87.90602111816406 19.649368286132812 0
    endloop
  endfacet
  facet normal 0 0 -1
    outer loop
      vertex -91.81022644042969 20.51951789855957 0
      vertex -91.10050964355469 23.470539093017578 0
      vertex -87.21307373046875 22.526575088500977 0
    endloop
  endfacet
  facet normal 0 0 -1
    outer loop
      vertex -91.81022644042969 20.51951789855957 0
      vertex -87.21307373046875 22.526575088500977 0
      vertex -87.90602111816406 19.649368286132812 0
    endloop
  endfacet
  facet normal 0 0 -1
    outer loop
      vertex -91.10050964355469 23.470539093017578 0
      vertex -86.42597198486328 25.37946319580078 0
      vertex -87.21307373046875 22.526575088500977 0
    endloop
  endfacet
  facet normal 0 0 -1
    outer loop
      vertex -91.10050964355469 23.470539093017578 0
      vertex -90.29595947265625 26.39712905883789 0
      vertex -86.42597198486328 25.37946319580078 0
    endloop
  endfacet
  facet normal 0 0 -1
    outer loop
      vertex -90.29595947265625 26.39712905883789 0
      vertex -85.54558563232422 28.2049560546875 0
      vertex -86.42597198486328 25.37946319580078 0
    endloop
  endfacet
  facet normal 0 0 -1
    outer loop
      vertex -90.29595947265625 26.39712905883789 0
      vertex -89.39742279052734 29.29624366760254 0
      vertex -85.54558563232422 28.2049560546875 0
    endloop
  endfacet
  facet normal 0 0 -1
    outer loop
      vertex -89.39742279052734 29.29624366760254 0
      vertex -88.40583038330078 32.16486358642578 0
      vertex -84.57284545898438 31 0
    endloop
  endfacet
  facet normal 0 0 -1
    outer loop
      vertex -89.39742279052734 29.29624366760254 0
      vertex -84.57284545898438 31 0
      vertex -85.54558563232422 28.2049560546875 0
    endloop
  endfacet
  facet normal 0 0 -1
    outer loop
      vertex -88.40583038330078 32.16486358642578 0
      vertex -87.32221221923828 35 0
      vertex -84.57284545898438 31 0
    endloop
  endfacet
  facet normal 0 0 -1
    outer loop
      vertex -87.32221221923828 35 0
      vertex -39 31 0
      vertex -84.57284545898438 31 0
    endloop
  endfacet
  facet normal 0 0 -1
    outer loop
      vertex -87.32221221923828 35 0
      vertex -36 35 0
      vertex -39 31 0
    endloop
  endfacet
  facet normal 0 0 -1
    outer loop
      vertex -39 -31.386003494262695 0
      vertex -36 35 0
      vertex -36 -30 0
    endloop
  endfacet
  facet normal 0 0 -1
    outer loop
      vertex -39 -31.386003494262695 0
      vertex -39 31 0
      vertex -36 35 0
    endloop
  endfacet
  facet normal 0 0 -1
    outer loop
      vertex 1.5175827741622925 -94.06309509277344 0
      vertex 1.479737639427185 -90.06317901611328 0
      vertex 4.551168918609619 -93.9651870727539 0
    endloop
  endfacet
  facet normal 0 0 -1
    outer loop
      vertex -1.479737639427185 -90.06317901611328 0
      vertex 1.479737639427185 -90.06317901611328 0
      vertex 1.5175827741622925 -94.06309509277344 0
    endloop
  endfacet
  facet normal 0 0 -1
    outer loop
      vertex 4.551168918609619 -93.9651870727539 0
      vertex 4.437615394592285 -89.96595764160156 0
      vertex 7.580017566680908 -93.76946258544922 0
    endloop
  endfacet
  facet normal 0 0 -1
    outer loop
      vertex 1.479737639427185 -90.06317901611328 0
      vertex 4.437615394592285 -89.96595764160156 0
      vertex 4.551168918609619 -93.9651870727539 0
    endloop
  endfacet
  facet normal 0 0 -1
    outer loop
      vertex 7.580017566680908 -93.76946258544922 0
      vertex 7.390702724456787 -89.77162170410156 0
      vertex 10.60097599029541 -93.47613525390625 0
    endloop
  endfacet
  facet normal 0 0 -1
    outer loop
      vertex 4.437615394592285 -89.96595764160156 0
      vertex 7.390702724456787 -89.77162170410156 0
      vertex 7.580017566680908 -93.76946258544922 0
    endloop
  endfacet
  facet normal 0 0 -1
    outer loop
      vertex 10.60097599029541 -93.47613525390625 0
      vertex 7.390702724456787 -89.77162170410156 0
      vertex 10.33581256866455 -89.48037719726562 0
    endloop
  endfacet
  facet normal 0 0 -1
    outer loop
      vertex 10.60097599029541 -93.47613525390625 0
      vertex 10.33581256866455 -89.48037719726562 0
      vertex 13.610899925231934 -93.08551025390625 0
    endloop
  endfacet
  facet normal 0 0 -1
    outer loop
      vertex 10.33581256866455 -89.48037719726562 0
      vertex 13.269763946533203 -89.09253692626953 0
      vertex 13.610899925231934 -93.08551025390625 0
    endloop
  endfacet
  facet normal 0 0 -1
    outer loop
      vertex 13.610899925231934 -93.08551025390625 0
      vertex 13.269763946533203 -89.09253692626953 0
      vertex 16.60665512084961 -92.59799194335938 0
    endloop
  endfacet
  facet normal 0 0 -1
    outer loop
      vertex 16.60665512084961 -92.59799194335938 0
      vertex 13.269763946533203 -89.09253692626953 0
      vertex 16.18939208984375 -88.6085205078125 0
    endloop
  endfacet
  facet normal 0 0 -1
    outer loop
      vertex 16.60665512084961 -92.59799194335938 0
      vertex 16.18939208984375 -88.6085205078125 0
      vertex 19.585126876831055 -92.01408386230469 0
    endloop
  endfacet
  facet normal 0 0 -1
    outer loop
      vertex 19.585126876831055 -92.01408386230469 0
      vertex 19.091543197631836 -88.02885437011719 0
      vertex 22.543209075927734 -91.33440399169922 0
    endloop
  endfacet
  facet normal 0 0 -1
    outer loop
      vertex 16.18939208984375 -88.6085205078125 0
      vertex 19.091543197631836 -88.02885437011719 0
      vertex 19.585126876831055 -92.01408386230469 0
    endloop
  endfacet
  facet normal 0 0 -1
    outer loop
      vertex 22.543209075927734 -91.33440399169922 0
      vertex 19.091543197631836 -88.02885437011719 0
      vertex 21.973085403442383 -87.35416412353516 0
    endloop
  endfacet
  facet normal 0 0 -1
    outer loop
      vertex 22.543209075927734 -91.33440399169922 0
      vertex 21.973085403442383 -87.35416412353516 0
      vertex 25.477828979492188 -90.55964660644531 0
    endloop
  endfacet
  facet normal 0 0 -1
    outer loop
      vertex 21.973085403442383 -87.35416412353516 0
      vertex 24.830907821655273 -86.58517456054688 0
      vertex 25.477828979492188 -90.55964660644531 0
    endloop
  endfacet
  facet normal 0 0 -1
    outer loop
      vertex 25.477828979492188 -90.55964660644531 0
      vertex 24.830907821655273 -86.58517456054688 0
      vertex 28.38592529296875 -89.69062805175781 0
    endloop
  endfacet
  facet normal 0 0 -1
    outer loop
      vertex 28.38592529296875 -89.69062805175781 0
      vertex 27.661924362182617 -85.72271728515625 0
      vertex 31.264476776123047 -88.7282485961914 0
    endloop
  endfacet
  facet normal 0 0 -1
    outer loop
      vertex 24.830907821655273 -86.58517456054688 0
      vertex 27.661924362182617 -85.72271728515625 0
      vertex 28.38592529296875 -89.69062805175781 0
    endloop
  endfacet
  facet normal 0 0 -1
    outer loop
      vertex 31.264476776123047 -88.7282485961914 0
      vertex 27.661924362182617 -85.72271728515625 0
      vertex 30.46308135986328 -84.7677230834961 0
    endloop
  endfacet
  facet normal 0 0 -1
    outer loop
      vertex 31.264476776123047 -88.7282485961914 0
      vertex 30.46308135986328 -84.7677230834961 0
      vertex 34.1104850769043 -87.67350769042969 0
    endloop
  endfacet
  facet normal 0 0 -1
    outer loop
      vertex 34.1104850769043 -87.67350769042969 0
      vertex 30.46308135986328 -84.7677230834961 0
      vertex 33.231353759765625 -83.72122192382812 0
    endloop
  endfacet
  facet normal 0 0 -1
    outer loop
      vertex 34.1104850769043 -87.67350769042969 0
      vertex 33.231353759765625 -83.72122192382812 0
      vertex 36.92098617553711 -86.52751159667969 0
    endloop
  endfacet
  facet normal 0 0 -1
    outer loop
      vertex 33.231353759765625 -83.72122192382812 0
      vertex 35.96375274658203 -82.5843505859375 0
      vertex 36.92098617553711 -86.52751159667969 0
    endloop
  endfacet
  facet normal 0 0 -1
    outer loop
      vertex 36.92098617553711 -86.52751159667969 0
      vertex 35.96375274658203 -82.5843505859375 0
      vertex 39.693058013916016 -85.29144287109375 0
    endloop
  endfacet
  facet normal 0 0 -1
    outer loop
      vertex 35.96375274658203 -82.5843505859375 0
      vertex 38.65732955932617 -81.35832214355469 0
      vertex 39.693058013916016 -85.29144287109375 0
    endloop
  endfacet
  facet normal 0 0 -1
    outer loop
      vertex 39.693058013916016 -85.29144287109375 0
      vertex 38.65732955932617 -81.35832214355469 0
      vertex 42.42380905151367 -83.96659851074219 0
    endloop
  endfacet
  facet normal 0 0 -1
    outer loop
      vertex 38.65732955932617 -81.35832214355469 0
      vertex 41.30917739868164 -80.04447174072266 0
      vertex 42.42380905151367 -83.96659851074219 0
    endloop
  endfacet
  facet normal 0 0 -1
    outer loop
      vertex 42.42380905151367 -83.96659851074219 0
      vertex 41.30917739868164 -80.04447174072266 0
      vertex 45.11040115356445 -82.55435180664062 0
    endloop
  endfacet
  facet normal 0 0 -1
    outer loop
      vertex 45.11040115356445 -82.55435180664062 0
      vertex 41.30917739868164 -80.04447174072266 0
      vertex 43.91643142700195 -78.64421844482422 0
    endloop
  endfacet
  facet normal 0 0 -1
    outer loop
      vertex 45.11040115356445 -82.55435180664062 0
      vertex 43.91643142700195 -78.64421844482422 0
      vertex 47.75004196166992 -81.05616760253906 0
    endloop
  endfacet
  facet normal 0 0 -1
    outer loop
      vertex 43.91643142700195 -78.64421844482422 0
      vertex 46.476280212402344 -77.15906524658203 0
      vertex 47.75004196166992 -81.05616760253906 0
    endloop
  endfacet
  facet normal 0 0 -1
    outer loop
      vertex -3.1885063737895495e-14 -46 0
      vertex -2.911015093781205e-14 -43 0
      vertex 2.363483428955078 -45.952919006347656 0
    endloop
  endfacet
  facet normal 0 0 -1
    outer loop
      vertex -2.911015093781205e-14 -43 0
      vertex 2.296555757522583 -42.95317840576172 0
      vertex 2.363483428955078 -45.952919006347656 0
    endloop
  endfacet
  facet normal 0 0 -1
    outer loop
      vertex 2.363483428955078 -45.952919006347656 0
      vertex 2.296555757522583 -42.95317840576172 0
      vertex 4.723216533660889 -45.81174850463867 0
    endloop
  endfacet
  facet normal 0 0 -1
    outer loop
      vertex 4.723216533660889 -45.81174850463867 0
      vertex 2.296555757522583 -42.95317840576172 0
      vertex 4.589294910430908 -42.81279373168945 0
    endloop
  endfacet
  facet normal 0 0 -1
    outer loop
      vertex 4.723216533660889 -45.81174850463867 0
      vertex 4.589294910430908 -42.81279373168945 0
      vertex 7.075455665588379 -45.57670974731445 0
    endloop
  endfacet
  facet normal 0 0 -1
    outer loop
      vertex 4.589294910430908 -42.81279373168945 0
      vertex 6.874406814575195 -42.579078674316406 0
      vertex 7.075455665588379 -45.57670974731445 0
    endloop
  endfacet
  facet normal 0 0 -1
    outer loop
      vertex 7.075455665588379 -45.57670974731445 0
      vertex 6.874406814575195 -42.579078674316406 0
      vertex 9.416467666625977 -45.2481803894043 0
    endloop
  endfacet
  facet normal 0 0 -1
    outer loop
      vertex 6.874406814575195 -42.579078674316406 0
      vertex 9.148094177246094 -42.252418518066406 0
      vertex 9.416467666625977 -45.2481803894043 0
    endloop
  endfacet
  facet normal 0 0 -1
    outer loop
      vertex 9.416467666625977 -45.2481803894043 0
      vertex 9.148094177246094 -42.252418518066406 0
      vertex 11.742539405822754 -44.826683044433594 0
    endloop
  endfacet
  facet normal 0 0 -1
    outer loop
      vertex 11.742539405822754 -44.826683044433594 0
      vertex 9.148094177246094 -42.252418518066406 0
      vertex 11.406578063964844 -41.8333625793457 0
    endloop
  endfacet
  facet normal 0 0 -1
    outer loop
      vertex 11.742539405822754 -44.826683044433594 0
      vertex 11.406578063964844 -41.8333625793457 0
      vertex 14.049979209899902 -44.3128776550293 0
    endloop
  endfacet
  facet normal 0 0 -1
    outer loop
      vertex 11.406578063964844 -41.8333625793457 0
      vertex 13.646105766296387 -41.322601318359375 0
      vertex 14.049979209899902 -44.3128776550293 0
    endloop
  endfacet
  facet normal 0 0 -1
    outer loop
      vertex 14.049979209899902 -44.3128776550293 0
      vertex 13.646105766296387 -41.322601318359375 0
      vertex 16.335124969482422 -43.70758819580078 0
    endloop
  endfacet
  facet normal 0 0 -1
    outer loop
      vertex 16.335124969482422 -43.70758819580078 0
      vertex 13.646105766296387 -41.322601318359375 0
      vertex 15.862955093383789 -40.720985412597656 0
    endloop
  endfacet
  facet normal 0 0 -1
    outer loop
      vertex 16.335124969482422 -43.70758819580078 0
      vertex 15.862955093383789 -40.720985412597656 0
      vertex 18.59435272216797 -43.01177215576172 0
    endloop
  endfacet
  facet normal 0 0 -1
    outer loop
      vertex 15.862955093383789 -40.720985412597656 0
      vertex 18.053442001342773 -40.029518127441406 0
      vertex 18.59435272216797 -43.01177215576172 0
    endloop
  endfacet
  facet normal 0 0 -1
    outer loop
      vertex 18.59435272216797 -43.01177215576172 0
      vertex 18.053442001342773 -40.029518127441406 0
      vertex 20.824077606201172 -42.22653579711914 0
    endloop
  endfacet
  facet normal 0 0 -1
    outer loop
      vertex 20.824077606201172 -42.22653579711914 0
      vertex 18.053442001342773 -40.029518127441406 0
      vertex 20.213924407958984 -39.24934387207031 0
    endloop
  endfacet
  facet normal 0 0 -1
    outer loop
      vertex 20.824077606201172 -42.22653579711914 0
      vertex 20.213924407958984 -39.24934387207031 0
      vertex 23.020761489868164 -41.353118896484375 0
    endloop
  endfacet
  facet normal 0 0 -1
    outer loop
      vertex 20.213924407958984 -39.24934387207031 0
      vertex 22.3408145904541 -38.38175964355469 0
      vertex 23.020761489868164 -41.353118896484375 0
    endloop
  endfacet
  facet normal 0 0 -1
    outer loop
      vertex 23.020761489868164 -41.353118896484375 0
      vertex 22.3408145904541 -38.38175964355469 0
      vertex 25.180917739868164 -40.392913818359375 0
    endloop
  endfacet
  facet normal 0 0 -1
    outer loop
      vertex 22.3408145904541 -38.38175964355469 0
      vertex 24.43057632446289 -37.4282112121582 0
      vertex 25.180917739868164 -40.392913818359375 0
    endloop
  endfacet
  facet normal 0 0 -1
    outer loop
      vertex 25.180917739868164 -40.392913818359375 0
      vertex 24.43057632446289 -37.4282112121582 0
      vertex 27.301118850708008 -39.34743881225586 0
    endloop
  endfacet
  facet normal 0 0 -1
    outer loop
      vertex 27.301118850708008 -39.34743881225586 0
      vertex 24.43057632446289 -37.4282112121582 0
      vertex 26.479736328125 -36.39027786254883 0
    endloop
  endfacet
  facet normal 0 0 -1
    outer loop
      vertex 27.301118850708008 -39.34743881225586 0
      vertex 26.479736328125 -36.39027786254883 0
      vertex 29.378002166748047 -38.21835708618164 0
    endloop
  endfacet
  facet normal 0 0 -1
    outer loop
      vertex 29.378002166748047 -38.21835708618164 0
      vertex 26.479736328125 -36.39027786254883 0
      vertex 28.48488998413086 -35.26968765258789 0
    endloop
  endfacet
  facet normal 0 0 -1
    outer loop
      vertex 29.378002166748047 -38.21835708618164 0
      vertex 28.48488998413086 -35.26968765258789 0
      vertex 31.40827178955078 -37.00746154785156 0
    endloop
  endfacet
  facet normal 0 0 -1
    outer loop
      vertex 31.40827178955078 -37.00746154785156 0
      vertex 30.442703247070312 -34.06830596923828 0
      vertex 33.38870620727539 -35.71666717529297 0
    endloop
  endfacet
  facet normal 0 0 -1
    outer loop
      vertex 28.48488998413086 -35.26968765258789 0
      vertex 30.442703247070312 -34.06830596923828 0
      vertex 31.40827178955078 -37.00746154785156 0
    endloop
  endfacet
  facet normal 0 0 -1
    outer loop
      vertex 30.442703247070312 -34.06830596923828 0
      vertex 32.34992599487305 -32.78812026977539 0
      vertex 33.38870620727539 -35.71666717529297 0
    endloop
  endfacet
  facet normal 0 0 -1
    outer loop
      vertex 33.38870620727539 -35.71666717529297 0
      vertex 32.34992599487305 -32.78812026977539 0
      vertex 35.316162109375 -34.3480224609375 0
    endloop
  endfacet
  facet normal 0 0 -1
    outer loop
      vertex 32.34992599487305 -32.78812026977539 0
      vertex 34.20338439941406 -31.4312686920166 0
      vertex 35.316162109375 -34.3480224609375 0
    endloop
  endfacet
  facet normal 0 0 -1
    outer loop
      vertex 34.20338439941406 -31.4312686920166 0
      vertex 37.187583923339844 -32.90370559692383 0
      vertex 35.316162109375 -34.3480224609375 0
    endloop
  endfacet
  facet normal 0 0 -1
    outer loop
      vertex 34.20338439941406 -31.4312686920166 0
      vertex 36 -30 0
      vertex 37.187583923339844 -32.90370559692383 0
    endloop
  endfacet
  facet normal 0 0 -1
    outer loop
      vertex 37.187583923339844 -32.90370559692383 0
      vertex 36 -30 0
      vertex 39 -31.386003494262695 0
    endloop
  endfacet
  facet normal 0 0 -1
    outer loop
      vertex 46.476280212402344 -77.15906524658203 0
      vertex 50.3399772644043 -79.47361755371094 0
      vertex 47.75004196166992 -81.05616760253906 0
    endloop
  endfacet
  facet normal 0 0 -1
    outer loop
      vertex 46.476280212402344 -77.15906524658203 0
      vertex 48.985958099365234 -75.59062194824219 0
      vertex 50.3399772644043 -79.47361755371094 0
    endloop
  endfacet
  facet normal 0 0 -1
    outer loop
      vertex 50.3399772644043 -79.47361755371094 0
      vertex 48.985958099365234 -75.59062194824219 0
      vertex 52.87751007080078 -77.80834197998047 0
    endloop
  endfacet
  facet normal 0 0 -1
    outer loop
      vertex 48.985958099365234 -75.59062194824219 0
      vertex 51.442752838134766 -73.94058227539062 0
      vertex 52.87751007080078 -77.80834197998047 0
    endloop
  endfacet
  facet normal 0 0 -1
    outer loop
      vertex 52.87751007080078 -77.80834197998047 0
      vertex 51.442752838134766 -73.94058227539062 0
      vertex 55.36000442504883 -76.06207275390625 0
    endloop
  endfacet
  facet normal 0 0 -1
    outer loop
      vertex 51.442752838134766 -73.94058227539062 0
      vertex 53.844017028808594 -72.2107162475586 0
      vertex 55.36000442504883 -76.06207275390625 0
    endloop
  endfacet
  facet normal 0 0 -1
    outer loop
      vertex 55.36000442504883 -76.06207275390625 0
      vertex 53.844017028808594 -72.2107162475586 0
      vertex 57.784873962402344 -74.23663330078125 0
    endloop
  endfacet
  facet normal 0 0 -1
    outer loop
      vertex 57.784873962402344 -74.23663330078125 0
      vertex 53.844017028808594 -72.2107162475586 0
      vertex 56.18716049194336 -70.40290832519531 0
    endloop
  endfacet
  facet normal 0 0 -1
    outer loop
      vertex 57.784873962402344 -74.23663330078125 0
      vertex 56.18716049194336 -70.40290832519531 0
      vertex 60.149593353271484 -72.33391571044922 0
    endloop
  endfacet
  facet normal 0 0 -1
    outer loop
      vertex 56.18716049194336 -70.40290832519531 0
      vertex 58.46964645385742 -68.51909637451172 0
      vertex 60.149593353271484 -72.33391571044922 0
    endloop
  endfacet
  facet normal 0 0 -1
    outer loop
      vertex 58.46964645385742 -68.51909637451172 0
      vertex 62.45170593261719 -70.35590362548828 0
      vertex 60.149593353271484 -72.33391571044922 0
    endloop
  endfacet
  facet normal 0 0 -1
    outer loop
      vertex 58.46964645385742 -68.51909637451172 0
      vertex 60.68901824951172 -66.56131744384766 0
      vertex 62.45170593261719 -70.35590362548828 0
    endloop
  endfacet
  facet normal 0 0 -1
    outer loop
      vertex 62.45170593261719 -70.35590362548828 0
      vertex 60.68901824951172 -66.56131744384766 0
      vertex 64.68881225585938 -68.3046646118164 0
    endloop
  endfacet
  facet normal 0 0 -1
    outer loop
      vertex 60.68901824951172 -66.56131744384766 0
      vertex 62.84287643432617 -64.53169250488281 0
      vertex 64.68881225585938 -68.3046646118164 0
    endloop
  endfacet
  facet normal 0 0 -1
    outer loop
      vertex 62.84287643432617 -64.53169250488281 0
      vertex 66.85857391357422 -66.18231964111328 0
      vertex 64.68881225585938 -68.3046646118164 0
    endloop
  endfacet
  facet normal 0 0 -1
    outer loop
      vertex 62.84287643432617 -64.53169250488281 0
      vertex 64.92889404296875 -62.432403564453125 0
      vertex 66.85857391357422 -66.18231964111328 0
    endloop
  endfacet
  facet normal 0 0 -1
    outer loop
      vertex 66.85857391357422 -66.18231964111328 0
      vertex 64.92889404296875 -62.432403564453125 0
      vertex 68.95875549316406 -63.9910888671875 0
    endloop
  endfacet
  facet normal 0 0 -1
    outer loop
      vertex 64.92889404296875 -62.432403564453125 0
      vertex 66.94482421875 -60.265716552734375 0
      vertex 68.95875549316406 -63.9910888671875 0
    endloop
  endfacet
  facet normal 0 0 -1
    outer loop
      vertex 68.95875549316406 -63.9910888671875 0
      vertex 66.94482421875 -60.265716552734375 0
      vertex 70.98714447021484 -61.73324966430664 0
    endloop
  endfacet
  facet normal 0 0 -1
    outer loop
      vertex 66.94482421875 -60.265716552734375 0
      vertex 68.88848876953125 -58.03397750854492 0
      vertex 70.98714447021484 -61.73324966430664 0
    endloop
  endfacet
  facet normal 0 0 -1
    outer loop
      vertex 68.88848876953125 -58.03397750854492 0
      vertex 72.941650390625 -59.41114807128906 0
      vertex 70.98714447021484 -61.73324966430664 0
    endloop
  endfacet
  facet normal 0 0 -1
    outer loop
      vertex 68.88848876953125 -58.03397750854492 0
      vertex 70.7577896118164 -55.73958969116211 0
      vertex 72.941650390625 -59.41114807128906 0
    endloop
  endfacet
  facet normal 0 0 -1
    outer loop
      vertex 72.941650390625 -59.41114807128906 0
      vertex 70.7577896118164 -55.73958969116211 0
      vertex 74.82022857666016 -57.02720642089844 0
    endloop
  endfacet
  facet normal 0 0 -1
    outer loop
      vertex 70.7577896118164 -55.73958969116211 0
      vertex 72.55070495605469 -53.385032653808594 0
      vertex 74.82022857666016 -57.02720642089844 0
    endloop
  endfacet
  facet normal 0 0 -1
    outer loop
      vertex 74.82022857666016 -57.02720642089844 0
      vertex 72.55070495605469 -53.385032653808594 0
      vertex 76.62092590332031 -54.58390808105469 0
    endloop
  endfacet
  facet normal 0 0 -1
    outer loop
      vertex 76.62092590332031 -54.58390808105469 0
      vertex 72.55070495605469 -53.385032653808594 0
      vertex 74.26530456542969 -50.97284698486328 0
    endloop
  endfacet
  facet normal 0 0 -1
    outer loop
      vertex 76.62092590332031 -54.58390808105469 0
      vertex 74.26530456542969 -50.97284698486328 0
      vertex 78.34186553955078 -52.08378982543945 0
    endloop
  endfacet
  facet normal 0 0 -1
    outer loop
      vertex 74.26530456542969 -50.97284698486328 0
      vertex 75.89973449707031 -48.50563430786133 0
      vertex 78.34186553955078 -52.08378982543945 0
    endloop
  endfacet
  facet normal 0 0 -1
    outer loop
      vertex 75.89973449707031 -48.50563430786133 0
      vertex 79.98126220703125 -49.52945327758789 0
      vertex 78.34186553955078 -52.08378982543945 0
    endloop
  endfacet
  facet normal 0 0 -1
    outer loop
      vertex 75.89973449707031 -48.50563430786133 0
      vertex 77.45223236083984 -45.98606491088867 0
      vertex 79.98126220703125 -49.52945327758789 0
    endloop
  endfacet
  facet normal 0 0 -1
    outer loop
      vertex 77.45223236083984 -45.98606491088867 0
      vertex 81.53739929199219 -46.92356491088867 0
      vertex 79.98126220703125 -49.52945327758789 0
    endloop
  endfacet
  facet normal 0 0 -1
    outer loop
      vertex 77.45223236083984 -45.98606491088867 0
      vertex 78.9211196899414 -43.41685104370117 0
      vertex 81.53739929199219 -46.92356491088867 0
    endloop
  endfacet
  facet normal 0 0 -1
    outer loop
      vertex 81.53739929199219 -46.92356491088867 0
      vertex 78.9211196899414 -43.41685104370117 0
      vertex 83.0086669921875 -44.26883316040039 0
    endloop
  endfacet
  facet normal 0 0 -1
    outer loop
      vertex 78.9211196899414 -43.41685104370117 0
      vertex 80.30481719970703 -40.8007698059082 0
      vertex 83.0086669921875 -44.26883316040039 0
    endloop
  endfacet
  facet normal 0 0 -1
    outer loop
      vertex 80.30481719970703 -40.8007698059082 0
      vertex 81.60182189941406 -38.14064407348633 0
      vertex 84.3935317993164 -41.568023681640625 0
    endloop
  endfacet
  facet normal 0 0 -1
    outer loop
      vertex 80.30481719970703 -40.8007698059082 0
      vertex 84.3935317993164 -41.568023681640625 0
      vertex 83.0086669921875 -44.26883316040039 0
    endloop
  endfacet
  facet normal 0 0 -1
    outer loop
      vertex 81.60182189941406 -38.14064407348633 0
      vertex 85.6905517578125 -38.823944091796875 0
      vertex 84.3935317993164 -41.568023681640625 0
    endloop
  endfacet
  facet normal 0 0 -1
    outer loop
      vertex 81.60182189941406 -38.14064407348633 0
      vertex 86.89836883544922 -36.039451599121094 0
      vertex 85.6905517578125 -38.823944091796875 0
    endloop
  endfacet
  facet normal 0 0 -1
    outer loop
      vertex 81.60182189941406 -38.14064407348633 0
      vertex 82.81074523925781 -35.43934631347656 0
      vertex 86.89836883544922 -36.039451599121094 0
    endloop
  endfacet
  facet normal 0 0 -1
    outer loop
      vertex 82.81074523925781 -35.43934631347656 0
      vertex 83.93026733398438 -32.699790954589844 0
      vertex 88.01573944091797 -33.217445373535156 0
    endloop
  endfacet
  facet normal 0 0 -1
    outer loop
      vertex 82.81074523925781 -35.43934631347656 0
      vertex 88.01573944091797 -33.217445373535156 0
      vertex 86.89836883544922 -36.039451599121094 0
    endloop
  endfacet
  facet normal 0 0 -1
    outer loop
      vertex 83.93026733398438 -32.699790954589844 0
      vertex 89.04148864746094 -30.36086082458496 0
      vertex 88.01573944091797 -33.217445373535156 0
    endloop
  endfacet
  facet normal 0 0 -1
    outer loop
      vertex 83.93026733398438 -32.699790954589844 0
      vertex 84.95919036865234 -29.924938201904297 0
      vertex 89.04148864746094 -30.36086082458496 0
    endloop
  endfacet
  facet normal 0 0 -1
    outer loop
      vertex 36 -30 0
      vertex 39 31 0
      vertex 39 -31.386003494262695 0
    endloop
  endfacet
  facet normal 0 0 -1
    outer loop
      vertex 36 -30 0
      vertex 36 35 0
      vertex 39 31 0
    endloop
  endfacet
  facet normal 0 0 -1
    outer loop
      vertex 84.95919036865234 -29.924938201904297 0
      vertex 89.97455596923828 -27.472675323486328 0
      vertex 89.04148864746094 -30.36086082458496 0
    endloop
  endfacet
  facet normal 0 0 -1
    outer loop
      vertex 84.95919036865234 -29.924938201904297 0
      vertex 85.89640045166016 -27.117782592773438 0
      vertex 89.97455596923828 -27.472675323486328 0
    endloop
  endfacet
  facet normal 0 0 -1
    outer loop
      vertex 85.89640045166016 -27.117782592773438 0
      vertex 86.74089050292969 -24.281352996826172 0
      vertex 90.81397247314453 -24.555892944335938 0
    endloop
  endfacet
  facet normal 0 0 -1
    outer loop
      vertex 85.89640045166016 -27.117782592773438 0
      vertex 90.81397247314453 -24.555892944335938 0
      vertex 89.97455596923828 -27.472675323486328 0
    endloop
  endfacet
  facet normal 0 0 -1
    outer loop
      vertex 86.74089050292969 -24.281352996826172 0
      vertex 91.55885314941406 -21.613550186157227 0
      vertex 90.81397247314453 -24.555892944335938 0
    endloop
  endfacet
  facet normal 0 0 -1
    outer loop
      vertex 86.74089050292969 -24.281352996826172 0
      vertex 87.49174499511719 -21.418710708618164 0
      vertex 91.55885314941406 -21.613550186157227 0
    endloop
  endfacet
  facet normal 0 0 -1
    outer loop
      vertex 87.49174499511719 -21.418710708618164 0
      vertex 88.14814758300781 -18.532949447631836 0
      vertex 92.20842742919922 -18.648710250854492 0
    endloop
  endfacet
  facet normal 0 0 -1
    outer loop
      vertex 91.55885314941406 -21.613550186157227 0
      vertex 87.49174499511719 -21.418710708618164 0
      vertex 92.20842742919922 -18.648710250854492 0
    endloop
  endfacet
  facet normal 0 0 -1
    outer loop
      vertex 88.14814758300781 -18.532949447631836 0
      vertex 92.76202392578125 -15.664458274841309 0
      vertex 92.20842742919922 -18.648710250854492 0
    endloop
  endfacet
  facet normal 0 0 -1
    outer loop
      vertex 88.14814758300781 -18.532949447631836 0
      vertex 88.70939636230469 -15.627180099487305 0
      vertex 92.76202392578125 -15.664458274841309 0
    endloop
  endfacet
  facet normal 0 0 -1
    outer loop
      vertex 88.70939636230469 -15.627180099487305 0
      vertex 89.17488861083984 -12.70454216003418 0
      vertex 93.21907043457031 -12.663900375366211 0
    endloop
  endfacet
  facet normal 0 0 -1
    outer loop
      vertex 88.70939636230469 -15.627180099487305 0
      vertex 93.21907043457031 -12.663900375366211 0
      vertex 92.76202392578125 -15.664458274841309 0
    endloop
  endfacet
  facet normal 0 0 -1
    outer loop
      vertex 89.17488861083984 -12.70454216003418 0
      vertex 89.54411315917969 -9.768189430236816 0
      vertex 93.5790786743164 -9.650161743164062 0
    endloop
  endfacet
  facet normal 0 0 -1
    outer loop
      vertex 89.17488861083984 -12.70454216003418 0
      vertex 93.5790786743164 -9.650161743164062 0
      vertex 93.21907043457031 -12.663900375366211 0
    endloop
  endfacet
  facet normal 0 0 -1
    outer loop
      vertex 89.54411315917969 -9.768189430236816 0
      vertex 89.81668090820312 -6.821292877197266 0
      vertex 93.8416748046875 -6.626377105712891 0
    endloop
  endfacet
  facet normal 0 0 -1
    outer loop
      vertex 89.54411315917969 -9.768189430236816 0
      vertex 93.8416748046875 -6.626377105712891 0
      vertex 93.5790786743164 -9.650161743164062 0
    endloop
  endfacet
  facet normal 0 0 -1
    outer loop
      vertex 89.81668090820312 -6.821292877197266 0
      vertex 94.006591796875 -3.5956952571868896 0
      vertex 93.8416748046875 -6.626377105712891 0
    endloop
  endfacet
  facet normal 0 0 -1
    outer loop
      vertex 89.81668090820312 -6.821292877197266 0
      vertex 89.9922866821289 -3.867032527923584 0
      vertex 94.006591796875 -3.5956952571868896 0
    endloop
  endfacet
  facet normal 0 0 -1
    outer loop
      vertex 89.9922866821289 -3.867032527923584 0
      vertex 90.07075500488281 -0.9085975885391235 0
      vertex 94.07366180419922 -0.5612705945968628 0
    endloop
  endfacet
  facet normal 0 0 -1
    outer loop
      vertex 89.9922866821289 -3.867032527923584 0
      vertex 94.07366180419922 -0.5612705945968628 0
      vertex 94.006591796875 -3.5956952571868896 0
    endloop
  endfacet
  facet normal 0 0 -1
    outer loop
      vertex 90.07075500488281 -0.9085975885391235 0
      vertex 94.04280853271484 2.473738193511963 0
      vertex 94.07366180419922 -0.5612705945968628 0
    endloop
  endfacet
  facet normal 0 0 -1
    outer loop
      vertex 90.07075500488281 -0.9085975885391235 0
      vertex 90.05198669433594 2.0508182048797607 0
      vertex 94.04280853271484 2.473738193511963 0
    endloop
  endfacet
  facet normal 0 0 -1
    outer loop
      vertex 36 35 0
      vertex 84.57284545898438 31 0
      vertex 39 31 0
    endloop
  endfacet
  facet normal 0 0 -1
    outer loop
      vertex 36 35 0
      vertex 87.32221221923828 35 0
      vertex 84.57284545898438 31 0
    endloop
  endfacet
  facet normal 0 0 -1
    outer loop
      vertex 90.05198669433594 2.0508182048797607 0
      vertex 89.9360122680664 5.008019924163818 0
      vertex 93.9140625 5.506172180175781 0
    endloop
  endfacet
  facet normal 0 0 -1
    outer loop
      vertex 90.05198669433594 2.0508182048797607 0
      vertex 93.9140625 5.506172180175781 0
      vertex 94.04280853271484 2.473738193511963 0
    endloop
  endfacet
  facet normal 0 0 -1
    outer loop
      vertex 89.9360122680664 5.008019924163818 0
      vertex 93.68756103515625 8.53287410736084 0
      vertex 93.9140625 5.506172180175781 0
    endloop
  endfacet
  facet normal 0 0 -1
    outer loop
      vertex 89.9360122680664 5.008019924163818 0
      vertex 89.72294616699219 7.959815502166748 0
      vertex 93.68756103515625 8.53287410736084 0
    endloop
  endfacet
  facet normal 0 0 -1
    outer loop
      vertex 89.72294616699219 7.959815502166748 0
      vertex 89.41303253173828 10.903018951416016 0
      vertex 93.36354064941406 11.550695419311523 0
    endloop
  endfacet
  facet normal 0 0 -1
    outer loop
      vertex 89.72294616699219 7.959815502166748 0
      vertex 93.36354064941406 11.550695419311523 0
      vertex 93.68756103515625 8.53287410736084 0
    endloop
  endfacet
  facet normal 0 0 -1
    outer loop
      vertex 89.41303253173828 10.903018951416016 0
      vertex 89.00659942626953 13.834452629089355 0
      vertex 92.94233703613281 14.55649185180664 0
    endloop
  endfacet
  facet normal 0 0 -1
    outer loop
      vertex 89.41303253173828 10.903018951416016 0
      vertex 92.94233703613281 14.55649185180664 0
      vertex 93.36354064941406 11.550695419311523 0
    endloop
  endfacet
  facet normal 0 0 -1
    outer loop
      vertex 89.00659942626953 13.834452629089355 0
      vertex 88.50408172607422 16.750951766967773 0
      vertex 92.42438507080078 17.547138214111328 0
    endloop
  endfacet
  facet normal 0 0 -1
    outer loop
      vertex 88.50408172607422 16.750951766967773 0
      vertex 91.81022644042969 20.51951789855957 0
      vertex 92.42438507080078 17.547138214111328 0
    endloop
  endfacet
  facet normal 0 0 -1
    outer loop
      vertex 89.00659942626953 13.834452629089355 0
      vertex 92.42438507080078 17.547138214111328 0
      vertex 92.94233703613281 14.55649185180664 0
    endloop
  endfacet
  facet normal 0 0 -1
    outer loop
      vertex 87.21307373046875 22.526575088500977 0
      vertex 86.42597198486328 25.37946319580078 0
      vertex 90.29595947265625 26.39712905883789 0
    endloop
  endfacet
  facet normal 0 0 -1
    outer loop
      vertex 88.50408172607422 16.750951766967773 0
      vertex 87.90602111816406 19.649368286132812 0
      vertex 91.81022644042969 20.51951789855957 0
    endloop
  endfacet
  facet normal 0 0 -1
    outer loop
      vertex 87.90602111816406 19.649368286132812 0
      vertex 87.21307373046875 22.526575088500977 0
      vertex 91.10050964355469 23.470539093017578 0
    endloop
  endfacet
  facet normal 0 0 -1
    outer loop
      vertex 87.90602111816406 19.649368286132812 0
      vertex 91.10050964355469 23.470539093017578 0
      vertex 91.81022644042969 20.51951789855957 0
    endloop
  endfacet
  facet normal 0 0 -1
    outer loop
      vertex 87.21307373046875 22.526575088500977 0
      vertex 90.29595947265625 26.39712905883789 0
      vertex 91.10050964355469 23.470539093017578 0
    endloop
  endfacet
  facet normal 0 0 -1
    outer loop
      vertex 86.42597198486328 25.37946319580078 0
      vertex 85.54558563232422 28.2049560546875 0
      vertex 89.39742279052734 29.29624366760254 0
    endloop
  endfacet
  facet normal 0 0 -1
    outer loop
      vertex 85.54558563232422 28.2049560546875 0
      vertex 84.57284545898438 31 0
      vertex 88.40583038330078 32.16486358642578 0
    endloop
  endfacet
  facet normal 0 0 -1
    outer loop
      vertex 85.54558563232422 28.2049560546875 0
      vertex 88.40583038330078 32.16486358642578 0
      vertex 89.39742279052734 29.29624366760254 0
    endloop
  endfacet
  facet normal 0 0 -1
    outer loop
      vertex 84.57284545898438 31 0
      vertex 87.32221221923828 35 0
      vertex 88.40583038330078 32.16486358642578 0
    endloop
  endfacet
  facet normal 0 0 -1
    outer loop
      vertex 86.42597198486328 25.37946319580078 0
      vertex 89.39742279052734 29.29624366760254 0
      vertex 90.29595947265625 26.39712905883789 0
    endloop
  endfacet
  facet normal 0 0 1
    outer loop
      vertex 66.26995849609375 34.5 14.42
      vertex 69.2 35 14.42
      vertex 66.26995849609375 35 14.42
    endloop
  endfacet
  facet normal 0 1 0
    outer loop
      vertex 66.26995849609375 34.5 14.42
      vertex 65.2 34.5 14.42
      vertex 69.2 34.5 15.42
    endloop
  endfacet
  facet normal 1 0 0
    outer loop
      vertex 65.2 34.5 15.42
      vertex 65.2 34.5 15.41161499023437
      vertex 65.2 35 15.42
    endloop
  endfacet
  facet normal 1 0 0
    outer loop
      vertex 65.2 35 15.41161499023437
      vertex 65.2 35 15.42
      vertex 65.2 34.5 15.41161499023437
    endloop
  endfacet
  facet normal 0 1 0
    outer loop
      vertex 69.2 34.5 15.42
      vertex 65.2 34.5 14.42
      vertex 65.2 34.5 15.41161499023437
    endloop
  endfacet
  facet normal 0 1 0
    outer loop
      vertex 65.2 34.5 15.42
      vertex 69.2 34.5 15.42
      vertex 65.2 34.5 15.41161499023437
    endloop
  endfacet
  facet normal 0 0 -1
    outer loop
      vertex 65.2 34.5 15.42
      vertex 65.2 35 15.42
      vertex 69.2 34.5 15.42
    endloop
  endfacet
  facet normal 0 0 1
    outer loop
      vertex 69.2 34.5 14.42
      vertex 69.2 35 14.42
      vertex 66.26995849609375 34.5 14.42
    endloop
  endfacet
  facet normal 0 1 0
    outer loop
      vertex 69.2 34.5 14.42
      vertex 66.26995849609375 34.5 14.42
      vertex 69.2 34.5 15.42
    endloop
  endfacet
  facet normal -1 0 0
    outer loop
      vertex 69.2 34.5 14.42
      vertex 69.2 35 15.42
      vertex 69.2 35 14.42
    endloop
  endfacet
  facet normal 0 0 -1
    outer loop
      vertex 69.2 34.5 15.42
      vertex 65.2 35 15.42
      vertex 69.2 35 15.42
    endloop
  endfacet
  facet normal -1 0 0
    outer loop
      vertex 69.2 34.5 14.42
      vertex 69.2 34.5 15.42
      vertex 69.2 35 15.42
    endloop
  endfacet
endsolid OpenSCAD_Model
