solid OpenSCAD_Model
  facet normal -0.2079116908177551 -0.9781476007338066 0
    outer loop
      vertex -0.7261899367811264 -19.234982813293612 -7.2
      vertex -0.24564188867898568 -19.33712645411544 -7.199999809265137
      vertex -0.7261899367811264 -19.234982813293612 -7.199999809265137
    endloop
  endfacet
  facet normal -0.2079116908177551 -0.9781476007338066 0
    outer loop
      vertex -0.7261899367811264 -19.234982813293612 -7.2
      vertex -0.24564188867898568 -19.33712645411544 -7.2
      vertex -0.24564188867898568 -19.33712645411544 -7.199999809265137
    endloop
  endfacet
  facet normal 0 -1 0
    outer loop
      vertex -0.24564188867898568 -19.33712645411544 -7.2
      vertex 0.24564188867898568 -19.33712645411544 -7.199999809265137
      vertex -0.24564188867898568 -19.33712645411544 -7.199999809265137
    endloop
  endfacet
  facet normal 0 -1 0
    outer loop
      vertex -0.24564188867898568 -19.33712645411544 -7.2
      vertex 0.24564188867898568 -19.33712645411544 -7.2
      vertex 0.24564188867898568 -19.33712645411544 -7.199999809265137
    endloop
  endfacet
  facet normal 0.2079116908177551 -0.9781476007338066 0
    outer loop
      vertex 0.24564188867898568 -19.33712645411544 -7.2
      vertex 0.7261899367811264 -19.234982813293612 -7.199999809265137
      vertex 0.24564188867898568 -19.33712645411544 -7.199999809265137
    endloop
  endfacet
  facet normal 0.2079116908177551 -0.9781476007338066 0
    outer loop
      vertex 0.24564188867898568 -19.33712645411544 -7.2
      vertex 0.7261899367811264 -19.234982813293612 -7.2
      vertex 0.7261899367811264 -19.234982813293612 -7.199999809265137
    endloop
  endfacet
  facet normal -0.5877852522924727 -0.8090169943749478 0
    outer loop
      vertex -1.572456924943317 -18.746390339871876 -7.2
      vertex -1.175 -19.03515969889343 -7.199999809265137
      vertex -1.572456924943317 -18.746390339871876 -7.199999809265137
    endloop
  endfacet
  facet normal -0.8660254037844404 -0.49999999999999706 0
    outer loop
      vertex -1.9011899367811267 -18.381295342887313 -7.199999809265137
      vertex -2.146831825460112 -17.95583111122813 -7.199999809265137
      vertex -2.146831825460112 -17.95583111122813 -7.2
    endloop
  endfacet
  facet normal -0.7431448254773929 -0.6691306063588597 0
    outer loop
      vertex -1.572456924943317 -18.746390339871876 -7.199999809265137
      vertex -1.9011899367811267 -18.381295342887313 -7.199999809265137
      vertex -1.9011899367811267 -18.381295342887313 -7.2
    endloop
  endfacet
  facet normal -0.7431448254773929 -0.6691306063588597 0
    outer loop
      vertex -1.572456924943317 -18.746390339871876 -7.2
      vertex -1.572456924943317 -18.746390339871876 -7.199999809265137
      vertex -1.9011899367811267 -18.381295342887313 -7.2
    endloop
  endfacet
  facet normal -0.8660254037844404 -0.49999999999999706 0
    outer loop
      vertex -1.9011899367811267 -18.381295342887313 -7.2
      vertex -1.9011899367811267 -18.381295342887313 -7.199999809265137
      vertex -2.146831825460112 -17.95583111122813 -7.2
    endloop
  endfacet
  facet normal -0.9510565162951526 -0.3090169943749502 0
    outer loop
      vertex -2.146831825460112 -17.95583111122813 -7.2
      vertex -2.146831825460112 -17.95583111122813 -7.199999809265137
      vertex -2.2986468617244435 -17.488592473421736 -7.2
    endloop
  endfacet
  facet normal -0.9510565162951526 -0.3090169943749502 0
    outer loop
      vertex -2.146831825460112 -17.95583111122813 -7.199999809265137
      vertex -2.2986468617244435 -17.488592473421736 -7.199999809265137
      vertex -2.2986468617244435 -17.488592473421736 -7.2
    endloop
  endfacet
  facet normal 0 0 -1
    outer loop
      vertex -1.572456924943317 -18.746390339871876 -7.2
      vertex -1.35 -17 -7.2
      vertex -1.3204992609906379 -17.280680782603977 -7.2
    endloop
  endfacet
  facet normal -0.9945218953682733 -0.10452846326765267 0
    outer loop
      vertex -2.2986468617244435 -17.488592473421736 -7.2
      vertex -2.2986468617244435 -17.488592473421736 -7.199999809265137
      vertex -2.35 -17 -7.2
    endloop
  endfacet
  facet normal -0.9945218953682733 -0.10452846326765267 0
    outer loop
      vertex -2.2986468617244435 -17.488592473421736 -7.199999809265137
      vertex -2.35 -17 -7.199999809265137
      vertex -2.35 -17 -7.2
    endloop
  endfacet
  facet normal 0 0 -1
    outer loop
      vertex -2.146831825460112 -17.95583111122813 -7.2
      vertex -2.2986468617244435 -17.488592473421736 -7.2
      vertex -2.146831825460112 -16.04416888877187 -7.2
    endloop
  endfacet
  facet normal 0 0 -1
    outer loop
      vertex -1.9011899367811267 -18.381295342887313 -7.2
      vertex -2.146831825460112 -17.95583111122813 -7.2
      vertex -1.9011899367811267 -15.618704657112689 -7.2
    endloop
  endfacet
  facet normal 0 0 -1
    outer loop
      vertex -1.572456924943317 -18.746390339871876 -7.2
      vertex -1.9011899367811267 -18.381295342887313 -7.2
      vertex -1.572456924943317 -15.253609660128124 -7.2
    endloop
  endfacet
  facet normal -0.5877852522924727 -0.8090169943749478 0
    outer loop
      vertex -1.572456924943317 -18.746390339871876 -7.2
      vertex -1.175 -19.03515969889343 -7.2
      vertex -1.175 -19.03515969889343 -7.199999809265137
    endloop
  endfacet
  facet normal -0.4067366430758036 -0.9135454576425993 0
    outer loop
      vertex -0.7261899367811264 -19.234982813293612 -7.199999809265137
      vertex -1.175 -19.03515969889343 -7.199999809265137
      vertex -1.175 -19.03515969889343 -7.2
    endloop
  endfacet
  facet normal -0.4067366430758036 -0.9135454576425993 0
    outer loop
      vertex -0.7261899367811264 -19.234982813293612 -7.2
      vertex -0.7261899367811264 -19.234982813293612 -7.199999809265137
      vertex -1.175 -19.03515969889343 -7.2
    endloop
  endfacet
  facet normal 0 0 -1
    outer loop
      vertex -0.7261899367811264 -19.234982813293612 -7.2
      vertex -1.175 -19.03515969889343 -7.2
      vertex -0.675 -18.169134295108993 -7.2
    endloop
  endfacet
  facet normal 0 0 -1
    outer loop
      vertex -0.7261899367811264 -19.234982813293612 -7.2
      vertex -0.1411134254113322 -18.34260455874717 -7.2
      vertex -0.24564188867898568 -19.33712645411544 -7.2
    endloop
  endfacet
  facet normal 0 0 -1
    outer loop
      vertex -1.572456924943317 -18.746390339871876 -7.2
      vertex -1.0921729424061792 -17.79351009059484 -7.2
      vertex -1.175 -19.03515969889343 -7.2
    endloop
  endfacet
  facet normal 0 0 -1
    outer loop
      vertex -1.175 -19.03515969889343 -7.2
      vertex -0.9033263185844587 -18.003245514394482 -7.2
      vertex -0.675 -18.169134295108993 -7.2
    endloop
  endfacet
  facet normal 0 0 -1
    outer loop
      vertex -1.175 -19.03515969889343 -7.2
      vertex -1.0921729424061792 -17.79351009059484 -7.2
      vertex -0.9033263185844587 -18.003245514394482 -7.2
    endloop
  endfacet
  facet normal 0 0 -1
    outer loop
      vertex -0.7261899367811264 -19.234982813293612 -7.2
      vertex -0.675 -18.169134295108993 -7.2
      vertex -0.417172942406179 -18.28392629699846 -7.2
    endloop
  endfacet
  facet normal 0 0 -1
    outer loop
      vertex -0.7261899367811264 -19.234982813293612 -7.2
      vertex -0.417172942406179 -18.28392629699846 -7.2
      vertex -0.1411134254113322 -18.34260455874717 -7.2
    endloop
  endfacet
  facet normal 0 0 -1
    outer loop
      vertex -0.24564188867898568 -19.33712645411544 -7.2
      vertex -0.1411134254113322 -18.34260455874717 -7.2
      vertex 0.24564188867898568 -19.33712645411544 -7.2
    endloop
  endfacet
  facet normal 0 0 -1
    outer loop
      vertex 0.24564188867898568 -19.33712645411544 -7.2
      vertex -0.1411134254113322 -18.34260455874717 -7.2
      vertex 0.1411134254113322 -18.34260455874717 -7.2
    endloop
  endfacet
  facet normal 0 0 -1
    outer loop
      vertex 0.24564188867898568 -19.33712645411544 -7.2
      vertex 0.1411134254113322 -18.34260455874717 -7.2
      vertex 0.417172942406179 -18.28392629699846 -7.2
    endloop
  endfacet
  facet normal 0 0 -1
    outer loop
      vertex 0.24564188867898568 -19.33712645411544 -7.2
      vertex 0.417172942406179 -18.28392629699846 -7.2
      vertex 0.7261899367811264 -19.234982813293612 -7.2
    endloop
  endfacet
  facet normal 0.4067366430758036 -0.9135454576425993 0
    outer loop
      vertex 0.7261899367811264 -19.234982813293612 -7.2
      vertex 1.175 -19.03515969889343 -7.199999809265137
      vertex 0.7261899367811264 -19.234982813293612 -7.199999809265137
    endloop
  endfacet
  facet normal 0.4067366430758036 -0.9135454576425993 0
    outer loop
      vertex 0.7261899367811264 -19.234982813293612 -7.2
      vertex 1.175 -19.03515969889343 -7.2
      vertex 1.175 -19.03515969889343 -7.199999809265137
    endloop
  endfacet
  facet normal 0 0 -1
    outer loop
      vertex 0.7261899367811264 -19.234982813293612 -7.2
      vertex 0.9033263185844587 -18.003245514394482 -7.2
      vertex 1.175 -19.03515969889343 -7.2
    endloop
  endfacet
  facet normal 0 0 -1
    outer loop
      vertex 0.7261899367811264 -19.234982813293612 -7.2
      vertex 0.417172942406179 -18.28392629699846 -7.2
      vertex 0.675 -18.169134295108993 -7.2
    endloop
  endfacet
  facet normal 0 0 -1
    outer loop
      vertex 0.7261899367811264 -19.234982813293612 -7.2
      vertex 0.675 -18.169134295108993 -7.2
      vertex 0.9033263185844587 -18.003245514394482 -7.2
    endloop
  endfacet
  facet normal 0 0 -1
    outer loop
      vertex -1.572456924943317 -18.746390339871876 -7.2
      vertex -1.2332863678175112 -17.54909446815233 -7.2
      vertex -1.0921729424061792 -17.79351009059484 -7.2
    endloop
  endfacet
  facet normal 0 0 -1
    outer loop
      vertex -1.572456924943317 -18.746390339871876 -7.2
      vertex -1.3204992609906379 -17.280680782603977 -7.2
      vertex -1.2332863678175112 -17.54909446815233 -7.2
    endloop
  endfacet
  facet normal 0.5877852522924727 -0.8090169943749478 0
    outer loop
      vertex 1.175 -19.03515969889343 -7.2
      vertex 1.572456924943317 -18.746390339871876 -7.199999809265137
      vertex 1.175 -19.03515969889343 -7.199999809265137
    endloop
  endfacet
  facet normal 0.5877852522924727 -0.8090169943749478 0
    outer loop
      vertex 1.175 -19.03515969889343 -7.2
      vertex 1.572456924943317 -18.746390339871876 -7.2
      vertex 1.572456924943317 -18.746390339871876 -7.199999809265137
    endloop
  endfacet
  facet normal 0 0 -1
    outer loop
      vertex 0.9033263185844587 -18.003245514394482 -7.2
      vertex 1.0921729424061792 -17.79351009059484 -7.2
      vertex 1.175 -19.03515969889343 -7.2
    endloop
  endfacet
  facet normal 0 0 -1
    outer loop
      vertex 1.175 -19.03515969889343 -7.2
      vertex 1.0921729424061792 -17.79351009059484 -7.2
      vertex 1.2332863678175112 -17.54909446815233 -7.2
    endloop
  endfacet
  facet normal 0.7431448254773929 -0.6691306063588597 0
    outer loop
      vertex 1.572456924943317 -18.746390339871876 -7.2
      vertex 1.9011899367811267 -18.381295342887313 -7.199999809265137
      vertex 1.572456924943317 -18.746390339871876 -7.199999809265137
    endloop
  endfacet
  facet normal 0.7431448254773929 -0.6691306063588597 0
    outer loop
      vertex 1.572456924943317 -18.746390339871876 -7.2
      vertex 1.9011899367811267 -18.381295342887313 -7.2
      vertex 1.9011899367811267 -18.381295342887313 -7.199999809265137
    endloop
  endfacet
  facet normal 0.8660254037844404 -0.49999999999999706 0
    outer loop
      vertex 1.9011899367811267 -18.381295342887313 -7.2
      vertex 2.146831825460112 -17.95583111122813 -7.199999809265137
      vertex 1.9011899367811267 -18.381295342887313 -7.199999809265137
    endloop
  endfacet
  facet normal 0.8660254037844404 -0.49999999999999706 0
    outer loop
      vertex 1.9011899367811267 -18.381295342887313 -7.2
      vertex 2.146831825460112 -17.95583111122813 -7.2
      vertex 2.146831825460112 -17.95583111122813 -7.199999809265137
    endloop
  endfacet
  facet normal 0 0 -1
    outer loop
      vertex 1.175 -19.03515969889343 -7.2
      vertex 1.2332863678175112 -17.54909446815233 -7.2
      vertex 1.3204992609906379 -17.280680782603977 -7.2
    endloop
  endfacet
  facet normal 0 0 -1
    outer loop
      vertex 1.175 -19.03515969889343 -7.2
      vertex 1.3204992609906379 -17.280680782603977 -7.2
      vertex 1.35 -17 -7.2
    endloop
  endfacet
  facet normal 0 0 -1
    outer loop
      vertex 1.175 -19.03515969889343 -7.2
      vertex 1.572456924943317 -15.253609660128124 -7.2
      vertex 1.572456924943317 -18.746390339871876 -7.2
    endloop
  endfacet
  facet normal 0 0 -1
    outer loop
      vertex 1.572456924943317 -18.746390339871876 -7.2
      vertex 1.9011899367811267 -15.618704657112689 -7.2
      vertex 1.9011899367811267 -18.381295342887313 -7.2
    endloop
  endfacet
  facet normal 0.9510565162951526 -0.3090169943749502 0
    outer loop
      vertex 2.146831825460112 -17.95583111122813 -7.2
      vertex 2.2986468617244435 -17.488592473421736 -7.199999809265137
      vertex 2.146831825460112 -17.95583111122813 -7.199999809265137
    endloop
  endfacet
  facet normal 0.9510565162951526 -0.3090169943749502 0
    outer loop
      vertex 2.146831825460112 -17.95583111122813 -7.2
      vertex 2.2986468617244435 -17.488592473421736 -7.2
      vertex 2.2986468617244435 -17.488592473421736 -7.199999809265137
    endloop
  endfacet
  facet normal 0 0 -1
    outer loop
      vertex 1.175 -19.03515969889343 -7.2
      vertex 1.35 -17 -7.2
      vertex 1.572456924943317 -15.253609660128124 -7.2
    endloop
  endfacet
  facet normal 0 0 -1
    outer loop
      vertex 1.9011899367811267 -18.381295342887313 -7.2
      vertex 2.146831825460112 -16.04416888877187 -7.2
      vertex 2.146831825460112 -17.95583111122813 -7.2
    endloop
  endfacet
  facet normal 0 0 -1
    outer loop
      vertex 2.146831825460112 -17.95583111122813 -7.2
      vertex 2.2986468617244435 -16.511407526578264 -7.2
      vertex 2.2986468617244435 -17.488592473421736 -7.2
    endloop
  endfacet
  facet normal 0.9945218953682733 -0.10452846326765267 0
    outer loop
      vertex 2.2986468617244435 -17.488592473421736 -7.2
      vertex 2.35 -17 -7.199999809265137
      vertex 2.2986468617244435 -17.488592473421736 -7.199999809265137
    endloop
  endfacet
  facet normal 0.9945218953682733 -0.10452846326765267 0
    outer loop
      vertex 2.2986468617244435 -17.488592473421736 -7.2
      vertex 2.35 -17 -7.2
      vertex 2.35 -17 -7.199999809265137
    endloop
  endfacet
  facet normal 0 0 -1
    outer loop
      vertex -2.2986468617244435 -17.488592473421736 -7.2
      vertex -2.35 -17 -7.2
      vertex -2.2986468617244435 -16.511407526578264 -7.2
    endloop
  endfacet
  facet normal -0.9945218953682733 0.10452846326765267 0
    outer loop
      vertex -2.35 -17 -7.2
      vertex -2.35 -17 -7.199999809265137
      vertex -2.2986468617244435 -16.511407526578264 -7.2
    endloop
  endfacet
  facet normal -0.9945218953682733 0.10452846326765267 0
    outer loop
      vertex -2.35 -17 -7.199999809265137
      vertex -2.2986468617244435 -16.511407526578264 -7.199999809265137
      vertex -2.2986468617244435 -16.511407526578264 -7.2
    endloop
  endfacet
  facet normal 0 0 -1
    outer loop
      vertex -2.2986468617244435 -17.488592473421736 -7.2
      vertex -2.2986468617244435 -16.511407526578264 -7.2
      vertex -2.146831825460112 -16.04416888877187 -7.2
    endloop
  endfacet
  facet normal 0 0 -1
    outer loop
      vertex -2.146831825460112 -17.95583111122813 -7.2
      vertex -2.146831825460112 -16.04416888877187 -7.2
      vertex -1.9011899367811267 -15.618704657112689 -7.2
    endloop
  endfacet
  facet normal -0.9510565162951526 0.3090169943749502 0
    outer loop
      vertex -2.2986468617244435 -16.511407526578264 -7.2
      vertex -2.2986468617244435 -16.511407526578264 -7.199999809265137
      vertex -2.146831825460112 -16.04416888877187 -7.2
    endloop
  endfacet
  facet normal -0.9510565162951526 0.3090169943749502 0
    outer loop
      vertex -2.2986468617244435 -16.511407526578264 -7.199999809265137
      vertex -2.146831825460112 -16.04416888877187 -7.199999809265137
      vertex -2.146831825460112 -16.04416888877187 -7.2
    endloop
  endfacet
  facet normal 0 0 -1
    outer loop
      vertex -1.9011899367811267 -18.381295342887313 -7.2
      vertex -1.9011899367811267 -15.618704657112689 -7.2
      vertex -1.572456924943317 -15.253609660128124 -7.2
    endloop
  endfacet
  facet normal 0 0 -1
    outer loop
      vertex -1.572456924943317 -18.746390339871876 -7.2
      vertex -1.572456924943317 -15.253609660128124 -7.2
      vertex -1.175 -14.96484030110657 -7.2
    endloop
  endfacet
  facet normal -0.8660254037844396 0.4999999999999986 0
    outer loop
      vertex -2.146831825460112 -16.04416888877187 -7.2
      vertex -2.146831825460112 -16.04416888877187 -7.199999809265137
      vertex -1.9011899367811267 -15.618704657112689 -7.2
    endloop
  endfacet
  facet normal -0.8660254037844396 0.4999999999999986 0
    outer loop
      vertex -2.146831825460112 -16.04416888877187 -7.199999809265137
      vertex -1.9011899367811267 -15.618704657112689 -7.199999809265137
      vertex -1.9011899367811267 -15.618704657112689 -7.2
    endloop
  endfacet
  facet normal -0.7431448254773947 0.6691306063588579 0
    outer loop
      vertex -1.9011899367811267 -15.618704657112689 -7.2
      vertex -1.9011899367811267 -15.618704657112689 -7.199999809265137
      vertex -1.572456924943317 -15.253609660128124 -7.2
    endloop
  endfacet
  facet normal -0.7431448254773947 0.6691306063588579 0
    outer loop
      vertex -1.9011899367811267 -15.618704657112689 -7.199999809265137
      vertex -1.572456924943317 -15.253609660128124 -7.199999809265137
      vertex -1.572456924943317 -15.253609660128124 -7.2
    endloop
  endfacet
  facet normal -0.5877852522924727 0.8090169943749478 0
    outer loop
      vertex -1.572456924943317 -15.253609660128124 -7.2
      vertex -1.572456924943317 -15.253609660128124 -7.199999809265137
      vertex -1.175 -14.96484030110657 -7.2
    endloop
  endfacet
  facet normal 0 0 -1
    outer loop
      vertex -1.572456924943317 -18.746390339871876 -7.2
      vertex -1.175 -14.96484030110657 -7.2
      vertex -1.35 -17 -7.2
    endloop
  endfacet
  facet normal 0 0 -1
    outer loop
      vertex -1.35 -17 -7.2
      vertex -1.175 -14.96484030110657 -7.2
      vertex -1.3204992609906379 -16.719319217396023 -7.2
    endloop
  endfacet
  facet normal 0 0 -1
    outer loop
      vertex -1.3204992609906379 -16.719319217396023 -7.2
      vertex -1.175 -14.96484030110657 -7.2
      vertex -1.2332863678175112 -16.45090553184767 -7.2
    endloop
  endfacet
  facet normal 0 0 -1
    outer loop
      vertex -1.2332863678175112 -16.45090553184767 -7.2
      vertex -1.175 -14.96484030110657 -7.2
      vertex -1.0921729424061792 -16.20648990940516 -7.2
    endloop
  endfacet
  facet normal 0 0 -1
    outer loop
      vertex -1.0921729424061792 -16.20648990940516 -7.2
      vertex -1.175 -14.96484030110657 -7.2
      vertex -0.9033263185844587 -15.996754485605518 -7.2
    endloop
  endfacet
  facet normal 0 0 -1
    outer loop
      vertex -0.9033263185844587 -15.996754485605518 -7.2
      vertex -0.7261899367811264 -14.76501718670639 -7.2
      vertex -0.675 -15.830865704891007 -7.2
    endloop
  endfacet
  facet normal 0 0 -1
    outer loop
      vertex -0.675 -15.830865704891007 -7.2
      vertex -0.7261899367811264 -14.76501718670639 -7.2
      vertex -0.417172942406179 -15.716073703001543 -7.2
    endloop
  endfacet
  facet normal 0 0 -1
    outer loop
      vertex -0.9033263185844587 -15.996754485605518 -7.2
      vertex -1.175 -14.96484030110657 -7.2
      vertex -0.7261899367811264 -14.76501718670639 -7.2
    endloop
  endfacet
  facet normal -0.5877852522924727 0.8090169943749478 0
    outer loop
      vertex -1.572456924943317 -15.253609660128124 -7.199999809265137
      vertex -1.175 -14.96484030110657 -7.199999809265137
      vertex -1.175 -14.96484030110657 -7.2
    endloop
  endfacet
  facet normal -0.40673664307580054 0.9135454576426008 0
    outer loop
      vertex -1.175 -14.96484030110657 -7.2
      vertex -1.175 -14.96484030110657 -7.199999809265137
      vertex -0.7261899367811264 -14.76501718670639 -7.2
    endloop
  endfacet
  facet normal -0.40673664307580054 0.9135454576426008 0
    outer loop
      vertex -1.175 -14.96484030110657 -7.199999809265137
      vertex -0.7261899367811264 -14.76501718670639 -7.199999809265137
      vertex -0.7261899367811264 -14.76501718670639 -7.2
    endloop
  endfacet
  facet normal 0 0 -1
    outer loop
      vertex -0.417172942406179 -15.716073703001543 -7.2
      vertex -0.24564188867898568 -14.662873545884558 -7.2
      vertex -0.1411134254113322 -15.657395441252831 -7.2
    endloop
  endfacet
  facet normal 0 0 -1
    outer loop
      vertex -0.417172942406179 -15.716073703001543 -7.2
      vertex -0.7261899367811264 -14.76501718670639 -7.2
      vertex -0.24564188867898568 -14.662873545884558 -7.2
    endloop
  endfacet
  facet normal 0 0 -1
    outer loop
      vertex 0.1411134254113322 -15.657395441252831 -7.2
      vertex 0.7261899367811264 -14.76501718670639 -7.2
      vertex 0.417172942406179 -15.716073703001543 -7.2
    endloop
  endfacet
  facet normal 0 0 -1
    outer loop
      vertex 0.417172942406179 -15.716073703001543 -7.2
      vertex 0.7261899367811264 -14.76501718670639 -7.2
      vertex 0.675 -15.830865704891007 -7.2
    endloop
  endfacet
  facet normal 0 0 -1
    outer loop
      vertex 0.9033263185844587 -15.996754485605518 -7.2
      vertex 0.675 -15.830865704891007 -7.2
      vertex 1.175 -14.96484030110657 -7.2
    endloop
  endfacet
  facet normal 0 0 -1
    outer loop
      vertex -0.1411134254113322 -15.657395441252831 -7.2
      vertex -0.24564188867898568 -14.662873545884558 -7.2
      vertex 0.1411134254113322 -15.657395441252831 -7.2
    endloop
  endfacet
  facet normal 0 0 -1
    outer loop
      vertex 0.1411134254113322 -15.657395441252831 -7.2
      vertex -0.24564188867898568 -14.662873545884558 -7.2
      vertex 0.24564188867898568 -14.662873545884558 -7.2
    endloop
  endfacet
  facet normal 0 0 -1
    outer loop
      vertex 0.1411134254113322 -15.657395441252831 -7.2
      vertex 0.24564188867898568 -14.662873545884558 -7.2
      vertex 0.7261899367811264 -14.76501718670639 -7.2
    endloop
  endfacet
  facet normal 0 0 -1
    outer loop
      vertex 0.675 -15.830865704891007 -7.2
      vertex 0.7261899367811264 -14.76501718670639 -7.2
      vertex 1.175 -14.96484030110657 -7.2
    endloop
  endfacet
  facet normal 0.40673664307580054 0.9135454576426008 0
    outer loop
      vertex 0.7261899367811264 -14.76501718670639 -7.2
      vertex 0.7261899367811264 -14.76501718670639 -7.199999809265137
      vertex 1.175 -14.96484030110657 -7.2
    endloop
  endfacet
  facet normal 0.40673664307580054 0.9135454576426008 0
    outer loop
      vertex 0.7261899367811264 -14.76501718670639 -7.199999809265137
      vertex 1.175 -14.96484030110657 -7.199999809265137
      vertex 1.175 -14.96484030110657 -7.2
    endloop
  endfacet
  facet normal -0.2079116908177585 0.9781476007338058 0
    outer loop
      vertex -0.7261899367811264 -14.76501718670639 -7.2
      vertex -0.7261899367811264 -14.76501718670639 -7.199999809265137
      vertex -0.24564188867898568 -14.662873545884558 -7.2
    endloop
  endfacet
  facet normal -0.2079116908177585 0.9781476007338058 0
    outer loop
      vertex -0.7261899367811264 -14.76501718670639 -7.199999809265137
      vertex -0.24564188867898568 -14.662873545884558 -7.199999809265137
      vertex -0.24564188867898568 -14.662873545884558 -7.2
    endloop
  endfacet
  facet normal 0 1 0
    outer loop
      vertex -0.24564188867898568 -14.662873545884558 -7.2
      vertex -0.24564188867898568 -14.662873545884558 -7.199999809265137
      vertex 0.24564188867898568 -14.662873545884558 -7.2
    endloop
  endfacet
  facet normal 0 1 0
    outer loop
      vertex -0.24564188867898568 -14.662873545884558 -7.199999809265137
      vertex 0.24564188867898568 -14.662873545884558 -7.199999809265137
      vertex 0.24564188867898568 -14.662873545884558 -7.2
    endloop
  endfacet
  facet normal 0.2079116908177585 0.9781476007338058 0
    outer loop
      vertex 0.24564188867898568 -14.662873545884558 -7.2
      vertex 0.24564188867898568 -14.662873545884558 -7.199999809265137
      vertex 0.7261899367811264 -14.76501718670639 -7.2
    endloop
  endfacet
  facet normal 0.2079116908177585 0.9781476007338058 0
    outer loop
      vertex 0.24564188867898568 -14.662873545884558 -7.199999809265137
      vertex 0.7261899367811264 -14.76501718670639 -7.199999809265137
      vertex 0.7261899367811264 -14.76501718670639 -7.2
    endloop
  endfacet
  facet normal 0 0 -1
    outer loop
      vertex 2.146831825460112 -17.95583111122813 -7.2
      vertex 2.146831825460112 -16.04416888877187 -7.2
      vertex 2.2986468617244435 -16.511407526578264 -7.2
    endloop
  endfacet
  facet normal 0 0 -1
    outer loop
      vertex 1.572456924943317 -18.746390339871876 -7.2
      vertex 1.572456924943317 -15.253609660128124 -7.2
      vertex 1.9011899367811267 -15.618704657112689 -7.2
    endloop
  endfacet
  facet normal 0 0 -1
    outer loop
      vertex 1.9011899367811267 -18.381295342887313 -7.2
      vertex 1.9011899367811267 -15.618704657112689 -7.2
      vertex 2.146831825460112 -16.04416888877187 -7.2
    endloop
  endfacet
  facet normal 0 0 -1
    outer loop
      vertex 1.35 -17 -7.2
      vertex 1.3204992609906379 -16.719319217396023 -7.2
      vertex 1.572456924943317 -15.253609660128124 -7.2
    endloop
  endfacet
  facet normal 0 0 -1
    outer loop
      vertex 1.2332863678175112 -16.45090553184767 -7.2
      vertex 1.0921729424061792 -16.20648990940516 -7.2
      vertex 1.572456924943317 -15.253609660128124 -7.2
    endloop
  endfacet
  facet normal 0 0 -1
    outer loop
      vertex 1.3204992609906379 -16.719319217396023 -7.2
      vertex 1.2332863678175112 -16.45090553184767 -7.2
      vertex 1.572456924943317 -15.253609660128124 -7.2
    endloop
  endfacet
  facet normal 0.9510565162951526 0.3090169943749502 0
    outer loop
      vertex 2.146831825460112 -16.04416888877187 -7.199999809265137
      vertex 2.2986468617244435 -16.511407526578264 -7.199999809265137
      vertex 2.2986468617244435 -16.511407526578264 -7.2
    endloop
  endfacet
  facet normal 0.9510565162951526 0.3090169943749502 0
    outer loop
      vertex 2.146831825460112 -16.04416888877187 -7.2
      vertex 2.146831825460112 -16.04416888877187 -7.199999809265137
      vertex 2.2986468617244435 -16.511407526578264 -7.2
    endloop
  endfacet
  facet normal 0 0 -1
    outer loop
      vertex 2.2986468617244435 -17.488592473421736 -7.2
      vertex 2.2986468617244435 -16.511407526578264 -7.2
      vertex 2.35 -17 -7.2
    endloop
  endfacet
  facet normal 0.9945218953682733 0.10452846326765267 0
    outer loop
      vertex 2.35 -17 -7.2
      vertex 2.2986468617244435 -16.511407526578264 -7.199999809265137
      vertex 2.35 -17 -7.199999809265137
    endloop
  endfacet
  facet normal 0.9945218953682733 0.10452846326765267 0
    outer loop
      vertex 2.35 -17 -7.2
      vertex 2.2986468617244435 -16.511407526578264 -7.2
      vertex 2.2986468617244435 -16.511407526578264 -7.199999809265137
    endloop
  endfacet
  facet normal 0 0 -1
    outer loop
      vertex 0.9033263185844587 -15.996754485605518 -7.2
      vertex 1.175 -14.96484030110657 -7.2
      vertex 1.0921729424061792 -16.20648990940516 -7.2
    endloop
  endfacet
  facet normal 0 0 -1
    outer loop
      vertex 1.0921729424061792 -16.20648990940516 -7.2
      vertex 1.175 -14.96484030110657 -7.2
      vertex 1.572456924943317 -15.253609660128124 -7.2
    endloop
  endfacet
  facet normal 0.8660254037844396 0.4999999999999986 0
    outer loop
      vertex 2.146831825460112 -16.04416888877187 -7.2
      vertex 1.9011899367811267 -15.618704657112689 -7.199999809265137
      vertex 2.146831825460112 -16.04416888877187 -7.199999809265137
    endloop
  endfacet
  facet normal 0.8660254037844396 0.4999999999999986 0
    outer loop
      vertex 2.146831825460112 -16.04416888877187 -7.2
      vertex 1.9011899367811267 -15.618704657112689 -7.2
      vertex 1.9011899367811267 -15.618704657112689 -7.199999809265137
    endloop
  endfacet
  facet normal 0.7431448254773947 0.6691306063588579 0
    outer loop
      vertex 1.9011899367811267 -15.618704657112689 -7.2
      vertex 1.572456924943317 -15.253609660128124 -7.199999809265137
      vertex 1.9011899367811267 -15.618704657112689 -7.199999809265137
    endloop
  endfacet
  facet normal 0.7431448254773947 0.6691306063588579 0
    outer loop
      vertex 1.9011899367811267 -15.618704657112689 -7.2
      vertex 1.572456924943317 -15.253609660128124 -7.2
      vertex 1.572456924943317 -15.253609660128124 -7.199999809265137
    endloop
  endfacet
  facet normal 0.5877852522924727 0.8090169943749478 0
    outer loop
      vertex 1.572456924943317 -15.253609660128124 -7.2
      vertex 1.175 -14.96484030110657 -7.199999809265137
      vertex 1.572456924943317 -15.253609660128124 -7.199999809265137
    endloop
  endfacet
  facet normal 0.5877852522924727 0.8090169943749478 0
    outer loop
      vertex 1.572456924943317 -15.253609660128124 -7.2
      vertex 1.175 -14.96484030110657 -7.2
      vertex 1.175 -14.96484030110657 -7.199999809265137
    endloop
  endfacet
  facet normal 0.40673664307580243 0.9135454576425999 0
    outer loop
      vertex -0.675 -18.169134295108993 -7.2
      vertex -0.675 -18.169134295108993 -2.200000047683716
      vertex -0.417172942406179 -18.28392629699846 -7.2
    endloop
  endfacet
  facet normal 0.20791169081775454 0.9781476007338067 0
    outer loop
      vertex -0.417172942406179 -18.28392629699846 -7.2
      vertex -0.417172942406179 -18.28392629699846 -2.200000047683716
      vertex -0.1411134254113322 -18.34260455874717 -7.2
    endloop
  endfacet
  facet normal 0 1 0
    outer loop
      vertex -0.1411134254113322 -18.34260455874717 -7.2
      vertex -0.1411134254113322 -18.34260455874717 -2.200000047683716
      vertex 0.1411134254113322 -18.34260455874717 -7.2
    endloop
  endfacet
  facet normal -0.20791169081775454 0.9781476007338067 0
    outer loop
      vertex 0.1411134254113322 -18.34260455874717 -7.2
      vertex 0.1411134254113322 -18.34260455874717 -2.200000047683716
      vertex 0.417172942406179 -18.28392629699846 -7.2
    endloop
  endfacet
  facet normal -0.40673664307580243 0.9135454576425999 0
    outer loop
      vertex 0.417172942406179 -18.28392629699846 -7.2
      vertex 0.417172942406179 -18.28392629699846 -2.200000047683716
      vertex 0.675 -18.169134295108993 -7.2
    endloop
  endfacet
  facet normal -0.5877852522924746 0.8090169943749465 0
    outer loop
      vertex 0.675 -18.169134295108993 -7.2
      vertex 0.675 -18.169134295108993 -2.200000047683716
      vertex 0.9033263185844587 -18.003245514394482 -7.2
    endloop
  endfacet
  facet normal 0.5877852522924746 0.8090169943749465 0
    outer loop
      vertex -0.675 -18.169134295108993 -7.2
      vertex -0.9033263185844587 -18.003245514394482 -7.2
      vertex -0.9033263185844587 -18.003245514394482 -2.200000047683716
    endloop
  endfacet
  facet normal 0.7431448254773928 0.6691306063588598 0
    outer loop
      vertex -0.9033263185844587 -18.003245514394482 -7.2
      vertex -1.0921729424061792 -17.79351009059484 -7.2
      vertex -1.0921729424061792 -17.79351009059484 -2.200000047683716
    endloop
  endfacet
  facet normal 0.8660254037844404 0.4999999999999971 0
    outer loop
      vertex -1.2332863678175112 -17.54909446815233 -7.2
      vertex -1.2332863678175112 -17.54909446815233 -2.200000047683716
      vertex -1.0921729424061792 -17.79351009059484 -7.2
    endloop
  endfacet
  facet normal 0.9510565162951526 0.30901699437495045 0
    outer loop
      vertex -1.2332863678175112 -17.54909446815233 -7.2
      vertex -1.3204992609906379 -17.280680782603977 -7.2
      vertex -1.3204992609906379 -17.280680782603977 -2.200000047683716
    endloop
  endfacet
  facet normal 0.9945218953682734 0.10452846326765237 0
    outer loop
      vertex -1.3204992609906379 -17.280680782603977 -7.2
      vertex -1.35 -17 -7.2
      vertex -1.35 -17 -2.200000047683716
    endloop
  endfacet
  facet normal -0.7431448254773928 0.6691306063588598 0
    outer loop
      vertex 0.9033263185844587 -18.003245514394482 -7.2
      vertex 0.9033263185844587 -18.003245514394482 -2.200000047683716
      vertex 1.0921729424061792 -17.79351009059484 -7.2
    endloop
  endfacet
  facet normal 0.40673664307580243 0.9135454576425999 0
    outer loop
      vertex -0.417172942406179 -18.28392629699846 -7.2
      vertex -0.675 -18.169134295108993 -2.200000047683716
      vertex -0.417172942406179 -18.28392629699846 -2.200000047683716
    endloop
  endfacet
  facet normal 0.5877852522924746 0.8090169943749465 0
    outer loop
      vertex -0.675 -18.169134295108993 -7.2
      vertex -0.9033263185844587 -18.003245514394482 -2.200000047683716
      vertex -0.675 -18.169134295108993 -2.200000047683716
    endloop
  endfacet
  facet normal 0.20791169081775454 0.9781476007338067 0
    outer loop
      vertex -0.1411134254113322 -18.34260455874717 -7.2
      vertex -0.417172942406179 -18.28392629699846 -2.200000047683716
      vertex -0.1411134254113322 -18.34260455874717 -2.200000047683716
    endloop
  endfacet
  facet normal 0 1 0
    outer loop
      vertex 0.1411134254113322 -18.34260455874717 -7.2
      vertex -0.1411134254113322 -18.34260455874717 -2.200000047683716
      vertex 0.1411134254113322 -18.34260455874717 -2.200000047683716
    endloop
  endfacet
  facet normal -0.20791169081775454 0.9781476007338067 0
    outer loop
      vertex 0.417172942406179 -18.28392629699846 -7.2
      vertex 0.1411134254113322 -18.34260455874717 -2.200000047683716
      vertex 0.417172942406179 -18.28392629699846 -2.200000047683716
    endloop
  endfacet
  facet normal -0.40673664307580243 0.9135454576425999 0
    outer loop
      vertex 0.675 -18.169134295108993 -7.2
      vertex 0.417172942406179 -18.28392629699846 -2.200000047683716
      vertex 0.675 -18.169134295108993 -2.200000047683716
    endloop
  endfacet
  facet normal 0.7431448254773928 0.6691306063588598 0
    outer loop
      vertex -0.9033263185844587 -18.003245514394482 -7.2
      vertex -1.0921729424061792 -17.79351009059484 -2.200000047683716
      vertex -0.9033263185844587 -18.003245514394482 -2.200000047683716
    endloop
  endfacet
  facet normal 0.8660254037844404 0.4999999999999971 0
    outer loop
      vertex -1.0921729424061792 -17.79351009059484 -7.2
      vertex -1.2332863678175112 -17.54909446815233 -2.200000047683716
      vertex -1.0921729424061792 -17.79351009059484 -2.200000047683716
    endloop
  endfacet
  facet normal 0.9510565162951526 0.30901699437495045 0
    outer loop
      vertex -1.2332863678175112 -17.54909446815233 -7.2
      vertex -1.3204992609906379 -17.280680782603977 -2.200000047683716
      vertex -1.2332863678175112 -17.54909446815233 -2.200000047683716
    endloop
  endfacet
  facet normal 0.9945218953682734 0.10452846326765237 0
    outer loop
      vertex -1.3204992609906379 -17.280680782603977 -7.2
      vertex -1.35 -17 -2.200000047683716
      vertex -1.3204992609906379 -17.280680782603977 -2.200000047683716
    endloop
  endfacet
  facet normal -0.5877852522924746 0.8090169943749465 0
    outer loop
      vertex 0.9033263185844587 -18.003245514394482 -7.2
      vertex 0.675 -18.169134295108993 -2.200000047683716
      vertex 0.9033263185844587 -18.003245514394482 -2.200000047683716
    endloop
  endfacet
  facet normal -0.7431448254773928 0.6691306063588598 0
    outer loop
      vertex 1.0921729424061792 -17.79351009059484 -7.2
      vertex 0.9033263185844587 -18.003245514394482 -2.200000047683716
      vertex 1.0921729424061792 -17.79351009059484 -2.200000047683716
    endloop
  endfacet
  facet normal -0.8660254037844404 0.4999999999999971 0
    outer loop
      vertex 1.0921729424061792 -17.79351009059484 -7.2
      vertex 1.0921729424061792 -17.79351009059484 -2.200000047683716
      vertex 1.2332863678175112 -17.54909446815233 -7.2
    endloop
  endfacet
  facet normal -0.9510565162951526 0.30901699437495045 0
    outer loop
      vertex 1.2332863678175112 -17.54909446815233 -7.2
      vertex 1.2332863678175112 -17.54909446815233 -2.200000047683716
      vertex 1.3204992609906379 -17.280680782603977 -7.2
    endloop
  endfacet
  facet normal -0.9945218953682734 0.10452846326765237 0
    outer loop
      vertex 1.3204992609906379 -17.280680782603977 -7.2
      vertex 1.3204992609906379 -17.280680782603977 -2.200000047683716
      vertex 1.35 -17 -7.2
    endloop
  endfacet
  facet normal -0.8660254037844404 0.4999999999999971 0
    outer loop
      vertex 1.2332863678175112 -17.54909446815233 -7.2
      vertex 1.0921729424061792 -17.79351009059484 -2.200000047683716
      vertex 1.2332863678175112 -17.54909446815233 -2.200000047683716
    endloop
  endfacet
  facet normal -0.9510565162951526 0.30901699437495045 0
    outer loop
      vertex 1.3204992609906379 -17.280680782603977 -7.2
      vertex 1.2332863678175112 -17.54909446815233 -2.200000047683716
      vertex 1.3204992609906379 -17.280680782603977 -2.200000047683716
    endloop
  endfacet
  facet normal -0.9945218953682734 0.10452846326765237 0
    outer loop
      vertex 1.3204992609906379 -17.280680782603977 -2.200000047683716
      vertex 1.35 -17 -2.200000047683716
      vertex 1.35 -17 -7.2
    endloop
  endfacet
  facet normal 0.9945218953682734 -0.10452846326765237 0
    outer loop
      vertex -1.35 -17 -7.2
      vertex -1.3204992609906379 -16.719319217396023 -7.2
      vertex -1.3204992609906379 -16.719319217396023 -2.200000047683716
    endloop
  endfacet
  facet normal 0.9510565162951526 -0.30901699437495045 0
    outer loop
      vertex -1.3204992609906379 -16.719319217396023 -7.2
      vertex -1.2332863678175112 -16.45090553184767 -7.2
      vertex -1.2332863678175112 -16.45090553184767 -2.200000047683716
    endloop
  endfacet
  facet normal 0.8660254037844404 -0.4999999999999971 0
    outer loop
      vertex -1.2332863678175112 -16.45090553184767 -7.2
      vertex -1.0921729424061792 -16.20648990940516 -7.2
      vertex -1.0921729424061792 -16.20648990940516 -2.200000047683716
    endloop
  endfacet
  facet normal 0.7431448254773928 -0.6691306063588598 0
    outer loop
      vertex -1.0921729424061792 -16.20648990940516 -7.2
      vertex -0.9033263185844587 -15.996754485605518 -7.2
      vertex -0.9033263185844587 -15.996754485605518 -2.200000047683716
    endloop
  endfacet
  facet normal -0.7431448254773928 -0.6691306063588598 0
    outer loop
      vertex 0.9033263185844587 -15.996754485605518 -7.2
      vertex 1.0921729424061792 -16.20648990940516 -7.2
      vertex 1.0921729424061792 -16.20648990940516 -2.200000047683716
    endloop
  endfacet
  facet normal -0.5877852522924746 -0.8090169943749465 0
    outer loop
      vertex 0.9033263185844587 -15.996754485605518 -7.2
      vertex 0.9033263185844587 -15.996754485605518 -2.200000047683716
      vertex 0.675 -15.830865704891007 -7.2
    endloop
  endfacet
  facet normal 0.5877852522924746 -0.8090169943749465 0
    outer loop
      vertex -0.9033263185844587 -15.996754485605518 -7.2
      vertex -0.675 -15.830865704891007 -7.2
      vertex -0.675 -15.830865704891007 -2.200000047683716
    endloop
  endfacet
  facet normal 0.4067366430757972 -0.9135454576426023 0
    outer loop
      vertex -0.675 -15.830865704891007 -7.2
      vertex -0.417172942406179 -15.716073703001543 -7.2
      vertex -0.417172942406179 -15.716073703001543 -2.200000047683716
    endloop
  endfacet
  facet normal 0.20791169081776056 -0.9781476007338055 0
    outer loop
      vertex -0.417172942406179 -15.716073703001543 -7.2
      vertex -0.1411134254113322 -15.657395441252831 -7.2
      vertex -0.1411134254113322 -15.657395441252831 -2.200000047683716
    endloop
  endfacet
  facet normal 0 -1 0
    outer loop
      vertex -0.1411134254113322 -15.657395441252831 -7.2
      vertex 0.1411134254113322 -15.657395441252831 -7.2
      vertex 0.1411134254113322 -15.657395441252831 -2.200000047683716
    endloop
  endfacet
  facet normal -0.20791169081776056 -0.9781476007338055 0
    outer loop
      vertex 0.1411134254113322 -15.657395441252831 -7.2
      vertex 0.417172942406179 -15.716073703001543 -7.2
      vertex 0.417172942406179 -15.716073703001543 -2.200000047683716
    endloop
  endfacet
  facet normal -0.4067366430757972 -0.9135454576426023 0
    outer loop
      vertex 0.417172942406179 -15.716073703001543 -7.2
      vertex 0.675 -15.830865704891007 -7.2
      vertex 0.675 -15.830865704891007 -2.200000047683716
    endloop
  endfacet
  facet normal 0.9945218953682734 -0.10452846326765237 0
    outer loop
      vertex -1.35 -17 -7.2
      vertex -1.3204992609906379 -16.719319217396023 -2.200000047683716
      vertex -1.35 -17 -2.200000047683716
    endloop
  endfacet
  facet normal 0.9510565162951526 -0.30901699437495045 0
    outer loop
      vertex -1.3204992609906379 -16.719319217396023 -7.2
      vertex -1.2332863678175112 -16.45090553184767 -2.200000047683716
      vertex -1.3204992609906379 -16.719319217396023 -2.200000047683716
    endloop
  endfacet
  facet normal 0.8660254037844404 -0.4999999999999971 0
    outer loop
      vertex -1.2332863678175112 -16.45090553184767 -7.2
      vertex -1.0921729424061792 -16.20648990940516 -2.200000047683716
      vertex -1.2332863678175112 -16.45090553184767 -2.200000047683716
    endloop
  endfacet
  facet normal 0.7431448254773928 -0.6691306063588598 0
    outer loop
      vertex -1.0921729424061792 -16.20648990940516 -7.2
      vertex -0.9033263185844587 -15.996754485605518 -2.200000047683716
      vertex -1.0921729424061792 -16.20648990940516 -2.200000047683716
    endloop
  endfacet
  facet normal 0.5877852522924746 -0.8090169943749465 0
    outer loop
      vertex -0.9033263185844587 -15.996754485605518 -7.2
      vertex -0.675 -15.830865704891007 -2.200000047683716
      vertex -0.9033263185844587 -15.996754485605518 -2.200000047683716
    endloop
  endfacet
  facet normal -0.7431448254773928 -0.6691306063588598 0
    outer loop
      vertex 0.9033263185844587 -15.996754485605518 -7.2
      vertex 1.0921729424061792 -16.20648990940516 -2.200000047683716
      vertex 0.9033263185844587 -15.996754485605518 -2.200000047683716
    endloop
  endfacet
  facet normal 0.4067366430757972 -0.9135454576426023 0
    outer loop
      vertex -0.675 -15.830865704891007 -7.2
      vertex -0.417172942406179 -15.716073703001543 -2.200000047683716
      vertex -0.675 -15.830865704891007 -2.200000047683716
    endloop
  endfacet
  facet normal 0.20791169081776056 -0.9781476007338055 0
    outer loop
      vertex -0.417172942406179 -15.716073703001543 -7.2
      vertex -0.1411134254113322 -15.657395441252831 -2.200000047683716
      vertex -0.417172942406179 -15.716073703001543 -2.200000047683716
    endloop
  endfacet
  facet normal 0 -1 0
    outer loop
      vertex -0.1411134254113322 -15.657395441252831 -7.2
      vertex 0.1411134254113322 -15.657395441252831 -2.200000047683716
      vertex -0.1411134254113322 -15.657395441252831 -2.200000047683716
    endloop
  endfacet
  facet normal -0.20791169081776056 -0.9781476007338055 0
    outer loop
      vertex 0.1411134254113322 -15.657395441252831 -7.2
      vertex 0.417172942406179 -15.716073703001543 -2.200000047683716
      vertex 0.1411134254113322 -15.657395441252831 -2.200000047683716
    endloop
  endfacet
  facet normal -0.4067366430757972 -0.9135454576426023 0
    outer loop
      vertex 0.417172942406179 -15.716073703001543 -7.2
      vertex 0.675 -15.830865704891007 -2.200000047683716
      vertex 0.417172942406179 -15.716073703001543 -2.200000047683716
    endloop
  endfacet
  facet normal -0.5877852522924746 -0.8090169943749465 0
    outer loop
      vertex 0.675 -15.830865704891007 -7.2
      vertex 0.9033263185844587 -15.996754485605518 -2.200000047683716
      vertex 0.675 -15.830865704891007 -2.200000047683716
    endloop
  endfacet
  facet normal -0.9945218953682734 -0.10452846326765237 0
    outer loop
      vertex 1.35 -17 -7.2
      vertex 1.35 -17 -2.200000047683716
      vertex 1.3204992609906379 -16.719319217396023 -7.2
    endloop
  endfacet
  facet normal -0.9510565162951526 -0.30901699437495045 0
    outer loop
      vertex 1.3204992609906379 -16.719319217396023 -7.2
      vertex 1.3204992609906379 -16.719319217396023 -2.200000047683716
      vertex 1.2332863678175112 -16.45090553184767 -7.2
    endloop
  endfacet
  facet normal -0.8660254037844404 -0.4999999999999971 0
    outer loop
      vertex 1.2332863678175112 -16.45090553184767 -7.2
      vertex 1.2332863678175112 -16.45090553184767 -2.200000047683716
      vertex 1.0921729424061792 -16.20648990940516 -7.2
    endloop
  endfacet
  facet normal -0.9945218953682734 -0.10452846326765237 0
    outer loop
      vertex 1.3204992609906379 -16.719319217396023 -7.2
      vertex 1.35 -17 -2.200000047683716
      vertex 1.3204992609906379 -16.719319217396023 -2.200000047683716
    endloop
  endfacet
  facet normal -0.9510565162951526 -0.30901699437495045 0
    outer loop
      vertex 1.2332863678175112 -16.45090553184767 -7.2
      vertex 1.3204992609906379 -16.719319217396023 -2.200000047683716
      vertex 1.2332863678175112 -16.45090553184767 -2.200000047683716
    endloop
  endfacet
  facet normal -0.8660254037844404 -0.4999999999999971 0
    outer loop
      vertex 1.0921729424061792 -16.20648990940516 -7.2
      vertex 1.2332863678175112 -16.45090553184767 -2.200000047683716
      vertex 1.0921729424061792 -16.20648990940516 -2.200000047683716
    endloop
  endfacet
  facet normal -0.4795364309438986 -0.8775219720312349 0
    outer loop
      vertex -3.866021156311035 -24.79383659362793 -7.199999809265137
      vertex -3.866021156311035 -24.79383659362793 -1.7999999523162842
      vertex -4.471342086791992 -24.463048934936523 -7.199999809265137
    endloop
  endfacet
  facet normal -0.6121235018780575 -0.7907621756562108 0
    outer loop
      vertex -5.594026565551758 -23.663097381591797 -7.199999809265137
      vertex -5.048553466796875 -24.085344314575195 -7.199999809265137
      vertex -5.048553466796875 -24.085344314575195 -1.7999999523162842
    endloop
  endfacet
  facet normal -0.547551121499995 -0.8367722326559944 0
    outer loop
      vertex -4.471342086791992 -24.463048934936523 -7.199999809265137
      vertex -4.471342086791992 -24.463048934936523 -1.7999999523162842
      vertex -5.048553466796875 -24.085344314575195 -7.199999809265137
    endloop
  endfacet
  facet normal 0 0 -1
    outer loop
      vertex -6.576262474060059 -22.69585609436035 -7.199999809265137
      vertex -7.006850242614746 -22.15694236755371 -7.199999809265137
      vertex -0.7261899367811264 -19.234982813293612 -7.199999809265137
    endloop
  endfacet
  facet normal 0 0 -1
    outer loop
      vertex -6.576262474060059 -22.69585609436035 -7.199999809265137
      vertex -0.24564188867898568 -19.33712645411544 -7.199999809265137
      vertex -6.104332447052002 -23.19896125793457 -7.199999809265137
    endloop
  endfacet
  facet normal -0.7812528009376375 -0.6242147555345804 0
    outer loop
      vertex -6.576262474060059 -22.69585609436035 -7.199999809265137
      vertex -6.576262474060059 -22.69585609436035 -1.7999999523162842
      vertex -7.006850242614746 -22.15694236755371 -7.199999809265137
    endloop
  endfacet
  facet normal -0.870042584555815 -0.4929765725259542 0
    outer loop
      vertex -7.393388271331787 -21.585609436035156 -7.199999809265137
      vertex -7.393388271331787 -21.585609436035156 -1.7999999523162842
      vertex -7.733447551727295 -20.98544692993164 -7.199999809265137
    endloop
  endfacet
  facet normal -0.828251047546084 -0.5603572095001673 0
    outer loop
      vertex -7.006850242614746 -22.15694236755371 -7.199999809265137
      vertex -7.006850242614746 -22.15694236755371 -1.7999999523162842
      vertex -7.393388271331787 -21.585609436035156 -7.199999809265137
    endloop
  endfacet
  facet normal -0.6728487306581551 -0.7397800927652146 0
    outer loop
      vertex -5.594026565551758 -23.663097381591797 -7.199999809265137
      vertex -5.594026565551758 -23.663097381591797 -1.7999999523162842
      vertex -6.104332447052002 -23.19896125793457 -7.199999809265137
    endloop
  endfacet
  facet normal -0.7293426439116136 -0.6841486006504853 0
    outer loop
      vertex -6.576262474060059 -22.69585609436035 -7.199999809265137
      vertex -6.104332447052002 -23.19896125793457 -7.199999809265137
      vertex -6.104332447052002 -23.19896125793457 -1.7999999523162842
    endloop
  endfacet
  facet normal 0 0 -1
    outer loop
      vertex -3.866021156311035 -24.79383659362793 -7.199999809265137
      vertex -4.471342086791992 -24.463048934936523 -7.199999809265137
      vertex 4.103930473327637 -24.671228408813477 -7.199999809265137
    endloop
  endfacet
  facet normal 0 0 -1
    outer loop
      vertex -4.471342086791992 -24.463048934936523 -7.199999809265137
      vertex -5.048553466796875 -24.085344314575195 -7.199999809265137
      vertex 4.698790073394775 -24.321979522705078 -7.199999809265137
    endloop
  endfacet
  facet normal 0 0 -1
    outer loop
      vertex -5.594026565551758 -23.663097381591797 -7.199999809265137
      vertex 5.264110088348389 -23.926698684692383 -7.199999809265137
      vertex -5.048553466796875 -24.085344314575195 -7.199999809265137
    endloop
  endfacet
  facet normal 0 0 -1
    outer loop
      vertex -3.236396074295044 -25.075626373291016 -7.199999809265137
      vertex 2.8407139778137207 -25.223159790039062 -7.199999809265137
      vertex -2.5864250659942627 -25.30664825439453 -7.199999809265137
    endloop
  endfacet
  facet normal 0 0 -1
    outer loop
      vertex -1.9201940298080444 -25.485448837280273 -7.199999809265137
      vertex 1.5061757564544678 -25.56863021850586 -7.199999809265137
      vertex -1.2418915033340454 -25.61090660095215 -7.199999809265137
    endloop
  endfacet
  facet normal 0 0 -1
    outer loop
      vertex -1.2418915033340454 -25.61090660095215 -7.199999809265137
      vertex 0.8225845694541931 -25.66102409362793 -7.199999809265137
      vertex -0.5557817220687866 -25.68222999572754 -7.199999809265137
    endloop
  endfacet
  facet normal 0 0 -1
    outer loop
      vertex -2.5864250659942627 -25.30664825439453 -7.199999809265137
      vertex 2.180298328399658 -25.4223690032959 -7.199999809265137
      vertex -1.9201940298080444 -25.485448837280273 -7.199999809265137
    endloop
  endfacet
  facet normal 0 0 -1
    outer loop
      vertex -3.866021156311035 -24.79383659362793 -7.199999809265137
      vertex 3.483271360397339 -24.972253799438477 -7.199999809265137
      vertex -3.236396074295044 -25.075626373291016 -7.199999809265137
    endloop
  endfacet
  facet normal 0 0 -1
    outer loop
      vertex -0.5557817220687866 -25.68222999572754 -7.199999809265137
      vertex 0.8225845694541931 -25.66102409362793 -7.199999809265137
      vertex 0.13382206857204437 -25.698970794677734 -7.199999809265137
    endloop
  endfacet
  facet normal 0 0 -1
    outer loop
      vertex -1.2418915033340454 -25.61090660095215 -7.199999809265137
      vertex 1.5061757564544678 -25.56863021850586 -7.199999809265137
      vertex 0.8225845694541931 -25.66102409362793 -7.199999809265137
    endloop
  endfacet
  facet normal 0 0 -1
    outer loop
      vertex -1.9201940298080444 -25.485448837280273 -7.199999809265137
      vertex 2.180298328399658 -25.4223690032959 -7.199999809265137
      vertex 1.5061757564544678 -25.56863021850586 -7.199999809265137
    endloop
  endfacet
  facet normal 0 0 -1
    outer loop
      vertex -2.5864250659942627 -25.30664825439453 -7.199999809265137
      vertex 2.8407139778137207 -25.223159790039062 -7.199999809265137
      vertex 2.180298328399658 -25.4223690032959 -7.199999809265137
    endloop
  endfacet
  facet normal 0 0 -1
    outer loop
      vertex -3.236396074295044 -25.075626373291016 -7.199999809265137
      vertex 3.483271360397339 -24.972253799438477 -7.199999809265137
      vertex 2.8407139778137207 -25.223159790039062 -7.199999809265137
    endloop
  endfacet
  facet normal -0.3349080947578102 -0.9422507989201673 0
    outer loop
      vertex -3.236396074295044 -25.075626373291016 -7.199999809265137
      vertex -2.5864250659942627 -25.30664825439453 -7.199999809265137
      vertex -2.5864250659942627 -25.30664825439453 -1.7999999523162842
    endloop
  endfacet
  facet normal -0.4085054512989964 -0.912755879881912 0
    outer loop
      vertex -3.866021156311035 -24.79383659362793 -7.199999809265137
      vertex -3.236396074295044 -25.075626373291016 -7.199999809265137
      vertex -3.236396074295044 -25.075626373291016 -1.7999999523162842
    endloop
  endfacet
  facet normal -0.25920385098861815 -0.9658226357011261 0
    outer loop
      vertex -2.5864250659942627 -25.30664825439453 -7.199999809265137
      vertex -1.9201940298080444 -25.485448837280273 -7.199999809265137
      vertex -1.9201940298080444 -25.485448837280273 -1.7999999523162842
    endloop
  endfacet
  facet normal -0.181873666103558 -0.9833219053687615 0
    outer loop
      vertex -1.9201940298080444 -25.485448837280273 -7.199999809265137
      vertex -1.2418915033340454 -25.61090660095215 -7.199999809265137
      vertex -1.2418915033340454 -25.61090660095215 -1.7999999523162842
    endloop
  endfacet
  facet normal -0.10339616395992822 -0.9946402531962859 0
    outer loop
      vertex -1.2418915033340454 -25.61090660095215 -7.199999809265137
      vertex -0.5557817220687866 -25.68222999572754 -7.199999809265137
      vertex -0.5557817220687866 -25.68222999572754 -1.7999999523162842
    endloop
  endfacet
  facet normal -0.02426881709633145 -0.9997054688840833 0
    outer loop
      vertex -0.5557817220687866 -25.68222999572754 -7.199999809265137
      vertex 0.13382206857204437 -25.698970794677734 -7.199999809265137
      vertex 0.13382206857204437 -25.698970794677734 -1.7999999523162842
    endloop
  endfacet
  facet normal 0.05501060377005803 -0.9984857702906205 0
    outer loop
      vertex 0.13382206857204437 -25.698970794677734 -7.199999809265137
      vertex 0.8225845694541931 -25.66102409362793 -7.199999809265137
      vertex 0.8225845694541931 -25.66102409362793 -1.7999999523162842
    endloop
  endfacet
  facet normal 0 0 -1
    outer loop
      vertex -5.594026565551758 -23.663097381591797 -7.199999809265137
      vertex -6.104332447052002 -23.19896125793457 -7.199999809265137
      vertex 5.796336650848389 -23.487871170043945 -7.199999809265137
    endloop
  endfacet
  facet normal 0 0 -1
    outer loop
      vertex -6.104332447052002 -23.19896125793457 -7.199999809265137
      vertex 0.7261899367811264 -19.234982813293612 -7.199999809265137
      vertex 6.292124271392822 -23.008258819580078 -7.199999809265137
    endloop
  endfacet
  facet normal -0.6121235018780575 -0.7907621756562108 0
    outer loop
      vertex -5.594026565551758 -23.663097381591797 -7.199999809265137
      vertex -5.048553466796875 -24.085344314575195 -1.7999999523162842
      vertex -5.594026565551758 -23.663097381591797 -1.7999999523162842
    endloop
  endfacet
  facet normal -0.547551121499995 -0.8367722326559944 0
    outer loop
      vertex -5.048553466796875 -24.085344314575195 -7.199999809265137
      vertex -4.471342086791992 -24.463048934936523 -1.7999999523162842
      vertex -5.048553466796875 -24.085344314575195 -1.7999999523162842
    endloop
  endfacet
  facet normal -0.4795364309438986 -0.8775219720312349 0
    outer loop
      vertex -4.471342086791992 -24.463048934936523 -7.199999809265137
      vertex -3.866021156311035 -24.79383659362793 -1.7999999523162842
      vertex -4.471342086791992 -24.463048934936523 -1.7999999523162842
    endloop
  endfacet
  facet normal -0.7293426439116136 -0.6841486006504853 0
    outer loop
      vertex -6.576262474060059 -22.69585609436035 -7.199999809265137
      vertex -6.104332447052002 -23.19896125793457 -1.7999999523162842
      vertex -6.576262474060059 -22.69585609436035 -1.7999999523162842
    endloop
  endfacet
  facet normal -0.7812528009376375 -0.6242147555345804 0
    outer loop
      vertex -7.006850242614746 -22.15694236755371 -7.199999809265137
      vertex -6.576262474060059 -22.69585609436035 -1.7999999523162842
      vertex -7.006850242614746 -22.15694236755371 -1.7999999523162842
    endloop
  endfacet
  facet normal -0.828251047546084 -0.5603572095001673 0
    outer loop
      vertex -7.393388271331787 -21.585609436035156 -7.199999809265137
      vertex -7.006850242614746 -22.15694236755371 -1.7999999523162842
      vertex -7.393388271331787 -21.585609436035156 -1.7999999523162842
    endloop
  endfacet
  facet normal -0.6728487306581551 -0.7397800927652146 0
    outer loop
      vertex -6.104332447052002 -23.19896125793457 -7.199999809265137
      vertex -5.594026565551758 -23.663097381591797 -1.7999999523162842
      vertex -6.104332447052002 -23.19896125793457 -1.7999999523162842
    endloop
  endfacet
  facet normal -0.4085054512989964 -0.912755879881912 0
    outer loop
      vertex -3.866021156311035 -24.79383659362793 -7.199999809265137
      vertex -3.236396074295044 -25.075626373291016 -1.7999999523162842
      vertex -3.866021156311035 -24.79383659362793 -1.7999999523162842
    endloop
  endfacet
  facet normal -0.3349080947578102 -0.9422507989201673 0
    outer loop
      vertex -3.236396074295044 -25.075626373291016 -7.199999809265137
      vertex -2.5864250659942627 -25.30664825439453 -1.7999999523162842
      vertex -3.236396074295044 -25.075626373291016 -1.7999999523162842
    endloop
  endfacet
  facet normal -0.25920385098861815 -0.9658226357011261 0
    outer loop
      vertex -2.5864250659942627 -25.30664825439453 -7.199999809265137
      vertex -1.9201940298080444 -25.485448837280273 -1.7999999523162842
      vertex -2.5864250659942627 -25.30664825439453 -1.7999999523162842
    endloop
  endfacet
  facet normal -0.181873666103558 -0.9833219053687615 0
    outer loop
      vertex -1.9201940298080444 -25.485448837280273 -7.199999809265137
      vertex -1.2418915033340454 -25.61090660095215 -1.7999999523162842
      vertex -1.9201940298080444 -25.485448837280273 -1.7999999523162842
    endloop
  endfacet
  facet normal -0.10339616395992822 -0.9946402531962859 0
    outer loop
      vertex -1.2418915033340454 -25.61090660095215 -7.199999809265137
      vertex -0.5557817220687866 -25.68222999572754 -1.7999999523162842
      vertex -1.2418915033340454 -25.61090660095215 -1.7999999523162842
    endloop
  endfacet
  facet normal -0.02426881709633145 -0.9997054688840833 0
    outer loop
      vertex -0.5557817220687866 -25.68222999572754 -7.199999809265137
      vertex 0.13382206857204437 -25.698970794677734 -1.7999999523162842
      vertex -0.5557817220687866 -25.68222999572754 -1.7999999523162842
    endloop
  endfacet
  facet normal 0.05501060377005803 -0.9984857702906205 0
    outer loop
      vertex 0.13382206857204437 -25.698970794677734 -7.199999809265137
      vertex 0.8225845694541931 -25.66102409362793 -1.7999999523162842
      vertex 0.13382206857204437 -25.698970794677734 -1.7999999523162842
    endloop
  endfacet
  facet normal 0 0 -1
    outer loop
      vertex -7.393388271331787 -21.585609436035156 -7.199999809265137
      vertex -7.733447551727295 -20.98544692993164 -7.199999809265137
      vertex -0.7261899367811264 -19.234982813293612 -7.199999809265137
    endloop
  endfacet
  facet normal 0 0 -1
    outer loop
      vertex -7.006850242614746 -22.15694236755371 -7.199999809265137
      vertex -7.393388271331787 -21.585609436035156 -7.199999809265137
      vertex -0.7261899367811264 -19.234982813293612 -7.199999809265137
    endloop
  endfacet
  facet normal 0 0 -1
    outer loop
      vertex -7.733447551727295 -20.98544692993164 -7.199999809265137
      vertex -8.02488899230957 -20.360231399536133 -7.199999809265137
      vertex -1.175 -19.03515969889343 -7.199999809265137
    endloop
  endfacet
  facet normal 0 0 -1
    outer loop
      vertex -8.02488899230957 -20.360231399536133 -7.199999809265137
      vertex -8.265881538391113 -19.713890075683594 -7.199999809265137
      vertex -1.572456924943317 -18.746390339871876 -7.199999809265137
    endloop
  endfacet
  facet normal -0.9063640542444525 -0.42249757534636695 0
    outer loop
      vertex -7.733447551727295 -20.98544692993164 -7.199999809265137
      vertex -7.733447551727295 -20.98544692993164 -1.7999999523162842
      vertex -8.02488899230957 -20.360231399536133 -7.199999809265137
    endloop
  endfacet
  facet normal -0.9369878372011086 -0.3493619798106096 0
    outer loop
      vertex -8.02488899230957 -20.360231399536133 -7.199999809265137
      vertex -8.02488899230957 -20.360231399536133 -1.7999999523162842
      vertex -8.265881538391113 -19.713890075683594 -7.199999809265137
    endloop
  endfacet
  facet normal -0.9617210095778482 -0.2740304722773808 0
    outer loop
      vertex -8.265881538391113 -19.713890075683594 -7.199999809265137
      vertex -8.265881538391113 -19.713890075683594 -1.7999999523162842
      vertex -8.454909324645996 -19.05048942565918 -7.199999809265137
    endloop
  endfacet
  facet normal 0 0 -1
    outer loop
      vertex -8.454909324645996 -19.05048942565918 -7.199999809265137
      vertex -8.590785026550293 -18.374197006225586 -7.199999809265137
      vertex -1.9011899367811267 -18.381295342887313 -7.199999809265137
    endloop
  endfacet
  facet normal 0 0 -1
    outer loop
      vertex -8.590785026550293 -18.374197006225586 -7.199999809265137
      vertex -8.672653198242188 -17.68926429748535 -7.199999809265137
      vertex -2.146831825460112 -17.95583111122813 -7.199999809265137
    endloop
  endfacet
  facet normal 0 0 -1
    outer loop
      vertex -8.672653198242188 -17.68926429748535 -7.199999809265137
      vertex -8.699999809265137 -17 -7.199999809265137
      vertex -2.2986468617244435 -17.488592473421736 -7.199999809265137
    endloop
  endfacet
  facet normal 0 0 -1
    outer loop
      vertex -8.265881538391113 -19.713890075683594 -7.199999809265137
      vertex -8.454909324645996 -19.05048942565918 -7.199999809265137
      vertex -1.572456924943317 -18.746390339871876 -7.199999809265137
    endloop
  endfacet
  facet normal 0 0 -1
    outer loop
      vertex -8.454909324645996 -19.05048942565918 -7.199999809265137
      vertex -1.9011899367811267 -18.381295342887313 -7.199999809265137
      vertex -1.572456924943317 -18.746390339871876 -7.199999809265137
    endloop
  endfacet
  facet normal 0 0 -1
    outer loop
      vertex -8.590785026550293 -18.374197006225586 -7.199999809265137
      vertex -2.146831825460112 -17.95583111122813 -7.199999809265137
      vertex -1.9011899367811267 -18.381295342887313 -7.199999809265137
    endloop
  endfacet
  facet normal 0 0 -1
    outer loop
      vertex -8.672653198242188 -17.68926429748535 -7.199999809265137
      vertex -2.2986468617244435 -17.488592473421736 -7.199999809265137
      vertex -2.146831825460112 -17.95583111122813 -7.199999809265137
    endloop
  endfacet
  facet normal 0 0 -1
    outer loop
      vertex -2.2986468617244435 -17.488592473421736 -7.199999809265137
      vertex -8.699999809265137 -17 -7.199999809265137
      vertex -2.35 -17 -7.199999809265137
    endloop
  endfacet
  facet normal -0.980408227257284 -0.1969764146445698 0
    outer loop
      vertex -8.454909324645996 -19.05048942565918 -7.199999809265137
      vertex -8.454909324645996 -19.05048942565918 -1.7999999523162842
      vertex -8.590785026550293 -18.374197006225586 -7.199999809265137
    endloop
  endfacet
  facet normal -0.9929322517762731 -0.1186825319181377 0
    outer loop
      vertex -8.590785026550293 -18.374197006225586 -7.199999809265137
      vertex -8.590785026550293 -18.374197006225586 -1.7999999523162842
      vertex -8.672653198242188 -17.68926429748535 -7.199999809265137
    endloop
  endfacet
  facet normal -0.999213872276067 -0.03964388289594992 0
    outer loop
      vertex -8.672653198242188 -17.68926429748535 -7.199999809265137
      vertex -8.672653198242188 -17.68926429748535 -1.7999999523162842
      vertex -8.699999809265137 -17 -7.199999809265137
    endloop
  endfacet
  facet normal 0 0 -1
    outer loop
      vertex -6.104332447052002 -23.19896125793457 -7.199999809265137
      vertex -0.24564188867898568 -19.33712645411544 -7.199999809265137
      vertex 0.24564188867898568 -19.33712645411544 -7.199999809265137
    endloop
  endfacet
  facet normal 0 0 -1
    outer loop
      vertex -6.576262474060059 -22.69585609436035 -7.199999809265137
      vertex -0.7261899367811264 -19.234982813293612 -7.199999809265137
      vertex -0.24564188867898568 -19.33712645411544 -7.199999809265137
    endloop
  endfacet
  facet normal 0 0 -1
    outer loop
      vertex -6.104332447052002 -23.19896125793457 -7.199999809265137
      vertex 0.24564188867898568 -19.33712645411544 -7.199999809265137
      vertex 0.7261899367811264 -19.234982813293612 -7.199999809265137
    endloop
  endfacet
  facet normal 0 0 -1
    outer loop
      vertex -7.733447551727295 -20.98544692993164 -7.199999809265137
      vertex -1.175 -19.03515969889343 -7.199999809265137
      vertex -0.7261899367811264 -19.234982813293612 -7.199999809265137
    endloop
  endfacet
  facet normal 0 0 -1
    outer loop
      vertex -8.02488899230957 -20.360231399536133 -7.199999809265137
      vertex -1.572456924943317 -18.746390339871876 -7.199999809265137
      vertex -1.175 -19.03515969889343 -7.199999809265137
    endloop
  endfacet
  facet normal -0.870042584555815 -0.4929765725259542 0
    outer loop
      vertex -7.733447551727295 -20.98544692993164 -7.199999809265137
      vertex -7.393388271331787 -21.585609436035156 -1.7999999523162842
      vertex -7.733447551727295 -20.98544692993164 -1.7999999523162842
    endloop
  endfacet
  facet normal -0.9063640542444525 -0.42249757534636695 0
    outer loop
      vertex -8.02488899230957 -20.360231399536133 -7.199999809265137
      vertex -7.733447551727295 -20.98544692993164 -1.7999999523162842
      vertex -8.02488899230957 -20.360231399536133 -1.7999999523162842
    endloop
  endfacet
  facet normal -0.9369878372011086 -0.3493619798106096 0
    outer loop
      vertex -8.265881538391113 -19.713890075683594 -7.199999809265137
      vertex -8.02488899230957 -20.360231399536133 -1.7999999523162842
      vertex -8.265881538391113 -19.713890075683594 -1.7999999523162842
    endloop
  endfacet
  facet normal -0.9617210095778482 -0.2740304722773808 0
    outer loop
      vertex -8.454909324645996 -19.05048942565918 -7.199999809265137
      vertex -8.265881538391113 -19.713890075683594 -1.7999999523162842
      vertex -8.454909324645996 -19.05048942565918 -1.7999999523162842
    endloop
  endfacet
  facet normal -0.980408227257284 -0.1969764146445698 0
    outer loop
      vertex -8.590785026550293 -18.374197006225586 -7.199999809265137
      vertex -8.454909324645996 -19.05048942565918 -1.7999999523162842
      vertex -8.590785026550293 -18.374197006225586 -1.7999999523162842
    endloop
  endfacet
  facet normal -0.9929322517762731 -0.1186825319181377 0
    outer loop
      vertex -8.672653198242188 -17.68926429748535 -7.199999809265137
      vertex -8.590785026550293 -18.374197006225586 -1.7999999523162842
      vertex -8.672653198242188 -17.68926429748535 -1.7999999523162842
    endloop
  endfacet
  facet normal -0.999213872276067 -0.03964388289594992 0
    outer loop
      vertex -8.672653198242188 -17.68926429748535 -1.7999999523162842
      vertex -8.699999809265137 -17 -1.7999999523162842
      vertex -8.699999809265137 -17 -7.199999809265137
    endloop
  endfacet
  facet normal 0 0 -1
    outer loop
      vertex -3.866021156311035 -24.79383659362793 -7.199999809265137
      vertex 4.103930473327637 -24.671228408813477 -7.199999809265137
      vertex 3.483271360397339 -24.972253799438477 -7.199999809265137
    endloop
  endfacet
  facet normal 0 0 -1
    outer loop
      vertex -4.471342086791992 -24.463048934936523 -7.199999809265137
      vertex 4.698790073394775 -24.321979522705078 -7.199999809265137
      vertex 4.103930473327637 -24.671228408813477 -7.199999809265137
    endloop
  endfacet
  facet normal 0 0 -1
    outer loop
      vertex -5.048553466796875 -24.085344314575195 -7.199999809265137
      vertex 5.264110088348389 -23.926698684692383 -7.199999809265137
      vertex 4.698790073394775 -24.321979522705078 -7.199999809265137
    endloop
  endfacet
  facet normal 0 0 -1
    outer loop
      vertex -5.594026565551758 -23.663097381591797 -7.199999809265137
      vertex 5.796336650848389 -23.487871170043945 -7.199999809265137
      vertex 5.264110088348389 -23.926698684692383 -7.199999809265137
    endloop
  endfacet
  facet normal 0.13394165393470683 -0.9909892195888083 0
    outer loop
      vertex 0.8225845694541931 -25.66102409362793 -7.199999809265137
      vertex 1.5061757564544678 -25.56863021850586 -7.199999809265137
      vertex 1.5061757564544678 -25.56863021850586 -1.7999999523162842
    endloop
  endfacet
  facet normal 0.2120321081825013 -0.977262700147552 0
    outer loop
      vertex 1.5061757564544678 -25.56863021850586 -7.199999809265137
      vertex 2.180298328399658 -25.4223690032959 -7.199999809265137
      vertex 2.180298328399658 -25.4223690032959 -1.7999999523162842
    endloop
  endfacet
  facet normal 0.2887899510594993 -0.9573924817790518 0
    outer loop
      vertex 2.180298328399658 -25.4223690032959 -7.199999809265137
      vertex 2.8407139778137207 -25.223159790039062 -7.199999809265137
      vertex 2.8407139778137207 -25.223159790039062 -1.7999999523162842
    endloop
  endfacet
  facet normal 0.363733568838948 -0.9315030278532015 0
    outer loop
      vertex 2.8407139778137207 -25.223159790039062 -7.199999809265137
      vertex 3.483271360397339 -24.972253799438477 -7.199999809265137
      vertex 3.483271360397339 -24.972253799438477 -1.7999999523162842
    endloop
  endfacet
  facet normal 0.4363905968638821 -0.8997573267102551 0
    outer loop
      vertex 3.483271360397339 -24.972253799438477 -7.199999809265137
      vertex 4.103930473327637 -24.671228408813477 -7.199999809265137
      vertex 4.103930473327637 -24.671228408813477 -1.7999999523162842
    endloop
  endfacet
  facet normal 0.5062999385653691 -0.8623574503700326 0
    outer loop
      vertex 4.103930473327637 -24.671228408813477 -7.199999809265137
      vertex 4.698790073394775 -24.321979522705078 -7.199999809265137
      vertex 4.698790073394775 -24.321979522705078 -1.7999999523162842
    endloop
  endfacet
  facet normal 0.5730310846341724 -0.819533633259175 0
    outer loop
      vertex 4.698790073394775 -24.321979522705078 -7.199999809265137
      vertex 5.264110088348389 -23.926698684692383 -7.199999809265137
      vertex 5.264110088348389 -23.926698684692383 -1.7999999523162842
    endloop
  endfacet
  facet normal 0.63615917437898 -0.7715578428435905 0
    outer loop
      vertex 5.264110088348389 -23.926698684692383 -7.199999809265137
      vertex 5.796336650848389 -23.487871170043945 -7.199999809265137
      vertex 5.796336650848389 -23.487871170043945 -1.7999999523162842
    endloop
  endfacet
  facet normal 0 0 -1
    outer loop
      vertex -6.104332447052002 -23.19896125793457 -7.199999809265137
      vertex 6.292124271392822 -23.008258819580078 -7.199999809265137
      vertex 5.796336650848389 -23.487871170043945 -7.199999809265137
    endloop
  endfacet
  facet normal 0.6952850792771764 -0.7187340666300233 0
    outer loop
      vertex 5.796336650848389 -23.487871170043945 -7.199999809265137
      vertex 6.292124271392822 -23.008258819580078 -7.199999809265137
      vertex 6.292124271392822 -23.008258819580078 -1.7999999523162842
    endloop
  endfacet
  facet normal 0.10321332993232354 -0.9946592189179281 0.00021620790602437792
    outer loop
      vertex 6.292124271392822 -23.008258819580078 -7.199999809265137
      vertex 11.814064025878906 -22.435260772705078 -7.199999809265137
      vertex 6.743553638458252 -22.960241317749023 -1.7999999523162842
    endloop
  endfacet
  facet normal 0.13394165393470683 -0.9909892195888083 0
    outer loop
      vertex 0.8225845694541931 -25.66102409362793 -7.199999809265137
      vertex 1.5061757564544678 -25.56863021850586 -1.7999999523162842
      vertex 0.8225845694541931 -25.66102409362793 -1.7999999523162842
    endloop
  endfacet
  facet normal 0.2120321081825013 -0.977262700147552 0
    outer loop
      vertex 1.5061757564544678 -25.56863021850586 -7.199999809265137
      vertex 2.180298328399658 -25.4223690032959 -1.7999999523162842
      vertex 1.5061757564544678 -25.56863021850586 -1.7999999523162842
    endloop
  endfacet
  facet normal 0.2887899510594993 -0.9573924817790518 0
    outer loop
      vertex 2.180298328399658 -25.4223690032959 -7.199999809265137
      vertex 2.8407139778137207 -25.223159790039062 -1.7999999523162842
      vertex 2.180298328399658 -25.4223690032959 -1.7999999523162842
    endloop
  endfacet
  facet normal 0.363733568838948 -0.9315030278532015 0
    outer loop
      vertex 2.8407139778137207 -25.223159790039062 -7.199999809265137
      vertex 3.483271360397339 -24.972253799438477 -1.7999999523162842
      vertex 2.8407139778137207 -25.223159790039062 -1.7999999523162842
    endloop
  endfacet
  facet normal 0.4363905968638821 -0.8997573267102551 0
    outer loop
      vertex 3.483271360397339 -24.972253799438477 -7.199999809265137
      vertex 4.103930473327637 -24.671228408813477 -1.7999999523162842
      vertex 3.483271360397339 -24.972253799438477 -1.7999999523162842
    endloop
  endfacet
  facet normal 0.5062999385653691 -0.8623574503700326 0
    outer loop
      vertex 4.103930473327637 -24.671228408813477 -7.199999809265137
      vertex 4.698790073394775 -24.321979522705078 -1.7999999523162842
      vertex 4.103930473327637 -24.671228408813477 -1.7999999523162842
    endloop
  endfacet
  facet normal 0.5730310846341724 -0.819533633259175 0
    outer loop
      vertex 4.698790073394775 -24.321979522705078 -7.199999809265137
      vertex 5.264110088348389 -23.926698684692383 -1.7999999523162842
      vertex 4.698790073394775 -24.321979522705078 -1.7999999523162842
    endloop
  endfacet
  facet normal 0.63615917437898 -0.7715578428435905 0
    outer loop
      vertex 5.264110088348389 -23.926698684692383 -7.199999809265137
      vertex 5.796336650848389 -23.487871170043945 -1.7999999523162842
      vertex 5.264110088348389 -23.926698684692383 -1.7999999523162842
    endloop
  endfacet
  facet normal 0.6952850792771764 -0.7187340666300233 0
    outer loop
      vertex 5.796336650848389 -23.487871170043945 -7.199999809265137
      vertex 6.292124271392822 -23.008258819580078 -1.7999999523162842
      vertex 5.796336650848389 -23.487871170043945 -1.7999999523162842
    endloop
  endfacet
  facet normal 0.10592639749602495 -0.9943739730672331 0
    outer loop
      vertex 6.292124271392822 -23.008258819580078 -7.199999809265137
      vertex 6.442598342895508 -22.992229461669922 -1.7999999523162842
      vertex 6.292124271392822 -23.008258819580078 -1.7999999523162842
    endloop
  endfacet
  facet normal 0.10576271910962644 -0.9943913953897937 0.0000046127078744773305
    outer loop
      vertex 6.292124271392822 -23.008258819580078 -7.199999809265137
      vertex 6.593074798583984 -22.976224899291992 -1.7999999523162842
      vertex 6.442598342895508 -22.992229461669922 -1.7999999523162842
    endloop
  endfacet
  facet normal 0.10562396475283978 -0.9944061433414952 0.000012433195402804176
    outer loop
      vertex 6.292124271392822 -23.008258819580078 -7.199999809265137
      vertex 6.743553638458252 -22.960241317749023 -1.7999999523162842
      vertex 6.593074798583984 -22.976224899291992 -1.7999999523162842
    endloop
  endfacet
  facet normal 0 0 -1
    outer loop
      vertex 0.7261899367811264 -19.234982813293612 -7.199999809265137
      vertex 1.175 -19.03515969889343 -7.199999809265137
      vertex 6.292124271392822 -23.008258819580078 -7.199999809265137
    endloop
  endfacet
  facet normal 0 0 -1
    outer loop
      vertex 6.292124271392822 -23.008258819580078 -7.199999809265137
      vertex 1.175 -19.03515969889343 -7.199999809265137
      vertex 1.572456924943317 -18.746390339871876 -7.199999809265137
    endloop
  endfacet
  facet normal 0 0 -1
    outer loop
      vertex 6.292124271392822 -23.008258819580078 -7.199999809265137
      vertex 1.572456924943317 -18.746390339871876 -7.199999809265137
      vertex 1.9011899367811267 -18.381295342887313 -7.199999809265137
    endloop
  endfacet
  facet normal 0 0 -1
    outer loop
      vertex 1.9011899367811267 -18.381295342887313 -7.199999809265137
      vertex 2.146831825460112 -17.95583111122813 -7.199999809265137
      vertex 10.983576774597168 -18.165685653686523 -7.199999809265137
    endloop
  endfacet
  facet normal 0 0 -1
    outer loop
      vertex 2.146831825460112 -17.95583111122813 -7.199999809265137
      vertex 2.2986468617244435 -17.488592473421736 -7.199999809265137
      vertex 10.413538932800293 -17.67174530029297 -7.199999809265137
    endloop
  endfacet
  facet normal 0 0 -1
    outer loop
      vertex 2.2986468617244435 -17.488592473421736 -7.199999809265137
      vertex 2.35 -17 -7.199999809265137
      vertex 10.1869535446167 -17.369062423706055 -7.199999809265137
    endloop
  endfacet
  facet normal 0 0 -1
    outer loop
      vertex 6.292124271392822 -23.008258819580078 -7.199999809265137
      vertex 1.9011899367811267 -18.381295342887313 -7.199999809265137
      vertex 11.315425872802734 -18.34688949584961 -7.199999809265137
    endloop
  endfacet
  facet normal 0 0 -1
    outer loop
      vertex 6.292124271392822 -23.008258819580078 -7.199999809265137
      vertex 11.669684410095215 -18.479021072387695 -7.199999809265137
      vertex 11.814064025878906 -22.435260772705078 -7.199999809265137
    endloop
  endfacet
  facet normal 0 0 -1
    outer loop
      vertex 6.292124271392822 -23.008258819580078 -7.199999809265137
      vertex 11.315425872802734 -18.34688949584961 -7.199999809265137
      vertex 11.669684410095215 -18.479021072387695 -7.199999809265137
    endloop
  endfacet
  facet normal 0 0 -1
    outer loop
      vertex 1.9011899367811267 -18.381295342887313 -7.199999809265137
      vertex 10.983576774597168 -18.165685653686523 -7.199999809265137
      vertex 11.315425872802734 -18.34688949584961 -7.199999809265137
    endloop
  endfacet
  facet normal 0 0 -1
    outer loop
      vertex 2.146831825460112 -17.95583111122813 -7.199999809265137
      vertex 10.68089485168457 -17.93910026550293 -7.199999809265137
      vertex 10.983576774597168 -18.165685653686523 -7.199999809265137
    endloop
  endfacet
  facet normal 0 0 -1
    outer loop
      vertex 2.146831825460112 -17.95583111122813 -7.199999809265137
      vertex 10.413538932800293 -17.67174530029297 -7.199999809265137
      vertex 10.68089485168457 -17.93910026550293 -7.199999809265137
    endloop
  endfacet
  facet normal 0 0 -1
    outer loop
      vertex 2.2986468617244435 -17.488592473421736 -7.199999809265137
      vertex 10.1869535446167 -17.369062423706055 -7.199999809265137
      vertex 10.413538932800293 -17.67174530029297 -7.199999809265137
    endloop
  endfacet
  facet normal 0 0 -1
    outer loop
      vertex 10.00575065612793 -17.037214279174805 -7.199999809265137
      vertex 10.1869535446167 -17.369062423706055 -7.199999809265137
      vertex 2.35 -17 -7.199999809265137
    endloop
  endfacet
  facet normal 0.7071055200373965 0.7071080423334493 0
    outer loop
      vertex 10.68089485168457 -17.93910026550293 -7.199999809265137
      vertex 10.413538932800293 -17.67174530029297 -7.199999809265137
      vertex 10.413538932800293 -17.67174530029297 -3.200000047683716
    endloop
  endfacet
  facet normal 0.8776788868164217 0.47924917489411156 0
    outer loop
      vertex 10.00575065612793 -17.037214279174805 -7.199999809265137
      vertex 10.00575065612793 -17.037214279174805 -3.200000047683716
      vertex 10.1869535446167 -17.369062423706055 -7.199999809265137
    endloop
  endfacet
  facet normal 0.8005414630469174 0.599277369790234 0
    outer loop
      vertex 10.413538932800293 -17.67174530029297 -7.199999809265137
      vertex 10.1869535446167 -17.369062423706055 -7.199999809265137
      vertex 10.1869535446167 -17.369062423706055 -3.200000047683716
    endloop
  endfacet
  facet normal 0.7071055200373965 0.7071080423334493 0
    outer loop
      vertex 10.68089485168457 -17.93910026550293 -7.199999809265137
      vertex 10.413538932800293 -17.67174530029297 -3.200000047683716
      vertex 10.68089485168457 -17.93910026550293 -3.200000047683716
    endloop
  endfacet
  facet normal 0.8005414630469174 0.599277369790234 0
    outer loop
      vertex 10.413538932800293 -17.67174530029297 -7.199999809265137
      vertex 10.1869535446167 -17.369062423706055 -3.200000047683716
      vertex 10.413538932800293 -17.67174530029297 -3.200000047683716
    endloop
  endfacet
  facet normal 0.8776788868164217 0.47924917489411156 0
    outer loop
      vertex 10.1869535446167 -17.369062423706055 -7.199999809265137
      vertex 10.00575065612793 -17.037214279174805 -3.200000047683716
      vertex 10.1869535446167 -17.369062423706055 -3.200000047683716
    endloop
  endfacet
  facet normal 0 0 -1
    outer loop
      vertex 10.68089485168457 -17.93910026550293 -3.200000047683716
      vertex 10.413538932800293 -17.67174530029297 -3.200000047683716
      vertex 10.713637351989746 -17.90131378173828 -3.200000047683716
    endloop
  endfacet
  facet normal 0 0 -1
    outer loop
      vertex 10.413538932800293 -17.67174530029297 -3.200000047683716
      vertex 10.1869535446167 -17.369062423706055 -3.200000047683716
      vertex 10.451326370239258 -17.639001846313477 -3.200000047683716
    endloop
  endfacet
  facet normal 0 0 -1
    outer loop
      vertex 10.713637351989746 -17.90131378173828 -3.200000047683716
      vertex 10.413538932800293 -17.67174530029297 -3.200000047683716
      vertex 10.451326370239258 -17.639001846313477 -3.200000047683716
    endloop
  endfacet
  facet normal 0 0 -1
    outer loop
      vertex 10.00575065612793 -17.037214279174805 -3.200000047683716
      vertex 10.229016304016113 -17.342029571533203 -3.200000047683716
      vertex 10.1869535446167 -17.369062423706055 -3.200000047683716
    endloop
  endfacet
  facet normal 0 0 -1
    outer loop
      vertex 10.00575065612793 -17.037214279174805 -3.200000047683716
      vertex 10.05123233795166 -17.016443252563477 -3.200000047683716
      vertex 10.229016304016113 -17.342029571533203 -3.200000047683716
    endloop
  endfacet
  facet normal 0 0 -1
    outer loop
      vertex 10.451326370239258 -17.639001846313477 -3.200000047683716
      vertex 10.1869535446167 -17.369062423706055 -3.200000047683716
      vertex 10.229016304016113 -17.342029571533203 -3.200000047683716
    endloop
  endfacet
  facet normal 0 0 1
    outer loop
      vertex -5.594026565551758 -23.663097381591797 -1.7999999523162842
      vertex -5.048553466796875 -24.085344314575195 -1.7999999523162842
      vertex -2.994042992684404 -18.152490632963183 -1.7999999523162842
    endloop
  endfacet
  facet normal 0 0 1
    outer loop
      vertex -4.471342086791992 -24.463048934936523 -1.7999999523162842
      vertex -2.994042992684404 -18.152490632963183 -1.7999999523162842
      vertex -5.048553466796875 -24.085344314575195 -1.7999999523162842
    endloop
  endfacet
  facet normal 0 0 1
    outer loop
      vertex -5.594026565551758 -23.663097381591797 -1.7999999523162842
      vertex -2.994042992684404 -18.152490632963183 -1.7999999523162842
      vertex -6.104332447052002 -23.19896125793457 -1.7999999523162842
    endloop
  endfacet
  facet normal 0 0 1
    outer loop
      vertex -0.5557817220687866 -25.68222999572754 -1.7999999523162842
      vertex 0.13382206857204437 -25.698970794677734 -1.7999999523162842
      vertex -1.4184195481701427 -19.24006497074166 -1.7999999523162842
    endloop
  endfacet
  facet normal 0 0 1
    outer loop
      vertex 0.13382206857204437 -25.698970794677734 -1.7999999523162842
      vertex 0.8225845694541931 -25.66102409362793 -1.7999999523162842
      vertex -1.4184195481701427 -19.24006497074166 -1.7999999523162842
    endloop
  endfacet
  facet normal 0 0 1
    outer loop
      vertex 0.8225845694541931 -25.66102409362793 -1.7999999523162842
      vertex 1.5061757564544678 -25.56863021850586 -1.7999999523162842
      vertex 0.482146721021291 -19.470835496392215 -1.7999999523162842
    endloop
  endfacet
  facet normal 0 0 1
    outer loop
      vertex -3.866021156311035 -24.79383659362793 -1.7999999523162842
      vertex -3.236396074295044 -25.075626373291016 -1.7999999523162842
      vertex -1.4184195481701427 -19.24006497074166 -1.7999999523162842
    endloop
  endfacet
  facet normal 0 0 1
    outer loop
      vertex -3.866021156311035 -24.79383659362793 -1.7999999523162842
      vertex -1.4184195481701427 -19.24006497074166 -1.7999999523162842
      vertex -4.471342086791992 -24.463048934936523 -1.7999999523162842
    endloop
  endfacet
  facet normal 0 0 1
    outer loop
      vertex -3.236396074295044 -25.075626373291016 -1.7999999523162842
      vertex -2.5864250659942627 -25.30664825439453 -1.7999999523162842
      vertex -1.4184195481701427 -19.24006497074166 -1.7999999523162842
    endloop
  endfacet
  facet normal 0 0 1
    outer loop
      vertex -2.5864250659942627 -25.30664825439453 -1.7999999523162842
      vertex -1.9201940298080444 -25.485448837280273 -1.7999999523162842
      vertex -1.4184195481701427 -19.24006497074166 -1.7999999523162842
    endloop
  endfacet
  facet normal 0 0 1
    outer loop
      vertex -1.9201940298080444 -25.485448837280273 -1.7999999523162842
      vertex -1.2418915033340454 -25.61090660095215 -1.7999999523162842
      vertex -1.4184195481701427 -19.24006497074166 -1.7999999523162842
    endloop
  endfacet
  facet normal 0 0 1
    outer loop
      vertex -1.2418915033340454 -25.61090660095215 -1.7999999523162842
      vertex -0.5557817220687866 -25.68222999572754 -1.7999999523162842
      vertex -1.4184195481701427 -19.24006497074166 -1.7999999523162842
    endloop
  endfacet
  facet normal 0 0 1
    outer loop
      vertex 0.8225845694541931 -25.66102409362793 -1.7999999523162842
      vertex 0.482146721021291 -19.470835496392215 -1.7999999523162842
      vertex -1.4184195481701427 -19.24006497074166 -1.7999999523162842
    endloop
  endfacet
  facet normal 0 0 1
    outer loop
      vertex -7.733447551727295 -20.98544692993164 -1.7999999523162842
      vertex -3.883767269704208 -16.45726265715023 -1.7999999523162842
      vertex -8.02488899230957 -20.360231399536133 -1.7999999523162842
    endloop
  endfacet
  facet normal 0 0 1
    outer loop
      vertex -6.576262474060059 -22.69585609436035 -1.7999999523162842
      vertex -6.104332447052002 -23.19896125793457 -1.7999999523162842
      vertex -2.994042992684404 -18.152490632963183 -1.7999999523162842
    endloop
  endfacet
  facet normal 0 0 1
    outer loop
      vertex -6.576262474060059 -22.69585609436035 -1.7999999523162842
      vertex -2.994042992684404 -18.152490632963183 -1.7999999523162842
      vertex -7.006850242614746 -22.15694236755371 -1.7999999523162842
    endloop
  endfacet
  facet normal 0 0 1
    outer loop
      vertex -7.006850242614746 -22.15694236755371 -1.7999999523162842
      vertex -2.994042992684404 -18.152490632963183 -1.7999999523162842
      vertex -7.393388271331787 -21.585609436035156 -1.7999999523162842
    endloop
  endfacet
  facet normal 0 0 1
    outer loop
      vertex -7.393388271331787 -21.585609436035156 -1.7999999523162842
      vertex -2.994042992684404 -18.152490632963183 -1.7999999523162842
      vertex -7.733447551727295 -20.98544692993164 -1.7999999523162842
    endloop
  endfacet
  facet normal 0 0 1
    outer loop
      vertex -8.02488899230957 -20.360231399536133 -1.7999999523162842
      vertex -3.883767269704208 -16.45726265715023 -1.7999999523162842
      vertex -8.265881538391113 -19.713890075683594 -1.7999999523162842
    endloop
  endfacet
  facet normal 0 0 1
    outer loop
      vertex -8.265881538391113 -19.713890075683594 -1.7999999523162842
      vertex -3.883767269704208 -16.45726265715023 -1.7999999523162842
      vertex -8.454909324645996 -19.05048942565918 -1.7999999523162842
    endloop
  endfacet
  facet normal 0 0 1
    outer loop
      vertex -8.454909324645996 -19.05048942565918 -1.7999999523162842
      vertex -3.883767269704208 -16.45726265715023 -1.7999999523162842
      vertex -8.590785026550293 -18.374197006225586 -1.7999999523162842
    endloop
  endfacet
  facet normal 0 0 1
    outer loop
      vertex -8.590785026550293 -18.374197006225586 -1.7999999523162842
      vertex -3.883767269704208 -16.45726265715023 -1.7999999523162842
      vertex -8.672653198242188 -17.68926429748535 -1.7999999523162842
    endloop
  endfacet
  facet normal 0 0 1
    outer loop
      vertex -8.672653198242188 -17.68926429748535 -1.7999999523162842
      vertex -3.883767269704208 -16.45726265715023 -1.7999999523162842
      vertex -8.699999809265137 -17 -1.7999999523162842
    endloop
  endfacet
  facet normal 0 0 1
    outer loop
      vertex -7.733447551727295 -20.98544692993164 -1.7999999523162842
      vertex -2.994042992684404 -18.152490632963183 -1.7999999523162842
      vertex -3.883767269704208 -16.45726265715023 -1.7999999523162842
    endloop
  endfacet
  facet normal 0 0 1
    outer loop
      vertex -4.471342086791992 -24.463048934936523 -1.7999999523162842
      vertex -1.4184195481701427 -19.24006497074166 -1.7999999523162842
      vertex -2.994042992684404 -18.152490632963183 -1.7999999523162842
    endloop
  endfacet
  facet normal 0 0 -1
    outer loop
      vertex -0.9033263185844587 -18.003245514394482 -2.200000047683716
      vertex -1.0921729424061792 -17.79351009059484 -2.200000047683716
      vertex 1.2332863678175112 -16.45090553184767 -2.200000047683716
    endloop
  endfacet
  facet normal 0 0 -1
    outer loop
      vertex -1.2332863678175112 -17.54909446815233 -2.200000047683716
      vertex 1.2332863678175112 -16.45090553184767 -2.200000047683716
      vertex -1.0921729424061792 -17.79351009059484 -2.200000047683716
    endloop
  endfacet
  facet normal 0 0 -1
    outer loop
      vertex -1.2332863678175112 -17.54909446815233 -2.200000047683716
      vertex -1.3204992609906379 -17.280680782603977 -2.200000047683716
      vertex 1.0921729424061792 -16.20648990940516 -2.200000047683716
    endloop
  endfacet
  facet normal 0 0 -1
    outer loop
      vertex -0.675 -18.169134295108993 -2.200000047683716
      vertex 1.2332863678175112 -16.45090553184767 -2.200000047683716
      vertex -0.417172942406179 -18.28392629699846 -2.200000047683716
    endloop
  endfacet
  facet normal 0 0 -1
    outer loop
      vertex -0.417172942406179 -18.28392629699846 -2.200000047683716
      vertex 1.2332863678175112 -16.45090553184767 -2.200000047683716
      vertex -0.1411134254113322 -18.34260455874717 -2.200000047683716
    endloop
  endfacet
  facet normal 0 0 -1
    outer loop
      vertex -0.1411134254113322 -18.34260455874717 -2.200000047683716
      vertex 1.2332863678175112 -16.45090553184767 -2.200000047683716
      vertex 0.1411134254113322 -18.34260455874717 -2.200000047683716
    endloop
  endfacet
  facet normal 0 0 -1
    outer loop
      vertex 0.1411134254113322 -18.34260455874717 -2.200000047683716
      vertex 1.3204992609906379 -16.719319217396023 -2.200000047683716
      vertex 0.417172942406179 -18.28392629699846 -2.200000047683716
    endloop
  endfacet
  facet normal 0 0 -1
    outer loop
      vertex 0.417172942406179 -18.28392629699846 -2.200000047683716
      vertex 1.3204992609906379 -16.719319217396023 -2.200000047683716
      vertex 0.675 -18.169134295108993 -2.200000047683716
    endloop
  endfacet
  facet normal 0 0 -1
    outer loop
      vertex 0.675 -18.169134295108993 -2.200000047683716
      vertex 1.3204992609906379 -16.719319217396023 -2.200000047683716
      vertex 0.9033263185844587 -18.003245514394482 -2.200000047683716
    endloop
  endfacet
  facet normal 0 0 -1
    outer loop
      vertex -0.675 -18.169134295108993 -2.200000047683716
      vertex -0.9033263185844587 -18.003245514394482 -2.200000047683716
      vertex 1.2332863678175112 -16.45090553184767 -2.200000047683716
    endloop
  endfacet
  facet normal 0 0 -1
    outer loop
      vertex 0.1411134254113322 -18.34260455874717 -2.200000047683716
      vertex 1.2332863678175112 -16.45090553184767 -2.200000047683716
      vertex 1.3204992609906379 -16.719319217396023 -2.200000047683716
    endloop
  endfacet
  facet normal -0.41389987172984394 -0.8876125347218136 0.2020665345541806
    outer loop
      vertex -0.8999999761581421 -17.05884552001953 0.6000000238418579
      vertex -0.8999999738548013 -17.058845526521235 0.6000000000000001
      vertex -0.6156362339914948 -17.191446307661543 0.6000000000000001
    endloop
  endfacet
  facet normal -0.4672479534509147 -0.8634010687654392 0.190310127031194
    outer loop
      vertex -0.8999999761581421 -17.05884552001953 0.6000000238418579
      vertex -0.8999999807809899 -17.05884552277298 0.6000000000000001
      vertex -0.8999999738548013 -17.058845526521235 0.6000000000000001
    endloop
  endfacet
  facet normal -0.1616062755765466 -0.9684440341603234 0.1897355116828573
    outer loop
      vertex -0.31256672739982605 -17.272653579711914 0.6000000238418579
      vertex -0.3125667316533145 -17.272653583673172 0.6000000000000001
      vertex -0.3125667238853447 -17.27265358496943 0.6000000000000001
    endloop
  endfacet
  facet normal -0.08534809804058639 -0.9755470623447011 0.20254291227164284
    outer loop
      vertex -0.31256672739982605 -17.272653579711914 0.6000000238418579
      vertex -0.3125667238853447 -17.27265358496943 0.6000000000000001
      vertex -3.937689974488604e-9 -17.299999241666093 0.6000000000000001
    endloop
  endfacet
  facet normal -0.41389987416146146 -0.8876125399364372 0.20206650666726786
    outer loop
      vertex -0.8999999761581421 -17.05884552001953 0.6000000238418579
      vertex -0.6156362339914948 -17.191446307661543 0.6000000000000001
      vertex -0.6156362295150757 -17.19144630432129 0.6000000238418579
    endloop
  endfacet
  facet normal -0.25346325588900726 -0.9459372007900222 0.20238376929902419
    outer loop
      vertex -0.6156362295150757 -17.19144630432129 0.6000000238418579
      vertex -0.6156362265428243 -17.19144631021868 0.6000000000000001
      vertex -0.3125667316533145 -17.272653583673172 0.6000000000000001
    endloop
  endfacet
  facet normal -0.3187884106549603 -0.9285971274163344 0.18995084676362067
    outer loop
      vertex -0.6156362295150757 -17.19144630432129 0.6000000238418579
      vertex -0.6156362339914948 -17.191446307661543 0.6000000000000001
      vertex -0.6156362265428243 -17.19144631021868 0.6000000000000001
    endloop
  endfacet
  facet normal -0.2534632574562147 -0.9459372066389076 0.2023837399987098
    outer loop
      vertex -0.31256672739982605 -17.272653579711914 0.6000000238418579
      vertex -0.6156362295150757 -17.19144630432129 0.6000000238418579
      vertex -0.3125667316533145 -17.272653583673172 0.6000000000000001
    endloop
  endfacet
  facet normal 0 0 1
    outer loop
      vertex -0.31256672739982605 -17.272653579711914 0.6000000238418579
      vertex 0.31256672739982605 -17.272653579711914 0.6000000238418579
      vertex -0.6156362295150757 -17.19144630432129 0.6000000238418579
    endloop
  endfacet
  facet normal 0 0 1
    outer loop
      vertex -0.8999999761581421 -17.05884552001953 0.6000000238418579
      vertex -0.6156362295150757 -17.19144630432129 0.6000000238418579
      vertex 0.6156362295150757 -17.19144630432129 0.6000000238418579
    endloop
  endfacet
  facet normal -0.08534809655056182 -0.9755470453134758 0.2025429949303192
    outer loop
      vertex -0.31256672739982605 -17.272653579711914 0.6000000238418579
      vertex -3.937689974488604e-9 -17.299999241666093 0.6000000000000001
      vertex -1.1021821011522021e-16 -17.299999237060547 0.6000000238418579
    endloop
  endfacet
  facet normal 0 -0.9818489846190773 0.18966436513611848
    outer loop
      vertex -1.1021821011522021e-16 -17.299999237060547 0.6000000238418579
      vertex -3.937689974488604e-9 -17.299999241666093 0.6000000000000001
      vertex 3.93768975405219e-9 -17.299999241666093 0.6000000000000001
    endloop
  endfacet
  facet normal 0 0 1
    outer loop
      vertex -0.31256672739982605 -17.272653579711914 0.6000000238418579
      vertex -1.1021821011522021e-16 -17.299999237060547 0.6000000238418579
      vertex 0.31256672739982605 -17.272653579711914 0.6000000238418579
    endloop
  endfacet
  facet normal 0.0853480965492461 -0.9755470452983626 0.20254299500366585
    outer loop
      vertex -1.1021821011522021e-16 -17.299999237060547 0.6000000238418579
      vertex 3.93768975405219e-9 -17.299999241666093 0.6000000000000001
      vertex 0.3125667238853447 -17.27265358496943 0.6000000000000001
    endloop
  endfacet
  facet normal 0.08534809804229171 -0.9755470623642692 0.20254291217667392
    outer loop
      vertex -1.1021821011522021e-16 -17.299999237060547 0.6000000238418579
      vertex 0.3125667238853447 -17.27265358496943 0.6000000000000001
      vertex 0.31256672739982605 -17.272653579711914 0.6000000238418579
    endloop
  endfacet
  facet normal 0.1616062755765466 -0.9684440341603234 0.1897355116828573
    outer loop
      vertex 0.31256672739982605 -17.272653579711914 0.6000000238418579
      vertex 0.3125667238853447 -17.27265358496943 0.6000000000000001
      vertex 0.3125667316533145 -17.272653583673172 0.6000000000000001
    endloop
  endfacet
  facet normal 0 0 1
    outer loop
      vertex -0.6156362295150757 -17.19144630432129 0.6000000238418579
      vertex 0.31256672739982605 -17.272653579711914 0.6000000238418579
      vertex 0.6156362295150757 -17.19144630432129 0.6000000238418579
    endloop
  endfacet
  facet normal 0.2534632574562124 -0.9459372066389081 0.20238373999870948
    outer loop
      vertex 0.31256672739982605 -17.272653579711914 0.6000000238418579
      vertex 0.3125667316533145 -17.272653583673172 0.6000000000000001
      vertex 0.6156362265428243 -17.19144631021868 0.6000000000000001
    endloop
  endfacet
  facet normal 0 0 1
    outer loop
      vertex -0.8999999761581421 -17.05884552001953 0.6000000238418579
      vertex 0.6156362295150757 -17.19144630432129 0.6000000238418579
      vertex 0.8999999761581421 -17.05884552001953 0.6000000238418579
    endloop
  endfacet
  facet normal 0.253463255897701 -0.9459372008224588 0.2023837691365285
    outer loop
      vertex 0.31256672739982605 -17.272653579711914 0.6000000238418579
      vertex 0.6156362265428243 -17.19144631021868 0.6000000000000001
      vertex 0.6156362295150757 -17.19144630432129 0.6000000238418579
    endloop
  endfacet
  facet normal 0.3187884106549603 -0.9285971274163344 0.18995084676362067
    outer loop
      vertex 0.6156362295150757 -17.19144630432129 0.6000000238418579
      vertex 0.6156362265428243 -17.19144631021868 0.6000000000000001
      vertex 0.6156362339914948 -17.191446307661543 0.6000000000000001
    endloop
  endfacet
  facet normal 0.4138998742001558 -0.8876125400194227 0.20206650622348027
    outer loop
      vertex 0.6156362295150757 -17.19144630432129 0.6000000238418579
      vertex 0.6156362339914948 -17.191446307661543 0.6000000000000001
      vertex 0.8999999738548013 -17.058845526521235 0.6000000000000001
    endloop
  endfacet
  facet normal 0.4138998717301591 -0.8876125347224841 0.20206653455059032
    outer loop
      vertex 0.6156362295150757 -17.19144630432129 0.6000000238418579
      vertex 0.8999999738548013 -17.058845526521235 0.6000000000000001
      vertex 0.8999999761581421 -17.05884552001953 0.6000000238418579
    endloop
  endfacet
  facet normal 0.4672479534509147 -0.8634010687654392 0.190310127031194
    outer loop
      vertex 0.8999999761581421 -17.05884552001953 0.6000000238418579
      vertex 0.8999999738548013 -17.058845526521235 0.6000000000000001
      vertex 0.8999999807809899 -17.05884552277298 0.6000000000000001
    endloop
  endfacet
  facet normal 0 0 1
    outer loop
      vertex 0.482146721021291 -19.470835496392215 -1.7999999523162842
      vertex 1.5061757564544678 -25.56863021850586 -1.7999999523162842
      vertex 2.180298328399658 -25.4223690032959 -1.7999999523162842
    endloop
  endfacet
  facet normal 0 0 1
    outer loop
      vertex 0.482146721021291 -19.470835496392215 -1.7999999523162842
      vertex 2.180298328399658 -25.4223690032959 -1.7999999523162842
      vertex 2.8407139778137207 -25.223159790039062 -1.7999999523162842
    endloop
  endfacet
  facet normal 0 0 1
    outer loop
      vertex 0.482146721021291 -19.470835496392215 -1.7999999523162842
      vertex 2.8407139778137207 -25.223159790039062 -1.7999999523162842
      vertex 3.483271360397339 -24.972253799438477 -1.7999999523162842
    endloop
  endfacet
  facet normal 0 0 1
    outer loop
      vertex 0.482146721021291 -19.470835496392215 -1.7999999523162842
      vertex 3.483271360397339 -24.972253799438477 -1.7999999523162842
      vertex 4.103930473327637 -24.671228408813477 -1.7999999523162842
    endloop
  endfacet
  facet normal 0 0 1
    outer loop
      vertex 0.482146721021291 -19.470835496392215 -1.7999999523162842
      vertex 4.103930473327637 -24.671228408813477 -1.7999999523162842
      vertex 4.698790073394775 -24.321979522705078 -1.7999999523162842
    endloop
  endfacet
  facet normal 0 0 1
    outer loop
      vertex 0.482146721021291 -19.470835496392215 -1.7999999523162842
      vertex 4.698790073394775 -24.321979522705078 -1.7999999523162842
      vertex 5.264110088348389 -23.926698684692383 -1.7999999523162842
    endloop
  endfacet
  facet normal 0 0 1
    outer loop
      vertex 0.482146721021291 -19.470835496392215 -1.7999999523162842
      vertex 5.264110088348389 -23.926698684692383 -1.7999999523162842
      vertex 5.796336650848389 -23.487871170043945 -1.7999999523162842
    endloop
  endfacet
  facet normal 0 0 1
    outer loop
      vertex 5.796336650848389 -23.487871170043945 -1.7999999523162842
      vertex 6.292124271392822 -23.008258819580078 -1.7999999523162842
      vertex 2.2722589869246246 -18.791935463574625 -1.7999999523162842
    endloop
  endfacet
  facet normal 0.10298551973044712 -0.9946828553493067 0
    outer loop
      vertex 6.743553638458252 -22.960241317749023 -1.7999999523162842
      vertex 11.814064025878906 -22.435260772705078 -7.199999809265137
      vertex 6.743553638458252 -22.960241317749023 1.100000023841858
    endloop
  endfacet
  facet normal 0 0 1
    outer loop
      vertex 6.292124271392822 -23.008258819580078 -1.7999999523162842
      vertex 6.442598342895508 -22.992229461669922 -1.7999999523162842
      vertex 7.177668571472168 -22.42964744567871 -1.7999999523162842
    endloop
  endfacet
  facet normal 0 0 1
    outer loop
      vertex 6.442598342895508 -22.992229461669922 -1.7999999523162842
      vertex 6.593074798583984 -22.976224899291992 -1.7999999523162842
      vertex 7.177668571472168 -22.42964744567871 -1.7999999523162842
    endloop
  endfacet
  facet normal 0 0 1
    outer loop
      vertex 6.593074798583984 -22.976224899291992 -1.7999999523162842
      vertex 6.743553638458252 -22.960241317749023 -1.7999999523162842
      vertex 7.177668571472168 -22.42964744567871 -1.7999999523162842
    endloop
  endfacet
  facet normal 0 0 1
    outer loop
      vertex 6.292124271392822 -23.008258819580078 -1.7999999523162842
      vertex 7.177668571472168 -22.42964744567871 -1.7999999523162842
      vertex 7.570136547088623 -21.867549896240234 -1.7999999523162842
    endloop
  endfacet
  facet normal -0.7739625364550634 0.633231389117789 0
    outer loop
      vertex 6.743553638458252 -22.960241317749023 -1.7999999523162842
      vertex 6.743553638458252 -22.960241317749023 1.100000023841858
      vertex 7.177668571472168 -22.42964744567871 -1.7999999523162842
    endloop
  endfacet
  facet normal -0.8199168298467219 0.5724826566229774 0
    outer loop
      vertex 7.177668571472168 -22.42964744567871 -1.7999999523162842
      vertex 7.177668571472168 -22.42964744567871 1.100000023841858
      vertex 7.570136547088623 -21.867549896240234 -1.7999999523162842
    endloop
  endfacet
  facet normal -0.8611146509902898 0.508410816023687 0
    outer loop
      vertex 7.570136547088623 -21.867549896240234 -1.7999999523162842
      vertex 7.570136547088623 -21.867549896240234 1.100000023841858
      vertex 7.918680191040039 -21.27720832824707 -1.7999999523162842
    endloop
  endfacet
  facet normal -0.7739625364550634 0.633231389117789 0
    outer loop
      vertex 7.177668571472168 -22.42964744567871 -1.7999999523162842
      vertex 6.743553638458252 -22.960241317749023 1.100000023841858
      vertex 7.177668571472168 -22.42964744567871 1.100000023841858
    endloop
  endfacet
  facet normal -0.8199168298467219 0.5724826566229774 0
    outer loop
      vertex 7.570136547088623 -21.867549896240234 -1.7999999523162842
      vertex 7.177668571472168 -22.42964744567871 1.100000023841858
      vertex 7.570136547088623 -21.867549896240234 1.100000023841858
    endloop
  endfacet
  facet normal -0.8611146509902898 0.508410816023687 0
    outer loop
      vertex 7.570136547088623 -21.867549896240234 1.100000023841858
      vertex 7.918680191040039 -21.27720832824707 1.100000023841858
      vertex 7.918680191040039 -21.27720832824707 -1.7999999523162842
    endloop
  endfacet
  facet normal 0 0 1
    outer loop
      vertex 6.743553638458252 -22.960241317749023 1.100000023841858
      vertex 13.956594467163086 -22.22134780883789 1.100000023841858
      vertex 7.177668571472168 -22.42964744567871 1.100000023841858
    endloop
  endfacet
  facet normal 0 0 1
    outer loop
      vertex 7.177668571472168 -22.42964744567871 1.100000023841858
      vertex 13.956594467163086 -22.22134780883789 1.100000023841858
      vertex 7.570136547088623 -21.867549896240234 1.100000023841858
    endloop
  endfacet
  facet normal 0 0 1
    outer loop
      vertex 7.570136547088623 -21.867549896240234 1.100000023841858
      vertex 13.956594467163086 -22.22134780883789 1.100000023841858
      vertex 7.918680191040039 -21.27720832824707 1.100000023841858
    endloop
  endfacet
  facet normal 0 0 1
    outer loop
      vertex 7.918680191040039 -21.27720832824707 1.100000023841858
      vertex 13.956594467163086 -22.22134780883789 1.100000023841858
      vertex 8.221277236938477 -20.66204833984375 1.100000023841858
    endloop
  endfacet
  facet normal 0 0 1
    outer loop
      vertex 0.482146721021291 -19.470835496392215 -1.7999999523162842
      vertex 5.796336650848389 -23.487871170043945 -1.7999999523162842
      vertex 2.2722589869246246 -18.791935463574625 -1.7999999523162842
    endloop
  endfacet
  facet normal 0 0 1
    outer loop
      vertex 6.292124271392822 -23.008258819580078 -1.7999999523162842
      vertex 7.570136547088623 -21.867549896240234 -1.7999999523162842
      vertex 2.2722589869246246 -18.791935463574625 -1.7999999523162842
    endloop
  endfacet
  facet normal 0 0 -1
    outer loop
      vertex 0.9033263185844587 -18.003245514394482 -2.200000047683716
      vertex 1.35 -17 -2.200000047683716
      vertex 1.0921729424061792 -17.79351009059484 -2.200000047683716
    endloop
  endfacet
  facet normal 0 0 -1
    outer loop
      vertex 1.0921729424061792 -17.79351009059484 -2.200000047683716
      vertex 1.3204992609906379 -17.280680782603977 -2.200000047683716
      vertex 1.2332863678175112 -17.54909446815233 -2.200000047683716
    endloop
  endfacet
  facet normal 0 0 -1
    outer loop
      vertex 1.0921729424061792 -17.79351009059484 -2.200000047683716
      vertex 1.35 -17 -2.200000047683716
      vertex 1.3204992609906379 -17.280680782603977 -2.200000047683716
    endloop
  endfacet
  facet normal 0 0 -1
    outer loop
      vertex 0.9033263185844587 -18.003245514394482 -2.200000047683716
      vertex 1.3204992609906379 -16.719319217396023 -2.200000047683716
      vertex 1.35 -17 -2.200000047683716
    endloop
  endfacet
  facet normal 0 0 1
    outer loop
      vertex 2.2722589869246246 -18.791935463574625 -1.7999999523162842
      vertex 8.681885719299316 -19.371679306030273 -1.7999999523162842
      vertex 3.54182410261284 -17.358892688175075 -1.7999999523162842
    endloop
  endfacet
  facet normal 0 0 1
    outer loop
      vertex 7.570136547088623 -21.867549896240234 -1.7999999523162842
      vertex 7.918680191040039 -21.27720832824707 -1.7999999523162842
      vertex 2.2722589869246246 -18.791935463574625 -1.7999999523162842
    endloop
  endfacet
  facet normal 0 0 1
    outer loop
      vertex 2.2722589869246246 -18.791935463574625 -1.7999999523162842
      vertex 7.918680191040039 -21.27720832824707 -1.7999999523162842
      vertex 8.221277236938477 -20.66204833984375 -1.7999999523162842
    endloop
  endfacet
  facet normal 0 0 1
    outer loop
      vertex 2.2722589869246246 -18.791935463574625 -1.7999999523162842
      vertex 8.221277236938477 -20.66204833984375 -1.7999999523162842
      vertex 8.47617244720459 -20.02564239501953 -1.7999999523162842
    endloop
  endfacet
  facet normal 0 0 1
    outer loop
      vertex 2.2722589869246246 -18.791935463574625 -1.7999999523162842
      vertex 8.47617244720459 -20.02564239501953 -1.7999999523162842
      vertex 8.681885719299316 -19.371679306030273 -1.7999999523162842
    endloop
  endfacet
  facet normal 0.5667904989690123 0.4242929191072759 -0.7062039712957473
    outer loop
      vertex 10.451326370239258 -17.639001846313477 -3.200000047683716
      vertex 10.229016304016113 -17.342029571533203 -3.200000047683716
      vertex 11.15439510345459 -16.747325897216797 -2.0999999046325684
    endloop
  endfacet
  facet normal 0.6214037912946649 0.3393128768230749 -0.7062040072009399
    outer loop
      vertex 10.05123233795166 -17.016443252563477 -3.200000047683716
      vertex 11.15439510345459 -16.747325897216797 -2.0999999046325684
      vertex 10.229016304016113 -17.342029571533203 -3.200000047683716
    endloop
  endfacet
  facet normal 0 0 1
    outer loop
      vertex 3.54182410261284 -17.358892688175075 -1.7999999523162842
      vertex 8.681885719299316 -19.371679306030273 -1.7999999523162842
      vertex 8.837224960327148 -18.703954696655273 -1.7999999523162842
    endloop
  endfacet
  facet normal 0 0 1
    outer loop
      vertex 3.54182410261284 -17.358892688175075 -1.7999999523162842
      vertex 8.837224960327148 -18.703954696655273 -1.7999999523162842
      vertex 8.94128704071045 -18.026344299316406 -1.7999999523162842
    endloop
  endfacet
  facet normal 0 0 1
    outer loop
      vertex 3.54182410261284 -17.358892688175075 -1.7999999523162842
      vertex 8.94128704071045 -18.026344299316406 -1.7999999523162842
      vertex 8.993470191955566 -17.342777252197266 -1.7999999523162842
    endloop
  endfacet
  facet normal 0 0 1
    outer loop
      vertex 3.54182410261284 -17.358892688175075 -1.7999999523162842
      vertex 8.993470191955566 -17.342777252197266 -1.7999999523162842
      vertex 8.993470191955566 -16.657222747802734 -1.7999999523162842
    endloop
  endfacet
  facet normal -0.8973156812076049 0.44138936128879697 0
    outer loop
      vertex 7.918680191040039 -21.27720832824707 -1.7999999523162842
      vertex 7.918680191040039 -21.27720832824707 1.100000023841858
      vertex 8.221277236938477 -20.66204833984375 -1.7999999523162842
    endloop
  endfacet
  facet normal -0.9283091848053524 0.371809167996194 0
    outer loop
      vertex 8.221277236938477 -20.66204833984375 -1.7999999523162842
      vertex 8.221277236938477 -20.66204833984375 1.100000023841858
      vertex 8.47617244720459 -20.02564239501953 -1.7999999523162842
    endloop
  endfacet
  facet normal -0.9539177443289022 0.3000682206673329 0
    outer loop
      vertex 8.47617244720459 -20.02564239501953 -1.7999999523162842
      vertex 8.47617244720459 -20.02564239501953 1.100000023841858
      vertex 8.681885719299316 -19.371679306030273 -1.7999999523162842
    endloop
  endfacet
  facet normal -0.8973156812076049 0.44138936128879697 0
    outer loop
      vertex 8.221277236938477 -20.66204833984375 -1.7999999523162842
      vertex 7.918680191040039 -21.27720832824707 1.100000023841858
      vertex 8.221277236938477 -20.66204833984375 1.100000023841858
    endloop
  endfacet
  facet normal 0 0 1
    outer loop
      vertex 8.221277236938477 -20.66204833984375 1.100000023841858
      vertex 13.956594467163086 -22.22134780883789 1.100000023841858
      vertex 8.47617244720459 -20.02564239501953 1.100000023841858
    endloop
  endfacet
  facet normal 0 0 1
    outer loop
      vertex 8.47617244720459 -20.02564239501953 1.100000023841858
      vertex 13.956594467163086 -22.22134780883789 1.100000023841858
      vertex 8.681885719299316 -19.371679306030273 1.100000023841858
    endloop
  endfacet
  facet normal -0.9283091848053524 0.371809167996194 0
    outer loop
      vertex 8.47617244720459 -20.02564239501953 -1.7999999523162842
      vertex 8.221277236938477 -20.66204833984375 1.100000023841858
      vertex 8.47617244720459 -20.02564239501953 1.100000023841858
    endloop
  endfacet
  facet normal -0.9539177443289022 0.3000682206673329 0
    outer loop
      vertex 8.681885719299316 -19.371679306030273 -1.7999999523162842
      vertex 8.47617244720459 -20.02564239501953 1.100000023841858
      vertex 8.681885719299316 -19.371679306030273 1.100000023841858
    endloop
  endfacet
  facet normal -0.9739905015839421 0.2265888409085072 0
    outer loop
      vertex 8.681885719299316 -19.371679306030273 -1.7999999523162842
      vertex 8.681885719299316 -19.371679306030273 1.100000023841858
      vertex 8.837224960327148 -18.703954696655273 -1.7999999523162842
    endloop
  endfacet
  facet normal -0.9884123659713702 0.15179260454606586 0
    outer loop
      vertex 8.837224960327148 -18.703954696655273 -1.7999999523162842
      vertex 8.837224960327148 -18.703954696655273 1.100000023841858
      vertex 8.94128704071045 -18.026344299316406 -1.7999999523162842
    endloop
  endfacet
  facet normal -0.9970988163988673 0.07611800270617884 0
    outer loop
      vertex 8.94128704071045 -18.026344299316406 -1.7999999523162842
      vertex 8.94128704071045 -18.026344299316406 1.100000023841858
      vertex 8.993470191955566 -17.342777252197266 -1.7999999523162842
    endloop
  endfacet
  facet normal -1 0 0
    outer loop
      vertex 8.993470191955566 -17.342777252197266 -1.7999999523162842
      vertex 8.993470191955566 -17.342777252197266 1.100000023841858
      vertex 8.993470191955566 -16.657222747802734 -1.7999999523162842
    endloop
  endfacet
  facet normal -0.9739905015839421 0.2265888409085072 0
    outer loop
      vertex 8.837224960327148 -18.703954696655273 -1.7999999523162842
      vertex 8.681885719299316 -19.371679306030273 1.100000023841858
      vertex 8.837224960327148 -18.703954696655273 1.100000023841858
    endloop
  endfacet
  facet normal -0.9884123659713702 0.15179260454606586 0
    outer loop
      vertex 8.94128704071045 -18.026344299316406 -1.7999999523162842
      vertex 8.837224960327148 -18.703954696655273 1.100000023841858
      vertex 8.94128704071045 -18.026344299316406 1.100000023841858
    endloop
  endfacet
  facet normal 0 0 1
    outer loop
      vertex 8.681885719299316 -19.371679306030273 1.100000023841858
      vertex 12.344902992248535 -17.43466567993164 1.100000023841858
      vertex 8.837224960327148 -18.703954696655273 1.100000023841858
    endloop
  endfacet
  facet normal -0.9970988163988673 0.07611800270617884 0
    outer loop
      vertex 8.993470191955566 -17.342777252197266 -1.7999999523162842
      vertex 8.94128704071045 -18.026344299316406 1.100000023841858
      vertex 8.993470191955566 -17.342777252197266 1.100000023841858
    endloop
  endfacet
  facet normal 0 0 1
    outer loop
      vertex 8.837224960327148 -18.703954696655273 1.100000023841858
      vertex 12.062637329101562 -17.394081115722656 1.100000023841858
      vertex 8.94128704071045 -18.026344299316406 1.100000023841858
    endloop
  endfacet
  facet normal 0 0 1
    outer loop
      vertex 8.94128704071045 -18.026344299316406 1.100000023841858
      vertex 11.54619026184082 -17.158227920532227 1.100000023841858
      vertex 8.993470191955566 -17.342777252197266 1.100000023841858
    endloop
  endfacet
  facet normal 0 0 1
    outer loop
      vertex 8.94128704071045 -18.026344299316406 1.100000023841858
      vertex 11.793152809143066 -17.300811767578125 1.100000023841858
      vertex 11.54619026184082 -17.158227920532227 1.100000023841858
    endloop
  endfacet
  facet normal 0 0 1
    outer loop
      vertex 8.993470191955566 -17.342777252197266 1.100000023841858
      vertex 11.54619026184082 -17.158227920532227 1.100000023841858
      vertex 11.330674171447754 -16.97148323059082 1.100000023841858
    endloop
  endfacet
  facet normal 0 0 1
    outer loop
      vertex 8.993470191955566 -17.342777252197266 1.100000023841858
      vertex 11.330674171447754 -16.97148323059082 1.100000023841858
      vertex 11.15439510345459 -16.747325897216797 1.100000023841858
    endloop
  endfacet
  facet normal 0 0 -1
    outer loop
      vertex -8.699999809265137 -17 -7.199999809265137
      vertex -8.672653198242188 -16.31073570251465 -7.199999809265137
      vertex -2.35 -17 -7.199999809265137
    endloop
  endfacet
  facet normal 0 0 -1
    outer loop
      vertex -8.672653198242188 -16.31073570251465 -7.199999809265137
      vertex -8.590785026550293 -15.62580394744873 -7.199999809265137
      vertex -2.2986468617244435 -16.511407526578264 -7.199999809265137
    endloop
  endfacet
  facet normal 0 0 -1
    outer loop
      vertex -8.590785026550293 -15.62580394744873 -7.199999809265137
      vertex -8.454909324645996 -14.949511528015137 -7.199999809265137
      vertex -2.146831825460112 -16.04416888877187 -7.199999809265137
    endloop
  endfacet
  facet normal 0 0 -1
    outer loop
      vertex -8.672653198242188 -16.31073570251465 -7.199999809265137
      vertex -2.2986468617244435 -16.511407526578264 -7.199999809265137
      vertex -2.35 -17 -7.199999809265137
    endloop
  endfacet
  facet normal 0 0 -1
    outer loop
      vertex -8.590785026550293 -15.62580394744873 -7.199999809265137
      vertex -2.146831825460112 -16.04416888877187 -7.199999809265137
      vertex -2.2986468617244435 -16.511407526578264 -7.199999809265137
    endloop
  endfacet
  facet normal 0 0 -1
    outer loop
      vertex -8.454909324645996 -14.949511528015137 -7.199999809265137
      vertex -8.265881538391113 -14.28610897064209 -7.199999809265137
      vertex -1.9011899367811267 -15.618704657112689 -7.199999809265137
    endloop
  endfacet
  facet normal 0 0 -1
    outer loop
      vertex -8.454909324645996 -14.949511528015137 -7.199999809265137
      vertex -1.9011899367811267 -15.618704657112689 -7.199999809265137
      vertex -2.146831825460112 -16.04416888877187 -7.199999809265137
    endloop
  endfacet
  facet normal -0.999213872276067 0.03964388289594992 0
    outer loop
      vertex -8.699999809265137 -17 -7.199999809265137
      vertex -8.699999809265137 -17 -1.7999999523162842
      vertex -8.672653198242188 -16.31073570251465 -7.199999809265137
    endloop
  endfacet
  facet normal -0.9929322323026708 0.11868269483979149 0
    outer loop
      vertex -8.672653198242188 -16.31073570251465 -7.199999809265137
      vertex -8.672653198242188 -16.31073570251465 -1.7999999523162842
      vertex -8.590785026550293 -15.62580394744873 -7.199999809265137
    endloop
  endfacet
  facet normal -0.980408227257284 0.1969764146445698 0
    outer loop
      vertex -8.590785026550293 -15.62580394744873 -7.199999809265137
      vertex -8.590785026550293 -15.62580394744873 -1.7999999523162842
      vertex -8.454909324645996 -14.949511528015137 -7.199999809265137
    endloop
  endfacet
  facet normal 0 0 -1
    outer loop
      vertex -8.265881538391113 -14.28610897064209 -7.199999809265137
      vertex -8.02488899230957 -13.639768600463867 -7.199999809265137
      vertex -1.9011899367811267 -15.618704657112689 -7.199999809265137
    endloop
  endfacet
  facet normal 0 0 -1
    outer loop
      vertex -8.02488899230957 -13.639768600463867 -7.199999809265137
      vertex -7.733447551727295 -13.014552116394043 -7.199999809265137
      vertex -1.572456924943317 -15.253609660128124 -7.199999809265137
    endloop
  endfacet
  facet normal 0 0 -1
    outer loop
      vertex -7.733447551727295 -13.014552116394043 -7.199999809265137
      vertex -7.393388271331787 -12.41439151763916 -7.199999809265137
      vertex -1.175 -14.96484030110657 -7.199999809265137
    endloop
  endfacet
  facet normal 0 0 -1
    outer loop
      vertex -1.175 -14.96484030110657 -7.199999809265137
      vertex -7.393388271331787 -12.41439151763916 -7.199999809265137
      vertex -7.006850242614746 -11.843057632446289 -7.199999809265137
    endloop
  endfacet
  facet normal 0 0 -1
    outer loop
      vertex -1.175 -14.96484030110657 -7.199999809265137
      vertex -7.006850242614746 -11.843057632446289 -7.199999809265137
      vertex -6.576262474060059 -11.304143905639648 -7.199999809265137
    endloop
  endfacet
  facet normal -0.9617212172122349 0.27402974357506754 0
    outer loop
      vertex -8.454909324645996 -14.949511528015137 -7.199999809265137
      vertex -8.454909324645996 -14.949511528015137 -1.7999999523162842
      vertex -8.265881538391113 -14.28610897064209 -7.199999809265137
    endloop
  endfacet
  facet normal -0.9369876684587012 0.3493624323769329 0
    outer loop
      vertex -8.265881538391113 -14.28610897064209 -7.199999809265137
      vertex -8.265881538391113 -14.28610897064209 -1.7999999523162842
      vertex -8.02488899230957 -13.639768600463867 -7.199999809265137
    endloop
  endfacet
  facet normal -0.9063643010305148 0.4224970459275028 0
    outer loop
      vertex -8.02488899230957 -13.639768600463867 -7.199999809265137
      vertex -8.02488899230957 -13.639768600463867 -1.7999999523162842
      vertex -7.733447551727295 -13.014552116394043 -7.199999809265137
    endloop
  endfacet
  facet normal -0.8700419125765675 0.4929777584842023 0
    outer loop
      vertex -7.733447551727295 -13.014552116394043 -7.199999809265137
      vertex -7.733447551727295 -13.014552116394043 -1.7999999523162842
      vertex -7.393388271331787 -12.41439151763916 -7.199999809265137
    endloop
  endfacet
  facet normal 0 0 -1
    outer loop
      vertex -8.02488899230957 -13.639768600463867 -7.199999809265137
      vertex -1.572456924943317 -15.253609660128124 -7.199999809265137
      vertex -1.9011899367811267 -15.618704657112689 -7.199999809265137
    endloop
  endfacet
  facet normal 0 0 -1
    outer loop
      vertex -7.733447551727295 -13.014552116394043 -7.199999809265137
      vertex -1.175 -14.96484030110657 -7.199999809265137
      vertex -1.572456924943317 -15.253609660128124 -7.199999809265137
    endloop
  endfacet
  facet normal 0 0 -1
    outer loop
      vertex -1.175 -14.96484030110657 -7.199999809265137
      vertex -6.576262474060059 -11.304143905639648 -7.199999809265137
      vertex -0.7261899367811264 -14.76501718670639 -7.199999809265137
    endloop
  endfacet
  facet normal 0 0 -1
    outer loop
      vertex -0.7261899367811264 -14.76501718670639 -7.199999809265137
      vertex -6.104332447052002 -10.80103874206543 -7.199999809265137
      vertex -0.24564188867898568 -14.662873545884558 -7.199999809265137
    endloop
  endfacet
  facet normal 0 0 -1
    outer loop
      vertex -0.24564188867898568 -14.662873545884558 -7.199999809265137
      vertex -6.104332447052002 -10.80103874206543 -7.199999809265137
      vertex 0.24564188867898568 -14.662873545884558 -7.199999809265137
    endloop
  endfacet
  facet normal -0.999213872276067 0.03964388289594992 0
    outer loop
      vertex -8.672653198242188 -16.31073570251465 -7.199999809265137
      vertex -8.699999809265137 -17 -1.7999999523162842
      vertex -8.672653198242188 -16.31073570251465 -1.7999999523162842
    endloop
  endfacet
  facet normal -0.9929322323026708 0.11868269483979149 0
    outer loop
      vertex -8.590785026550293 -15.62580394744873 -7.199999809265137
      vertex -8.672653198242188 -16.31073570251465 -1.7999999523162842
      vertex -8.590785026550293 -15.62580394744873 -1.7999999523162842
    endloop
  endfacet
  facet normal -0.980408227257284 0.1969764146445698 0
    outer loop
      vertex -8.454909324645996 -14.949511528015137 -7.199999809265137
      vertex -8.590785026550293 -15.62580394744873 -1.7999999523162842
      vertex -8.454909324645996 -14.949511528015137 -1.7999999523162842
    endloop
  endfacet
  facet normal -0.9617212172122349 0.27402974357506754 0
    outer loop
      vertex -8.265881538391113 -14.28610897064209 -7.199999809265137
      vertex -8.454909324645996 -14.949511528015137 -1.7999999523162842
      vertex -8.265881538391113 -14.28610897064209 -1.7999999523162842
    endloop
  endfacet
  facet normal -0.9369876684587012 0.3493624323769329 0
    outer loop
      vertex -8.02488899230957 -13.639768600463867 -7.199999809265137
      vertex -8.265881538391113 -14.28610897064209 -1.7999999523162842
      vertex -8.02488899230957 -13.639768600463867 -1.7999999523162842
    endloop
  endfacet
  facet normal -0.9063643010305148 0.4224970459275028 0
    outer loop
      vertex -7.733447551727295 -13.014552116394043 -7.199999809265137
      vertex -8.02488899230957 -13.639768600463867 -1.7999999523162842
      vertex -7.733447551727295 -13.014552116394043 -1.7999999523162842
    endloop
  endfacet
  facet normal 0 0 -1
    outer loop
      vertex -0.7261899367811264 -14.76501718670639 -7.199999809265137
      vertex -6.576262474060059 -11.304143905639648 -7.199999809265137
      vertex -6.104332447052002 -10.80103874206543 -7.199999809265137
    endloop
  endfacet
  facet normal -0.8282514816582979 0.5603565678483963 0
    outer loop
      vertex -7.393388271331787 -12.41439151763916 -7.199999809265137
      vertex -7.393388271331787 -12.41439151763916 -1.7999999523162842
      vertex -7.006850242614746 -11.843057632446289 -7.199999809265137
    endloop
  endfacet
  facet normal -0.7812528009376375 0.6242147555345804 0
    outer loop
      vertex -7.006850242614746 -11.843057632446289 -7.199999809265137
      vertex -7.006850242614746 -11.843057632446289 -1.7999999523162842
      vertex -6.576262474060059 -11.304143905639648 -7.199999809265137
    endloop
  endfacet
  facet normal -0.7293426439116136 0.6841486006504853 0
    outer loop
      vertex -6.576262474060059 -11.304143905639648 -7.199999809265137
      vertex -6.576262474060059 -11.304143905639648 -1.7999999523162842
      vertex -6.104332447052002 -10.80103874206543 -7.199999809265137
    endloop
  endfacet
  facet normal -0.6728487306581551 0.7397800927652146 0
    outer loop
      vertex -6.104332447052002 -10.80103874206543 -7.199999809265137
      vertex -6.104332447052002 -10.80103874206543 -1.7999999523162842
      vertex -5.594026565551758 -10.336902618408203 -7.199999809265137
    endloop
  endfacet
  facet normal -0.6121235018780575 0.7907621756562108 0
    outer loop
      vertex -5.594026565551758 -10.336902618408203 -7.199999809265137
      vertex -5.594026565551758 -10.336902618408203 -1.7999999523162842
      vertex -5.048553466796875 -9.914655685424805 -7.199999809265137
    endloop
  endfacet
  facet normal -0.547551121499995 0.8367722326559944 0
    outer loop
      vertex -5.048553466796875 -9.914655685424805 -7.199999809265137
      vertex -5.048553466796875 -9.914655685424805 -1.7999999523162842
      vertex -4.471342086791992 -9.536951065063477 -7.199999809265137
    endloop
  endfacet
  facet normal -0.4795353663381033 0.8775225538018844 0
    outer loop
      vertex -4.471342086791992 -9.536951065063477 -7.199999809265137
      vertex -4.471342086791992 -9.536951065063477 -1.7999999523162842
      vertex -3.866021156311035 -9.206164360046387 -7.199999809265137
    endloop
  endfacet
  facet normal 0 0 -1
    outer loop
      vertex -6.104332447052002 -10.80103874206543 -7.199999809265137
      vertex -5.594026565551758 -10.336902618408203 -7.199999809265137
      vertex 5.796336650848389 -10.512127876281738 -7.199999809265137
    endloop
  endfacet
  facet normal 0 0 -1
    outer loop
      vertex 0.24564188867898568 -14.662873545884558 -7.199999809265137
      vertex -6.104332447052002 -10.80103874206543 -7.199999809265137
      vertex 6.292124271392822 -10.991741180419922 -7.199999809265137
    endloop
  endfacet
  facet normal 0 0 -1
    outer loop
      vertex -5.594026565551758 -10.336902618408203 -7.199999809265137
      vertex -5.048553466796875 -9.914655685424805 -7.199999809265137
      vertex 5.264110088348389 -10.073302268981934 -7.199999809265137
    endloop
  endfacet
  facet normal 0 0 -1
    outer loop
      vertex -5.048553466796875 -9.914655685424805 -7.199999809265137
      vertex -4.471342086791992 -9.536951065063477 -7.199999809265137
      vertex 4.698790073394775 -9.678021430969238 -7.199999809265137
    endloop
  endfacet
  facet normal 0 0 -1
    outer loop
      vertex -4.471342086791992 -9.536951065063477 -7.199999809265137
      vertex -3.866021156311035 -9.206164360046387 -7.199999809265137
      vertex 4.103930473327637 -9.328770637512207 -7.199999809265137
    endloop
  endfacet
  facet normal 0 0 -1
    outer loop
      vertex -3.866021156311035 -9.206164360046387 -7.199999809265137
      vertex -3.236396074295044 -8.924373626708984 -7.199999809265137
      vertex 3.483271360397339 -9.02774715423584 -7.199999809265137
    endloop
  endfacet
  facet normal 0 0 -1
    outer loop
      vertex -3.236396074295044 -8.924373626708984 -7.199999809265137
      vertex -2.5864250659942627 -8.693351745605469 -7.199999809265137
      vertex 2.8407139778137207 -8.776841163635254 -7.199999809265137
    endloop
  endfacet
  facet normal 0 0 -1
    outer loop
      vertex -2.5864250659942627 -8.693351745605469 -7.199999809265137
      vertex -1.9201940298080444 -8.51455020904541 -7.199999809265137
      vertex 2.180298328399658 -8.577630996704102 -7.199999809265137
    endloop
  endfacet
  facet normal 0 0 -1
    outer loop
      vertex -1.9201940298080444 -8.51455020904541 -7.199999809265137
      vertex -1.2418915033340454 -8.389093399047852 -7.199999809265137
      vertex 1.5061757564544678 -8.431368827819824 -7.199999809265137
    endloop
  endfacet
  facet normal 0 0 -1
    outer loop
      vertex -1.2418915033340454 -8.389093399047852 -7.199999809265137
      vertex -0.5557817220687866 -8.317770957946777 -7.199999809265137
      vertex 0.8225845694541931 -8.338974952697754 -7.199999809265137
    endloop
  endfacet
  facet normal 0 0 -1
    outer loop
      vertex -3.236396074295044 -8.924373626708984 -7.199999809265137
      vertex 2.8407139778137207 -8.776841163635254 -7.199999809265137
      vertex 3.483271360397339 -9.02774715423584 -7.199999809265137
    endloop
  endfacet
  facet normal 0 0 -1
    outer loop
      vertex -0.5557817220687866 -8.317770957946777 -7.199999809265137
      vertex 0.13382206857204437 -8.301029205322266 -7.199999809265137
      vertex 0.8225845694541931 -8.338974952697754 -7.199999809265137
    endloop
  endfacet
  facet normal 0 0 -1
    outer loop
      vertex -1.2418915033340454 -8.389093399047852 -7.199999809265137
      vertex 0.8225845694541931 -8.338974952697754 -7.199999809265137
      vertex 1.5061757564544678 -8.431368827819824 -7.199999809265137
    endloop
  endfacet
  facet normal 0 0 -1
    outer loop
      vertex -2.5864250659942627 -8.693351745605469 -7.199999809265137
      vertex 2.180298328399658 -8.577630996704102 -7.199999809265137
      vertex 2.8407139778137207 -8.776841163635254 -7.199999809265137
    endloop
  endfacet
  facet normal 0 0 -1
    outer loop
      vertex -1.9201940298080444 -8.51455020904541 -7.199999809265137
      vertex 1.5061757564544678 -8.431368827819824 -7.199999809265137
      vertex 2.180298328399658 -8.577630996704102 -7.199999809265137
    endloop
  endfacet
  facet normal -0.40850660311104264 0.9127553643855931 0
    outer loop
      vertex -3.866021156311035 -9.206164360046387 -7.199999809265137
      vertex -3.866021156311035 -9.206164360046387 -1.7999999523162842
      vertex -3.236396074295044 -8.924373626708984 -7.199999809265137
    endloop
  endfacet
  facet normal -0.3349080947578102 0.9422507989201673 0
    outer loop
      vertex -3.236396074295044 -8.924373626708984 -7.199999809265137
      vertex -3.236396074295044 -8.924373626708984 -1.7999999523162842
      vertex -2.5864250659942627 -8.693351745605469 -7.199999809265137
    endloop
  endfacet
  facet normal -0.2592051406245704 0.9658222895925507 0
    outer loop
      vertex -2.5864250659942627 -8.693351745605469 -7.199999809265137
      vertex -2.5864250659942627 -8.693351745605469 -1.7999999523162842
      vertex -1.9201940298080444 -8.51455020904541 -7.199999809265137
    endloop
  endfacet
  facet normal -0.18187232931118866 0.9833221526188264 0
    outer loop
      vertex -1.9201940298080444 -8.51455020904541 -7.199999809265137
      vertex -1.9201940298080444 -8.51455020904541 -1.7999999523162842
      vertex -1.2418915033340454 -8.389093399047852 -7.199999809265137
    endloop
  endfacet
  facet normal -0.10339479621641824 0.9946403953768242 0
    outer loop
      vertex -1.2418915033340454 -8.389093399047852 -7.199999809265137
      vertex -1.2418915033340454 -8.389093399047852 -1.7999999523162842
      vertex -0.5557817220687866 -8.317770957946777 -7.199999809265137
    endloop
  endfacet
  facet normal -0.024270198805465402 0.9997054353408025 0
    outer loop
      vertex -0.5557817220687866 -8.317770957946777 -7.199999809265137
      vertex -0.5557817220687866 -8.317770957946777 -1.7999999523162842
      vertex 0.13382206857204437 -8.301029205322266 -7.199999809265137
    endloop
  endfacet
  facet normal 0.055009225430304856 0.9984858462279563 0
    outer loop
      vertex 0.13382206857204437 -8.301029205322266 -7.199999809265137
      vertex 0.13382206857204437 -8.301029205322266 -1.7999999523162842
      vertex 0.8225845694541931 -8.338974952697754 -7.199999809265137
    endloop
  endfacet
  facet normal -0.8700419125765675 0.4929777584842023 0
    outer loop
      vertex -7.393388271331787 -12.41439151763916 -7.199999809265137
      vertex -7.733447551727295 -13.014552116394043 -1.7999999523162842
      vertex -7.393388271331787 -12.41439151763916 -1.7999999523162842
    endloop
  endfacet
  facet normal -0.8282514816582979 0.5603565678483963 0
    outer loop
      vertex -7.006850242614746 -11.843057632446289 -7.199999809265137
      vertex -7.393388271331787 -12.41439151763916 -1.7999999523162842
      vertex -7.006850242614746 -11.843057632446289 -1.7999999523162842
    endloop
  endfacet
  facet normal -0.7812528009376375 0.6242147555345804 0
    outer loop
      vertex -6.576262474060059 -11.304143905639648 -7.199999809265137
      vertex -7.006850242614746 -11.843057632446289 -1.7999999523162842
      vertex -6.576262474060059 -11.304143905639648 -1.7999999523162842
    endloop
  endfacet
  facet normal -0.7293426439116136 0.6841486006504853 0
    outer loop
      vertex -6.104332447052002 -10.80103874206543 -7.199999809265137
      vertex -6.576262474060059 -11.304143905639648 -1.7999999523162842
      vertex -6.104332447052002 -10.80103874206543 -1.7999999523162842
    endloop
  endfacet
  facet normal -0.6728487306581551 0.7397800927652146 0
    outer loop
      vertex -5.594026565551758 -10.336902618408203 -7.199999809265137
      vertex -6.104332447052002 -10.80103874206543 -1.7999999523162842
      vertex -5.594026565551758 -10.336902618408203 -1.7999999523162842
    endloop
  endfacet
  facet normal -0.6121235018780575 0.7907621756562108 0
    outer loop
      vertex -5.048553466796875 -9.914655685424805 -7.199999809265137
      vertex -5.594026565551758 -10.336902618408203 -1.7999999523162842
      vertex -5.048553466796875 -9.914655685424805 -1.7999999523162842
    endloop
  endfacet
  facet normal -0.547551121499995 0.8367722326559944 0
    outer loop
      vertex -4.471342086791992 -9.536951065063477 -7.199999809265137
      vertex -5.048553466796875 -9.914655685424805 -1.7999999523162842
      vertex -4.471342086791992 -9.536951065063477 -1.7999999523162842
    endloop
  endfacet
  facet normal -0.4795353663381033 0.8775225538018844 0
    outer loop
      vertex -3.866021156311035 -9.206164360046387 -7.199999809265137
      vertex -4.471342086791992 -9.536951065063477 -1.7999999523162842
      vertex -3.866021156311035 -9.206164360046387 -1.7999999523162842
    endloop
  endfacet
  facet normal -0.40850660311104264 0.9127553643855931 0
    outer loop
      vertex -3.236396074295044 -8.924373626708984 -7.199999809265137
      vertex -3.866021156311035 -9.206164360046387 -1.7999999523162842
      vertex -3.236396074295044 -8.924373626708984 -1.7999999523162842
    endloop
  endfacet
  facet normal -0.3349080947578102 0.9422507989201673 0
    outer loop
      vertex -2.5864250659942627 -8.693351745605469 -7.199999809265137
      vertex -3.236396074295044 -8.924373626708984 -1.7999999523162842
      vertex -2.5864250659942627 -8.693351745605469 -1.7999999523162842
    endloop
  endfacet
  facet normal -0.2592051406245704 0.9658222895925507 0
    outer loop
      vertex -1.9201940298080444 -8.51455020904541 -7.199999809265137
      vertex -2.5864250659942627 -8.693351745605469 -1.7999999523162842
      vertex -1.9201940298080444 -8.51455020904541 -1.7999999523162842
    endloop
  endfacet
  facet normal -0.18187232931118866 0.9833221526188264 0
    outer loop
      vertex -1.2418915033340454 -8.389093399047852 -7.199999809265137
      vertex -1.9201940298080444 -8.51455020904541 -1.7999999523162842
      vertex -1.2418915033340454 -8.389093399047852 -1.7999999523162842
    endloop
  endfacet
  facet normal -0.10339479621641824 0.9946403953768242 0
    outer loop
      vertex -0.5557817220687866 -8.317770957946777 -7.199999809265137
      vertex -1.2418915033340454 -8.389093399047852 -1.7999999523162842
      vertex -0.5557817220687866 -8.317770957946777 -1.7999999523162842
    endloop
  endfacet
  facet normal -0.024270198805465402 0.9997054353408025 0
    outer loop
      vertex 0.13382206857204437 -8.301029205322266 -7.199999809265137
      vertex -0.5557817220687866 -8.317770957946777 -1.7999999523162842
      vertex 0.13382206857204437 -8.301029205322266 -1.7999999523162842
    endloop
  endfacet
  facet normal 0.055009225430304856 0.9984858462279563 0
    outer loop
      vertex 0.8225845694541931 -8.338974952697754 -7.199999809265137
      vertex 0.13382206857204437 -8.301029205322266 -1.7999999523162842
      vertex 0.8225845694541931 -8.338974952697754 -1.7999999523162842
    endloop
  endfacet
  facet normal 0 0 -1
    outer loop
      vertex 2.35 -17 -7.199999809265137
      vertex 2.2986468617244435 -16.511407526578264 -7.199999809265137
      vertex 9.873619079589844 -16.682954788208008 -7.199999809265137
    endloop
  endfacet
  facet normal 0 0 -1
    outer loop
      vertex 2.146831825460112 -16.04416888877187 -7.199999809265137
      vertex 9.793248176574707 -16.31349754333496 -7.199999809265137
      vertex 2.2986468617244435 -16.511407526578264 -7.199999809265137
    endloop
  endfacet
  facet normal 0 0 -1
    outer loop
      vertex 2.146831825460112 -16.04416888877187 -7.199999809265137
      vertex 1.9011899367811267 -15.618704657112689 -7.199999809265137
      vertex 9.793248176574707 -15.559229850769043 -7.199999809265137
    endloop
  endfacet
  facet normal 0 0 -1
    outer loop
      vertex 1.9011899367811267 -15.618704657112689 -7.199999809265137
      vertex 1.572456924943317 -15.253609660128124 -7.199999809265137
      vertex 10.00575065612793 -14.835514068603516 -7.199999809265137
    endloop
  endfacet
  facet normal 0 0 -1
    outer loop
      vertex 1.572456924943317 -15.253609660128124 -7.199999809265137
      vertex 1.175 -14.96484030110657 -7.199999809265137
      vertex 10.1869535446167 -14.503665924072266 -7.199999809265137
    endloop
  endfacet
  facet normal 0 0 -1
    outer loop
      vertex 0.24564188867898568 -14.662873545884558 -7.199999809265137
      vertex 6.292124271392822 -10.991741180419922 -7.199999809265137
      vertex 0.7261899367811264 -14.76501718670639 -7.199999809265137
    endloop
  endfacet
  facet normal 0 0 -1
    outer loop
      vertex 0.7261899367811264 -14.76501718670639 -7.199999809265137
      vertex 6.292124271392822 -10.991741180419922 -7.199999809265137
      vertex 1.175 -14.96484030110657 -7.199999809265137
    endloop
  endfacet
  facet normal 0 0 -1
    outer loop
      vertex 10.00575065612793 -17.037214279174805 -7.199999809265137
      vertex 2.35 -17 -7.199999809265137
      vertex 9.873619079589844 -16.682954788208008 -7.199999809265137
    endloop
  endfacet
  facet normal 0 0 -1
    outer loop
      vertex 2.2986468617244435 -16.511407526578264 -7.199999809265137
      vertex 9.793248176574707 -16.31349754333496 -7.199999809265137
      vertex 9.873619079589844 -16.682954788208008 -7.199999809265137
    endloop
  endfacet
  facet normal 0 0 -1
    outer loop
      vertex 2.146831825460112 -16.04416888877187 -7.199999809265137
      vertex 9.766275405883789 -15.93636417388916 -7.199999809265137
      vertex 9.793248176574707 -16.31349754333496 -7.199999809265137
    endloop
  endfacet
  facet normal 0 0 -1
    outer loop
      vertex 2.146831825460112 -16.04416888877187 -7.199999809265137
      vertex 9.793248176574707 -15.559229850769043 -7.199999809265137
      vertex 9.766275405883789 -15.93636417388916 -7.199999809265137
    endloop
  endfacet
  facet normal 0 0 -1
    outer loop
      vertex 1.9011899367811267 -15.618704657112689 -7.199999809265137
      vertex 9.873619079589844 -15.189772605895996 -7.199999809265137
      vertex 9.793248176574707 -15.559229850769043 -7.199999809265137
    endloop
  endfacet
  facet normal 0 0 -1
    outer loop
      vertex 1.9011899367811267 -15.618704657112689 -7.199999809265137
      vertex 10.00575065612793 -14.835514068603516 -7.199999809265137
      vertex 9.873619079589844 -15.189772605895996 -7.199999809265137
    endloop
  endfacet
  facet normal 0 0 -1
    outer loop
      vertex 1.572456924943317 -15.253609660128124 -7.199999809265137
      vertex 10.1869535446167 -14.503665924072266 -7.199999809265137
      vertex 10.00575065612793 -14.835514068603516 -7.199999809265137
    endloop
  endfacet
  facet normal 0.9369500559561539 0.34946329226938827 0
    outer loop
      vertex 10.00575065612793 -17.037214279174805 -7.199999809265137
      vertex 9.873619079589844 -16.682954788208008 -7.199999809265137
      vertex 9.873619079589844 -16.682954788208008 -3.200000047683716
    endloop
  endfacet
  facet normal 0.9771466468475707 0.21256629684535788 0
    outer loop
      vertex 9.873619079589844 -16.682954788208008 -7.199999809265137
      vertex 9.793248176574707 -16.31349754333496 -7.199999809265137
      vertex 9.793248176574707 -16.31349754333496 -3.200000047683716
    endloop
  endfacet
  facet normal 0.9974521786422598 0.0713382879091549 0
    outer loop
      vertex 9.793248176574707 -16.31349754333496 -7.199999809265137
      vertex 9.766275405883789 -15.93636417388916 -7.199999809265137
      vertex 9.766275405883789 -15.93636417388916 -3.200000047683716
    endloop
  endfacet
  facet normal 0.9974521914785917 -0.07133810843129418 0
    outer loop
      vertex 9.766275405883789 -15.93636417388916 -7.199999809265137
      vertex 9.793248176574707 -15.559229850769043 -7.199999809265137
      vertex 9.793248176574707 -15.559229850769043 -3.200000047683716
    endloop
  endfacet
  facet normal 0.9771466468475707 -0.21256629684535788 0
    outer loop
      vertex 9.793248176574707 -15.559229850769043 -7.199999809265137
      vertex 9.873619079589844 -15.189772605895996 -7.199999809265137
      vertex 9.873619079589844 -15.189772605895996 -3.200000047683716
    endloop
  endfacet
  facet normal 0.936949747921412 -0.3494641181437695 0
    outer loop
      vertex 9.873619079589844 -15.189772605895996 -7.199999809265137
      vertex 10.00575065612793 -14.835514068603516 -7.199999809265137
      vertex 10.00575065612793 -14.835514068603516 -3.200000047683716
    endloop
  endfacet
  facet normal 0 0 -1
    outer loop
      vertex 1.175 -14.96484030110657 -7.199999809265137
      vertex 10.413538932800293 -14.200983047485352 -7.199999809265137
      vertex 10.1869535446167 -14.503665924072266 -7.199999809265137
    endloop
  endfacet
  facet normal 0 0 -1
    outer loop
      vertex 1.175 -14.96484030110657 -7.199999809265137
      vertex 6.292124271392822 -10.991741180419922 -7.199999809265137
      vertex 10.413538932800293 -14.200983047485352 -7.199999809265137
    endloop
  endfacet
  facet normal 0 0 -1
    outer loop
      vertex 10.413538932800293 -14.200983047485352 -7.199999809265137
      vertex 6.292124271392822 -10.991741180419922 -7.199999809265137
      vertex 10.68089485168457 -13.933627128601074 -7.199999809265137
    endloop
  endfacet
  facet normal 0 0 -1
    outer loop
      vertex 10.68089485168457 -13.933627128601074 -7.199999809265137
      vertex 6.292124271392822 -10.991741180419922 -7.199999809265137
      vertex 10.983576774597168 -13.70704174041748 -7.199999809265137
    endloop
  endfacet
  facet normal 0 0 -1
    outer loop
      vertex 6.292124271392822 -10.991741180419922 -7.199999809265137
      vertex 11.315425872802734 -13.525838851928711 -7.199999809265137
      vertex 10.983576774597168 -13.70704174041748 -7.199999809265137
    endloop
  endfacet
  facet normal 0.8776788868164217 -0.47924917489411156 0
    outer loop
      vertex 10.00575065612793 -14.835514068603516 -7.199999809265137
      vertex 10.1869535446167 -14.503665924072266 -7.199999809265137
      vertex 10.1869535446167 -14.503665924072266 -3.200000047683716
    endloop
  endfacet
  facet normal 0.8005414630469174 -0.599277369790234 0
    outer loop
      vertex 10.1869535446167 -14.503665924072266 -7.199999809265137
      vertex 10.413538932800293 -14.200983047485352 -7.199999809265137
      vertex 10.413538932800293 -14.200983047485352 -3.200000047683716
    endloop
  endfacet
  facet normal 0.7071067811865475 -0.7071067811865475 0
    outer loop
      vertex 10.413538932800293 -14.200983047485352 -7.199999809265137
      vertex 10.68089485168457 -13.933627128601074 -7.199999809265137
      vertex 10.68089485168457 -13.933627128601074 -3.200000047683716
    endloop
  endfacet
  facet normal 0.9369500559561539 0.34946329226938827 0
    outer loop
      vertex 10.00575065612793 -17.037214279174805 -7.199999809265137
      vertex 9.873619079589844 -16.682954788208008 -3.200000047683716
      vertex 10.00575065612793 -17.037214279174805 -3.200000047683716
    endloop
  endfacet
  facet normal 0.9771466468475707 0.21256629684535788 0
    outer loop
      vertex 9.873619079589844 -16.682954788208008 -7.199999809265137
      vertex 9.793248176574707 -16.31349754333496 -3.200000047683716
      vertex 9.873619079589844 -16.682954788208008 -3.200000047683716
    endloop
  endfacet
  facet normal 0.9974521786422598 0.0713382879091549 0
    outer loop
      vertex 9.793248176574707 -16.31349754333496 -7.199999809265137
      vertex 9.766275405883789 -15.93636417388916 -3.200000047683716
      vertex 9.793248176574707 -16.31349754333496 -3.200000047683716
    endloop
  endfacet
  facet normal 0.9974521914785917 -0.07133810843129418 0
    outer loop
      vertex 9.766275405883789 -15.93636417388916 -7.199999809265137
      vertex 9.793248176574707 -15.559229850769043 -3.200000047683716
      vertex 9.766275405883789 -15.93636417388916 -3.200000047683716
    endloop
  endfacet
  facet normal 0.9771466468475707 -0.21256629684535788 0
    outer loop
      vertex 9.793248176574707 -15.559229850769043 -7.199999809265137
      vertex 9.873619079589844 -15.189772605895996 -3.200000047683716
      vertex 9.793248176574707 -15.559229850769043 -3.200000047683716
    endloop
  endfacet
  facet normal 0.936949747921412 -0.3494641181437695 0
    outer loop
      vertex 9.873619079589844 -15.189772605895996 -7.199999809265137
      vertex 10.00575065612793 -14.835514068603516 -3.200000047683716
      vertex 9.873619079589844 -15.189772605895996 -3.200000047683716
    endloop
  endfacet
  facet normal 0 0 -1
    outer loop
      vertex 10.00575065612793 -17.037214279174805 -3.200000047683716
      vertex 9.873619079589844 -16.682954788208008 -3.200000047683716
      vertex 10.05123233795166 -17.016443252563477 -3.200000047683716
    endloop
  endfacet
  facet normal 0 0 -1
    outer loop
      vertex 10.05123233795166 -17.016443252563477 -3.200000047683716
      vertex 9.873619079589844 -16.682954788208008 -3.200000047683716
      vertex 9.92159366607666 -16.668869018554688 -3.200000047683716
    endloop
  endfacet
  facet normal 0 0 -1
    outer loop
      vertex 9.873619079589844 -16.682954788208008 -3.200000047683716
      vertex 9.793248176574707 -16.31349754333496 -3.200000047683716
      vertex 9.92159366607666 -16.668869018554688 -3.200000047683716
    endloop
  endfacet
  facet normal 0 0 -1
    outer loop
      vertex 9.92159366607666 -16.668869018554688 -3.200000047683716
      vertex 9.793248176574707 -16.31349754333496 -3.200000047683716
      vertex 9.842740058898926 -16.30638313293457 -3.200000047683716
    endloop
  endfacet
  facet normal 0 0 -1
    outer loop
      vertex 9.793248176574707 -16.31349754333496 -3.200000047683716
      vertex 9.766275405883789 -15.93636417388916 -3.200000047683716
      vertex 9.842740058898926 -16.30638313293457 -3.200000047683716
    endloop
  endfacet
  facet normal 0 0 -1
    outer loop
      vertex 9.842740058898926 -16.30638313293457 -3.200000047683716
      vertex 9.766275405883789 -15.93636417388916 -3.200000047683716
      vertex 9.816275596618652 -15.93636417388916 -3.200000047683716
    endloop
  endfacet
  facet normal 0 0 -1
    outer loop
      vertex 9.766275405883789 -15.93636417388916 -3.200000047683716
      vertex 9.842740058898926 -15.56634521484375 -3.200000047683716
      vertex 9.816275596618652 -15.93636417388916 -3.200000047683716
    endloop
  endfacet
  facet normal 0 0 -1
    outer loop
      vertex 9.766275405883789 -15.93636417388916 -3.200000047683716
      vertex 9.793248176574707 -15.559229850769043 -3.200000047683716
      vertex 9.842740058898926 -15.56634521484375 -3.200000047683716
    endloop
  endfacet
  facet normal 0 0 -1
    outer loop
      vertex 9.793248176574707 -15.559229850769043 -3.200000047683716
      vertex 9.92159366607666 -15.203859329223633 -3.200000047683716
      vertex 9.842740058898926 -15.56634521484375 -3.200000047683716
    endloop
  endfacet
  facet normal 0 0 -1
    outer loop
      vertex 9.793248176574707 -15.559229850769043 -3.200000047683716
      vertex 9.873619079589844 -15.189772605895996 -3.200000047683716
      vertex 9.92159366607666 -15.203859329223633 -3.200000047683716
    endloop
  endfacet
  facet normal 0 0 -1
    outer loop
      vertex 9.92159366607666 -15.203859329223633 -3.200000047683716
      vertex 9.873619079589844 -15.189772605895996 -3.200000047683716
      vertex 10.05123233795166 -14.856285095214844 -3.200000047683716
    endloop
  endfacet
  facet normal 0 0 -1
    outer loop
      vertex 9.873619079589844 -15.189772605895996 -3.200000047683716
      vertex 10.00575065612793 -14.835514068603516 -3.200000047683716
      vertex 10.05123233795166 -14.856285095214844 -3.200000047683716
    endloop
  endfacet
  facet normal 0.8776788868164217 -0.47924917489411156 0
    outer loop
      vertex 10.00575065612793 -14.835514068603516 -7.199999809265137
      vertex 10.1869535446167 -14.503665924072266 -3.200000047683716
      vertex 10.00575065612793 -14.835514068603516 -3.200000047683716
    endloop
  endfacet
  facet normal 0.8005414630469174 -0.599277369790234 0
    outer loop
      vertex 10.1869535446167 -14.503665924072266 -7.199999809265137
      vertex 10.413538932800293 -14.200983047485352 -3.200000047683716
      vertex 10.1869535446167 -14.503665924072266 -3.200000047683716
    endloop
  endfacet
  facet normal 0.7071067811865475 -0.7071067811865475 0
    outer loop
      vertex 10.413538932800293 -14.200983047485352 -7.199999809265137
      vertex 10.68089485168457 -13.933627128601074 -3.200000047683716
      vertex 10.413538932800293 -14.200983047485352 -3.200000047683716
    endloop
  endfacet
  facet normal 0 0 -1
    outer loop
      vertex 10.00575065612793 -14.835514068603516 -3.200000047683716
      vertex 10.229016304016113 -14.5306978225708 -3.200000047683716
      vertex 10.05123233795166 -14.856285095214844 -3.200000047683716
    endloop
  endfacet
  facet normal 0 0 -1
    outer loop
      vertex 10.00575065612793 -14.835514068603516 -3.200000047683716
      vertex 10.1869535446167 -14.503665924072266 -3.200000047683716
      vertex 10.229016304016113 -14.5306978225708 -3.200000047683716
    endloop
  endfacet
  facet normal 0 0 -1
    outer loop
      vertex 10.229016304016113 -14.5306978225708 -3.200000047683716
      vertex 10.1869535446167 -14.503665924072266 -3.200000047683716
      vertex 10.451326370239258 -14.233726501464844 -3.200000047683716
    endloop
  endfacet
  facet normal 0 0 -1
    outer loop
      vertex 10.1869535446167 -14.503665924072266 -3.200000047683716
      vertex 10.413538932800293 -14.200983047485352 -3.200000047683716
      vertex 10.451326370239258 -14.233726501464844 -3.200000047683716
    endloop
  endfacet
  facet normal 0 0 -1
    outer loop
      vertex 10.451326370239258 -14.233726501464844 -3.200000047683716
      vertex 10.413538932800293 -14.200983047485352 -3.200000047683716
      vertex 10.713637351989746 -13.971415519714355 -3.200000047683716
    endloop
  endfacet
  facet normal 0 0 -1
    outer loop
      vertex 10.413538932800293 -14.200983047485352 -3.200000047683716
      vertex 10.68089485168457 -13.933627128601074 -3.200000047683716
      vertex 10.713637351989746 -13.971415519714355 -3.200000047683716
    endloop
  endfacet
  facet normal 0 0 -1
    outer loop
      vertex -6.104332447052002 -10.80103874206543 -7.199999809265137
      vertex 5.796336650848389 -10.512127876281738 -7.199999809265137
      vertex 6.292124271392822 -10.991741180419922 -7.199999809265137
    endloop
  endfacet
  facet normal 0 0 -1
    outer loop
      vertex -5.594026565551758 -10.336902618408203 -7.199999809265137
      vertex 5.264110088348389 -10.073302268981934 -7.199999809265137
      vertex 5.796336650848389 -10.512127876281738 -7.199999809265137
    endloop
  endfacet
  facet normal 0 0 -1
    outer loop
      vertex -5.048553466796875 -9.914655685424805 -7.199999809265137
      vertex 4.698790073394775 -9.678021430969238 -7.199999809265137
      vertex 5.264110088348389 -10.073302268981934 -7.199999809265137
    endloop
  endfacet
  facet normal 0 0 -1
    outer loop
      vertex -4.471342086791992 -9.536951065063477 -7.199999809265137
      vertex 4.103930473327637 -9.328770637512207 -7.199999809265137
      vertex 4.698790073394775 -9.678021430969238 -7.199999809265137
    endloop
  endfacet
  facet normal 0 0 -1
    outer loop
      vertex -3.866021156311035 -9.206164360046387 -7.199999809265137
      vertex 3.483271360397339 -9.02774715423584 -7.199999809265137
      vertex 4.103930473327637 -9.328770637512207 -7.199999809265137
    endloop
  endfacet
  facet normal 0.13394165393470683 0.9909892195888083 0
    outer loop
      vertex 0.8225845694541931 -8.338974952697754 -7.199999809265137
      vertex 0.8225845694541931 -8.338974952697754 -1.7999999523162842
      vertex 1.5061757564544678 -8.431368827819824 -7.199999809265137
    endloop
  endfacet
  facet normal 0.21203342855051815 0.9772624136725572 0
    outer loop
      vertex 1.5061757564544678 -8.431368827819824 -7.199999809265137
      vertex 1.5061757564544678 -8.431368827819824 -1.7999999523162842
      vertex 2.180298328399658 -8.577630996704102 -7.199999809265137
    endloop
  endfacet
  facet normal 0.363733568838948 0.9315030278532015 0
    outer loop
      vertex 2.8407139778137207 -8.776841163635254 -7.199999809265137
      vertex 2.8407139778137207 -8.776841163635254 -1.7999999523162842
      vertex 3.483271360397339 -9.02774715423584 -7.199999809265137
    endloop
  endfacet
  facet normal 0.28879121828093 0.9573920995307076 0
    outer loop
      vertex 2.180298328399658 -8.577630996704102 -7.199999809265137
      vertex 2.180298328399658 -8.577630996704102 -1.7999999523162842
      vertex 2.8407139778137207 -8.776841163635254 -7.199999809265137
    endloop
  endfacet
  facet normal 0.5063019948188718 0.8623562431167475 0
    outer loop
      vertex 4.698790073394775 -9.678021430969238 -7.199999809265137
      vertex 4.103930473327637 -9.328770637512207 -7.199999809265137
      vertex 4.103930473327637 -9.328770637512207 -1.7999999523162842
    endloop
  endfacet
  facet normal 0.6361575283398571 0.771559200020662 0
    outer loop
      vertex 5.796336650848389 -10.512127876281738 -7.199999809265137
      vertex 5.264110088348389 -10.073302268981934 -7.199999809265137
      vertex 5.264110088348389 -10.073302268981934 -1.7999999523162842
    endloop
  endfacet
  facet normal 0.5730310846341724 0.819533633259175 0
    outer loop
      vertex 5.264110088348389 -10.073302268981934 -7.199999809265137
      vertex 4.698790073394775 -9.678021430969238 -7.199999809265137
      vertex 4.698790073394775 -9.678021430969238 -1.7999999523162842
    endloop
  endfacet
  facet normal 0.43638835838033097 0.8997584123919709 0
    outer loop
      vertex 3.483271360397339 -9.02774715423584 -7.199999809265137
      vertex 3.483271360397339 -9.02774715423584 -1.7999999523162842
      vertex 4.103930473327637 -9.328770637512207 -7.199999809265137
    endloop
  endfacet
  facet normal 0 0 -1
    outer loop
      vertex 6.292124271392822 -10.991741180419922 -7.199999809265137
      vertex 11.814064025878906 -11.564739227294922 -7.199999809265137
      vertex 11.315425872802734 -13.525838851928711 -7.199999809265137
    endloop
  endfacet
  facet normal 0.6952857934584725 0.7187333757484915 0
    outer loop
      vertex 5.796336650848389 -10.512127876281738 -7.199999809265137
      vertex 5.796336650848389 -10.512127876281738 -1.7999999523162842
      vertex 6.292124271392822 -10.991741180419922 -7.199999809265137
    endloop
  endfacet
  facet normal 0.10321332993232354 0.9946592189179281 0.00021620790602437792
    outer loop
      vertex 6.292124271392822 -10.991741180419922 -7.199999809265137
      vertex 6.743553638458252 -11.039758682250977 -1.7999999523162842
      vertex 11.814064025878906 -11.564739227294922 -7.199999809265137
    endloop
  endfacet
  facet normal 0.13394165393470683 0.9909892195888083 0
    outer loop
      vertex 1.5061757564544678 -8.431368827819824 -7.199999809265137
      vertex 0.8225845694541931 -8.338974952697754 -1.7999999523162842
      vertex 1.5061757564544678 -8.431368827819824 -1.7999999523162842
    endloop
  endfacet
  facet normal 0.21203342855051815 0.9772624136725572 0
    outer loop
      vertex 2.180298328399658 -8.577630996704102 -7.199999809265137
      vertex 1.5061757564544678 -8.431368827819824 -1.7999999523162842
      vertex 2.180298328399658 -8.577630996704102 -1.7999999523162842
    endloop
  endfacet
  facet normal 0.363733568838948 0.9315030278532015 0
    outer loop
      vertex 3.483271360397339 -9.02774715423584 -7.199999809265137
      vertex 2.8407139778137207 -8.776841163635254 -1.7999999523162842
      vertex 3.483271360397339 -9.02774715423584 -1.7999999523162842
    endloop
  endfacet
  facet normal 0.28879121828093 0.9573920995307076 0
    outer loop
      vertex 2.8407139778137207 -8.776841163635254 -7.199999809265137
      vertex 2.180298328399658 -8.577630996704102 -1.7999999523162842
      vertex 2.8407139778137207 -8.776841163635254 -1.7999999523162842
    endloop
  endfacet
  facet normal 0.5063019948188718 0.8623562431167475 0
    outer loop
      vertex 4.698790073394775 -9.678021430969238 -7.199999809265137
      vertex 4.103930473327637 -9.328770637512207 -1.7999999523162842
      vertex 4.698790073394775 -9.678021430969238 -1.7999999523162842
    endloop
  endfacet
  facet normal 0.5730310846341724 0.819533633259175 0
    outer loop
      vertex 5.264110088348389 -10.073302268981934 -7.199999809265137
      vertex 4.698790073394775 -9.678021430969238 -1.7999999523162842
      vertex 5.264110088348389 -10.073302268981934 -1.7999999523162842
    endloop
  endfacet
  facet normal 0.6361575283398571 0.771559200020662 0
    outer loop
      vertex 5.796336650848389 -10.512127876281738 -7.199999809265137
      vertex 5.264110088348389 -10.073302268981934 -1.7999999523162842
      vertex 5.796336650848389 -10.512127876281738 -1.7999999523162842
    endloop
  endfacet
  facet normal 0.43638835838033097 0.8997584123919709 0
    outer loop
      vertex 4.103930473327637 -9.328770637512207 -7.199999809265137
      vertex 3.483271360397339 -9.02774715423584 -1.7999999523162842
      vertex 4.103930473327637 -9.328770637512207 -1.7999999523162842
    endloop
  endfacet
  facet normal 0.6952857934584725 0.7187333757484915 0
    outer loop
      vertex 6.292124271392822 -10.991741180419922 -7.199999809265137
      vertex 5.796336650848389 -10.512127876281738 -1.7999999523162842
      vertex 6.292124271392822 -10.991741180419922 -1.7999999523162842
    endloop
  endfacet
  facet normal 0.10592016606065822 0.994374636855588 0
    outer loop
      vertex 6.292124271392822 -10.991741180419922 -7.199999809265137
      vertex 6.292124271392822 -10.991741180419922 -1.7999999523162842
      vertex 6.442598342895508 -11.007769584655762 -1.7999999523162842
    endloop
  endfacet
  facet normal 0.1057751824008184 0.994390069726855 0.0000040858604594687675
    outer loop
      vertex 6.292124271392822 -10.991741180419922 -7.199999809265137
      vertex 6.442598342895508 -11.007769584655762 -1.7999999523162842
      vertex 6.593074798583984 -11.023776054382324 -1.7999999523162842
    endloop
  endfacet
  facet normal 0.10561773290944107 0.9944068052497967 0.000012960051028651417
    outer loop
      vertex 6.292124271392822 -10.991741180419922 -7.199999809265137
      vertex 6.593074798583984 -11.023776054382324 -1.7999999523162842
      vertex 6.743553638458252 -11.039758682250977 -1.7999999523162842
    endloop
  endfacet
  facet normal 0 0 1
    outer loop
      vertex -8.699999809265137 -17 -1.7999999523162842
      vertex -3.883767269704208 -14.542737342849769 -1.7999999523162842
      vertex -8.672653198242188 -16.31073570251465 -1.7999999523162842
    endloop
  endfacet
  facet normal 0 0 1
    outer loop
      vertex -8.672653198242188 -16.31073570251465 -1.7999999523162842
      vertex -3.883767269704208 -14.542737342849769 -1.7999999523162842
      vertex -8.590785026550293 -15.62580394744873 -1.7999999523162842
    endloop
  endfacet
  facet normal 0 0 1
    outer loop
      vertex -8.590785026550293 -15.62580394744873 -1.7999999523162842
      vertex -3.883767269704208 -14.542737342849769 -1.7999999523162842
      vertex -8.454909324645996 -14.949511528015137 -1.7999999523162842
    endloop
  endfacet
  facet normal 0 0 1
    outer loop
      vertex -8.699999809265137 -17 -1.7999999523162842
      vertex -3.883767269704208 -16.45726265715023 -1.7999999523162842
      vertex -3.883767269704208 -14.542737342849769 -1.7999999523162842
    endloop
  endfacet
  facet normal 0 0 1
    outer loop
      vertex -8.454909324645996 -14.949511528015137 -1.7999999523162842
      vertex -3.883767269704208 -14.542737342849769 -1.7999999523162842
      vertex -8.265881538391113 -14.28610897064209 -1.7999999523162842
    endloop
  endfacet
  facet normal 0 0 1
    outer loop
      vertex -8.265881538391113 -14.28610897064209 -1.7999999523162842
      vertex -3.883767269704208 -14.542737342849769 -1.7999999523162842
      vertex -8.02488899230957 -13.639768600463867 -1.7999999523162842
    endloop
  endfacet
  facet normal 0 0 1
    outer loop
      vertex -8.02488899230957 -13.639768600463867 -1.7999999523162842
      vertex -2.994042992684404 -12.84750936703682 -1.7999999523162842
      vertex -7.733447551727295 -13.014552116394043 -1.7999999523162842
    endloop
  endfacet
  facet normal 0 0 1
    outer loop
      vertex -7.733447551727295 -13.014552116394043 -1.7999999523162842
      vertex -2.994042992684404 -12.84750936703682 -1.7999999523162842
      vertex -7.393388271331787 -12.41439151763916 -1.7999999523162842
    endloop
  endfacet
  facet normal 0 0 1
    outer loop
      vertex -8.02488899230957 -13.639768600463867 -1.7999999523162842
      vertex -3.883767269704208 -14.542737342849769 -1.7999999523162842
      vertex -2.994042992684404 -12.84750936703682 -1.7999999523162842
    endloop
  endfacet
  facet normal 0 0 -1
    outer loop
      vertex -1.3204992609906379 -17.280680782603977 -2.200000047683716
      vertex -1.35 -17 -2.200000047683716
      vertex 1.0921729424061792 -16.20648990940516 -2.200000047683716
    endloop
  endfacet
  facet normal 0 0 -1
    outer loop
      vertex -1.35 -17 -2.200000047683716
      vertex -1.3204992609906379 -16.719319217396023 -2.200000047683716
      vertex 1.0921729424061792 -16.20648990940516 -2.200000047683716
    endloop
  endfacet
  facet normal 0 0 -1
    outer loop
      vertex -1.3204992609906379 -16.719319217396023 -2.200000047683716
      vertex -1.2332863678175112 -16.45090553184767 -2.200000047683716
      vertex 1.0921729424061792 -16.20648990940516 -2.200000047683716
    endloop
  endfacet
  facet normal 0 0 -1
    outer loop
      vertex -1.2332863678175112 -16.45090553184767 -2.200000047683716
      vertex -1.0921729424061792 -16.20648990940516 -2.200000047683716
      vertex 1.0921729424061792 -16.20648990940516 -2.200000047683716
    endloop
  endfacet
  facet normal 0 0 -1
    outer loop
      vertex -1.0921729424061792 -16.20648990940516 -2.200000047683716
      vertex -0.9033263185844587 -15.996754485605518 -2.200000047683716
      vertex 1.0921729424061792 -16.20648990940516 -2.200000047683716
    endloop
  endfacet
  facet normal 0 0 -1
    outer loop
      vertex -0.9033263185844587 -15.996754485605518 -2.200000047683716
      vertex -0.675 -15.830865704891007 -2.200000047683716
      vertex 0.9033263185844587 -15.996754485605518 -2.200000047683716
    endloop
  endfacet
  facet normal 0 0 -1
    outer loop
      vertex -1.2332863678175112 -17.54909446815233 -2.200000047683716
      vertex 1.0921729424061792 -16.20648990940516 -2.200000047683716
      vertex 1.2332863678175112 -16.45090553184767 -2.200000047683716
    endloop
  endfacet
  facet normal 0 0 -1
    outer loop
      vertex -0.9033263185844587 -15.996754485605518 -2.200000047683716
      vertex 0.9033263185844587 -15.996754485605518 -2.200000047683716
      vertex 1.0921729424061792 -16.20648990940516 -2.200000047683716
    endloop
  endfacet
  facet normal 0 0 -1
    outer loop
      vertex -0.675 -15.830865704891007 -2.200000047683716
      vertex -0.417172942406179 -15.716073703001543 -2.200000047683716
      vertex 0.675 -15.830865704891007 -2.200000047683716
    endloop
  endfacet
  facet normal 0 0 -1
    outer loop
      vertex -0.417172942406179 -15.716073703001543 -2.200000047683716
      vertex -0.1411134254113322 -15.657395441252831 -2.200000047683716
      vertex 0.1411134254113322 -15.657395441252831 -2.200000047683716
    endloop
  endfacet
  facet normal 0 0 -1
    outer loop
      vertex -0.417172942406179 -15.716073703001543 -2.200000047683716
      vertex 0.1411134254113322 -15.657395441252831 -2.200000047683716
      vertex 0.417172942406179 -15.716073703001543 -2.200000047683716
    endloop
  endfacet
  facet normal 0 0 -1
    outer loop
      vertex 0.9033263185844587 -15.996754485605518 -2.200000047683716
      vertex -0.675 -15.830865704891007 -2.200000047683716
      vertex 0.675 -15.830865704891007 -2.200000047683716
    endloop
  endfacet
  facet normal 0 0 -1
    outer loop
      vertex -0.417172942406179 -15.716073703001543 -2.200000047683716
      vertex 0.417172942406179 -15.716073703001543 -2.200000047683716
      vertex 0.675 -15.830865704891007 -2.200000047683716
    endloop
  endfacet
  facet normal -0.8025738225600213 -0.5619694854368479 0.20016382485164436
    outer loop
      vertex -1.3788800239562988 -16.65701675415039 0.6000000238418579
      vertex -1.5588457589014837 -16.399999626360568 0.6000000000000001
      vertex -1.3788800287103895 -16.65701675585292 0.6000000000000001
    endloop
  endfacet
  facet normal -0.8025738191490643 -0.561969483048463 0.2001638452336699
    outer loop
      vertex -1.5588457584381104 -16.399999618530273 0.6000000238418579
      vertex -1.5588457589014837 -16.399999626360568 0.6000000000000001
      vertex -1.3788800239562988 -16.65701675415039 0.6000000238418579
    endloop
  endfacet
  facet normal -0.8215508940685354 -0.5367446085723833 0.19224815635961023
    outer loop
      vertex -1.5588457584381104 -16.399999618530273 0.6000000238418579
      vertex -1.5588457632089072 -16.39999961976755 0.6000000000000001
      vertex -1.5588457589014837 -16.399999626360568 0.6000000000000001
    endloop
  endfacet
  facet normal -0.8881418918249243 -0.41414847586947845 0.19921099347333324
    outer loop
      vertex -1.5588457584381104 -16.399999618530273 0.6000000238418579
      vertex -1.6914466619491577 -16.115636825561523 0.6000000238418579
      vertex -1.5588457632089072 -16.39999961976755 0.6000000000000001
    endloop
  endfacet
  facet normal -0.888141884395618 -0.41414847240513025 0.19921103379757316
    outer loop
      vertex -1.6914466619491577 -16.115636825561523 0.6000000238418579
      vertex -1.6914466635585028 -16.115636833578538 0.6000000000000001
      vertex -1.5588457632089072 -16.39999961976755 0.6000000000000001
    endloop
  endfacet
  facet normal -0.9467831105377477 -0.253689442869897 0.19809949060214285
    outer loop
      vertex -1.6914466619491577 -16.115636825561523 0.6000000238418579
      vertex -1.7726539373397827 -15.812566757202148 0.6000000238418579
      vertex -1.6914466667220067 -16.115636826366472 0.6000000000000001
    endloop
  endfacet
  facet normal -0.9467831129955586 -0.2536894435284635 0.19809947801207795
    outer loop
      vertex -1.7726539373397827 -15.812566757202148 0.6000000238418579
      vertex -1.7726539401764994 -15.81256676523285 0.6000000000000001
      vertex -1.6914466667220067 -16.115636826366472 0.6000000000000001
    endloop
  endfacet
  facet normal -0.8985232785825311 -0.39412867993015516 0.19317997179265892
    outer loop
      vertex -1.6914466619491577 -16.115636825561523 0.6000000238418579
      vertex -1.6914466667220067 -16.115636826366472 0.6000000000000001
      vertex -1.6914466635585028 -16.115636833578538 0.6000000000000001
    endloop
  endfacet
  facet normal -0.9509341241727202 -0.24080962259216646 0.19425503121124005
    outer loop
      vertex -1.7726539373397827 -15.812566757202148 0.6000000238418579
      vertex -1.7726539421097924 -15.81256675759846 0.6000000000000001
      vertex -1.7726539401764994 -15.81256676523285 0.6000000000000001
    endloop
  endfacet
  facet normal -0.9767069969637014 -0.08545068709705884 0.19682891595695137
    outer loop
      vertex -1.7726539373397827 -15.812566757202148 0.6000000238418579
      vertex -1.7999999523162842 -15.5 0.6000000238418579
      vertex -1.7726539421097924 -15.81256675759846 0.6000000000000001
    endloop
  endfacet
  facet normal -0.9767069969637014 -0.08545068709705884 0.1968289159569514
    outer loop
      vertex -1.7999999523162842 -15.5 0.6000000238418579
      vertex -1.799999956434314 -15.500000007848485 0.6000000000000001
      vertex -1.7726539421097924 -15.81256675759846 0.6000000000000001
    endloop
  endfacet
  facet normal -0.9773596809981944 -0.08098617010511937 0.19547197807054723
    outer loop
      vertex -1.7999999523162842 -15.5 0.6000000238418579
      vertex -1.7999999570846568 -15.5 0.6000000000000001
      vertex -1.799999956434314 -15.500000007848485 0.6000000000000001
    endloop
  endfacet
  facet normal -0.9773596809981944 0.08098617010511937 0.19547197807054723
    outer loop
      vertex -1.7999999523162842 -15.5 0.6000000238418579
      vertex -1.799999956434314 -15.499999992151515 0.6000000000000001
      vertex -1.7999999570846568 -15.5 0.6000000000000001
    endloop
  endfacet
  facet normal -0.9767069969637014 0.08545068709705884 0.19682891595695137
    outer loop
      vertex -1.7999999523162842 -15.5 0.6000000238418579
      vertex -1.7726539373397827 -15.187433242797852 0.6000000238418579
      vertex -1.799999956434314 -15.499999992151515 0.6000000000000001
    endloop
  endfacet
  facet normal -0.9767069969637014 0.08545068709705884 0.1968289159569514
    outer loop
      vertex -1.7726539373397827 -15.187433242797852 0.6000000238418579
      vertex -1.7726539421097924 -15.18743324240154 0.6000000000000001
      vertex -1.799999956434314 -15.499999992151515 0.6000000000000001
    endloop
  endfacet
  facet normal -0.9509341241727202 0.24080962259216646 0.19425503121124005
    outer loop
      vertex -1.7726539373397827 -15.187433242797852 0.6000000238418579
      vertex -1.7726539401764994 -15.18743323476715 0.6000000000000001
      vertex -1.7726539421097924 -15.18743324240154 0.6000000000000001
    endloop
  endfacet
  facet normal -0.9467828708226708 0.2536901769285224 0.19809969623085455
    outer loop
      vertex -1.7726539373397827 -15.187433242797852 0.6000000238418579
      vertex -1.6914466619491577 -14.884364128112793 0.6000000238418579
      vertex -1.7726539401764994 -15.18743323476715 0.6000000000000001
    endloop
  endfacet
  facet normal -0.9467828712009287 0.2536901770298766 0.1980996942932415
    outer loop
      vertex -1.6914466619491577 -14.884364128112793 0.6000000238418579
      vertex -1.6914466667220067 -14.884364127307823 0.6000000000000001
      vertex -1.7726539401764994 -15.18743323476715 0.6000000000000001
    endloop
  endfacet
  facet normal -0.8985232174177837 0.3941286531008211 0.19318031102088745
    outer loop
      vertex -1.6914466619491577 -14.884364128112793 0.6000000238418579
      vertex -1.6914466635585028 -14.884364120095757 0.6000000000000001
      vertex -1.6914466667220067 -14.884364127307823 0.6000000000000001
    endloop
  endfacet
  facet normal -0.6029299158810884 -0.7746393484830831 0.19081246373685404
    outer loop
      vertex -1.157017707824707 -16.87887954711914 0.6000000238418579
      vertex -1.1570177125345564 -16.878879549326122 0.6000000000000001
      vertex -1.1570177063197746 -16.878879554163312 0.6000000000000001
    endloop
  endfacet
  facet normal -0.6926827274345683 -0.6926812386907427 0.20095606654108727
    outer loop
      vertex -1.3788800239562988 -16.65701675415039 0.6000000238418579
      vertex -1.3788800233765386 -16.657016761646993 0.6000000000000001
      vertex -1.1570177125345564 -16.878879549326122 0.6000000000000001
    endloop
  endfacet
  facet normal -0.6926827281529581 -0.6926812394091304 0.2009560615886126
    outer loop
      vertex -1.157017707824707 -16.87887954711914 0.6000000238418579
      vertex -1.3788800239562988 -16.65701675415039 0.6000000238418579
      vertex -1.1570177125345564 -16.878879549326122 0.6000000000000001
    endloop
  endfacet
  facet normal -0.5618012330468792 -0.8023343315300363 0.20159115802846117
    outer loop
      vertex -1.157017707824707 -16.87887954711914 0.6000000238418579
      vertex -1.1570177063197746 -16.878879554163312 0.6000000000000001
      vertex -0.8999999807809899 -17.05884552277298 0.6000000000000001
    endloop
  endfacet
  facet normal -0.5618012305165789 -0.8023343279164007 0.20159117946228625
    outer loop
      vertex -0.8999999761581421 -17.05884552001953 0.6000000238418579
      vertex -1.157017707824707 -16.87887954711914 0.6000000238418579
      vertex -0.8999999807809899 -17.05884552277298 0.6000000000000001
    endloop
  endfacet
  facet normal -0.7221115839158466 -0.6647542240154608 0.1914593482391227
    outer loop
      vertex -1.3788800239562988 -16.65701675415039 0.6000000238418579
      vertex -1.3788800287103895 -16.65701675585292 0.6000000000000001
      vertex -1.3788800233765386 -16.657016761646993 0.6000000000000001
    endloop
  endfacet
  facet normal 0 0 1
    outer loop
      vertex -0.8999999761581421 -17.05884552001953 0.6000000238418579
      vertex 0.8999999761581421 -17.05884552001953 0.6000000238418579
      vertex -1.157017707824707 -16.87887954711914 0.6000000238418579
    endloop
  endfacet
  facet normal 0 0 1
    outer loop
      vertex -1.157017707824707 -16.87887954711914 0.6000000238418579
      vertex 1.157017707824707 -16.87887954711914 0.6000000238418579
      vertex -1.3788800239562988 -16.65701675415039 0.6000000238418579
    endloop
  endfacet
  facet normal 0 0 1
    outer loop
      vertex -1.5588457584381104 -16.399999618530273 0.6000000238418579
      vertex -1.3788800239562988 -16.65701675415039 0.6000000238418579
      vertex 1.3788800239562988 -16.65701675415039 0.6000000238418579
    endloop
  endfacet
  facet normal 0 0 1
    outer loop
      vertex -1.5588457584381104 -16.399999618530273 0.6000000238418579
      vertex 1.5588457584381104 -16.399999618530273 0.6000000238418579
      vertex -1.6914466619491577 -16.115636825561523 0.6000000238418579
    endloop
  endfacet
  facet normal 0 0 1
    outer loop
      vertex -1.6914466619491577 -16.115636825561523 0.6000000238418579
      vertex 1.6914466619491577 -16.115636825561523 0.6000000238418579
      vertex -1.7726539373397827 -15.812566757202148 0.6000000238418579
    endloop
  endfacet
  facet normal 0 0 1
    outer loop
      vertex 0.8999999761581421 -17.05884552001953 0.6000000238418579
      vertex 1.157017707824707 -16.87887954711914 0.6000000238418579
      vertex -1.157017707824707 -16.87887954711914 0.6000000238418579
    endloop
  endfacet
  facet normal 0 0 1
    outer loop
      vertex -1.3788800239562988 -16.65701675415039 0.6000000238418579
      vertex 1.157017707824707 -16.87887954711914 0.6000000238418579
      vertex 1.3788800239562988 -16.65701675415039 0.6000000238418579
    endloop
  endfacet
  facet normal 0.5618012305165804 -0.8023343279163995 0.20159117946228636
    outer loop
      vertex 0.8999999761581421 -17.05884552001953 0.6000000238418579
      vertex 0.8999999807809899 -17.05884552277298 0.6000000000000001
      vertex 1.1570177063197746 -16.878879554163312 0.6000000000000001
    endloop
  endfacet
  facet normal 0 0 1
    outer loop
      vertex -1.5588457584381104 -16.399999618530273 0.6000000238418579
      vertex 1.3788800239562988 -16.65701675415039 0.6000000238418579
      vertex 1.5588457584381104 -16.399999618530273 0.6000000238418579
    endloop
  endfacet
  facet normal 0 0 1
    outer loop
      vertex -1.6914466619491577 -16.115636825561523 0.6000000238418579
      vertex 1.5588457584381104 -16.399999618530273 0.6000000238418579
      vertex 1.6914466619491577 -16.115636825561523 0.6000000238418579
    endloop
  endfacet
  facet normal 0 0 1
    outer loop
      vertex -1.7726539373397827 -15.812566757202148 0.6000000238418579
      vertex 1.6914466619491577 -16.115636825561523 0.6000000238418579
      vertex 1.7726539373397827 -15.812566757202148 0.6000000238418579
    endloop
  endfacet
  facet normal 0 0 1
    outer loop
      vertex -1.7726539373397827 -15.812566757202148 0.6000000238418579
      vertex 1.7726539373397827 -15.812566757202148 0.6000000238418579
      vertex -1.7999999523162842 -15.5 0.6000000238418579
    endloop
  endfacet
  facet normal 0 0 1
    outer loop
      vertex -1.7999999523162842 -15.5 0.6000000238418579
      vertex 1.7999999523162842 -15.5 0.6000000238418579
      vertex -1.7726539373397827 -15.187433242797852 0.6000000238418579
    endloop
  endfacet
  facet normal 0 0 1
    outer loop
      vertex -1.7726539373397827 -15.187433242797852 0.6000000238418579
      vertex 1.7726539373397827 -15.187433242797852 0.6000000238418579
      vertex -1.6914466619491577 -14.884364128112793 0.6000000238418579
    endloop
  endfacet
  facet normal 0 0 1
    outer loop
      vertex -1.7999999523162842 -15.5 0.6000000238418579
      vertex 1.7726539373397827 -15.812566757202148 0.6000000238418579
      vertex 1.7999999523162842 -15.5 0.6000000238418579
    endloop
  endfacet
  facet normal 0 0 1
    outer loop
      vertex -1.7726539373397827 -15.187433242797852 0.6000000238418579
      vertex 1.7999999523162842 -15.5 0.6000000238418579
      vertex 1.7726539373397827 -15.187433242797852 0.6000000238418579
    endloop
  endfacet
  facet normal 0 0 1
    outer loop
      vertex -1.6914466619491577 -14.884364128112793 0.6000000238418579
      vertex 1.7726539373397827 -15.187433242797852 0.6000000238418579
      vertex 1.6914466619491577 -14.884364128112793 0.6000000238418579
    endloop
  endfacet
  facet normal -0.888142412397168 0.4141473296811242 0.1992110554646329
    outer loop
      vertex -1.6914466619491577 -14.884364128112793 0.6000000238418579
      vertex -1.5588457584381104 -14.600000381469727 0.6000000238418579
      vertex -1.6914466635585028 -14.884364120095757 0.6000000000000001
    endloop
  endfacet
  facet normal -0.8881424099996293 0.4141473285631332 0.1992110684778089
    outer loop
      vertex -1.5588457584381104 -14.600000381469727 0.6000000238418579
      vertex -1.5588457632089072 -14.60000038023245 0.6000000000000001
      vertex -1.6914466635585028 -14.884364120095757 0.6000000000000001
    endloop
  endfacet
  facet normal -0.8215499783756859 0.5367460349382523 0.19224808713996192
    outer loop
      vertex -1.5588457584381104 -14.600000381469727 0.6000000238418579
      vertex -1.5588457589014837 -14.600000373639455 0.6000000000000001
      vertex -1.5588457632089072 -14.60000038023245 0.6000000000000001
    endloop
  endfacet
  facet normal -0.8025749570807585 0.5619681946288408 0.20016289989011438
    outer loop
      vertex -1.5588457584381104 -14.600000381469727 0.6000000238418579
      vertex -1.3788800239562988 -14.342982292175293 0.6000000238418579
      vertex -1.5588457589014837 -14.600000373639455 0.6000000000000001
    endloop
  endfacet
  facet normal -0.802574955110725 0.5619681932494094 0.20016291166200648
    outer loop
      vertex -1.3788800239562988 -14.342982292175293 0.6000000238418579
      vertex -1.3788800287103895 -14.34298229047281 0.6000000000000001
      vertex -1.5588457589014837 -14.600000373639455 0.6000000000000001
    endloop
  endfacet
  facet normal -0.7221141513014779 0.6647516962576637 0.19145844147674754
    outer loop
      vertex -1.3788800239562988 -14.342982292175293 0.6000000238418579
      vertex -1.3788800233765386 -14.342982284678692 0.6000000000000001
      vertex -1.3788800287103895 -14.34298229047281 0.6000000000000001
    endloop
  endfacet
  facet normal 0 0 1
    outer loop
      vertex -1.6914466619491577 -14.884364128112793 0.6000000238418579
      vertex 1.6914466619491577 -14.884364128112793 0.6000000238418579
      vertex -1.5588457584381104 -14.600000381469727 0.6000000238418579
    endloop
  endfacet
  facet normal 0 0 1
    outer loop
      vertex -1.5588457584381104 -14.600000381469727 0.6000000238418579
      vertex 1.5588457584381104 -14.600000381469727 0.6000000238418579
      vertex -1.3788800239562988 -14.342982292175293 0.6000000238418579
    endloop
  endfacet
  facet normal -0.6926811756739948 0.6926826644208852 0.2009565009589775
    outer loop
      vertex -1.3788800239562988 -14.342982292175293 0.6000000238418579
      vertex -1.157017707824707 -14.12112045288086 0.6000000238418579
      vertex -1.3788800233765386 -14.342982284678692 0.6000000000000001
    endloop
  endfacet
  facet normal -0.6926811749556043 0.6926826637024925 0.20095650591146139
    outer loop
      vertex -1.157017707824707 -14.12112045288086 0.6000000238418579
      vertex -1.1570177125345564 -14.121120450673857 0.6000000000000001
      vertex -1.3788800233765386 -14.342982284678692 0.6000000000000001
    endloop
  endfacet
  facet normal -0.6029265747739234 0.774641883160707 0.19081273092909165
    outer loop
      vertex -1.157017707824707 -14.12112045288086 0.6000000238418579
      vertex -1.1570177063197746 -14.12112044583671 0.6000000000000001
      vertex -1.1570177125345564 -14.121120450673857 0.6000000000000001
    endloop
  endfacet
  facet normal -0.5618013142888072 0.8023344475553953 0.2015904698376075
    outer loop
      vertex -1.157017707824707 -14.12112045288086 0.6000000238418579
      vertex -0.8999999761581421 -13.941154479980469 0.6000000238418579
      vertex -1.1570177063197746 -14.12112044583671 0.6000000000000001
    endloop
  endfacet
  facet normal -0.5618013117585177 0.8023344439417688 0.2015904912714416
    outer loop
      vertex -0.8999999761581421 -13.941154479980469 0.6000000238418579
      vertex -0.8999999807809899 -13.941154477227041 0.6000000000000001
      vertex -1.1570177063197746 -14.12112044583671 0.6000000000000001
    endloop
  endfacet
  facet normal -0.4672500533791344 0.86340003895823 0.1903096433292936
    outer loop
      vertex -0.8999999761581421 -13.941154479980469 0.6000000238418579
      vertex -0.8999999738548013 -13.941154473478765 0.6000000000000001
      vertex -0.8999999807809899 -13.941154477227041 0.6000000000000001
    endloop
  endfacet
  facet normal -0.413899871729846 0.8876125347218128 0.20206653455418017
    outer loop
      vertex -0.8999999761581421 -13.941154479980469 0.6000000238418579
      vertex -0.6156362295150757 -13.808553695678711 0.6000000238418579
      vertex -0.8999999738548013 -13.941154473478765 0.6000000000000001
    endloop
  endfacet
  facet normal 0 0 1
    outer loop
      vertex -1.3788800239562988 -14.342982292175293 0.6000000238418579
      vertex 1.3788800239562988 -14.342982292175293 0.6000000238418579
      vertex -1.157017707824707 -14.12112045288086 0.6000000238418579
    endloop
  endfacet
  facet normal 0 0 1
    outer loop
      vertex -1.157017707824707 -14.12112045288086 0.6000000238418579
      vertex 1.157017707824707 -14.12112045288086 0.6000000238418579
      vertex -0.8999999761581421 -13.941154479980469 0.6000000238418579
    endloop
  endfacet
  facet normal -0.41389986866916567 0.8876125281581456 0.20206656965552844
    outer loop
      vertex -0.6156362295150757 -13.808553695678711 0.6000000238418579
      vertex -0.6156362339914948 -13.808553692338455 0.6000000000000001
      vertex -0.8999999738548013 -13.941154473478765 0.6000000000000001
    endloop
  endfacet
  facet normal -0.3187882100368703 0.9285971881021493 0.18995088678463634
    outer loop
      vertex -0.6156362295150757 -13.808553695678711 0.6000000238418579
      vertex -0.6156362265428243 -13.80855368978132 0.6000000000000001
      vertex -0.6156362339914948 -13.808553692338455 0.6000000000000001
    endloop
  endfacet
  facet normal -0.25346325588900953 0.9459372007900217 0.2023837692990238
    outer loop
      vertex -0.6156362295150757 -13.808553695678711 0.6000000238418579
      vertex -0.31256672739982605 -13.727346420288086 0.6000000238418579
      vertex -0.6156362265428243 -13.80855368978132 0.6000000000000001
    endloop
  endfacet
  facet normal 0 0 1
    outer loop
      vertex -0.8999999761581421 -13.941154479980469 0.6000000238418579
      vertex 0.8999999761581421 -13.941154479980469 0.6000000238418579
      vertex -0.6156362295150757 -13.808553695678711 0.6000000238418579
    endloop
  endfacet
  facet normal -0.2534632574562124 0.9459372066389081 0.20238373999870948
    outer loop
      vertex -0.31256672739982605 -13.727346420288086 0.6000000238418579
      vertex -0.3125667316533145 -13.727346416326828 0.6000000000000001
      vertex -0.6156362265428243 -13.80855368978132 0.6000000000000001
    endloop
  endfacet
  facet normal 0 0 1
    outer loop
      vertex -1.5588457584381104 -14.600000381469727 0.6000000238418579
      vertex 1.6914466619491577 -14.884364128112793 0.6000000238418579
      vertex 1.5588457584381104 -14.600000381469727 0.6000000238418579
    endloop
  endfacet
  facet normal 0 0 1
    outer loop
      vertex -1.3788800239562988 -14.342982292175293 0.6000000238418579
      vertex 1.5588457584381104 -14.600000381469727 0.6000000238418579
      vertex 1.3788800239562988 -14.342982292175293 0.6000000238418579
    endloop
  endfacet
  facet normal 0 0 1
    outer loop
      vertex -0.6156362295150757 -13.808553695678711 0.6000000238418579
      vertex 0.6156362295150757 -13.808553695678711 0.6000000238418579
      vertex -0.31256672739982605 -13.727346420288086 0.6000000238418579
    endloop
  endfacet
  facet normal 0 0 1
    outer loop
      vertex -0.8999999761581421 -13.941154479980469 0.6000000238418579
      vertex 1.157017707824707 -14.12112045288086 0.6000000238418579
      vertex 0.8999999761581421 -13.941154479980469 0.6000000238418579
    endloop
  endfacet
  facet normal 0 0 1
    outer loop
      vertex 0.6156362295150757 -13.808553695678711 0.6000000238418579
      vertex 0.31256672739982605 -13.727346420288086 0.6000000238418579
      vertex -0.31256672739982605 -13.727346420288086 0.6000000238418579
    endloop
  endfacet
  facet normal 0 0 1
    outer loop
      vertex -0.6156362295150757 -13.808553695678711 0.6000000238418579
      vertex 0.8999999761581421 -13.941154479980469 0.6000000238418579
      vertex 0.6156362295150757 -13.808553695678711 0.6000000238418579
    endloop
  endfacet
  facet normal 0.25346325745871107 0.9459372066482243 0.20238373995203762
    outer loop
      vertex 0.6156362295150757 -13.808553695678711 0.6000000238418579
      vertex 0.3125667316533145 -13.727346416326828 0.6000000000000001
      vertex 0.31256672739982605 -13.727346420288086 0.6000000238418579
    endloop
  endfacet
  facet normal 0 0 1
    outer loop
      vertex -1.157017707824707 -14.12112045288086 0.6000000238418579
      vertex 1.3788800239562988 -14.342982292175293 0.6000000238418579
      vertex 1.157017707824707 -14.12112045288086 0.6000000238418579
    endloop
  endfacet
  facet normal 0.25346325588900726 0.9459372007900222 0.20238376929902419
    outer loop
      vertex 0.6156362295150757 -13.808553695678711 0.6000000238418579
      vertex 0.6156362265428243 -13.80855368978132 0.6000000000000001
      vertex 0.3125667316533145 -13.727346416326828 0.6000000000000001
    endloop
  endfacet
  facet normal 0.3187882100368703 0.9285971881021493 0.18995088678463634
    outer loop
      vertex 0.6156362295150757 -13.808553695678711 0.6000000238418579
      vertex 0.6156362339914948 -13.808553692338455 0.6000000000000001
      vertex 0.6156362265428243 -13.80855368978132 0.6000000000000001
    endloop
  endfacet
  facet normal 0.4138998686691632 0.887612528158147 0.20206656965552813
    outer loop
      vertex 0.6156362295150757 -13.808553695678711 0.6000000238418579
      vertex 0.8999999761581421 -13.941154479980469 0.6000000238418579
      vertex 0.6156362339914948 -13.808553692338455 0.6000000000000001
    endloop
  endfacet
  facet normal 0.41389987172984866 0.8876125347218118 0.20206653455417967
    outer loop
      vertex 0.8999999761581421 -13.941154479980469 0.6000000238418579
      vertex 0.8999999738548013 -13.941154473478765 0.6000000000000001
      vertex 0.6156362339914948 -13.808553692338455 0.6000000000000001
    endloop
  endfacet
  facet normal 0.5618013117585164 0.80233444394177 0.20159049127144152
    outer loop
      vertex 0.8999999761581421 -13.941154479980469 0.6000000238418579
      vertex 1.157017707824707 -14.12112045288086 0.6000000238418579
      vertex 0.8999999807809899 -13.941154477227041 0.6000000000000001
    endloop
  endfacet
  facet normal 0.4672500533791344 0.86340003895823 0.1903096433292936
    outer loop
      vertex 0.8999999761581421 -13.941154479980469 0.6000000238418579
      vertex 0.8999999807809899 -13.941154477227041 0.6000000000000001
      vertex 0.8999999738548013 -13.941154473478765 0.6000000000000001
    endloop
  endfacet
  facet normal -0.16160370198610938 0.9684445371963039 0.18973513612144038
    outer loop
      vertex -0.31256672739982605 -13.727346420288086 0.6000000238418579
      vertex -0.3125667238853447 -13.727346415030592 0.6000000000000001
      vertex -0.3125667316533145 -13.727346416326828 0.6000000000000001
    endloop
  endfacet
  facet normal -0.08535107551849652 0.9755470735472054 0.20254160363075827
    outer loop
      vertex -0.31256672739982605 -13.727346420288086 0.6000000238418579
      vertex -1.1021821011522021e-16 -13.699999809265137 0.6000000238418579
      vertex -0.3125667238853447 -13.727346415030592 0.6000000000000001
    endloop
  endfacet
  facet normal -0.0853510755349116 0.9755470737348274 0.20254160272015473
    outer loop
      vertex -1.1021821011522021e-16 -13.699999809265137 0.6000000238418579
      vertex -3.937689974488604e-9 -13.699999804659637 0.6000000000000001
      vertex -0.3125667238853447 -13.727346415030592 0.6000000000000001
    endloop
  endfacet
  facet normal 0 0 1
    outer loop
      vertex -0.31256672739982605 -13.727346420288086 0.6000000238418579
      vertex 0.31256672739982605 -13.727346420288086 0.6000000238418579
      vertex -1.1021821011522021e-16 -13.699999809265137 0.6000000238418579
    endloop
  endfacet
  facet normal 0 0.9818493388093718 0.18966253156488128
    outer loop
      vertex -1.1021821011522021e-16 -13.699999809265137 0.6000000238418579
      vertex 3.937689754052189e-9 -13.699999804659637 0.6000000000000001
      vertex -3.937689974488604e-9 -13.699999804659637 0.6000000000000001
    endloop
  endfacet
  facet normal 0.08535107553491159 0.9755470737348274 0.2025416027201547
    outer loop
      vertex -1.1021821011522021e-16 -13.699999809265137 0.6000000238418579
      vertex 0.31256672739982605 -13.727346420288086 0.6000000238418579
      vertex 3.937689754052189e-9 -13.699999804659637 0.6000000000000001
    endloop
  endfacet
  facet normal 0.08535107551849638 0.9755470735472054 0.20254160363075827
    outer loop
      vertex 0.31256672739982605 -13.727346420288086 0.6000000238418579
      vertex 0.3125667238853447 -13.727346415030592 0.6000000000000001
      vertex 3.937689754052189e-9 -13.699999804659637 0.6000000000000001
    endloop
  endfacet
  facet normal 0.16160370198610938 0.9684445371963039 0.18973513612144038
    outer loop
      vertex 0.31256672739982605 -13.727346420288086 0.6000000238418579
      vertex 0.3125667316533145 -13.727346416326828 0.6000000000000001
      vertex 0.3125667238853447 -13.727346415030592 0.6000000000000001
    endloop
  endfacet
  facet normal 0 0 1
    outer loop
      vertex -2.994042992684404 -12.84750936703682 -1.7999999523162842
      vertex -7.006850242614746 -11.843057632446289 -1.7999999523162842
      vertex -7.393388271331787 -12.41439151763916 -1.7999999523162842
    endloop
  endfacet
  facet normal 0 0 1
    outer loop
      vertex -2.994042992684404 -12.84750936703682 -1.7999999523162842
      vertex -6.576262474060059 -11.304143905639648 -1.7999999523162842
      vertex -7.006850242614746 -11.843057632446289 -1.7999999523162842
    endloop
  endfacet
  facet normal 0 0 1
    outer loop
      vertex -2.994042992684404 -12.84750936703682 -1.7999999523162842
      vertex -6.104332447052002 -10.80103874206543 -1.7999999523162842
      vertex -6.576262474060059 -11.304143905639648 -1.7999999523162842
    endloop
  endfacet
  facet normal 0 0 1
    outer loop
      vertex -2.994042992684404 -12.84750936703682 -1.7999999523162842
      vertex -5.594026565551758 -10.336902618408203 -1.7999999523162842
      vertex -6.104332447052002 -10.80103874206543 -1.7999999523162842
    endloop
  endfacet
  facet normal 0 0 1
    outer loop
      vertex -5.594026565551758 -10.336902618408203 -1.7999999523162842
      vertex -1.4184195481701427 -11.75993502925834 -1.7999999523162842
      vertex -5.048553466796875 -9.914655685424805 -1.7999999523162842
    endloop
  endfacet
  facet normal 0 0 1
    outer loop
      vertex -2.994042992684404 -12.84750936703682 -1.7999999523162842
      vertex -1.4184195481701427 -11.75993502925834 -1.7999999523162842
      vertex -5.594026565551758 -10.336902618408203 -1.7999999523162842
    endloop
  endfacet
  facet normal 0 0 1
    outer loop
      vertex -1.4184195481701427 -11.75993502925834 -1.7999999523162842
      vertex 0.48214672102129197 -11.529164503607785 -1.7999999523162842
      vertex -2.5864250659942627 -8.693351745605469 -1.7999999523162842
    endloop
  endfacet
  facet normal 0 0 1
    outer loop
      vertex -5.048553466796875 -9.914655685424805 -1.7999999523162842
      vertex -1.4184195481701427 -11.75993502925834 -1.7999999523162842
      vertex -4.471342086791992 -9.536951065063477 -1.7999999523162842
    endloop
  endfacet
  facet normal 0 0 1
    outer loop
      vertex -4.471342086791992 -9.536951065063477 -1.7999999523162842
      vertex -1.4184195481701427 -11.75993502925834 -1.7999999523162842
      vertex -3.866021156311035 -9.206164360046387 -1.7999999523162842
    endloop
  endfacet
  facet normal 0 0 1
    outer loop
      vertex -3.866021156311035 -9.206164360046387 -1.7999999523162842
      vertex -1.4184195481701427 -11.75993502925834 -1.7999999523162842
      vertex -3.236396074295044 -8.924373626708984 -1.7999999523162842
    endloop
  endfacet
  facet normal 0 0 1
    outer loop
      vertex -1.4184195481701427 -11.75993502925834 -1.7999999523162842
      vertex -2.5864250659942627 -8.693351745605469 -1.7999999523162842
      vertex -3.236396074295044 -8.924373626708984 -1.7999999523162842
    endloop
  endfacet
  facet normal 0 0 1
    outer loop
      vertex 0.48214672102129197 -11.529164503607785 -1.7999999523162842
      vertex -1.9201940298080444 -8.51455020904541 -1.7999999523162842
      vertex -2.5864250659942627 -8.693351745605469 -1.7999999523162842
    endloop
  endfacet
  facet normal 0 0 1
    outer loop
      vertex 0.48214672102129197 -11.529164503607785 -1.7999999523162842
      vertex -1.2418915033340454 -8.389093399047852 -1.7999999523162842
      vertex -1.9201940298080444 -8.51455020904541 -1.7999999523162842
    endloop
  endfacet
  facet normal 0 0 1
    outer loop
      vertex 0.48214672102129197 -11.529164503607785 -1.7999999523162842
      vertex -0.5557817220687866 -8.317770957946777 -1.7999999523162842
      vertex -1.2418915033340454 -8.389093399047852 -1.7999999523162842
    endloop
  endfacet
  facet normal 0 0 1
    outer loop
      vertex 0.48214672102129197 -11.529164503607785 -1.7999999523162842
      vertex 0.8225845694541931 -8.338974952697754 -1.7999999523162842
      vertex 0.13382206857204437 -8.301029205322266 -1.7999999523162842
    endloop
  endfacet
  facet normal 0 0 1
    outer loop
      vertex 0.48214672102129197 -11.529164503607785 -1.7999999523162842
      vertex 0.13382206857204437 -8.301029205322266 -1.7999999523162842
      vertex -0.5557817220687866 -8.317770957946777 -1.7999999523162842
    endloop
  endfacet
  facet normal 0 0 1
    outer loop
      vertex 3.54182410261284 -17.358892688175075 -1.7999999523162842
      vertex 8.681885719299316 -14.628321647644043 -1.7999999523162842
      vertex 4 -15.5 -1.7999999523162842
    endloop
  endfacet
  facet normal 0 0 1
    outer loop
      vertex 4 -15.5 -1.7999999523162842
      vertex 6.292124271392822 -10.991741180419922 -1.7999999523162842
      vertex 3.5418241026128396 -13.641107311824925 -1.7999999523162842
    endloop
  endfacet
  facet normal 0 0 1
    outer loop
      vertex 4 -15.5 -1.7999999523162842
      vertex 7.177668571472168 -11.570352554321289 -1.7999999523162842
      vertex 6.292124271392822 -10.991741180419922 -1.7999999523162842
    endloop
  endfacet
  facet normal 0.664393105617208 0.2478061702725164 -0.7051055971861165
    outer loop
      vertex 10.05123233795166 -17.016443252563477 -3.200000047683716
      vertex 9.92159366607666 -16.668869018554688 -3.200000047683716
      vertex 11.023723602294922 -16.493858337402344 -2.0999999046325684
    endloop
  endfacet
  facet normal 0.6928973373944869 0.15072988114815217 -0.7051055117928767
    outer loop
      vertex 9.92159366607666 -16.668869018554688 -3.200000047683716
      vertex 9.842740058898926 -16.30638313293457 -3.200000047683716
      vertex 10.943382263183594 -16.22024154663086 -2.0999999046325684
    endloop
  endfacet
  facet normal 0.7062044605815448 0.0505090910947823 -0.7062040013845208
    outer loop
      vertex 9.842740058898926 -16.30638313293457 -3.200000047683716
      vertex 9.816275596618652 -15.93636417388916 -3.200000047683716
      vertex 10.916275024414062 -15.93636417388916 -2.0999999046325684
    endloop
  endfacet
  facet normal 0.6274036730269612 0.3234488068119542 -0.7083399610668603
    outer loop
      vertex 10.05123233795166 -17.016443252563477 -3.200000047683716
      vertex 11.023723602294922 -16.493858337402344 -2.0999999046325684
      vertex 11.15439510345459 -16.747325897216797 -2.0999999046325684
    endloop
  endfacet
  facet normal 0.6763725258850144 0.19860138814761927 -0.7092797014251602
    outer loop
      vertex 9.92159366607666 -16.668869018554688 -3.200000047683716
      vertex 10.943382263183594 -16.22024154663086 -2.0999999046325684
      vertex 11.023723602294922 -16.493858337402344 -2.0999999046325684
    endloop
  endfacet
  facet normal 0.7026752458256468 0.06709793557011084 -0.7083398661279033
    outer loop
      vertex 9.842740058898926 -16.30638313293457 -3.200000047683716
      vertex 10.916275024414062 -15.93636417388916 -2.0999999046325684
      vertex 10.943382263183594 -16.22024154663086 -2.0999999046325684
    endloop
  endfacet
  facet normal 0.7062044605815448 -0.0505090910947823 -0.7062040013845208
    outer loop
      vertex 9.816275596618652 -15.93636417388916 -3.200000047683716
      vertex 9.842740058898926 -15.56634521484375 -3.200000047683716
      vertex 10.916275024414062 -15.93636417388916 -2.0999999046325684
    endloop
  endfacet
  facet normal 0.6928973373944869 -0.15072988114815217 -0.7051055117928767
    outer loop
      vertex 9.842740058898926 -15.56634521484375 -3.200000047683716
      vertex 9.92159366607666 -15.203859329223633 -3.200000047683716
      vertex 10.943382263183594 -15.652486801147461 -2.0999999046325684
    endloop
  endfacet
  facet normal 0.664393105617208 -0.2478061702725164 -0.7051055971861165
    outer loop
      vertex 9.92159366607666 -15.203859329223633 -3.200000047683716
      vertex 10.05123233795166 -14.856285095214844 -3.200000047683716
      vertex 11.023723602294922 -15.378870010375977 -2.0999999046325684
    endloop
  endfacet
  facet normal 0.6214041075593445 -0.3393120556386821 -0.7062041234704216
    outer loop
      vertex 10.05123233795166 -14.856285095214844 -3.200000047683716
      vertex 10.229016304016113 -14.5306978225708 -3.200000047683716
      vertex 11.15439510345459 -15.125402450561523 -2.0999999046325684
    endloop
  endfacet
  facet normal 0.7026752458256468 -0.06709793557011084 -0.7083398661279033
    outer loop
      vertex 9.842740058898926 -15.56634521484375 -3.200000047683716
      vertex 10.943382263183594 -15.652486801147461 -2.0999999046325684
      vertex 10.916275024414062 -15.93636417388916 -2.0999999046325684
    endloop
  endfacet
  facet normal 0.6763725258850144 -0.19860138814761927 -0.7092797014251602
    outer loop
      vertex 9.92159366607666 -15.203859329223633 -3.200000047683716
      vertex 11.023723602294922 -15.378870010375977 -2.0999999046325684
      vertex 10.943382263183594 -15.652486801147461 -2.0999999046325684
    endloop
  endfacet
  facet normal 0.6274036730269612 -0.3234488068119542 -0.7083399610668603
    outer loop
      vertex 10.05123233795166 -14.856285095214844 -3.200000047683716
      vertex 11.15439510345459 -15.125402450561523 -2.0999999046325684
      vertex 11.023723602294922 -15.378870010375977 -2.0999999046325684
    endloop
  endfacet
  facet normal 0 0 1
    outer loop
      vertex 3.54182410261284 -17.358892688175075 -1.7999999523162842
      vertex 8.94128704071045 -15.97365665435791 -1.7999999523162842
      vertex 8.837224960327148 -15.296045303344727 -1.7999999523162842
    endloop
  endfacet
  facet normal 0 0 1
    outer loop
      vertex 3.54182410261284 -17.358892688175075 -1.7999999523162842
      vertex 8.993470191955566 -16.657222747802734 -1.7999999523162842
      vertex 8.94128704071045 -15.97365665435791 -1.7999999523162842
    endloop
  endfacet
  facet normal 0 0 1
    outer loop
      vertex 3.54182410261284 -17.358892688175075 -1.7999999523162842
      vertex 8.837224960327148 -15.296045303344727 -1.7999999523162842
      vertex 8.681885719299316 -14.628321647644043 -1.7999999523162842
    endloop
  endfacet
  facet normal 0.566789729199592 -0.4242937054113807 -0.706204116684499
    outer loop
      vertex 10.229016304016113 -14.5306978225708 -3.200000047683716
      vertex 10.451326370239258 -14.233726501464844 -3.200000047683716
      vertex 11.15439510345459 -15.125402450561523 -2.0999999046325684
    endloop
  endfacet
  facet normal 0 0 1
    outer loop
      vertex 4 -15.5 -1.7999999523162842
      vertex 8.681885719299316 -14.628321647644043 -1.7999999523162842
      vertex 8.47617244720459 -13.974358558654785 -1.7999999523162842
    endloop
  endfacet
  facet normal 0 0 1
    outer loop
      vertex 4 -15.5 -1.7999999523162842
      vertex 8.47617244720459 -13.974358558654785 -1.7999999523162842
      vertex 8.221277236938477 -13.337950706481934 -1.7999999523162842
    endloop
  endfacet
  facet normal 0 0 1
    outer loop
      vertex 4 -15.5 -1.7999999523162842
      vertex 8.221277236938477 -13.337950706481934 -1.7999999523162842
      vertex 7.918680191040039 -12.722792625427246 -1.7999999523162842
    endloop
  endfacet
  facet normal 0 0 1
    outer loop
      vertex 4 -15.5 -1.7999999523162842
      vertex 7.918680191040039 -12.722792625427246 -1.7999999523162842
      vertex 7.570136547088623 -12.132451057434082 -1.7999999523162842
    endloop
  endfacet
  facet normal 0 0 1
    outer loop
      vertex 4 -15.5 -1.7999999523162842
      vertex 7.570136547088623 -12.132451057434082 -1.7999999523162842
      vertex 7.177668571472168 -11.570352554321289 -1.7999999523162842
    endloop
  endfacet
  facet normal 0.5618012330886037 -0.8023343315896282 0.20159115767500652
    outer loop
      vertex 0.8999999761581421 -17.05884552001953 0.6000000238418579
      vertex 1.1570177063197746 -16.878879554163312 0.6000000000000001
      vertex 1.157017707824707 -16.87887954711914 0.6000000238418579
    endloop
  endfacet
  facet normal 0.6029299158810884 -0.7746393484830831 0.19081246373685404
    outer loop
      vertex 1.157017707824707 -16.87887954711914 0.6000000238418579
      vertex 1.1570177063197746 -16.878879554163312 0.6000000000000001
      vertex 1.1570177125345564 -16.878879549326122 0.6000000000000001
    endloop
  endfacet
  facet normal 0.6926827281529578 -0.6926812394091306 0.20095606158861257
    outer loop
      vertex 1.157017707824707 -16.87887954711914 0.6000000238418579
      vertex 1.1570177125345564 -16.878879549326122 0.6000000000000001
      vertex 1.3788800233765386 -16.657016761646993 0.6000000000000001
    endloop
  endfacet
  facet normal 0.6926827274851498 -0.6926812387413236 0.20095606619238734
    outer loop
      vertex 1.157017707824707 -16.87887954711914 0.6000000238418579
      vertex 1.3788800233765386 -16.657016761646993 0.6000000000000001
      vertex 1.3788800239562988 -16.65701675415039 0.6000000238418579
    endloop
  endfacet
  facet normal 0.7221115839158466 -0.6647542240154608 0.1914593482391227
    outer loop
      vertex 1.3788800239562988 -16.65701675415039 0.6000000238418579
      vertex 1.3788800233765386 -16.657016761646993 0.6000000000000001
      vertex 1.3788800287103895 -16.65701675585292 0.6000000000000001
    endloop
  endfacet
  facet normal 0.8025738225600213 -0.5619694854368479 0.20016382485164436
    outer loop
      vertex 1.3788800239562988 -16.65701675415039 0.6000000238418579
      vertex 1.3788800287103895 -16.65701675585292 0.6000000000000001
      vertex 1.5588457589014837 -16.399999626360568 0.6000000000000001
    endloop
  endfacet
  facet normal 0.8025738191427909 -0.5619694830440702 0.20016384527115572
    outer loop
      vertex 1.3788800239562988 -16.65701675415039 0.6000000238418579
      vertex 1.5588457589014837 -16.399999626360568 0.6000000000000001
      vertex 1.5588457584381104 -16.399999618530273 0.6000000238418579
    endloop
  endfacet
  facet normal 0.8215508940685354 -0.5367446085723833 0.19224815635961023
    outer loop
      vertex 1.5588457584381104 -16.399999618530273 0.6000000238418579
      vertex 1.5588457589014837 -16.399999626360568 0.6000000000000001
      vertex 1.5588457632089072 -16.39999961976755 0.6000000000000001
    endloop
  endfacet
  facet normal 0.888141891824923 -0.41414847586948134 0.19921099347333315
    outer loop
      vertex 1.5588457584381104 -16.399999618530273 0.6000000238418579
      vertex 1.5588457632089072 -16.39999961976755 0.6000000000000001
      vertex 1.6914466635585028 -16.115636833578538 0.6000000000000001
    endloop
  endfacet
  facet normal 0.8881418844631243 -0.41414847243660546 0.19921103343117477
    outer loop
      vertex 1.5588457584381104 -16.399999618530273 0.6000000238418579
      vertex 1.6914466635585028 -16.115636833578538 0.6000000000000001
      vertex 1.6914466619491577 -16.115636825561523 0.6000000238418579
    endloop
  endfacet
  facet normal 0.8985232785825311 -0.39412867993015516 0.19317997179265892
    outer loop
      vertex 1.6914466619491577 -16.115636825561523 0.6000000238418579
      vertex 1.6914466635585028 -16.115636833578538 0.6000000000000001
      vertex 1.6914466667220067 -16.115636826366472 0.6000000000000001
    endloop
  endfacet
  facet normal 0.9467831105377479 -0.253689442869896 0.19809949060214288
    outer loop
      vertex 1.6914466619491577 -16.115636825561523 0.6000000238418579
      vertex 1.6914466667220067 -16.115636826366472 0.6000000000000001
      vertex 1.7726539401764994 -15.81256676523285 0.6000000000000001
    endloop
  endfacet
  facet normal 0.946783113016208 -0.2536894435339975 0.19809947790630084
    outer loop
      vertex 1.6914466619491577 -16.115636825561523 0.6000000238418579
      vertex 1.7726539401764994 -15.81256676523285 0.6000000000000001
      vertex 1.7726539373397827 -15.812566757202148 0.6000000238418579
    endloop
  endfacet
  facet normal 0.9509341241727202 -0.24080962259216646 0.19425503121124005
    outer loop
      vertex 1.7726539373397827 -15.812566757202148 0.6000000238418579
      vertex 1.7726539401764994 -15.81256676523285 0.6000000000000001
      vertex 1.7726539421097924 -15.81256675759846 0.6000000000000001
    endloop
  endfacet
  facet normal 0.9767069969637014 -0.08545068709705884 0.1968289159569514
    outer loop
      vertex 1.7726539373397827 -15.812566757202148 0.6000000238418579
      vertex 1.7726539421097924 -15.81256675759846 0.6000000000000001
      vertex 1.799999956434314 -15.500000007848485 0.6000000000000001
    endloop
  endfacet
  facet normal 0.9767069969328196 -0.08545068709435705 0.19682891611136671
    outer loop
      vertex 1.7726539373397827 -15.812566757202148 0.6000000238418579
      vertex 1.799999956434314 -15.500000007848485 0.6000000000000001
      vertex 1.7999999523162842 -15.5 0.6000000238418579
    endloop
  endfacet
  facet normal 0.9767069969637014 0.08545068709705884 0.19682891595695137
    outer loop
      vertex 1.7999999523162842 -15.5 0.6000000238418579
      vertex 1.799999956434314 -15.499999992151515 0.6000000000000001
      vertex 1.7726539373397827 -15.187433242797852 0.6000000238418579
    endloop
  endfacet
  facet normal 0.9773596809981944 -0.08098617010511937 0.19547197807054723
    outer loop
      vertex 1.7999999523162842 -15.5 0.6000000238418579
      vertex 1.799999956434314 -15.500000007848485 0.6000000000000001
      vertex 1.7999999570846568 -15.5 0.6000000000000001
    endloop
  endfacet
  facet normal 0.9773596809981944 0.08098617010511937 0.19547197807054723
    outer loop
      vertex 1.7999999523162842 -15.5 0.6000000238418579
      vertex 1.7999999570846568 -15.5 0.6000000000000001
      vertex 1.799999956434314 -15.499999992151515 0.6000000000000001
    endloop
  endfacet
  facet normal 0.9767069969637014 0.08545068709705884 0.1968289159569514
    outer loop
      vertex 1.7726539373397827 -15.187433242797852 0.6000000238418579
      vertex 1.799999956434314 -15.499999992151515 0.6000000000000001
      vertex 1.7726539421097924 -15.18743324240154 0.6000000000000001
    endloop
  endfacet
  facet normal 0.9509341241727202 0.24080962259216646 0.19425503121124005
    outer loop
      vertex 1.7726539373397827 -15.187433242797852 0.6000000238418579
      vertex 1.7726539421097924 -15.18743324240154 0.6000000000000001
      vertex 1.7726539401764994 -15.18743323476715 0.6000000000000001
    endloop
  endfacet
  facet normal 0.9467828708226708 0.2536901769285225 0.1980996962308546
    outer loop
      vertex 1.7726539373397827 -15.187433242797852 0.6000000238418579
      vertex 1.7726539401764994 -15.18743323476715 0.6000000000000001
      vertex 1.6914466667220067 -14.884364127307823 0.6000000000000001
    endloop
  endfacet
  facet normal 0.9467828712056279 0.2536901770311356 0.19809969426916957
    outer loop
      vertex 1.7726539373397827 -15.187433242797852 0.6000000238418579
      vertex 1.6914466667220067 -14.884364127307823 0.6000000000000001
      vertex 1.6914466619491577 -14.884364128112793 0.6000000238418579
    endloop
  endfacet
  facet normal 0.8985232174177837 0.3941286531008211 0.19318031102088745
    outer loop
      vertex 1.6914466619491577 -14.884364128112793 0.6000000238418579
      vertex 1.6914466667220067 -14.884364127307823 0.6000000000000001
      vertex 1.6914466635585028 -14.884364120095757 0.6000000000000001
    endloop
  endfacet
  facet normal 0.8881424099777786 0.41414732855294517 0.19921106859640691
    outer loop
      vertex 1.6914466619491577 -14.884364128112793 0.6000000238418579
      vertex 1.5588457632089072 -14.60000038023245 0.6000000000000001
      vertex 1.5588457584381104 -14.600000381469727 0.6000000238418579
    endloop
  endfacet
  facet normal 0.8215499783756859 0.5367460349382523 0.19224808713996192
    outer loop
      vertex 1.5588457584381104 -14.600000381469727 0.6000000238418579
      vertex 1.5588457632089072 -14.60000038023245 0.6000000000000001
      vertex 1.5588457589014837 -14.600000373639455 0.6000000000000001
    endloop
  endfacet
  facet normal 0.8025749551414357 0.5619681932709145 0.20016291147849113
    outer loop
      vertex 1.5588457584381104 -14.600000381469727 0.6000000238418579
      vertex 1.3788800287103895 -14.34298229047281 0.6000000000000001
      vertex 1.3788800239562988 -14.342982292175293 0.6000000238418579
    endloop
  endfacet
  facet normal 0.8025749570807591 0.5619681946288401 0.20016289989011415
    outer loop
      vertex 1.5588457584381104 -14.600000381469727 0.6000000238418579
      vertex 1.5588457589014837 -14.600000373639455 0.6000000000000001
      vertex 1.3788800287103895 -14.34298229047281 0.6000000000000001
    endloop
  endfacet
  facet normal 0.7221141513014779 0.6647516962576637 0.19145844147674754
    outer loop
      vertex 1.3788800239562988 -14.342982292175293 0.6000000238418579
      vertex 1.3788800287103895 -14.34298229047281 0.6000000000000001
      vertex 1.3788800233765386 -14.342982284678692 0.6000000000000001
    endloop
  endfacet
  facet normal 0.8881424123971685 0.41414732968112333 0.19921105546463266
    outer loop
      vertex 1.6914466619491577 -14.884364128112793 0.6000000238418579
      vertex 1.6914466635585028 -14.884364120095757 0.6000000000000001
      vertex 1.5588457632089072 -14.60000038023245 0.6000000000000001
    endloop
  endfacet
  facet normal 0.6926811756739953 0.6926826644208851 0.20095650095897744
    outer loop
      vertex 1.3788800239562988 -14.342982292175293 0.6000000238418579
      vertex 1.3788800233765386 -14.342982284678692 0.6000000000000001
      vertex 1.1570177125345564 -14.121120450673857 0.6000000000000001
    endloop
  endfacet
  facet normal 0.6926811749511109 0.6926826636979998 0.20095650594243566
    outer loop
      vertex 1.3788800239562988 -14.342982292175293 0.6000000238418579
      vertex 1.1570177125345564 -14.121120450673857 0.6000000000000001
      vertex 1.157017707824707 -14.12112045288086 0.6000000238418579
    endloop
  endfacet
  facet normal 0.6029265747739234 0.774641883160707 0.19081273092909165
    outer loop
      vertex 1.157017707824707 -14.12112045288086 0.6000000238418579
      vertex 1.1570177125345564 -14.121120450673857 0.6000000000000001
      vertex 1.1570177063197746 -14.12112044583671 0.6000000000000001
    endloop
  endfacet
  facet normal 0.5618013142888086 0.8023344475553944 0.20159046983760714
    outer loop
      vertex 1.157017707824707 -14.12112045288086 0.6000000238418579
      vertex 1.1570177063197746 -14.12112044583671 0.6000000000000001
      vertex 0.8999999807809899 -13.941154477227041 0.6000000000000001
    endloop
  endfacet
  facet normal -0.9970988083389082 -0.07611810828659137 0
    outer loop
      vertex 8.993470191955566 -16.657222747802734 -1.7999999523162842
      vertex 8.993470191955566 -16.657222747802734 1.100000023841858
      vertex 8.94128704071045 -15.97365665435791 -1.7999999523162842
    endloop
  endfacet
  facet normal -0.9884123980236205 -0.1517923958345614 0
    outer loop
      vertex 8.94128704071045 -15.97365665435791 -1.7999999523162842
      vertex 8.94128704071045 -15.97365665435791 1.100000023841858
      vertex 8.837224960327148 -15.296045303344727 -1.7999999523162842
    endloop
  endfacet
  facet normal -0.9739904301613934 -0.22658914791759954 0
    outer loop
      vertex 8.837224960327148 -15.296045303344727 -1.7999999523162842
      vertex 8.837224960327148 -15.296045303344727 1.100000023841858
      vertex 8.681885719299316 -14.628321647644043 -1.7999999523162842
    endloop
  endfacet
  facet normal -1 0 0
    outer loop
      vertex 8.993470191955566 -17.342777252197266 1.100000023841858
      vertex 8.993470191955566 -16.657222747802734 1.100000023841858
      vertex 8.993470191955566 -16.657222747802734 -1.7999999523162842
    endloop
  endfacet
  facet normal -0.9970988083389082 -0.07611810828659137 0
    outer loop
      vertex 8.94128704071045 -15.97365665435791 -1.7999999523162842
      vertex 8.993470191955566 -16.657222747802734 1.100000023841858
      vertex 8.94128704071045 -15.97365665435791 1.100000023841858
    endloop
  endfacet
  facet normal 0 0 1
    outer loop
      vertex 8.993470191955566 -17.342777252197266 1.100000023841858
      vertex 11.15439510345459 -16.747325897216797 1.100000023841858
      vertex 8.993470191955566 -16.657222747802734 1.100000023841858
    endloop
  endfacet
  facet normal 0 0 1
    outer loop
      vertex 8.993470191955566 -16.657222747802734 1.100000023841858
      vertex 11.15439510345459 -16.747325897216797 1.100000023841858
      vertex 11.023723602294922 -16.493858337402344 1.100000023841858
    endloop
  endfacet
  facet normal 0 0 1
    outer loop
      vertex 8.993470191955566 -16.657222747802734 1.100000023841858
      vertex 11.023723602294922 -16.493858337402344 1.100000023841858
      vertex 10.943382263183594 -16.22024154663086 1.100000023841858
    endloop
  endfacet
  facet normal 0 0 1
    outer loop
      vertex 8.993470191955566 -16.657222747802734 1.100000023841858
      vertex 10.943382263183594 -16.22024154663086 1.100000023841858
      vertex 8.94128704071045 -15.97365665435791 1.100000023841858
    endloop
  endfacet
  facet normal 0 0 1
    outer loop
      vertex 8.94128704071045 -15.97365665435791 1.100000023841858
      vertex 10.943382263183594 -16.22024154663086 1.100000023841858
      vertex 10.916275024414062 -15.93636417388916 1.100000023841858
    endloop
  endfacet
  facet normal -0.9884123980236205 -0.1517923958345614 0
    outer loop
      vertex 8.837224960327148 -15.296045303344727 -1.7999999523162842
      vertex 8.94128704071045 -15.97365665435791 1.100000023841858
      vertex 8.837224960327148 -15.296045303344727 1.100000023841858
    endloop
  endfacet
  facet normal -0.9739904301613934 -0.22658914791759954 0
    outer loop
      vertex 8.681885719299316 -14.628321647644043 -1.7999999523162842
      vertex 8.837224960327148 -15.296045303344727 1.100000023841858
      vertex 8.681885719299316 -14.628321647644043 1.100000023841858
    endloop
  endfacet
  facet normal 0 0 1
    outer loop
      vertex 8.94128704071045 -15.97365665435791 1.100000023841858
      vertex 10.943382263183594 -15.652486801147461 1.100000023841858
      vertex 8.837224960327148 -15.296045303344727 1.100000023841858
    endloop
  endfacet
  facet normal 0 0 1
    outer loop
      vertex 8.94128704071045 -15.97365665435791 1.100000023841858
      vertex 10.916275024414062 -15.93636417388916 1.100000023841858
      vertex 10.943382263183594 -15.652486801147461 1.100000023841858
    endloop
  endfacet
  facet normal 0 0 1
    outer loop
      vertex 8.837224960327148 -15.296045303344727 1.100000023841858
      vertex 10.943382263183594 -15.652486801147461 1.100000023841858
      vertex 11.023723602294922 -15.378870010375977 1.100000023841858
    endloop
  endfacet
  facet normal 0 0 1
    outer loop
      vertex 8.837224960327148 -15.296045303344727 1.100000023841858
      vertex 11.15439510345459 -15.125402450561523 1.100000023841858
      vertex 8.681885719299316 -14.628321647644043 1.100000023841858
    endloop
  endfacet
  facet normal 0 0 1
    outer loop
      vertex 8.837224960327148 -15.296045303344727 1.100000023841858
      vertex 11.023723602294922 -15.378870010375977 1.100000023841858
      vertex 11.15439510345459 -15.125402450561523 1.100000023841858
    endloop
  endfacet
  facet normal 0 0 1
    outer loop
      vertex 8.681885719299316 -14.628321647644043 1.100000023841858
      vertex 11.15439510345459 -15.125402450561523 1.100000023841858
      vertex 11.330674171447754 -14.9012451171875 1.100000023841858
    endloop
  endfacet
  facet normal -0.8973151391660174 -0.44139046322215775 0
    outer loop
      vertex 8.221277236938477 -13.337950706481934 -1.7999999523162842
      vertex 8.221277236938477 -13.337950706481934 1.100000023841858
      vertex 7.918680191040039 -12.722792625427246 -1.7999999523162842
    endloop
  endfacet
  facet normal -0.9539177443289022 -0.3000682206673329 0
    outer loop
      vertex 8.681885719299316 -14.628321647644043 -1.7999999523162842
      vertex 8.681885719299316 -14.628321647644043 1.100000023841858
      vertex 8.47617244720459 -13.974358558654785 -1.7999999523162842
    endloop
  endfacet
  facet normal -0.9283095694210524 -0.37180820771104595 0
    outer loop
      vertex 8.221277236938477 -13.337950706481934 -1.7999999523162842
      vertex 8.47617244720459 -13.974358558654785 -1.7999999523162842
      vertex 8.47617244720459 -13.974358558654785 1.100000023841858
    endloop
  endfacet
  facet normal -0.9283095694210524 -0.37180820771104595 0
    outer loop
      vertex 8.221277236938477 -13.337950706481934 -1.7999999523162842
      vertex 8.47617244720459 -13.974358558654785 1.100000023841858
      vertex 8.221277236938477 -13.337950706481934 1.100000023841858
    endloop
  endfacet
  facet normal -0.8973151391660174 -0.44139046322215775 0
    outer loop
      vertex 7.918680191040039 -12.722792625427246 -1.7999999523162842
      vertex 8.221277236938477 -13.337950706481934 1.100000023841858
      vertex 7.918680191040039 -12.722792625427246 1.100000023841858
    endloop
  endfacet
  facet normal -0.9539177443289022 -0.3000682206673329 0
    outer loop
      vertex 8.47617244720459 -13.974358558654785 -1.7999999523162842
      vertex 8.681885719299316 -14.628321647644043 1.100000023841858
      vertex 8.47617244720459 -13.974358558654785 1.100000023841858
    endloop
  endfacet
  facet normal 0 0 1
    outer loop
      vertex 8.681885719299316 -14.628321647644043 1.100000023841858
      vertex 11.54619026184082 -14.714500427246094 1.100000023841858
      vertex 8.47617244720459 -13.974358558654785 1.100000023841858
    endloop
  endfacet
  facet normal 0 0 1
    outer loop
      vertex 8.681885719299316 -14.628321647644043 1.100000023841858
      vertex 11.330674171447754 -14.9012451171875 1.100000023841858
      vertex 11.54619026184082 -14.714500427246094 1.100000023841858
    endloop
  endfacet
  facet normal 0 0 1
    outer loop
      vertex 8.47617244720459 -13.974358558654785 1.100000023841858
      vertex 11.54619026184082 -14.714500427246094 1.100000023841858
      vertex 11.793152809143066 -14.571915626525879 1.100000023841858
    endloop
  endfacet
  facet normal 0 0 1
    outer loop
      vertex 8.221277236938477 -13.337950706481934 1.100000023841858
      vertex 8.47617244720459 -13.974358558654785 1.100000023841858
      vertex 12.062637329101562 -14.478646278381348 1.100000023841858
    endloop
  endfacet
  facet normal 0 0 1
    outer loop
      vertex 3.5418241026128396 -13.641107311824925 -1.7999999523162842
      vertex 4.103930473327637 -9.328770637512207 -1.7999999523162842
      vertex 2.272258986924623 -12.208064536425374 -1.7999999523162842
    endloop
  endfacet
  facet normal 0 0 1
    outer loop
      vertex 0.48214672102129197 -11.529164503607785 -1.7999999523162842
      vertex 2.272258986924623 -12.208064536425374 -1.7999999523162842
      vertex 0.8225845694541931 -8.338974952697754 -1.7999999523162842
    endloop
  endfacet
  facet normal 0 0 1
    outer loop
      vertex 3.5418241026128396 -13.641107311824925 -1.7999999523162842
      vertex 6.292124271392822 -10.991741180419922 -1.7999999523162842
      vertex 5.796336650848389 -10.512127876281738 -1.7999999523162842
    endloop
  endfacet
  facet normal 0 0 1
    outer loop
      vertex 3.5418241026128396 -13.641107311824925 -1.7999999523162842
      vertex 5.264110088348389 -10.073302268981934 -1.7999999523162842
      vertex 4.698790073394775 -9.678021430969238 -1.7999999523162842
    endloop
  endfacet
  facet normal 0 0 1
    outer loop
      vertex 3.5418241026128396 -13.641107311824925 -1.7999999523162842
      vertex 4.698790073394775 -9.678021430969238 -1.7999999523162842
      vertex 4.103930473327637 -9.328770637512207 -1.7999999523162842
    endloop
  endfacet
  facet normal 0 0 1
    outer loop
      vertex 3.5418241026128396 -13.641107311824925 -1.7999999523162842
      vertex 5.796336650848389 -10.512127876281738 -1.7999999523162842
      vertex 5.264110088348389 -10.073302268981934 -1.7999999523162842
    endloop
  endfacet
  facet normal 0 0 1
    outer loop
      vertex 0.8225845694541931 -8.338974952697754 -1.7999999523162842
      vertex 2.272258986924623 -12.208064536425374 -1.7999999523162842
      vertex 1.5061757564544678 -8.431368827819824 -1.7999999523162842
    endloop
  endfacet
  facet normal 0 0 1
    outer loop
      vertex 2.272258986924623 -12.208064536425374 -1.7999999523162842
      vertex 2.180298328399658 -8.577630996704102 -1.7999999523162842
      vertex 1.5061757564544678 -8.431368827819824 -1.7999999523162842
    endloop
  endfacet
  facet normal 0 0 1
    outer loop
      vertex 2.272258986924623 -12.208064536425374 -1.7999999523162842
      vertex 3.483271360397339 -9.02774715423584 -1.7999999523162842
      vertex 2.8407139778137207 -8.776841163635254 -1.7999999523162842
    endloop
  endfacet
  facet normal 0 0 1
    outer loop
      vertex 2.272258986924623 -12.208064536425374 -1.7999999523162842
      vertex 4.103930473327637 -9.328770637512207 -1.7999999523162842
      vertex 3.483271360397339 -9.02774715423584 -1.7999999523162842
    endloop
  endfacet
  facet normal 0 0 1
    outer loop
      vertex 2.272258986924623 -12.208064536425374 -1.7999999523162842
      vertex 2.8407139778137207 -8.776841163635254 -1.7999999523162842
      vertex 2.180298328399658 -8.577630996704102 -1.7999999523162842
    endloop
  endfacet
  facet normal 0.10298551973044712 0.9946828553493067 0
    outer loop
      vertex 6.743553638458252 -11.039758682250977 -1.7999999523162842
      vertex 6.743553638458252 -11.039758682250977 1.100000023841858
      vertex 11.814064025878906 -11.564739227294922 -7.199999809265137
    endloop
  endfacet
  facet normal 0 0 1
    outer loop
      vertex 7.177668571472168 -11.570352554321289 -1.7999999523162842
      vertex 6.442598342895508 -11.007769584655762 -1.7999999523162842
      vertex 6.292124271392822 -10.991741180419922 -1.7999999523162842
    endloop
  endfacet
  facet normal 0 0 1
    outer loop
      vertex 7.177668571472168 -11.570352554321289 -1.7999999523162842
      vertex 6.593074798583984 -11.023776054382324 -1.7999999523162842
      vertex 6.442598342895508 -11.007769584655762 -1.7999999523162842
    endloop
  endfacet
  facet normal 0 0 1
    outer loop
      vertex 7.177668571472168 -11.570352554321289 -1.7999999523162842
      vertex 6.743553638458252 -11.039758682250977 -1.7999999523162842
      vertex 6.593074798583984 -11.023776054382324 -1.7999999523162842
    endloop
  endfacet
  facet normal -0.8611146509902898 -0.508410816023687 0
    outer loop
      vertex 7.918680191040039 -12.722792625427246 -1.7999999523162842
      vertex 7.918680191040039 -12.722792625427246 1.100000023841858
      vertex 7.570136547088623 -12.132451057434082 -1.7999999523162842
    endloop
  endfacet
  facet normal -0.8199172857598744 -0.5724820036578971 0
    outer loop
      vertex 7.570136547088623 -12.132451057434082 -1.7999999523162842
      vertex 7.570136547088623 -12.132451057434082 1.100000023841858
      vertex 7.177668571472168 -11.570352554321289 -1.7999999523162842
    endloop
  endfacet
  facet normal -0.7739625364550634 -0.633231389117789 0
    outer loop
      vertex 7.177668571472168 -11.570352554321289 -1.7999999523162842
      vertex 7.177668571472168 -11.570352554321289 1.100000023841858
      vertex 6.743553638458252 -11.039758682250977 -1.7999999523162842
    endloop
  endfacet
  facet normal -0.8611146509902898 -0.508410816023687 0
    outer loop
      vertex 7.918680191040039 -12.722792625427246 1.100000023841858
      vertex 7.570136547088623 -12.132451057434082 1.100000023841858
      vertex 7.570136547088623 -12.132451057434082 -1.7999999523162842
    endloop
  endfacet
  facet normal -0.8199172857598744 -0.5724820036578971 0
    outer loop
      vertex 7.177668571472168 -11.570352554321289 -1.7999999523162842
      vertex 7.570136547088623 -12.132451057434082 1.100000023841858
      vertex 7.177668571472168 -11.570352554321289 1.100000023841858
    endloop
  endfacet
  facet normal -0.7739625364550634 -0.633231389117789 0
    outer loop
      vertex 6.743553638458252 -11.039758682250977 -1.7999999523162842
      vertex 7.177668571472168 -11.570352554321289 1.100000023841858
      vertex 6.743553638458252 -11.039758682250977 1.100000023841858
    endloop
  endfacet
  facet normal 0 0 1
    outer loop
      vertex 8.221277236938477 -13.337950706481934 1.100000023841858
      vertex 13.956594467163086 -11.778653144836426 1.100000023841858
      vertex 7.918680191040039 -12.722792625427246 1.100000023841858
    endloop
  endfacet
  facet normal 0 0 1
    outer loop
      vertex 7.918680191040039 -12.722792625427246 1.100000023841858
      vertex 13.956594467163086 -11.778653144836426 1.100000023841858
      vertex 7.570136547088623 -12.132451057434082 1.100000023841858
    endloop
  endfacet
  facet normal 0 0 1
    outer loop
      vertex 7.570136547088623 -12.132451057434082 1.100000023841858
      vertex 13.956594467163086 -11.778653144836426 1.100000023841858
      vertex 7.177668571472168 -11.570352554321289 1.100000023841858
    endloop
  endfacet
  facet normal 0 0 1
    outer loop
      vertex 7.177668571472168 -11.570352554321289 1.100000023841858
      vertex 13.956594467163086 -11.778653144836426 1.100000023841858
      vertex 6.743553638458252 -11.039758682250977 1.100000023841858
    endloop
  endfacet
  facet normal 0 0 -1
    outer loop
      vertex 11.814064025878906 -22.435260772705078 -7.199999809265137
      vertex 17.612499237060547 -20.047462463378906 -7.199999809265137
      vertex 17.33912467956543 -21.893190383911133 -7.199999809265137
    endloop
  endfacet
  facet normal 0.09764238279710363 -0.9952214665788454 0.00044445737252885324
    outer loop
      vertex 11.814064025878906 -22.435260772705078 -7.199999809265137
      vertex 17.33912467956543 -21.893190383911133 -7.199999809265137
      vertex 13.956594467163086 -22.22134780883789 1.100000023841858
    endloop
  endfacet
  facet normal 0.09206830226851963 -0.9957526146489527 0.00039766464115132706
    outer loop
      vertex 17.33912467956543 -21.893190383911133 -7.199999809265137
      vertex 22.867136001586914 -21.382064819335938 -7.199999809265137
      vertex 21.17484474182129 -21.535221099853516 1.100000023841858
    endloop
  endfacet
  facet normal 0 0 -1
    outer loop
      vertex 11.814064025878906 -22.435260772705078 -7.199999809265137
      vertex 11.669684410095215 -18.479021072387695 -7.199999809265137
      vertex 12.039140701293945 -18.559391021728516 -7.199999809265137
    endloop
  endfacet
  facet normal 0 0 -1
    outer loop
      vertex 11.814064025878906 -22.435260772705078 -7.199999809265137
      vertex 12.039140701293945 -18.559391021728516 -7.199999809265137
      vertex 12.416275024414062 -18.58636474609375 -7.199999809265137
    endloop
  endfacet
  facet normal 0 0 -1
    outer loop
      vertex 11.814064025878906 -22.435260772705078 -7.199999809265137
      vertex 12.416275024414062 -18.58636474609375 -7.199999809265137
      vertex 17.345142364501953 -19.780107498168945 -7.199999809265137
    endloop
  endfacet
  facet normal 0 0 -1
    outer loop
      vertex 11.814064025878906 -22.435260772705078 -7.199999809265137
      vertex 17.345142364501953 -19.780107498168945 -7.199999809265137
      vertex 17.612499237060547 -20.047462463378906 -7.199999809265137
    endloop
  endfacet
  facet normal 0 0 -1
    outer loop
      vertex 12.416275024414062 -18.58636474609375 -7.199999809265137
      vertex 12.79340934753418 -18.559391021728516 -7.199999809265137
      vertex 17.345142364501953 -19.780107498168945 -7.199999809265137
    endloop
  endfacet
  facet normal 0 0 -1
    outer loop
      vertex 12.79340934753418 -18.559391021728516 -7.199999809265137
      vertex 13.162866592407227 -18.479021072387695 -7.199999809265137
      vertex 17.11855697631836 -19.47742462158203 -7.199999809265137
    endloop
  endfacet
  facet normal 0 0 -1
    outer loop
      vertex 13.162866592407227 -18.479021072387695 -7.199999809265137
      vertex 13.517125129699707 -18.34688949584961 -7.199999809265137
      vertex 16.937355041503906 -19.14557647705078 -7.199999809265137
    endloop
  endfacet
  facet normal 0 0 -1
    outer loop
      vertex 13.517125129699707 -18.34688949584961 -7.199999809265137
      vertex 13.848973274230957 -18.165685653686523 -7.199999809265137
      vertex 16.80522346496582 -18.791318893432617 -7.199999809265137
    endloop
  endfacet
  facet normal 0 0 -1
    outer loop
      vertex 13.848973274230957 -18.165685653686523 -7.199999809265137
      vertex 14.151656150817871 -17.93910026550293 -7.199999809265137
      vertex 16.724853515625 -18.42186164855957 -7.199999809265137
    endloop
  endfacet
  facet normal 0 0 -1
    outer loop
      vertex 14.151656150817871 -17.93910026550293 -7.199999809265137
      vertex 14.419012069702148 -17.67174530029297 -7.199999809265137
      vertex 16.697879791259766 -18.044727325439453 -7.199999809265137
    endloop
  endfacet
  facet normal 0 0 -1
    outer loop
      vertex 14.419012069702148 -17.67174530029297 -7.199999809265137
      vertex 14.645597457885742 -17.369062423706055 -7.199999809265137
      vertex 16.724853515625 -17.667593002319336 -7.199999809265137
    endloop
  endfacet
  facet normal 0 0 -1
    outer loop
      vertex 14.645597457885742 -17.369062423706055 -7.199999809265137
      vertex 14.826800346374512 -17.037214279174805 -7.199999809265137
      vertex 16.80522346496582 -17.29813575744629 -7.199999809265137
    endloop
  endfacet
  facet normal 0.4792500569215739 0.8776784051921684 0
    outer loop
      vertex 10.983576774597168 -18.165685653686523 -7.199999809265137
      vertex 10.983576774597168 -18.165685653686523 -3.200000047683716
      vertex 11.315425872802734 -18.34688949584961 -7.199999809265137
    endloop
  endfacet
  facet normal 0.3494641181437695 0.936949747921412 0
    outer loop
      vertex 11.315425872802734 -18.34688949584961 -7.199999809265137
      vertex 11.315425872802734 -18.34688949584961 -3.200000047683716
      vertex 11.669684410095215 -18.479021072387695 -7.199999809265137
    endloop
  endfacet
  facet normal 0.21256441241575444 0.9771470567802705 0
    outer loop
      vertex 11.669684410095215 -18.479021072387695 -7.199999809265137
      vertex 11.669684410095215 -18.479021072387695 -3.200000047683716
      vertex 12.039140701293945 -18.559391021728516 -7.199999809265137
    endloop
  endfacet
  facet normal 0.07134061789071053 0.9974520119980568 0
    outer loop
      vertex 12.039140701293945 -18.559391021728516 -7.199999809265137
      vertex 12.039140701293945 -18.559391021728516 -3.200000047683716
      vertex 12.416275024414062 -18.58636474609375 -7.199999809265137
    endloop
  endfacet
  facet normal -0.07134061789071053 0.9974520119980568 0
    outer loop
      vertex 12.416275024414062 -18.58636474609375 -7.199999809265137
      vertex 12.416275024414062 -18.58636474609375 -3.200000047683716
      vertex 12.79340934753418 -18.559391021728516 -7.199999809265137
    endloop
  endfacet
  facet normal -0.21256388851817906 0.9771471707465724 0
    outer loop
      vertex 12.79340934753418 -18.559391021728516 -7.199999809265137
      vertex 12.79340934753418 -18.559391021728516 -3.200000047683716
      vertex 13.162866592407227 -18.479021072387695 -7.199999809265137
    endloop
  endfacet
  facet normal 0.5992785798544116 0.8005405572034935 0
    outer loop
      vertex 10.68089485168457 -17.93910026550293 -7.199999809265137
      vertex 10.68089485168457 -17.93910026550293 -3.200000047683716
      vertex 10.983576774597168 -18.165685653686523 -7.199999809265137
    endloop
  endfacet
  facet normal -0.3494641181437695 0.936949747921412 0
    outer loop
      vertex 13.162866592407227 -18.479021072387695 -7.199999809265137
      vertex 13.162866592407227 -18.479021072387695 -3.200000047683716
      vertex 13.517125129699707 -18.34688949584961 -7.199999809265137
    endloop
  endfacet
  facet normal -0.4792511178675304 0.8776778258693347 0
    outer loop
      vertex 13.517125129699707 -18.34688949584961 -7.199999809265137
      vertex 13.517125129699707 -18.34688949584961 -3.200000047683716
      vertex 13.848973274230957 -18.165685653686523 -7.199999809265137
    endloop
  endfacet
  facet normal -0.599277369790234 0.8005414630469174 0
    outer loop
      vertex 13.848973274230957 -18.165685653686523 -7.199999809265137
      vertex 13.848973274230957 -18.165685653686523 -3.200000047683716
      vertex 14.151656150817871 -17.93910026550293 -7.199999809265137
    endloop
  endfacet
  facet normal -0.7071055200373965 0.7071080423334493 0
    outer loop
      vertex 14.151656150817871 -17.93910026550293 -7.199999809265137
      vertex 14.151656150817871 -17.93910026550293 -3.200000047683716
      vertex 14.419012069702148 -17.67174530029297 -7.199999809265137
    endloop
  endfacet
  facet normal -0.8005414630469174 0.599277369790234 0
    outer loop
      vertex 14.419012069702148 -17.67174530029297 -7.199999809265137
      vertex 14.419012069702148 -17.67174530029297 -3.200000047683716
      vertex 14.645597457885742 -17.369062423706055 -7.199999809265137
    endloop
  endfacet
  facet normal -0.8776788868164217 0.47924917489411156 0
    outer loop
      vertex 14.645597457885742 -17.369062423706055 -7.199999809265137
      vertex 14.645597457885742 -17.369062423706055 -3.200000047683716
      vertex 14.826800346374512 -17.037214279174805 -7.199999809265137
    endloop
  endfacet
  facet normal 0 0 -1
    outer loop
      vertex 17.33912467956543 -21.893190383911133 -7.199999809265137
      vertex 18.24703025817871 -20.455251693725586 -7.199999809265137
      vertex 18.601287841796875 -20.587383270263672 -7.199999809265137
    endloop
  endfacet
  facet normal 0 0 -1
    outer loop
      vertex 17.33912467956543 -21.893190383911133 -7.199999809265137
      vertex 17.91518211364746 -20.2740478515625 -7.199999809265137
      vertex 18.24703025817871 -20.455251693725586 -7.199999809265137
    endloop
  endfacet
  facet normal 0 0 -1
    outer loop
      vertex 17.33912467956543 -21.893190383911133 -7.199999809265137
      vertex 17.612499237060547 -20.047462463378906 -7.199999809265137
      vertex 17.91518211364746 -20.2740478515625 -7.199999809265137
    endloop
  endfacet
  facet normal 0 0 -1
    outer loop
      vertex 12.79340934753418 -18.559391021728516 -7.199999809265137
      vertex 17.11855697631836 -19.47742462158203 -7.199999809265137
      vertex 17.345142364501953 -19.780107498168945 -7.199999809265137
    endloop
  endfacet
  facet normal 0 0 -1
    outer loop
      vertex 17.33912467956543 -21.893190383911133 -7.199999809265137
      vertex 18.970745086669922 -20.667753219604492 -7.199999809265137
      vertex 19.34787940979004 -20.694726943969727 -7.199999809265137
    endloop
  endfacet
  facet normal 0 0 -1
    outer loop
      vertex 17.33912467956543 -21.893190383911133 -7.199999809265137
      vertex 18.601287841796875 -20.587383270263672 -7.199999809265137
      vertex 18.970745086669922 -20.667753219604492 -7.199999809265137
    endloop
  endfacet
  facet normal 0 0 -1
    outer loop
      vertex 17.33912467956543 -21.893190383911133 -7.199999809265137
      vertex 19.34787940979004 -20.694726943969727 -7.199999809265137
      vertex 19.725013732910156 -20.667753219604492 -7.199999809265137
    endloop
  endfacet
  facet normal 0 0 -1
    outer loop
      vertex 17.33912467956543 -21.893190383911133 -7.199999809265137
      vertex 19.725013732910156 -20.667753219604492 -7.199999809265137
      vertex 22.867136001586914 -21.382064819335938 -7.199999809265137
    endloop
  endfacet
  facet normal 0.4792511178675304 0.8776778258693347 0
    outer loop
      vertex 17.91518211364746 -20.2740478515625 -7.199999809265137
      vertex 17.91518211364746 -20.2740478515625 -3.200000047683716
      vertex 18.24703025817871 -20.455251693725586 -7.199999809265137
    endloop
  endfacet
  facet normal 0.7071042588904948 0.7071093034736032 0
    outer loop
      vertex 17.345142364501953 -19.780107498168945 -7.199999809265137
      vertex 17.345142364501953 -19.780107498168945 -3.200000047683716
      vertex 17.612499237060547 -20.047462463378906 -7.199999809265137
    endloop
  endfacet
  facet normal 0.599277369790234 0.8005414630469174 0
    outer loop
      vertex 17.91518211364746 -20.2740478515625 -7.199999809265137
      vertex 17.612499237060547 -20.047462463378906 -7.199999809265137
      vertex 17.612499237060547 -20.047462463378906 -3.200000047683716
    endloop
  endfacet
  facet normal 0.8005414630469174 0.599277369790234 0
    outer loop
      vertex 17.345142364501953 -19.780107498168945 -7.199999809265137
      vertex 17.11855697631836 -19.47742462158203 -7.199999809265137
      vertex 17.11855697631836 -19.47742462158203 -3.200000047683716
    endloop
  endfacet
  facet normal 0.8776799477617723 0.4792472319136466 0
    outer loop
      vertex 17.11855697631836 -19.47742462158203 -7.199999809265137
      vertex 16.937355041503906 -19.14557647705078 -7.199999809265137
      vertex 16.937355041503906 -19.14557647705078 -3.200000047683716
    endloop
  endfacet
  facet normal 0.34946494402178274 0.9369494398844861 0
    outer loop
      vertex 18.601287841796875 -20.587383270263672 -7.199999809265137
      vertex 18.24703025817871 -20.455251693725586 -7.199999809265137
      vertex 18.24703025817871 -20.455251693725586 -3.200000047683716
    endloop
  endfacet
  facet normal 0.21256388851817906 0.9771471707465724 0
    outer loop
      vertex 18.601287841796875 -20.587383270263672 -7.199999809265137
      vertex 18.601287841796875 -20.587383270263672 -3.200000047683716
      vertex 18.970745086669922 -20.667753219604492 -7.199999809265137
    endloop
  endfacet
  facet normal 0.07134061789071053 0.9974520119980568 0
    outer loop
      vertex 18.970745086669922 -20.667753219604492 -7.199999809265137
      vertex 18.970745086669922 -20.667753219604492 -3.200000047683716
      vertex 19.34787940979004 -20.694726943969727 -7.199999809265137
    endloop
  endfacet
  facet normal -0.07134061789071053 0.9974520119980568 0
    outer loop
      vertex 19.34787940979004 -20.694726943969727 -7.199999809265137
      vertex 19.34787940979004 -20.694726943969727 -3.200000047683716
      vertex 19.725013732910156 -20.667753219604492 -7.199999809265137
    endloop
  endfacet
  facet normal -0.21256388851817906 0.9771471707465724 0
    outer loop
      vertex 19.725013732910156 -20.667753219604492 -7.199999809265137
      vertex 19.725013732910156 -20.667753219604492 -3.200000047683716
      vertex 20.094470977783203 -20.587383270263672 -7.199999809265137
    endloop
  endfacet
  facet normal -0.34946494402178274 0.9369494398844861 0
    outer loop
      vertex 20.094470977783203 -20.587383270263672 -7.199999809265137
      vertex 20.094470977783203 -20.587383270263672 -3.200000047683716
      vertex 20.448728561401367 -20.455251693725586 -7.199999809265137
    endloop
  endfacet
  facet normal 0 0 -1
    outer loop
      vertex 13.162866592407227 -18.479021072387695 -7.199999809265137
      vertex 16.937355041503906 -19.14557647705078 -7.199999809265137
      vertex 17.11855697631836 -19.47742462158203 -7.199999809265137
    endloop
  endfacet
  facet normal 0 0 -1
    outer loop
      vertex 13.517125129699707 -18.34688949584961 -7.199999809265137
      vertex 16.80522346496582 -18.791318893432617 -7.199999809265137
      vertex 16.937355041503906 -19.14557647705078 -7.199999809265137
    endloop
  endfacet
  facet normal 0 0 -1
    outer loop
      vertex 13.848973274230957 -18.165685653686523 -7.199999809265137
      vertex 16.724853515625 -18.42186164855957 -7.199999809265137
      vertex 16.80522346496582 -18.791318893432617 -7.199999809265137
    endloop
  endfacet
  facet normal 0 0 -1
    outer loop
      vertex 14.151656150817871 -17.93910026550293 -7.199999809265137
      vertex 16.697879791259766 -18.044727325439453 -7.199999809265137
      vertex 16.724853515625 -18.42186164855957 -7.199999809265137
    endloop
  endfacet
  facet normal 0 0 -1
    outer loop
      vertex 14.419012069702148 -17.67174530029297 -7.199999809265137
      vertex 16.724853515625 -17.667593002319336 -7.199999809265137
      vertex 16.697879791259766 -18.044727325439453 -7.199999809265137
    endloop
  endfacet
  facet normal 0 0 -1
    outer loop
      vertex 14.645597457885742 -17.369062423706055 -7.199999809265137
      vertex 16.80522346496582 -17.29813575744629 -7.199999809265137
      vertex 16.724853515625 -17.667593002319336 -7.199999809265137
    endloop
  endfacet
  facet normal 0 0 -1
    outer loop
      vertex 14.826800346374512 -17.037214279174805 -7.199999809265137
      vertex 16.937355041503906 -16.943876266479492 -7.199999809265137
      vertex 16.80522346496582 -17.29813575744629 -7.199999809265137
    endloop
  endfacet
  facet normal 0.9771471707465724 0.21256388851817906 0
    outer loop
      vertex 16.80522346496582 -18.791318893432617 -7.199999809265137
      vertex 16.724853515625 -18.42186164855957 -7.199999809265137
      vertex 16.724853515625 -18.42186164855957 -3.200000047683716
    endloop
  endfacet
  facet normal 0.9974520119980568 0.07134061789071053 0
    outer loop
      vertex 16.724853515625 -18.42186164855957 -7.199999809265137
      vertex 16.697879791259766 -18.044727325439453 -7.199999809265137
      vertex 16.697879791259766 -18.044727325439453 -3.200000047683716
    endloop
  endfacet
  facet normal 0.9369494398844861 0.34946494402178274 0
    outer loop
      vertex 16.80522346496582 -18.791318893432617 -7.199999809265137
      vertex 16.80522346496582 -18.791318893432617 -3.200000047683716
      vertex 16.937355041503906 -19.14557647705078 -7.199999809265137
    endloop
  endfacet
  facet normal 0.9974520119980568 -0.07134061789071053 0
    outer loop
      vertex 16.697879791259766 -18.044727325439453 -7.199999809265137
      vertex 16.724853515625 -17.667593002319336 -7.199999809265137
      vertex 16.724853515625 -17.667593002319336 -3.200000047683716
    endloop
  endfacet
  facet normal 0.9771471707465724 -0.21256388851817906 0
    outer loop
      vertex 16.724853515625 -17.667593002319336 -7.199999809265137
      vertex 16.80522346496582 -17.29813575744629 -7.199999809265137
      vertex 16.80522346496582 -17.29813575744629 -3.200000047683716
    endloop
  endfacet
  facet normal 0.9369500559561539 -0.34946329226938827 0
    outer loop
      vertex 16.80522346496582 -17.29813575744629 -7.199999809265137
      vertex 16.937355041503906 -16.943876266479492 -7.199999809265137
      vertex 16.937355041503906 -16.943876266479492 -3.200000047683716
    endloop
  endfacet
  facet normal 0.5992785798544116 0.8005405572034935 0
    outer loop
      vertex 10.68089485168457 -17.93910026550293 -3.200000047683716
      vertex 10.983576774597168 -18.165685653686523 -3.200000047683716
      vertex 10.983576774597168 -18.165685653686523 -7.199999809265137
    endloop
  endfacet
  facet normal 0.4792500569215739 0.8776784051921684 0
    outer loop
      vertex 11.315425872802734 -18.34688949584961 -7.199999809265137
      vertex 10.983576774597168 -18.165685653686523 -3.200000047683716
      vertex 11.315425872802734 -18.34688949584961 -3.200000047683716
    endloop
  endfacet
  facet normal 0.3494641181437695 0.936949747921412 0
    outer loop
      vertex 11.669684410095215 -18.479021072387695 -7.199999809265137
      vertex 11.315425872802734 -18.34688949584961 -3.200000047683716
      vertex 11.669684410095215 -18.479021072387695 -3.200000047683716
    endloop
  endfacet
  facet normal 0.21256441241575444 0.9771470567802705 0
    outer loop
      vertex 12.039140701293945 -18.559391021728516 -7.199999809265137
      vertex 11.669684410095215 -18.479021072387695 -3.200000047683716
      vertex 12.039140701293945 -18.559391021728516 -3.200000047683716
    endloop
  endfacet
  facet normal 0.07134061789071053 0.9974520119980568 0
    outer loop
      vertex 12.416275024414062 -18.58636474609375 -7.199999809265137
      vertex 12.039140701293945 -18.559391021728516 -3.200000047683716
      vertex 12.416275024414062 -18.58636474609375 -3.200000047683716
    endloop
  endfacet
  facet normal -0.07134061789071053 0.9974520119980568 0
    outer loop
      vertex 12.79340934753418 -18.559391021728516 -7.199999809265137
      vertex 12.416275024414062 -18.58636474609375 -3.200000047683716
      vertex 12.79340934753418 -18.559391021728516 -3.200000047683716
    endloop
  endfacet
  facet normal -0.21256388851817906 0.9771471707465724 0
    outer loop
      vertex 13.162866592407227 -18.479021072387695 -7.199999809265137
      vertex 12.79340934753418 -18.559391021728516 -3.200000047683716
      vertex 13.162866592407227 -18.479021072387695 -3.200000047683716
    endloop
  endfacet
  facet normal -0.3494641181437695 0.936949747921412 0
    outer loop
      vertex 13.517125129699707 -18.34688949584961 -7.199999809265137
      vertex 13.162866592407227 -18.479021072387695 -3.200000047683716
      vertex 13.517125129699707 -18.34688949584961 -3.200000047683716
    endloop
  endfacet
  facet normal -0.4792511178675304 0.8776778258693347 0
    outer loop
      vertex 13.848973274230957 -18.165685653686523 -7.199999809265137
      vertex 13.517125129699707 -18.34688949584961 -3.200000047683716
      vertex 13.848973274230957 -18.165685653686523 -3.200000047683716
    endloop
  endfacet
  facet normal -0.599277369790234 0.8005414630469174 0
    outer loop
      vertex 14.151656150817871 -17.93910026550293 -7.199999809265137
      vertex 13.848973274230957 -18.165685653686523 -3.200000047683716
      vertex 14.151656150817871 -17.93910026550293 -3.200000047683716
    endloop
  endfacet
  facet normal -0.7071055200373965 0.7071080423334493 0
    outer loop
      vertex 14.419012069702148 -17.67174530029297 -7.199999809265137
      vertex 14.151656150817871 -17.93910026550293 -3.200000047683716
      vertex 14.419012069702148 -17.67174530029297 -3.200000047683716
    endloop
  endfacet
  facet normal -0.8005414630469174 0.599277369790234 0
    outer loop
      vertex 14.645597457885742 -17.369062423706055 -7.199999809265137
      vertex 14.419012069702148 -17.67174530029297 -3.200000047683716
      vertex 14.645597457885742 -17.369062423706055 -3.200000047683716
    endloop
  endfacet
  facet normal -0.8776788868164217 0.47924917489411156 0
    outer loop
      vertex 14.826800346374512 -17.037214279174805 -7.199999809265137
      vertex 14.645597457885742 -17.369062423706055 -3.200000047683716
      vertex 14.826800346374512 -17.037214279174805 -3.200000047683716
    endloop
  endfacet
  facet normal 0 0 -1
    outer loop
      vertex 10.983576774597168 -18.165685653686523 -3.200000047683716
      vertex 11.336195945739746 -18.301406860351562 -3.200000047683716
      vertex 11.315425872802734 -18.34688949584961 -3.200000047683716
    endloop
  endfacet
  facet normal 0 0 -1
    outer loop
      vertex 10.983576774597168 -18.165685653686523 -3.200000047683716
      vertex 11.01060962677002 -18.12362289428711 -3.200000047683716
      vertex 11.336195945739746 -18.301406860351562 -3.200000047683716
    endloop
  endfacet
  facet normal 0 0 -1
    outer loop
      vertex 11.315425872802734 -18.34688949584961 -3.200000047683716
      vertex 11.336195945739746 -18.301406860351562 -3.200000047683716
      vertex 11.683771133422852 -18.431045532226562 -3.200000047683716
    endloop
  endfacet
  facet normal 0 0 -1
    outer loop
      vertex 11.315425872802734 -18.34688949584961 -3.200000047683716
      vertex 11.683771133422852 -18.431045532226562 -3.200000047683716
      vertex 11.669684410095215 -18.479021072387695 -3.200000047683716
    endloop
  endfacet
  facet normal 0 0 -1
    outer loop
      vertex 11.669684410095215 -18.479021072387695 -3.200000047683716
      vertex 12.046257019042969 -18.509899139404297 -3.200000047683716
      vertex 12.039140701293945 -18.559391021728516 -3.200000047683716
    endloop
  endfacet
  facet normal 0 0 -1
    outer loop
      vertex 11.669684410095215 -18.479021072387695 -3.200000047683716
      vertex 11.683771133422852 -18.431045532226562 -3.200000047683716
      vertex 12.046257019042969 -18.509899139404297 -3.200000047683716
    endloop
  endfacet
  facet normal 0 0 -1
    outer loop
      vertex 12.039140701293945 -18.559391021728516 -3.200000047683716
      vertex 12.046257019042969 -18.509899139404297 -3.200000047683716
      vertex 12.416275024414062 -18.53636360168457 -3.200000047683716
    endloop
  endfacet
  facet normal 0 0 -1
    outer loop
      vertex 12.039140701293945 -18.559391021728516 -3.200000047683716
      vertex 12.416275024414062 -18.53636360168457 -3.200000047683716
      vertex 12.416275024414062 -18.58636474609375 -3.200000047683716
    endloop
  endfacet
  facet normal 0 0 -1
    outer loop
      vertex 12.416275024414062 -18.58636474609375 -3.200000047683716
      vertex 12.416275024414062 -18.53636360168457 -3.200000047683716
      vertex 12.79340934753418 -18.559391021728516 -3.200000047683716
    endloop
  endfacet
  facet normal 0 0 -1
    outer loop
      vertex 12.416275024414062 -18.53636360168457 -3.200000047683716
      vertex 12.786293983459473 -18.509899139404297 -3.200000047683716
      vertex 12.79340934753418 -18.559391021728516 -3.200000047683716
    endloop
  endfacet
  facet normal 0 0 -1
    outer loop
      vertex 12.79340934753418 -18.559391021728516 -3.200000047683716
      vertex 12.786293983459473 -18.509899139404297 -3.200000047683716
      vertex 13.162866592407227 -18.479021072387695 -3.200000047683716
    endloop
  endfacet
  facet normal 0 0 -1
    outer loop
      vertex 12.786293983459473 -18.509899139404297 -3.200000047683716
      vertex 13.14877986907959 -18.431045532226562 -3.200000047683716
      vertex 13.162866592407227 -18.479021072387695 -3.200000047683716
    endloop
  endfacet
  facet normal 0 0 -1
    outer loop
      vertex 10.68089485168457 -17.93910026550293 -3.200000047683716
      vertex 11.01060962677002 -18.12362289428711 -3.200000047683716
      vertex 10.983576774597168 -18.165685653686523 -3.200000047683716
    endloop
  endfacet
  facet normal 0 0 -1
    outer loop
      vertex 10.68089485168457 -17.93910026550293 -3.200000047683716
      vertex 10.713637351989746 -17.90131378173828 -3.200000047683716
      vertex 11.01060962677002 -18.12362289428711 -3.200000047683716
    endloop
  endfacet
  facet normal 0 0 -1
    outer loop
      vertex 13.162866592407227 -18.479021072387695 -3.200000047683716
      vertex 13.14877986907959 -18.431045532226562 -3.200000047683716
      vertex 13.517125129699707 -18.34688949584961 -3.200000047683716
    endloop
  endfacet
  facet normal 0 0 -1
    outer loop
      vertex 13.14877986907959 -18.431045532226562 -3.200000047683716
      vertex 13.496354103088379 -18.301406860351562 -3.200000047683716
      vertex 13.517125129699707 -18.34688949584961 -3.200000047683716
    endloop
  endfacet
  facet normal 0 0 -1
    outer loop
      vertex 13.496354103088379 -18.301406860351562 -3.200000047683716
      vertex 13.848973274230957 -18.165685653686523 -3.200000047683716
      vertex 13.517125129699707 -18.34688949584961 -3.200000047683716
    endloop
  endfacet
  facet normal 0 0 -1
    outer loop
      vertex 13.496354103088379 -18.301406860351562 -3.200000047683716
      vertex 13.821941375732422 -18.12362289428711 -3.200000047683716
      vertex 13.848973274230957 -18.165685653686523 -3.200000047683716
    endloop
  endfacet
  facet normal 0 0 -1
    outer loop
      vertex 13.848973274230957 -18.165685653686523 -3.200000047683716
      vertex 13.821941375732422 -18.12362289428711 -3.200000047683716
      vertex 14.151656150817871 -17.93910026550293 -3.200000047683716
    endloop
  endfacet
  facet normal 0 0 -1
    outer loop
      vertex 13.821941375732422 -18.12362289428711 -3.200000047683716
      vertex 14.118913650512695 -17.90131378173828 -3.200000047683716
      vertex 14.151656150817871 -17.93910026550293 -3.200000047683716
    endloop
  endfacet
  facet normal 0 0 -1
    outer loop
      vertex 14.151656150817871 -17.93910026550293 -3.200000047683716
      vertex 14.118913650512695 -17.90131378173828 -3.200000047683716
      vertex 14.419012069702148 -17.67174530029297 -3.200000047683716
    endloop
  endfacet
  facet normal 0 0 -1
    outer loop
      vertex 14.118913650512695 -17.90131378173828 -3.200000047683716
      vertex 14.381224632263184 -17.639001846313477 -3.200000047683716
      vertex 14.419012069702148 -17.67174530029297 -3.200000047683716
    endloop
  endfacet
  facet normal 0 0 -1
    outer loop
      vertex 14.381224632263184 -17.639001846313477 -3.200000047683716
      vertex 14.645597457885742 -17.369062423706055 -3.200000047683716
      vertex 14.419012069702148 -17.67174530029297 -3.200000047683716
    endloop
  endfacet
  facet normal 0 0 -1
    outer loop
      vertex 14.381224632263184 -17.639001846313477 -3.200000047683716
      vertex 14.603534698486328 -17.342029571533203 -3.200000047683716
      vertex 14.645597457885742 -17.369062423706055 -3.200000047683716
    endloop
  endfacet
  facet normal 0 0 -1
    outer loop
      vertex 14.603534698486328 -17.342029571533203 -3.200000047683716
      vertex 14.826800346374512 -17.037214279174805 -3.200000047683716
      vertex 14.645597457885742 -17.369062423706055 -3.200000047683716
    endloop
  endfacet
  facet normal 0 0 -1
    outer loop
      vertex 14.603534698486328 -17.342029571533203 -3.200000047683716
      vertex 14.781318664550781 -17.016443252563477 -3.200000047683716
      vertex 14.826800346374512 -17.037214279174805 -3.200000047683716
    endloop
  endfacet
  facet normal 0.599277369790234 0.8005414630469174 0
    outer loop
      vertex 17.91518211364746 -20.2740478515625 -7.199999809265137
      vertex 17.612499237060547 -20.047462463378906 -3.200000047683716
      vertex 17.91518211364746 -20.2740478515625 -3.200000047683716
    endloop
  endfacet
  facet normal 0.7071042588904948 0.7071093034736032 0
    outer loop
      vertex 17.612499237060547 -20.047462463378906 -7.199999809265137
      vertex 17.345142364501953 -19.780107498168945 -3.200000047683716
      vertex 17.612499237060547 -20.047462463378906 -3.200000047683716
    endloop
  endfacet
  facet normal 0.8005414630469174 0.599277369790234 0
    outer loop
      vertex 17.345142364501953 -19.780107498168945 -7.199999809265137
      vertex 17.11855697631836 -19.47742462158203 -3.200000047683716
      vertex 17.345142364501953 -19.780107498168945 -3.200000047683716
    endloop
  endfacet
  facet normal 0.8776799477617723 0.4792472319136466 0
    outer loop
      vertex 17.11855697631836 -19.47742462158203 -7.199999809265137
      vertex 16.937355041503906 -19.14557647705078 -3.200000047683716
      vertex 17.11855697631836 -19.47742462158203 -3.200000047683716
    endloop
  endfacet
  facet normal 0.34946494402178274 0.9369494398844861 0
    outer loop
      vertex 18.601287841796875 -20.587383270263672 -7.199999809265137
      vertex 18.24703025817871 -20.455251693725586 -3.200000047683716
      vertex 18.601287841796875 -20.587383270263672 -3.200000047683716
    endloop
  endfacet
  facet normal 0.4792511178675304 0.8776778258693347 0
    outer loop
      vertex 18.24703025817871 -20.455251693725586 -7.199999809265137
      vertex 17.91518211364746 -20.2740478515625 -3.200000047683716
      vertex 18.24703025817871 -20.455251693725586 -3.200000047683716
    endloop
  endfacet
  facet normal 0.21256388851817906 0.9771471707465724 0
    outer loop
      vertex 18.970745086669922 -20.667753219604492 -7.199999809265137
      vertex 18.601287841796875 -20.587383270263672 -3.200000047683716
      vertex 18.970745086669922 -20.667753219604492 -3.200000047683716
    endloop
  endfacet
  facet normal 0.07134061789071053 0.9974520119980568 0
    outer loop
      vertex 19.34787940979004 -20.694726943969727 -7.199999809265137
      vertex 18.970745086669922 -20.667753219604492 -3.200000047683716
      vertex 19.34787940979004 -20.694726943969727 -3.200000047683716
    endloop
  endfacet
  facet normal -0.07134061789071053 0.9974520119980568 0
    outer loop
      vertex 19.725013732910156 -20.667753219604492 -7.199999809265137
      vertex 19.34787940979004 -20.694726943969727 -3.200000047683716
      vertex 19.725013732910156 -20.667753219604492 -3.200000047683716
    endloop
  endfacet
  facet normal -0.21256388851817906 0.9771471707465724 0
    outer loop
      vertex 20.094470977783203 -20.587383270263672 -7.199999809265137
      vertex 19.725013732910156 -20.667753219604492 -3.200000047683716
      vertex 20.094470977783203 -20.587383270263672 -3.200000047683716
    endloop
  endfacet
  facet normal -0.34946494402178274 0.9369494398844861 0
    outer loop
      vertex 20.448728561401367 -20.455251693725586 -7.199999809265137
      vertex 20.094470977783203 -20.587383270263672 -3.200000047683716
      vertex 20.448728561401367 -20.455251693725586 -3.200000047683716
    endloop
  endfacet
  facet normal 0 0 -1
    outer loop
      vertex 17.91518211364746 -20.2740478515625 -3.200000047683716
      vertex 17.94221305847168 -20.23198699951172 -3.200000047683716
      vertex 18.26780128479004 -20.409770965576172 -3.200000047683716
    endloop
  endfacet
  facet normal 0 0 -1
    outer loop
      vertex 17.612499237060547 -20.047462463378906 -3.200000047683716
      vertex 17.645240783691406 -20.009675979614258 -3.200000047683716
      vertex 17.94221305847168 -20.23198699951172 -3.200000047683716
    endloop
  endfacet
  facet normal 0 0 -1
    outer loop
      vertex 17.91518211364746 -20.2740478515625 -3.200000047683716
      vertex 17.612499237060547 -20.047462463378906 -3.200000047683716
      vertex 17.94221305847168 -20.23198699951172 -3.200000047683716
    endloop
  endfacet
  facet normal 0 0 -1
    outer loop
      vertex 17.345142364501953 -19.780107498168945 -3.200000047683716
      vertex 17.645240783691406 -20.009675979614258 -3.200000047683716
      vertex 17.612499237060547 -20.047462463378906 -3.200000047683716
    endloop
  endfacet
  facet normal 0 0 -1
    outer loop
      vertex 17.345142364501953 -19.780107498168945 -3.200000047683716
      vertex 17.382930755615234 -19.747364044189453 -3.200000047683716
      vertex 17.645240783691406 -20.009675979614258 -3.200000047683716
    endloop
  endfacet
  facet normal 0 0 -1
    outer loop
      vertex 17.345142364501953 -19.780107498168945 -3.200000047683716
      vertex 17.11855697631836 -19.47742462158203 -3.200000047683716
      vertex 17.382930755615234 -19.747364044189453 -3.200000047683716
    endloop
  endfacet
  facet normal 0 0 -1
    outer loop
      vertex 17.382930755615234 -19.747364044189453 -3.200000047683716
      vertex 17.11855697631836 -19.47742462158203 -3.200000047683716
      vertex 17.160619735717773 -19.450393676757812 -3.200000047683716
    endloop
  endfacet
  facet normal 0 0 -1
    outer loop
      vertex 17.11855697631836 -19.47742462158203 -3.200000047683716
      vertex 16.937355041503906 -19.14557647705078 -3.200000047683716
      vertex 17.160619735717773 -19.450393676757812 -3.200000047683716
    endloop
  endfacet
  facet normal 0 0 -1
    outer loop
      vertex 17.160619735717773 -19.450393676757812 -3.200000047683716
      vertex 16.937355041503906 -19.14557647705078 -3.200000047683716
      vertex 16.98283576965332 -19.124805450439453 -3.200000047683716
    endloop
  endfacet
  facet normal 0 0 -1
    outer loop
      vertex 17.91518211364746 -20.2740478515625 -3.200000047683716
      vertex 18.26780128479004 -20.409770965576172 -3.200000047683716
      vertex 18.24703025817871 -20.455251693725586 -3.200000047683716
    endloop
  endfacet
  facet normal 0 0 -1
    outer loop
      vertex 18.615375518798828 -20.53940773010254 -3.200000047683716
      vertex 18.24703025817871 -20.455251693725586 -3.200000047683716
      vertex 18.26780128479004 -20.409770965576172 -3.200000047683716
    endloop
  endfacet
  facet normal 0 0 -1
    outer loop
      vertex 18.601287841796875 -20.587383270263672 -3.200000047683716
      vertex 18.24703025817871 -20.455251693725586 -3.200000047683716
      vertex 18.615375518798828 -20.53940773010254 -3.200000047683716
    endloop
  endfacet
  facet normal 0 0 -1
    outer loop
      vertex 18.601287841796875 -20.587383270263672 -3.200000047683716
      vertex 18.615375518798828 -20.53940773010254 -3.200000047683716
      vertex 18.977861404418945 -20.618263244628906 -3.200000047683716
    endloop
  endfacet
  facet normal 0 0 -1
    outer loop
      vertex 18.601287841796875 -20.587383270263672 -3.200000047683716
      vertex 18.977861404418945 -20.618263244628906 -3.200000047683716
      vertex 18.970745086669922 -20.667753219604492 -3.200000047683716
    endloop
  endfacet
  facet normal 0 0 -1
    outer loop
      vertex 18.970745086669922 -20.667753219604492 -3.200000047683716
      vertex 18.977861404418945 -20.618263244628906 -3.200000047683716
      vertex 19.34787940979004 -20.64472770690918 -3.200000047683716
    endloop
  endfacet
  facet normal 0 0 -1
    outer loop
      vertex 18.970745086669922 -20.667753219604492 -3.200000047683716
      vertex 19.34787940979004 -20.64472770690918 -3.200000047683716
      vertex 19.34787940979004 -20.694726943969727 -3.200000047683716
    endloop
  endfacet
  facet normal 0 0 -1
    outer loop
      vertex 19.34787940979004 -20.694726943969727 -3.200000047683716
      vertex 19.34787940979004 -20.64472770690918 -3.200000047683716
      vertex 19.725013732910156 -20.667753219604492 -3.200000047683716
    endloop
  endfacet
  facet normal 0 0 -1
    outer loop
      vertex 19.34787940979004 -20.64472770690918 -3.200000047683716
      vertex 19.717897415161133 -20.618263244628906 -3.200000047683716
      vertex 19.725013732910156 -20.667753219604492 -3.200000047683716
    endloop
  endfacet
  facet normal 0 0 -1
    outer loop
      vertex 19.725013732910156 -20.667753219604492 -3.200000047683716
      vertex 19.717897415161133 -20.618263244628906 -3.200000047683716
      vertex 20.094470977783203 -20.587383270263672 -3.200000047683716
    endloop
  endfacet
  facet normal 0 0 -1
    outer loop
      vertex 19.717897415161133 -20.618263244628906 -3.200000047683716
      vertex 20.08038330078125 -20.53940773010254 -3.200000047683716
      vertex 20.094470977783203 -20.587383270263672 -3.200000047683716
    endloop
  endfacet
  facet normal 0 0 -1
    outer loop
      vertex 20.094470977783203 -20.587383270263672 -3.200000047683716
      vertex 20.08038330078125 -20.53940773010254 -3.200000047683716
      vertex 20.448728561401367 -20.455251693725586 -3.200000047683716
    endloop
  endfacet
  facet normal 0 0 -1
    outer loop
      vertex 20.08038330078125 -20.53940773010254 -3.200000047683716
      vertex 20.427959442138672 -20.409770965576172 -3.200000047683716
      vertex 20.448728561401367 -20.455251693725586 -3.200000047683716
    endloop
  endfacet
  facet normal 0.9771471707465724 0.21256388851817906 0
    outer loop
      vertex 16.80522346496582 -18.791318893432617 -7.199999809265137
      vertex 16.724853515625 -18.42186164855957 -3.200000047683716
      vertex 16.80522346496582 -18.791318893432617 -3.200000047683716
    endloop
  endfacet
  facet normal 0.9974520119980568 0.07134061789071053 0
    outer loop
      vertex 16.724853515625 -18.42186164855957 -7.199999809265137
      vertex 16.697879791259766 -18.044727325439453 -3.200000047683716
      vertex 16.724853515625 -18.42186164855957 -3.200000047683716
    endloop
  endfacet
  facet normal 0.9369494398844861 0.34946494402178274 0
    outer loop
      vertex 16.937355041503906 -19.14557647705078 -7.199999809265137
      vertex 16.80522346496582 -18.791318893432617 -3.200000047683716
      vertex 16.937355041503906 -19.14557647705078 -3.200000047683716
    endloop
  endfacet
  facet normal 0.9974520119980568 -0.07134061789071053 0
    outer loop
      vertex 16.697879791259766 -18.044727325439453 -7.199999809265137
      vertex 16.724853515625 -17.667593002319336 -3.200000047683716
      vertex 16.697879791259766 -18.044727325439453 -3.200000047683716
    endloop
  endfacet
  facet normal 0.9771471707465724 -0.21256388851817906 0
    outer loop
      vertex 16.724853515625 -17.667593002319336 -7.199999809265137
      vertex 16.80522346496582 -17.29813575744629 -3.200000047683716
      vertex 16.724853515625 -17.667593002319336 -3.200000047683716
    endloop
  endfacet
  facet normal 0.9369500559561539 -0.34946329226938827 0
    outer loop
      vertex 16.80522346496582 -17.29813575744629 -7.199999809265137
      vertex 16.937355041503906 -16.943876266479492 -3.200000047683716
      vertex 16.80522346496582 -17.29813575744629 -3.200000047683716
    endloop
  endfacet
  facet normal 0 0 -1
    outer loop
      vertex 16.80522346496582 -18.791318893432617 -3.200000047683716
      vertex 16.724853515625 -18.42186164855957 -3.200000047683716
      vertex 16.85319709777832 -18.777231216430664 -3.200000047683716
    endloop
  endfacet
  facet normal 0 0 -1
    outer loop
      vertex 16.724853515625 -18.42186164855957 -3.200000047683716
      vertex 16.774343490600586 -18.414745330810547 -3.200000047683716
      vertex 16.85319709777832 -18.777231216430664 -3.200000047683716
    endloop
  endfacet
  facet normal 0 0 -1
    outer loop
      vertex 16.724853515625 -18.42186164855957 -3.200000047683716
      vertex 16.697879791259766 -18.044727325439453 -3.200000047683716
      vertex 16.774343490600586 -18.414745330810547 -3.200000047683716
    endloop
  endfacet
  facet normal 0 0 -1
    outer loop
      vertex 16.774343490600586 -18.414745330810547 -3.200000047683716
      vertex 16.697879791259766 -18.044727325439453 -3.200000047683716
      vertex 16.747879028320312 -18.044727325439453 -3.200000047683716
    endloop
  endfacet
  facet normal 0 0 -1
    outer loop
      vertex 16.80522346496582 -18.791318893432617 -3.200000047683716
      vertex 16.98283576965332 -19.124805450439453 -3.200000047683716
      vertex 16.937355041503906 -19.14557647705078 -3.200000047683716
    endloop
  endfacet
  facet normal 0 0 -1
    outer loop
      vertex 16.80522346496582 -18.791318893432617 -3.200000047683716
      vertex 16.85319709777832 -18.777231216430664 -3.200000047683716
      vertex 16.98283576965332 -19.124805450439453 -3.200000047683716
    endloop
  endfacet
  facet normal 0 0 -1
    outer loop
      vertex 16.697879791259766 -18.044727325439453 -3.200000047683716
      vertex 16.774343490600586 -17.674707412719727 -3.200000047683716
      vertex 16.747879028320312 -18.044727325439453 -3.200000047683716
    endloop
  endfacet
  facet normal 0 0 -1
    outer loop
      vertex 16.697879791259766 -18.044727325439453 -3.200000047683716
      vertex 16.724853515625 -17.667593002319336 -3.200000047683716
      vertex 16.774343490600586 -17.674707412719727 -3.200000047683716
    endloop
  endfacet
  facet normal 0 0 -1
    outer loop
      vertex 16.724853515625 -17.667593002319336 -3.200000047683716
      vertex 16.85319709777832 -17.31222152709961 -3.200000047683716
      vertex 16.774343490600586 -17.674707412719727 -3.200000047683716
    endloop
  endfacet
  facet normal 0 0 -1
    outer loop
      vertex 16.724853515625 -17.667593002319336 -3.200000047683716
      vertex 16.80522346496582 -17.29813575744629 -3.200000047683716
      vertex 16.85319709777832 -17.31222152709961 -3.200000047683716
    endloop
  endfacet
  facet normal 0 0 -1
    outer loop
      vertex 16.80522346496582 -17.29813575744629 -3.200000047683716
      vertex 16.98283576965332 -16.96464729309082 -3.200000047683716
      vertex 16.85319709777832 -17.31222152709961 -3.200000047683716
    endloop
  endfacet
  facet normal 0 0 -1
    outer loop
      vertex 16.80522346496582 -17.29813575744629 -3.200000047683716
      vertex 16.937355041503906 -16.943876266479492 -3.200000047683716
      vertex 16.98283576965332 -16.96464729309082 -3.200000047683716
    endloop
  endfacet
  facet normal 0 0 -1
    outer loop
      vertex 19.725013732910156 -20.667753219604492 -7.199999809265137
      vertex 20.094470977783203 -20.587383270263672 -7.199999809265137
      vertex 22.867136001586914 -21.382064819335938 -7.199999809265137
    endloop
  endfacet
  facet normal 0 0 -1
    outer loop
      vertex 20.094470977783203 -20.587383270263672 -7.199999809265137
      vertex 20.448728561401367 -20.455251693725586 -7.199999809265137
      vertex 22.867136001586914 -21.382064819335938 -7.199999809265137
    endloop
  endfacet
  facet normal 0 0 -1
    outer loop
      vertex 20.448728561401367 -20.455251693725586 -7.199999809265137
      vertex 20.78057861328125 -20.2740478515625 -7.199999809265137
      vertex 22.867136001586914 -21.382064819335938 -7.199999809265137
    endloop
  endfacet
  facet normal 0 0 -1
    outer loop
      vertex 22.867136001586914 -21.382064819335938 -7.199999809265137
      vertex 20.78057861328125 -20.2740478515625 -7.199999809265137
      vertex 21.083261489868164 -20.047462463378906 -7.199999809265137
    endloop
  endfacet
  facet normal 0 0 -1
    outer loop
      vertex 22.867136001586914 -21.382064819335938 -7.199999809265137
      vertex 21.083261489868164 -20.047462463378906 -7.199999809265137
      vertex 21.350616455078125 -19.780107498168945 -7.199999809265137
    endloop
  endfacet
  facet normal 0 0 -1
    outer loop
      vertex 21.350616455078125 -19.780107498168945 -7.199999809265137
      vertex 21.57720184326172 -19.47742462158203 -7.199999809265137
      vertex 25.253408432006836 -19.04265594482422 -7.199999809265137
    endloop
  endfacet
  facet normal 0 0 -1
    outer loop
      vertex 21.57720184326172 -19.47742462158203 -7.199999809265137
      vertex 21.758403778076172 -19.14557647705078 -7.199999809265137
      vertex 24.899150848388672 -18.910524368286133 -7.199999809265137
    endloop
  endfacet
  facet normal 0 0 -1
    outer loop
      vertex 22.867136001586914 -21.382064819335938 -7.199999809265137
      vertex 21.350616455078125 -19.780107498168945 -7.199999809265137
      vertex 25.253408432006836 -19.04265594482422 -7.199999809265137
    endloop
  endfacet
  facet normal 0 0 -1
    outer loop
      vertex 22.867136001586914 -21.382064819335938 -7.199999809265137
      vertex 25.253408432006836 -19.04265594482422 -7.199999809265137
      vertex 25.622865676879883 -19.12302589416504 -7.199999809265137
    endloop
  endfacet
  facet normal 0 0 -1
    outer loop
      vertex 22.867136001586914 -21.382064819335938 -7.199999809265137
      vertex 25.622865676879883 -19.12302589416504 -7.199999809265137
      vertex 26 -19.149999618530273 -7.199999809265137
    endloop
  endfacet
  facet normal -0.4792489959796144 0.8776789845111546 0
    outer loop
      vertex 20.448728561401367 -20.455251693725586 -7.199999809265137
      vertex 20.448728561401367 -20.455251693725586 -3.200000047683716
      vertex 20.78057861328125 -20.2740478515625 -7.199999809265137
    endloop
  endfacet
  facet normal -0.599277369790234 0.8005414630469174 0
    outer loop
      vertex 20.78057861328125 -20.2740478515625 -7.199999809265137
      vertex 20.78057861328125 -20.2740478515625 -3.200000047683716
      vertex 21.083261489868164 -20.047462463378906 -7.199999809265137
    endloop
  endfacet
  facet normal -0.7071067811865475 0.7071067811865475 0
    outer loop
      vertex 21.083261489868164 -20.047462463378906 -7.199999809265137
      vertex 21.083261489868164 -20.047462463378906 -3.200000047683716
      vertex 21.350616455078125 -19.780107498168945 -7.199999809265137
    endloop
  endfacet
  facet normal -0.8005414630469174 0.599277369790234 0
    outer loop
      vertex 21.350616455078125 -19.780107498168945 -7.199999809265137
      vertex 21.350616455078125 -19.780107498168945 -3.200000047683716
      vertex 21.57720184326172 -19.47742462158203 -7.199999809265137
    endloop
  endfacet
  facet normal -0.8776799477617723 0.4792472319136466 0
    outer loop
      vertex 21.57720184326172 -19.47742462158203 -7.199999809265137
      vertex 21.57720184326172 -19.47742462158203 -3.200000047683716
      vertex 21.758403778076172 -19.14557647705078 -7.199999809265137
    endloop
  endfacet
  facet normal 0 0 -1
    outer loop
      vertex 21.758403778076172 -19.14557647705078 -7.199999809265137
      vertex 21.890535354614258 -18.791318893432617 -7.199999809265137
      vertex 24.567302703857422 -18.72932243347168 -7.199999809265137
    endloop
  endfacet
  facet normal 0 0 -1
    outer loop
      vertex 21.890535354614258 -18.791318893432617 -7.199999809265137
      vertex 21.97090721130371 -18.42186164855957 -7.199999809265137
      vertex 24.264619827270508 -18.502737045288086 -7.199999809265137
    endloop
  endfacet
  facet normal 0 0 -1
    outer loop
      vertex 21.97090721130371 -18.42186164855957 -7.199999809265137
      vertex 21.997879028320312 -18.044727325439453 -7.199999809265137
      vertex 23.997264862060547 -18.235380172729492 -7.199999809265137
    endloop
  endfacet
  facet normal 0 0 -1
    outer loop
      vertex 21.997879028320312 -18.044727325439453 -7.199999809265137
      vertex 21.97090721130371 -17.667593002319336 -7.199999809265137
      vertex 23.589475631713867 -17.600849151611328 -7.199999809265137
    endloop
  endfacet
  facet normal 0 0 -1
    outer loop
      vertex 21.97090721130371 -17.667593002319336 -7.199999809265137
      vertex 21.890535354614258 -17.29813575744629 -7.199999809265137
      vertex 23.45734405517578 -17.246591567993164 -7.199999809265137
    endloop
  endfacet
  facet normal 0 0 -1
    outer loop
      vertex 21.890535354614258 -17.29813575744629 -7.199999809265137
      vertex 21.758403778076172 -16.943876266479492 -7.199999809265137
      vertex 23.37697410583496 -16.877134323120117 -7.199999809265137
    endloop
  endfacet
  facet normal 0 0 -1
    outer loop
      vertex 21.890535354614258 -17.29813575744629 -7.199999809265137
      vertex 23.37697410583496 -16.877134323120117 -7.199999809265137
      vertex 23.45734405517578 -17.246591567993164 -7.199999809265137
    endloop
  endfacet
  facet normal 0 0 -1
    outer loop
      vertex 21.758403778076172 -19.14557647705078 -7.199999809265137
      vertex 24.567302703857422 -18.72932243347168 -7.199999809265137
      vertex 24.899150848388672 -18.910524368286133 -7.199999809265137
    endloop
  endfacet
  facet normal 0 0 -1
    outer loop
      vertex 21.57720184326172 -19.47742462158203 -7.199999809265137
      vertex 24.899150848388672 -18.910524368286133 -7.199999809265137
      vertex 25.253408432006836 -19.04265594482422 -7.199999809265137
    endloop
  endfacet
  facet normal 0 0 -1
    outer loop
      vertex 21.890535354614258 -18.791318893432617 -7.199999809265137
      vertex 24.264619827270508 -18.502737045288086 -7.199999809265137
      vertex 24.567302703857422 -18.72932243347168 -7.199999809265137
    endloop
  endfacet
  facet normal 0 0 -1
    outer loop
      vertex 21.97090721130371 -18.42186164855957 -7.199999809265137
      vertex 23.997264862060547 -18.235380172729492 -7.199999809265137
      vertex 24.264619827270508 -18.502737045288086 -7.199999809265137
    endloop
  endfacet
  facet normal 0 0 -1
    outer loop
      vertex 21.997879028320312 -18.044727325439453 -7.199999809265137
      vertex 23.589475631713867 -17.600849151611328 -7.199999809265137
      vertex 23.770679473876953 -17.932697296142578 -7.199999809265137
    endloop
  endfacet
  facet normal 0 0 -1
    outer loop
      vertex 21.997879028320312 -18.044727325439453 -7.199999809265137
      vertex 23.770679473876953 -17.932697296142578 -7.199999809265137
      vertex 23.997264862060547 -18.235380172729492 -7.199999809265137
    endloop
  endfacet
  facet normal 0 0 -1
    outer loop
      vertex 21.97090721130371 -17.667593002319336 -7.199999809265137
      vertex 23.45734405517578 -17.246591567993164 -7.199999809265137
      vertex 23.589475631713867 -17.600849151611328 -7.199999809265137
    endloop
  endfacet
  facet normal -0.9369494398844861 0.34946494402178274 0
    outer loop
      vertex 21.758403778076172 -19.14557647705078 -7.199999809265137
      vertex 21.758403778076172 -19.14557647705078 -3.200000047683716
      vertex 21.890535354614258 -18.791318893432617 -7.199999809265137
    endloop
  endfacet
  facet normal -0.9771461229431952 0.212568705168663 0
    outer loop
      vertex 21.890535354614258 -18.791318893432617 -7.199999809265137
      vertex 21.890535354614258 -18.791318893432617 -3.200000047683716
      vertex 21.97090721130371 -18.42186164855957 -7.199999809265137
    endloop
  endfacet
  facet normal -0.9974523709528774 0.0713355989705232 0
    outer loop
      vertex 21.97090721130371 -18.42186164855957 -7.199999809265137
      vertex 21.97090721130371 -18.42186164855957 -3.200000047683716
      vertex 21.997879028320312 -18.044727325439453 -7.199999809265137
    endloop
  endfacet
  facet normal -0.9974523709528774 -0.0713355989705232 0
    outer loop
      vertex 21.997879028320312 -18.044727325439453 -7.199999809265137
      vertex 21.997879028320312 -18.044727325439453 -3.200000047683716
      vertex 21.97090721130371 -17.667593002319336 -7.199999809265137
    endloop
  endfacet
  facet normal -0.9771461229431952 -0.212568705168663 0
    outer loop
      vertex 21.97090721130371 -17.667593002319336 -7.199999809265137
      vertex 21.97090721130371 -17.667593002319336 -3.200000047683716
      vertex 21.890535354614258 -17.29813575744629 -7.199999809265137
    endloop
  endfacet
  facet normal -0.9369500559561539 -0.34946329226938827 0
    outer loop
      vertex 21.890535354614258 -17.29813575744629 -7.199999809265137
      vertex 21.890535354614258 -17.29813575744629 -3.200000047683716
      vertex 21.758403778076172 -16.943876266479492 -7.199999809265137
    endloop
  endfacet
  facet normal 0.7071093034736032 0.7071042588904948 0
    outer loop
      vertex 23.997264862060547 -18.235380172729492 -7.199999809265137
      vertex 23.997264862060547 -18.235380172729492 -3.200000047683716
      vertex 24.264619827270508 -18.502737045288086 -7.199999809265137
    endloop
  endfacet
  facet normal 0.4792472319136466 0.8776799477617723 0
    outer loop
      vertex 24.567302703857422 -18.72932243347168 -7.199999809265137
      vertex 24.567302703857422 -18.72932243347168 -3.200000047683716
      vertex 24.899150848388672 -18.910524368286133 -7.199999809265137
    endloop
  endfacet
  facet normal 0.34946494402178274 0.9369494398844861 0
    outer loop
      vertex 24.899150848388672 -18.910524368286133 -7.199999809265137
      vertex 24.899150848388672 -18.910524368286133 -3.200000047683716
      vertex 25.253408432006836 -19.04265594482422 -7.199999809265137
    endloop
  endfacet
  facet normal 0.599277369790234 0.8005414630469174 0
    outer loop
      vertex 24.567302703857422 -18.72932243347168 -7.199999809265137
      vertex 24.264619827270508 -18.502737045288086 -7.199999809265137
      vertex 24.264619827270508 -18.502737045288086 -3.200000047683716
    endloop
  endfacet
  facet normal 0.8005414630469174 0.599277369790234 0
    outer loop
      vertex 23.997264862060547 -18.235380172729492 -7.199999809265137
      vertex 23.770679473876953 -17.932697296142578 -7.199999809265137
      vertex 23.770679473876953 -17.932697296142578 -3.200000047683716
    endloop
  endfacet
  facet normal 0.8776778258693347 0.4792511178675304 0
    outer loop
      vertex 23.770679473876953 -17.932697296142578 -7.199999809265137
      vertex 23.589475631713867 -17.600849151611328 -7.199999809265137
      vertex 23.589475631713867 -17.600849151611328 -3.200000047683716
    endloop
  endfacet
  facet normal 0.9369494398844861 0.34946494402178274 0
    outer loop
      vertex 23.589475631713867 -17.600849151611328 -7.199999809265137
      vertex 23.45734405517578 -17.246591567993164 -7.199999809265137
      vertex 23.45734405517578 -17.246591567993164 -3.200000047683716
    endloop
  endfacet
  facet normal 0.9771471707465724 0.21256388851817906 0
    outer loop
      vertex 23.45734405517578 -17.246591567993164 -7.199999809265137
      vertex 23.37697410583496 -16.877134323120117 -7.199999809265137
      vertex 23.37697410583496 -16.877134323120117 -3.200000047683716
    endloop
  endfacet
  facet normal 0 0 -1
    outer loop
      vertex 22.867136001586914 -21.382064819335938 -7.199999809265137
      vertex 26 -19.149999618530273 -7.199999809265137
      vertex 28.397920608520508 -20.901901245117188 -7.199999809265137
    endloop
  endfacet
  facet normal 0 0 -1
    outer loop
      vertex 28.397920608520508 -20.901901245117188 -7.199999809265137
      vertex 26 -19.149999618530273 -7.199999809265137
      vertex 26.377134323120117 -19.12302589416504 -7.199999809265137
    endloop
  endfacet
  facet normal 0 0 -1
    outer loop
      vertex 29.586000442504883 -20.379518508911133 -7.199999809265137
      vertex 26.377134323120117 -19.12302589416504 -7.199999809265137
      vertex 26.746591567993164 -19.04265594482422 -7.199999809265137
    endloop
  endfacet
  facet normal 0 0 -1
    outer loop
      vertex 28.397920608520508 -20.901901245117188 -7.199999809265137
      vertex 29.035512924194336 -20.739761352539062 -7.199999809265137
      vertex 28.72342872619629 -20.847227096557617 -7.199999809265137
    endloop
  endfacet
  facet normal 0 0 -1
    outer loop
      vertex 28.397920608520508 -20.901901245117188 -7.199999809265137
      vertex 29.32567024230957 -20.582429885864258 -7.199999809265137
      vertex 29.035512924194336 -20.739761352539062 -7.199999809265137
    endloop
  endfacet
  facet normal 0 0 -1
    outer loop
      vertex 28.397920608520508 -20.901901245117188 -7.199999809265137
      vertex 26.377134323120117 -19.12302589416504 -7.199999809265137
      vertex 29.32567024230957 -20.582429885864258 -7.199999809265137
    endloop
  endfacet
  facet normal 0 0 -1
    outer loop
      vertex 29.32567024230957 -20.582429885864258 -7.199999809265137
      vertex 26.377134323120117 -19.12302589416504 -7.199999809265137
      vertex 29.586000442504883 -20.379518508911133 -7.199999809265137
    endloop
  endfacet
  facet normal 0 0 -1
    outer loop
      vertex 29.586000442504883 -20.379518508911133 -7.199999809265137
      vertex 26.746591567993164 -19.04265594482422 -7.199999809265137
      vertex 29.809412002563477 -20.136554718017578 -7.199999809265137
    endloop
  endfacet
  facet normal 0 0 -1
    outer loop
      vertex 29.989822387695312 -19.860153198242188 -7.199999809265137
      vertex 26.746591567993164 -19.04265594482422 -7.199999809265137
      vertex 27.10085105895996 -18.910524368286133 -7.199999809265137
    endloop
  endfacet
  facet normal 0 0 -1
    outer loop
      vertex 29.809412002563477 -20.136554718017578 -7.199999809265137
      vertex 26.746591567993164 -19.04265594482422 -7.199999809265137
      vertex 29.989822387695312 -19.860153198242188 -7.199999809265137
    endloop
  endfacet
  facet normal 0 0 -1
    outer loop
      vertex 29.989822387695312 -19.860153198242188 -7.199999809265137
      vertex 27.10085105895996 -18.910524368286133 -7.199999809265137
      vertex 30.122314453125 -19.557844161987305 -7.199999809265137
    endloop
  endfacet
  facet normal 0 0 -1
    outer loop
      vertex 30.122314453125 -19.557844161987305 -7.199999809265137
      vertex 27.10085105895996 -18.910524368286133 -7.199999809265137
      vertex 30.20328140258789 -19.23786163330078 -7.199999809265137
    endloop
  endfacet
  facet normal 0.1656451715953504 -0.986185417214809 0
    outer loop
      vertex 28.397920608520508 -20.901901245117188 -7.199999809265137
      vertex 28.72342872619629 -20.847227096557617 -7.199999809265137
      vertex 28.72342872619629 -20.847227096557617 -3.049999952316284
    endloop
  endfacet
  facet normal 0.3255858600771117 -0.9455124788800238 0
    outer loop
      vertex 28.72342872619629 -20.847227096557617 -7.199999809265137
      vertex 29.035512924194336 -20.739761352539062 -7.199999809265137
      vertex 29.035512924194336 -20.739761352539062 -3.049999952316284
    endloop
  endfacet
  facet normal 0.4766647282612041 -0.8790851704082332 0
    outer loop
      vertex 29.035512924194336 -20.739761352539062 -7.199999809265137
      vertex 29.32567024230957 -20.582429885864258 -7.199999809265137
      vertex 29.32567024230957 -20.582429885864258 -3.049999952316284
    endloop
  endfacet
  facet normal 0.6147564092275524 -0.7887170324733999 0
    outer loop
      vertex 29.32567024230957 -20.582429885864258 -7.199999809265137
      vertex 29.586000442504883 -20.379518508911133 -7.199999809265137
      vertex 29.586000442504883 -20.379518508911133 -3.049999952316284
    endloop
  endfacet
  facet normal 0.7361047833789434 -0.6768675999681465 0
    outer loop
      vertex 29.586000442504883 -20.379518508911133 -7.199999809265137
      vertex 29.809412002563477 -20.136554718017578 -7.199999809265137
      vertex 29.809412002563477 -20.136554718017578 -3.049999952316284
    endloop
  endfacet
  facet normal 0.8374046448465817 -0.5465834435741449 0
    outer loop
      vertex 29.809412002563477 -20.136554718017578 -7.199999809265137
      vertex 29.989822387695312 -19.860153198242188 -7.199999809265137
      vertex 29.989822387695312 -19.860153198242188 -3.049999952316284
    endloop
  endfacet
  facet normal 0.9158991898858382 -0.4014083630998055 0
    outer loop
      vertex 29.989822387695312 -19.860153198242188 -7.199999809265137
      vertex 30.122314453125 -19.557844161987305 -7.199999809265137
      vertex 30.122314453125 -19.557844161987305 -3.049999952316284
    endloop
  endfacet
  facet normal 0.9694461265287876 -0.2453043166320764 0
    outer loop
      vertex 30.122314453125 -19.557844161987305 -7.199999809265137
      vertex 30.20328140258789 -19.23786163330078 -7.199999809265137
      vertex 30.20328140258789 -19.23786163330078 -3.049999952316284
    endloop
  endfacet
  facet normal 0 0 -1
    outer loop
      vertex 30.20328140258789 -19.23786163330078 -7.199999809265137
      vertex 27.10085105895996 -18.910524368286133 -7.199999809265137
      vertex 27.43269920349121 -18.72932243347168 -7.199999809265137
    endloop
  endfacet
  facet normal 0 0 -1
    outer loop
      vertex 27.43269920349121 -18.72932243347168 -7.199999809265137
      vertex 27.735382080078125 -18.502737045288086 -7.199999809265137
      vertex 30.23051643371582 -18.908918380737305 -7.199999809265137
    endloop
  endfacet
  facet normal 0 0 -1
    outer loop
      vertex 27.735382080078125 -18.502737045288086 -7.199999809265137
      vertex 28.002737045288086 -18.235380172729492 -7.199999809265137
      vertex 30.23051643371582 -18.908918380737305 -7.199999809265137
    endloop
  endfacet
  facet normal 0 0 -1
    outer loop
      vertex 28.002737045288086 -18.235380172729492 -7.199999809265137
      vertex 28.22932243347168 -17.932697296142578 -7.199999809265137
      vertex 30.23051643371582 -18.908918380737305 -7.199999809265137
    endloop
  endfacet
  facet normal 0 0 -1
    outer loop
      vertex 30.23051643371582 -18.908918380737305 -7.199999809265137
      vertex 28.22932243347168 -17.932697296142578 -7.199999809265137
      vertex 28.410524368286133 -17.600849151611328 -7.199999809265137
    endloop
  endfacet
  facet normal 0 0 -1
    outer loop
      vertex 30.20328140258789 -19.23786163330078 -7.199999809265137
      vertex 27.43269920349121 -18.72932243347168 -7.199999809265137
      vertex 30.23051643371582 -18.908918380737305 -7.199999809265137
    endloop
  endfacet
  facet normal 0 0 -1
    outer loop
      vertex 30.23051643371582 -18.908918380737305 -7.199999809265137
      vertex 28.410524368286133 -17.600849151611328 -7.199999809265137
      vertex 28.54265594482422 -17.246591567993164 -7.199999809265137
    endloop
  endfacet
  facet normal 0 0 -1
    outer loop
      vertex 30.23051643371582 -18.908918380737305 -7.199999809265137
      vertex 28.54265594482422 -17.246591567993164 -7.199999809265137
      vertex 28.623027801513672 -16.877134323120117 -7.199999809265137
    endloop
  endfacet
  facet normal 0.21256388851817906 0.9771471707465724 0
    outer loop
      vertex 25.253408432006836 -19.04265594482422 -7.199999809265137
      vertex 25.253408432006836 -19.04265594482422 -3.200000047683716
      vertex 25.622865676879883 -19.12302589416504 -7.199999809265137
    endloop
  endfacet
  facet normal 0.07134061789071053 0.9974520119980568 0
    outer loop
      vertex 25.622865676879883 -19.12302589416504 -7.199999809265137
      vertex 25.622865676879883 -19.12302589416504 -3.200000047683716
      vertex 26 -19.149999618530273 -7.199999809265137
    endloop
  endfacet
  facet normal -0.07134061789071053 0.9974520119980568 0
    outer loop
      vertex 26 -19.149999618530273 -7.199999809265137
      vertex 26 -19.149999618530273 -3.200000047683716
      vertex 26.377134323120117 -19.12302589416504 -7.199999809265137
    endloop
  endfacet
  facet normal -0.21256388851817906 0.9771471707465724 0
    outer loop
      vertex 26.377134323120117 -19.12302589416504 -7.199999809265137
      vertex 26.377134323120117 -19.12302589416504 -3.200000047683716
      vertex 26.746591567993164 -19.04265594482422 -7.199999809265137
    endloop
  endfacet
  facet normal -0.34946329226938827 0.9369500559561539 0
    outer loop
      vertex 26.746591567993164 -19.04265594482422 -7.199999809265137
      vertex 26.746591567993164 -19.04265594482422 -3.200000047683716
      vertex 27.10085105895996 -18.910524368286133 -7.199999809265137
    endloop
  endfacet
  facet normal -0.4792472319136466 0.8776799477617723 0
    outer loop
      vertex 27.10085105895996 -18.910524368286133 -7.199999809265137
      vertex 27.10085105895996 -18.910524368286133 -3.200000047683716
      vertex 27.43269920349121 -18.72932243347168 -7.199999809265137
    endloop
  endfacet
  facet normal -0.599277369790234 0.8005414630469174 0
    outer loop
      vertex 27.43269920349121 -18.72932243347168 -7.199999809265137
      vertex 27.43269920349121 -18.72932243347168 -3.200000047683716
      vertex 27.735382080078125 -18.502737045288086 -7.199999809265137
    endloop
  endfacet
  facet normal -0.7071093034736032 0.7071042588904948 0
    outer loop
      vertex 27.735382080078125 -18.502737045288086 -7.199999809265137
      vertex 27.735382080078125 -18.502737045288086 -3.200000047683716
      vertex 28.002737045288086 -18.235380172729492 -7.199999809265137
    endloop
  endfacet
  facet normal -0.8005414630469174 0.599277369790234 0
    outer loop
      vertex 28.002737045288086 -18.235380172729492 -7.199999809265137
      vertex 28.002737045288086 -18.235380172729492 -3.200000047683716
      vertex 28.22932243347168 -17.932697296142578 -7.199999809265137
    endloop
  endfacet
  facet normal 0.9965899721377294 -0.08251319551756418 0
    outer loop
      vertex 30.20328140258789 -19.23786163330078 -7.199999809265137
      vertex 30.23051643371582 -18.908918380737305 -7.199999809265137
      vertex 30.20328140258789 -19.23786163330078 -3.049999952316284
    endloop
  endfacet
  facet normal -0.8776799477617723 0.4792472319136466 0
    outer loop
      vertex 28.22932243347168 -17.932697296142578 -7.199999809265137
      vertex 28.22932243347168 -17.932697296142578 -3.200000047683716
      vertex 28.410524368286133 -17.600849151611328 -7.199999809265137
    endloop
  endfacet
  facet normal -0.9369494398844861 0.34946494402178274 0
    outer loop
      vertex 28.410524368286133 -17.600849151611328 -7.199999809265137
      vertex 28.410524368286133 -17.600849151611328 -3.200000047683716
      vertex 28.54265594482422 -17.246591567993164 -7.199999809265137
    endloop
  endfacet
  facet normal -0.9771461229431952 0.212568705168663 0
    outer loop
      vertex 28.54265594482422 -17.246591567993164 -7.199999809265137
      vertex 28.54265594482422 -17.246591567993164 -3.200000047683716
      vertex 28.623027801513672 -16.877134323120117 -7.199999809265137
    endloop
  endfacet
  facet normal -0.4792489959796144 0.8776789845111546 0
    outer loop
      vertex 20.448728561401367 -20.455251693725586 -3.200000047683716
      vertex 20.78057861328125 -20.2740478515625 -3.200000047683716
      vertex 20.78057861328125 -20.2740478515625 -7.199999809265137
    endloop
  endfacet
  facet normal -0.599277369790234 0.8005414630469174 0
    outer loop
      vertex 21.083261489868164 -20.047462463378906 -7.199999809265137
      vertex 20.78057861328125 -20.2740478515625 -3.200000047683716
      vertex 21.083261489868164 -20.047462463378906 -3.200000047683716
    endloop
  endfacet
  facet normal -0.7071067811865475 0.7071067811865475 0
    outer loop
      vertex 21.350616455078125 -19.780107498168945 -7.199999809265137
      vertex 21.083261489868164 -20.047462463378906 -3.200000047683716
      vertex 21.350616455078125 -19.780107498168945 -3.200000047683716
    endloop
  endfacet
  facet normal -0.8005414630469174 0.599277369790234 0
    outer loop
      vertex 21.57720184326172 -19.47742462158203 -7.199999809265137
      vertex 21.350616455078125 -19.780107498168945 -3.200000047683716
      vertex 21.57720184326172 -19.47742462158203 -3.200000047683716
    endloop
  endfacet
  facet normal -0.8776799477617723 0.4792472319136466 0
    outer loop
      vertex 21.758403778076172 -19.14557647705078 -7.199999809265137
      vertex 21.57720184326172 -19.47742462158203 -3.200000047683716
      vertex 21.758403778076172 -19.14557647705078 -3.200000047683716
    endloop
  endfacet
  facet normal 0 0 -1
    outer loop
      vertex 20.448728561401367 -20.455251693725586 -3.200000047683716
      vertex 20.427959442138672 -20.409770965576172 -3.200000047683716
      vertex 20.78057861328125 -20.2740478515625 -3.200000047683716
    endloop
  endfacet
  facet normal 0 0 -1
    outer loop
      vertex 20.427959442138672 -20.409770965576172 -3.200000047683716
      vertex 20.7535457611084 -20.23198699951172 -3.200000047683716
      vertex 20.78057861328125 -20.2740478515625 -3.200000047683716
    endloop
  endfacet
  facet normal 0 0 -1
    outer loop
      vertex 20.78057861328125 -20.2740478515625 -3.200000047683716
      vertex 20.7535457611084 -20.23198699951172 -3.200000047683716
      vertex 21.083261489868164 -20.047462463378906 -3.200000047683716
    endloop
  endfacet
  facet normal 0 0 -1
    outer loop
      vertex 20.7535457611084 -20.23198699951172 -3.200000047683716
      vertex 21.050518035888672 -20.009675979614258 -3.200000047683716
      vertex 21.083261489868164 -20.047462463378906 -3.200000047683716
    endloop
  endfacet
  facet normal 0 0 -1
    outer loop
      vertex 21.083261489868164 -20.047462463378906 -3.200000047683716
      vertex 21.050518035888672 -20.009675979614258 -3.200000047683716
      vertex 21.350616455078125 -19.780107498168945 -3.200000047683716
    endloop
  endfacet
  facet normal 0 0 -1
    outer loop
      vertex 21.050518035888672 -20.009675979614258 -3.200000047683716
      vertex 21.312828063964844 -19.747364044189453 -3.200000047683716
      vertex 21.350616455078125 -19.780107498168945 -3.200000047683716
    endloop
  endfacet
  facet normal 0 0 -1
    outer loop
      vertex 21.312828063964844 -19.747364044189453 -3.200000047683716
      vertex 21.57720184326172 -19.47742462158203 -3.200000047683716
      vertex 21.350616455078125 -19.780107498168945 -3.200000047683716
    endloop
  endfacet
  facet normal 0 0 -1
    outer loop
      vertex 21.312828063964844 -19.747364044189453 -3.200000047683716
      vertex 21.535139083862305 -19.450393676757812 -3.200000047683716
      vertex 21.57720184326172 -19.47742462158203 -3.200000047683716
    endloop
  endfacet
  facet normal 0 0 -1
    outer loop
      vertex 21.535139083862305 -19.450393676757812 -3.200000047683716
      vertex 21.758403778076172 -19.14557647705078 -3.200000047683716
      vertex 21.57720184326172 -19.47742462158203 -3.200000047683716
    endloop
  endfacet
  facet normal 0 0 -1
    outer loop
      vertex 21.535139083862305 -19.450393676757812 -3.200000047683716
      vertex 21.712923049926758 -19.124805450439453 -3.200000047683716
      vertex 21.758403778076172 -19.14557647705078 -3.200000047683716
    endloop
  endfacet
  facet normal -0.9369494398844861 0.34946494402178274 0
    outer loop
      vertex 21.890535354614258 -18.791318893432617 -7.199999809265137
      vertex 21.758403778076172 -19.14557647705078 -3.200000047683716
      vertex 21.890535354614258 -18.791318893432617 -3.200000047683716
    endloop
  endfacet
  facet normal -0.9771461229431952 0.212568705168663 0
    outer loop
      vertex 21.97090721130371 -18.42186164855957 -7.199999809265137
      vertex 21.890535354614258 -18.791318893432617 -3.200000047683716
      vertex 21.97090721130371 -18.42186164855957 -3.200000047683716
    endloop
  endfacet
  facet normal -0.9974523709528774 0.0713355989705232 0
    outer loop
      vertex 21.997879028320312 -18.044727325439453 -7.199999809265137
      vertex 21.97090721130371 -18.42186164855957 -3.200000047683716
      vertex 21.997879028320312 -18.044727325439453 -3.200000047683716
    endloop
  endfacet
  facet normal -0.9974523709528774 -0.0713355989705232 0
    outer loop
      vertex 21.97090721130371 -17.667593002319336 -7.199999809265137
      vertex 21.997879028320312 -18.044727325439453 -3.200000047683716
      vertex 21.97090721130371 -17.667593002319336 -3.200000047683716
    endloop
  endfacet
  facet normal -0.9771461229431952 -0.212568705168663 0
    outer loop
      vertex 21.890535354614258 -17.29813575744629 -7.199999809265137
      vertex 21.97090721130371 -17.667593002319336 -3.200000047683716
      vertex 21.890535354614258 -17.29813575744629 -3.200000047683716
    endloop
  endfacet
  facet normal -0.9369500559561539 -0.34946329226938827 0
    outer loop
      vertex 21.890535354614258 -17.29813575744629 -3.200000047683716
      vertex 21.758403778076172 -16.943876266479492 -3.200000047683716
      vertex 21.758403778076172 -16.943876266479492 -7.199999809265137
    endloop
  endfacet
  facet normal 0.8005414630469174 0.599277369790234 0
    outer loop
      vertex 23.997264862060547 -18.235380172729492 -7.199999809265137
      vertex 23.770679473876953 -17.932697296142578 -3.200000047683716
      vertex 23.997264862060547 -18.235380172729492 -3.200000047683716
    endloop
  endfacet
  facet normal 0.599277369790234 0.8005414630469174 0
    outer loop
      vertex 24.567302703857422 -18.72932243347168 -7.199999809265137
      vertex 24.264619827270508 -18.502737045288086 -3.200000047683716
      vertex 24.567302703857422 -18.72932243347168 -3.200000047683716
    endloop
  endfacet
  facet normal 0.34946494402178274 0.9369494398844861 0
    outer loop
      vertex 25.253408432006836 -19.04265594482422 -7.199999809265137
      vertex 24.899150848388672 -18.910524368286133 -3.200000047683716
      vertex 25.253408432006836 -19.04265594482422 -3.200000047683716
    endloop
  endfacet
  facet normal 0.4792472319136466 0.8776799477617723 0
    outer loop
      vertex 24.899150848388672 -18.910524368286133 -7.199999809265137
      vertex 24.567302703857422 -18.72932243347168 -3.200000047683716
      vertex 24.899150848388672 -18.910524368286133 -3.200000047683716
    endloop
  endfacet
  facet normal 0.7071093034736032 0.7071042588904948 0
    outer loop
      vertex 24.264619827270508 -18.502737045288086 -7.199999809265137
      vertex 23.997264862060547 -18.235380172729492 -3.200000047683716
      vertex 24.264619827270508 -18.502737045288086 -3.200000047683716
    endloop
  endfacet
  facet normal 0.8776778258693347 0.4792511178675304 0
    outer loop
      vertex 23.770679473876953 -17.932697296142578 -7.199999809265137
      vertex 23.589475631713867 -17.600849151611328 -3.200000047683716
      vertex 23.770679473876953 -17.932697296142578 -3.200000047683716
    endloop
  endfacet
  facet normal 0.9771471707465724 0.21256388851817906 0
    outer loop
      vertex 23.45734405517578 -17.246591567993164 -7.199999809265137
      vertex 23.37697410583496 -16.877134323120117 -3.200000047683716
      vertex 23.45734405517578 -17.246591567993164 -3.200000047683716
    endloop
  endfacet
  facet normal 0.9369494398844861 0.34946494402178274 0
    outer loop
      vertex 23.589475631713867 -17.600849151611328 -7.199999809265137
      vertex 23.45734405517578 -17.246591567993164 -3.200000047683716
      vertex 23.589475631713867 -17.600849151611328 -3.200000047683716
    endloop
  endfacet
  facet normal 0 0 -1
    outer loop
      vertex 21.712923049926758 -19.124805450439453 -3.200000047683716
      vertex 21.890535354614258 -18.791318893432617 -3.200000047683716
      vertex 21.758403778076172 -19.14557647705078 -3.200000047683716
    endloop
  endfacet
  facet normal 0 0 -1
    outer loop
      vertex 21.712923049926758 -19.124805450439453 -3.200000047683716
      vertex 21.842561721801758 -18.777231216430664 -3.200000047683716
      vertex 21.890535354614258 -18.791318893432617 -3.200000047683716
    endloop
  endfacet
  facet normal 0 0 -1
    outer loop
      vertex 21.842561721801758 -18.777231216430664 -3.200000047683716
      vertex 21.97090721130371 -18.42186164855957 -3.200000047683716
      vertex 21.890535354614258 -18.791318893432617 -3.200000047683716
    endloop
  endfacet
  facet normal 0 0 -1
    outer loop
      vertex 21.842561721801758 -18.777231216430664 -3.200000047683716
      vertex 21.921415328979492 -18.414745330810547 -3.200000047683716
      vertex 21.97090721130371 -18.42186164855957 -3.200000047683716
    endloop
  endfacet
  facet normal 0 0 -1
    outer loop
      vertex 21.921415328979492 -18.414745330810547 -3.200000047683716
      vertex 21.997879028320312 -18.044727325439453 -3.200000047683716
      vertex 21.97090721130371 -18.42186164855957 -3.200000047683716
    endloop
  endfacet
  facet normal 0 0 -1
    outer loop
      vertex 21.921415328979492 -18.414745330810547 -3.200000047683716
      vertex 21.947879791259766 -18.044727325439453 -3.200000047683716
      vertex 21.997879028320312 -18.044727325439453 -3.200000047683716
    endloop
  endfacet
  facet normal 0 0 -1
    outer loop
      vertex 21.947879791259766 -18.044727325439453 -3.200000047683716
      vertex 21.97090721130371 -17.667593002319336 -3.200000047683716
      vertex 21.997879028320312 -18.044727325439453 -3.200000047683716
    endloop
  endfacet
  facet normal 0 0 -1
    outer loop
      vertex 21.947879791259766 -18.044727325439453 -3.200000047683716
      vertex 21.921415328979492 -17.674707412719727 -3.200000047683716
      vertex 21.97090721130371 -17.667593002319336 -3.200000047683716
    endloop
  endfacet
  facet normal 0 0 -1
    outer loop
      vertex 21.921415328979492 -17.674707412719727 -3.200000047683716
      vertex 21.842561721801758 -17.31222152709961 -3.200000047683716
      vertex 21.97090721130371 -17.667593002319336 -3.200000047683716
    endloop
  endfacet
  facet normal 0 0 -1
    outer loop
      vertex 21.97090721130371 -17.667593002319336 -3.200000047683716
      vertex 21.842561721801758 -17.31222152709961 -3.200000047683716
      vertex 21.890535354614258 -17.29813575744629 -3.200000047683716
    endloop
  endfacet
  facet normal 0 0 -1
    outer loop
      vertex 21.842561721801758 -17.31222152709961 -3.200000047683716
      vertex 21.712923049926758 -16.96464729309082 -3.200000047683716
      vertex 21.890535354614258 -17.29813575744629 -3.200000047683716
    endloop
  endfacet
  facet normal 0 0 -1
    outer loop
      vertex 21.890535354614258 -17.29813575744629 -3.200000047683716
      vertex 21.712923049926758 -16.96464729309082 -3.200000047683716
      vertex 21.758403778076172 -16.943876266479492 -3.200000047683716
    endloop
  endfacet
  facet normal 0 0 -1
    outer loop
      vertex 23.997264862060547 -18.235380172729492 -3.200000047683716
      vertex 24.035051345825195 -18.202638626098633 -3.200000047683716
      vertex 24.29736328125 -18.464948654174805 -3.200000047683716
    endloop
  endfacet
  facet normal 0 0 -1
    outer loop
      vertex 23.997264862060547 -18.235380172729492 -3.200000047683716
      vertex 23.770679473876953 -17.932697296142578 -3.200000047683716
      vertex 24.035051345825195 -18.202638626098633 -3.200000047683716
    endloop
  endfacet
  facet normal 0 0 -1
    outer loop
      vertex 24.567302703857422 -18.72932243347168 -3.200000047683716
      vertex 24.264619827270508 -18.502737045288086 -3.200000047683716
      vertex 24.59433364868164 -18.687259674072266 -3.200000047683716
    endloop
  endfacet
  facet normal 0 0 -1
    outer loop
      vertex 24.567302703857422 -18.72932243347168 -3.200000047683716
      vertex 24.59433364868164 -18.687259674072266 -3.200000047683716
      vertex 24.919921875 -18.86504364013672 -3.200000047683716
    endloop
  endfacet
  facet normal 0 0 -1
    outer loop
      vertex 24.899150848388672 -18.910524368286133 -3.200000047683716
      vertex 24.919921875 -18.86504364013672 -3.200000047683716
      vertex 25.26749610900879 -18.99468231201172 -3.200000047683716
    endloop
  endfacet
  facet normal 0 0 -1
    outer loop
      vertex 24.899150848388672 -18.910524368286133 -3.200000047683716
      vertex 25.26749610900879 -18.99468231201172 -3.200000047683716
      vertex 25.253408432006836 -19.04265594482422 -3.200000047683716
    endloop
  endfacet
  facet normal 0 0 -1
    outer loop
      vertex 24.567302703857422 -18.72932243347168 -3.200000047683716
      vertex 24.919921875 -18.86504364013672 -3.200000047683716
      vertex 24.899150848388672 -18.910524368286133 -3.200000047683716
    endloop
  endfacet
  facet normal 0 0 -1
    outer loop
      vertex 24.59433364868164 -18.687259674072266 -3.200000047683716
      vertex 24.264619827270508 -18.502737045288086 -3.200000047683716
      vertex 24.29736328125 -18.464948654174805 -3.200000047683716
    endloop
  endfacet
  facet normal 0 0 -1
    outer loop
      vertex 23.997264862060547 -18.235380172729492 -3.200000047683716
      vertex 24.29736328125 -18.464948654174805 -3.200000047683716
      vertex 24.264619827270508 -18.502737045288086 -3.200000047683716
    endloop
  endfacet
  facet normal 0 0 -1
    outer loop
      vertex 24.035051345825195 -18.202638626098633 -3.200000047683716
      vertex 23.770679473876953 -17.932697296142578 -3.200000047683716
      vertex 23.812740325927734 -17.90566635131836 -3.200000047683716
    endloop
  endfacet
  facet normal 0 0 -1
    outer loop
      vertex 23.812740325927734 -17.90566635131836 -3.200000047683716
      vertex 23.589475631713867 -17.600849151611328 -3.200000047683716
      vertex 23.63495635986328 -17.580078125 -3.200000047683716
    endloop
  endfacet
  facet normal 0 0 -1
    outer loop
      vertex 23.770679473876953 -17.932697296142578 -3.200000047683716
      vertex 23.589475631713867 -17.600849151611328 -3.200000047683716
      vertex 23.812740325927734 -17.90566635131836 -3.200000047683716
    endloop
  endfacet
  facet normal 0 0 -1
    outer loop
      vertex 23.63495635986328 -17.580078125 -3.200000047683716
      vertex 23.45734405517578 -17.246591567993164 -3.200000047683716
      vertex 23.505319595336914 -17.23250389099121 -3.200000047683716
    endloop
  endfacet
  facet normal 0 0 -1
    outer loop
      vertex 23.45734405517578 -17.246591567993164 -3.200000047683716
      vertex 23.37697410583496 -16.877134323120117 -3.200000047683716
      vertex 23.505319595336914 -17.23250389099121 -3.200000047683716
    endloop
  endfacet
  facet normal 0 0 -1
    outer loop
      vertex 23.589475631713867 -17.600849151611328 -3.200000047683716
      vertex 23.45734405517578 -17.246591567993164 -3.200000047683716
      vertex 23.63495635986328 -17.580078125 -3.200000047683716
    endloop
  endfacet
  facet normal 0.08649120335760785 -0.9962526144215396 0
    outer loop
      vertex 22.867136001586914 -21.382064819335938 -7.199999809265137
      vertex 28.397920608520508 -20.901901245117188 -7.199999809265137
      vertex 28.397920608520508 -20.901901245117188 1.100000023841858
    endloop
  endfacet
  facet normal 0.3255858600771117 -0.9455124788800238 0
    outer loop
      vertex 28.72342872619629 -20.847227096557617 -7.199999809265137
      vertex 29.035512924194336 -20.739761352539062 -3.049999952316284
      vertex 28.72342872619629 -20.847227096557617 -3.049999952316284
    endloop
  endfacet
  facet normal 0.4766647282612041 -0.8790851704082332 0
    outer loop
      vertex 29.035512924194336 -20.739761352539062 -7.199999809265137
      vertex 29.32567024230957 -20.582429885864258 -3.049999952316284
      vertex 29.035512924194336 -20.739761352539062 -3.049999952316284
    endloop
  endfacet
  facet normal 0.6147564092275524 -0.7887170324733999 0
    outer loop
      vertex 29.32567024230957 -20.582429885864258 -7.199999809265137
      vertex 29.586000442504883 -20.379518508911133 -3.049999952316284
      vertex 29.32567024230957 -20.582429885864258 -3.049999952316284
    endloop
  endfacet
  facet normal 0.7361047833789434 -0.6768675999681465 0
    outer loop
      vertex 29.586000442504883 -20.379518508911133 -7.199999809265137
      vertex 29.809412002563477 -20.136554718017578 -3.049999952316284
      vertex 29.586000442504883 -20.379518508911133 -3.049999952316284
    endloop
  endfacet
  facet normal 0.8374046448465817 -0.5465834435741449 0
    outer loop
      vertex 29.809412002563477 -20.136554718017578 -7.199999809265137
      vertex 29.989822387695312 -19.860153198242188 -3.049999952316284
      vertex 29.809412002563477 -20.136554718017578 -3.049999952316284
    endloop
  endfacet
  facet normal 0.9158991898858382 -0.4014083630998055 0
    outer loop
      vertex 29.989822387695312 -19.860153198242188 -7.199999809265137
      vertex 30.122314453125 -19.557844161987305 -3.049999952316284
      vertex 29.989822387695312 -19.860153198242188 -3.049999952316284
    endloop
  endfacet
  facet normal 0.9694461265287876 -0.2453043166320764 0
    outer loop
      vertex 30.122314453125 -19.557844161987305 -7.199999809265137
      vertex 30.20328140258789 -19.23786163330078 -3.049999952316284
      vertex 30.122314453125 -19.557844161987305 -3.049999952316284
    endloop
  endfacet
  facet normal 0.21256388851817906 0.9771471707465724 0
    outer loop
      vertex 25.622865676879883 -19.12302589416504 -7.199999809265137
      vertex 25.253408432006836 -19.04265594482422 -3.200000047683716
      vertex 25.622865676879883 -19.12302589416504 -3.200000047683716
    endloop
  endfacet
  facet normal 0.07134061789071053 0.9974520119980568 0
    outer loop
      vertex 26 -19.149999618530273 -7.199999809265137
      vertex 25.622865676879883 -19.12302589416504 -3.200000047683716
      vertex 26 -19.149999618530273 -3.200000047683716
    endloop
  endfacet
  facet normal -0.07134061789071053 0.9974520119980568 0
    outer loop
      vertex 26.377134323120117 -19.12302589416504 -7.199999809265137
      vertex 26 -19.149999618530273 -3.200000047683716
      vertex 26.377134323120117 -19.12302589416504 -3.200000047683716
    endloop
  endfacet
  facet normal -0.21256388851817906 0.9771471707465724 0
    outer loop
      vertex 26.746591567993164 -19.04265594482422 -7.199999809265137
      vertex 26.377134323120117 -19.12302589416504 -3.200000047683716
      vertex 26.746591567993164 -19.04265594482422 -3.200000047683716
    endloop
  endfacet
  facet normal -0.34946329226938827 0.9369500559561539 0
    outer loop
      vertex 27.10085105895996 -18.910524368286133 -7.199999809265137
      vertex 26.746591567993164 -19.04265594482422 -3.200000047683716
      vertex 27.10085105895996 -18.910524368286133 -3.200000047683716
    endloop
  endfacet
  facet normal -0.4792472319136466 0.8776799477617723 0
    outer loop
      vertex 27.43269920349121 -18.72932243347168 -7.199999809265137
      vertex 27.10085105895996 -18.910524368286133 -3.200000047683716
      vertex 27.43269920349121 -18.72932243347168 -3.200000047683716
    endloop
  endfacet
  facet normal -0.599277369790234 0.8005414630469174 0
    outer loop
      vertex 27.735382080078125 -18.502737045288086 -7.199999809265137
      vertex 27.43269920349121 -18.72932243347168 -3.200000047683716
      vertex 27.735382080078125 -18.502737045288086 -3.200000047683716
    endloop
  endfacet
  facet normal -0.7071093034736032 0.7071042588904948 0
    outer loop
      vertex 28.002737045288086 -18.235380172729492 -7.199999809265137
      vertex 27.735382080078125 -18.502737045288086 -3.200000047683716
      vertex 28.002737045288086 -18.235380172729492 -3.200000047683716
    endloop
  endfacet
  facet normal -0.8005414630469174 0.599277369790234 0
    outer loop
      vertex 28.22932243347168 -17.932697296142578 -7.199999809265137
      vertex 28.002737045288086 -18.235380172729492 -3.200000047683716
      vertex 28.22932243347168 -17.932697296142578 -3.200000047683716
    endloop
  endfacet
  facet normal -0.8776799477617723 0.4792472319136466 0
    outer loop
      vertex 28.410524368286133 -17.600849151611328 -7.199999809265137
      vertex 28.22932243347168 -17.932697296142578 -3.200000047683716
      vertex 28.410524368286133 -17.600849151611328 -3.200000047683716
    endloop
  endfacet
  facet normal -0.9369494398844861 0.34946494402178274 0
    outer loop
      vertex 28.54265594482422 -17.246591567993164 -7.199999809265137
      vertex 28.410524368286133 -17.600849151611328 -3.200000047683716
      vertex 28.54265594482422 -17.246591567993164 -3.200000047683716
    endloop
  endfacet
  facet normal -0.9771461229431952 0.212568705168663 0
    outer loop
      vertex 28.54265594482422 -17.246591567993164 -3.200000047683716
      vertex 28.623027801513672 -16.877134323120117 -3.200000047683716
      vertex 28.623027801513672 -16.877134323120117 -7.199999809265137
    endloop
  endfacet
  facet normal 1 0 0
    outer loop
      vertex 30.23051643371582 -18.908918380737305 -7.199999809265137
      vertex 30.23051643371582 -15.091081619262695 -7.199999809265137
      vertex 30.23051643371582 -18.908918380737305 1.100000023841858
    endloop
  endfacet
  facet normal 0 0 -1
    outer loop
      vertex 25.253408432006836 -19.04265594482422 -3.200000047683716
      vertex 25.629981994628906 -19.073535919189453 -3.200000047683716
      vertex 25.622865676879883 -19.12302589416504 -3.200000047683716
    endloop
  endfacet
  facet normal 0 0 -1
    outer loop
      vertex 25.253408432006836 -19.04265594482422 -3.200000047683716
      vertex 25.26749610900879 -18.99468231201172 -3.200000047683716
      vertex 25.629981994628906 -19.073535919189453 -3.200000047683716
    endloop
  endfacet
  facet normal 0 0 -1
    outer loop
      vertex 25.622865676879883 -19.12302589416504 -3.200000047683716
      vertex 25.629981994628906 -19.073535919189453 -3.200000047683716
      vertex 26 -19.100000381469727 -3.200000047683716
    endloop
  endfacet
  facet normal 0 0 -1
    outer loop
      vertex 25.622865676879883 -19.12302589416504 -3.200000047683716
      vertex 26 -19.100000381469727 -3.200000047683716
      vertex 26 -19.149999618530273 -3.200000047683716
    endloop
  endfacet
  facet normal 0 0 -1
    outer loop
      vertex 26 -19.149999618530273 -3.200000047683716
      vertex 26 -19.100000381469727 -3.200000047683716
      vertex 26.377134323120117 -19.12302589416504 -3.200000047683716
    endloop
  endfacet
  facet normal 0 0 -1
    outer loop
      vertex 26 -19.100000381469727 -3.200000047683716
      vertex 26.370019912719727 -19.073535919189453 -3.200000047683716
      vertex 26.377134323120117 -19.12302589416504 -3.200000047683716
    endloop
  endfacet
  facet normal 0 0 -1
    outer loop
      vertex 26.377134323120117 -19.12302589416504 -3.200000047683716
      vertex 26.370019912719727 -19.073535919189453 -3.200000047683716
      vertex 26.746591567993164 -19.04265594482422 -3.200000047683716
    endloop
  endfacet
  facet normal 0 0 -1
    outer loop
      vertex 26.370019912719727 -19.073535919189453 -3.200000047683716
      vertex 26.732505798339844 -18.99468231201172 -3.200000047683716
      vertex 26.746591567993164 -19.04265594482422 -3.200000047683716
    endloop
  endfacet
  facet normal 0 0 -1
    outer loop
      vertex 26.746591567993164 -19.04265594482422 -3.200000047683716
      vertex 26.732505798339844 -18.99468231201172 -3.200000047683716
      vertex 27.10085105895996 -18.910524368286133 -3.200000047683716
    endloop
  endfacet
  facet normal 0 0 -1
    outer loop
      vertex 26.732505798339844 -18.99468231201172 -3.200000047683716
      vertex 27.080080032348633 -18.86504364013672 -3.200000047683716
      vertex 27.10085105895996 -18.910524368286133 -3.200000047683716
    endloop
  endfacet
  facet normal 0 0 -1
    outer loop
      vertex 27.10085105895996 -18.910524368286133 -3.200000047683716
      vertex 27.080080032348633 -18.86504364013672 -3.200000047683716
      vertex 27.43269920349121 -18.72932243347168 -3.200000047683716
    endloop
  endfacet
  facet normal 0 0 -1
    outer loop
      vertex 27.080080032348633 -18.86504364013672 -3.200000047683716
      vertex 27.40566635131836 -18.687259674072266 -3.200000047683716
      vertex 27.43269920349121 -18.72932243347168 -3.200000047683716
    endloop
  endfacet
  facet normal 0 0 -1
    outer loop
      vertex 27.43269920349121 -18.72932243347168 -3.200000047683716
      vertex 27.40566635131836 -18.687259674072266 -3.200000047683716
      vertex 27.735382080078125 -18.502737045288086 -3.200000047683716
    endloop
  endfacet
  facet normal 0 0 -1
    outer loop
      vertex 27.40566635131836 -18.687259674072266 -3.200000047683716
      vertex 27.702638626098633 -18.464948654174805 -3.200000047683716
      vertex 27.735382080078125 -18.502737045288086 -3.200000047683716
    endloop
  endfacet
  facet normal 0 0 -1
    outer loop
      vertex 27.735382080078125 -18.502737045288086 -3.200000047683716
      vertex 27.702638626098633 -18.464948654174805 -3.200000047683716
      vertex 28.002737045288086 -18.235380172729492 -3.200000047683716
    endloop
  endfacet
  facet normal 0 0 -1
    outer loop
      vertex 27.702638626098633 -18.464948654174805 -3.200000047683716
      vertex 27.964948654174805 -18.202638626098633 -3.200000047683716
      vertex 28.002737045288086 -18.235380172729492 -3.200000047683716
    endloop
  endfacet
  facet normal 0 0 -1
    outer loop
      vertex 28.002737045288086 -18.235380172729492 -3.200000047683716
      vertex 27.964948654174805 -18.202638626098633 -3.200000047683716
      vertex 28.22932243347168 -17.932697296142578 -3.200000047683716
    endloop
  endfacet
  facet normal 0 0 -1
    outer loop
      vertex 27.964948654174805 -18.202638626098633 -3.200000047683716
      vertex 28.187259674072266 -17.90566635131836 -3.200000047683716
      vertex 28.22932243347168 -17.932697296142578 -3.200000047683716
    endloop
  endfacet
  facet normal 0 0 -1
    outer loop
      vertex 28.22932243347168 -17.932697296142578 -3.200000047683716
      vertex 28.187259674072266 -17.90566635131836 -3.200000047683716
      vertex 28.410524368286133 -17.600849151611328 -3.200000047683716
    endloop
  endfacet
  facet normal 0 0 -1
    outer loop
      vertex 28.187259674072266 -17.90566635131836 -3.200000047683716
      vertex 28.36504364013672 -17.580078125 -3.200000047683716
      vertex 28.410524368286133 -17.600849151611328 -3.200000047683716
    endloop
  endfacet
  facet normal 0 0 -1
    outer loop
      vertex 28.36504364013672 -17.580078125 -3.200000047683716
      vertex 28.54265594482422 -17.246591567993164 -3.200000047683716
      vertex 28.410524368286133 -17.600849151611328 -3.200000047683716
    endloop
  endfacet
  facet normal 0 0 -1
    outer loop
      vertex 28.36504364013672 -17.580078125 -3.200000047683716
      vertex 28.49468231201172 -17.23250389099121 -3.200000047683716
      vertex 28.54265594482422 -17.246591567993164 -3.200000047683716
    endloop
  endfacet
  facet normal 0 0 -1
    outer loop
      vertex 28.54265594482422 -17.246591567993164 -3.200000047683716
      vertex 28.49468231201172 -17.23250389099121 -3.200000047683716
      vertex 28.623027801513672 -16.877134323120117 -3.200000047683716
    endloop
  endfacet
  facet normal 0.10190525219473187 -0.9947938855536332 -0.0006669634421123666
    outer loop
      vertex 6.743553638458252 -22.960241317749023 1.100000023841858
      vertex 11.814064025878906 -22.435260772705078 -7.199999809265137
      vertex 13.956594467163086 -22.22134780883789 1.100000023841858
    endloop
  endfacet
  facet normal 0.09462786949713776 -0.9955123974099516 -0.0007955611373676834
    outer loop
      vertex 17.33912467956543 -21.893190383911133 -7.199999809265137
      vertex 21.17484474182129 -21.535221099853516 1.100000023841858
      vertex 13.956594467163086 -22.22134780883789 1.100000023841858
    endloop
  endfacet
  facet normal 0.150729864145621 0.6928972592347451 -0.7051055922339724
    outer loop
      vertex 11.683771133422852 -18.431045532226562 -3.200000047683716
      vertex 12.062637329101562 -17.394081115722656 -2.0999999046325684
      vertex 12.046257019042969 -18.509899139404297 -3.200000047683716
    endloop
  endfacet
  facet normal 0.05058728291663376 0.7072958945365969 -0.7051052718415795
    outer loop
      vertex 12.046257019042969 -18.509899139404297 -3.200000047683716
      vertex 12.344902992248535 -17.43466567993164 -2.0999999046325684
      vertex 12.416275024414062 -18.53636360168457 -3.200000047683716
    endloop
  endfacet
  facet normal -0.05050910435408764 0.7062046459695686 -0.706203815047996
    outer loop
      vertex 12.416275024414062 -18.53636360168457 -3.200000047683716
      vertex 12.62974739074707 -17.421096801757812 -2.0999999046325684
      vertex 12.786293983459473 -18.509899139404297 -3.200000047683716
    endloop
  endfacet
  facet normal -0.1504973699028483 0.6918284954266027 -0.7062038477437576
    outer loop
      vertex 12.786293983459473 -18.509899139404297 -3.200000047683716
      vertex 12.62974739074707 -17.421096801757812 -2.0999999046325684
      vertex 13.14877986907959 -18.431045532226562 -3.200000047683716
    endloop
  endfacet
  facet normal 0.42494722778600297 0.5676669905713478 -0.7051056952065132
    outer loop
      vertex 10.713637351989746 -17.90131378173828 -3.200000047683716
      vertex 11.54619026184082 -17.158227920532227 -2.0999999046325684
      vertex 11.01060962677002 -18.12362289428711 -3.200000047683716
    endloop
  endfacet
  facet normal 0.2474232245390384 0.6633682099831788 -0.7062041956420381
    outer loop
      vertex 11.336195945739746 -18.301406860351562 -3.200000047683716
      vertex 11.793152809143066 -17.300811767578125 -2.0999999046325684
      vertex 11.683771133422852 -18.431045532226562 -3.200000047683716
    endloop
  endfacet
  facet normal 0.33931278464158665 0.6214036224772393 -0.7062042000377345
    outer loop
      vertex 11.01060962677002 -18.12362289428711 -3.200000047683716
      vertex 11.793152809143066 -17.300811767578125 -2.0999999046325684
      vertex 11.336195945739746 -18.301406860351562 -3.200000047683716
    endloop
  endfacet
  facet normal 0.5014120134922421 0.5014101905337921 -0.7051055336292021
    outer loop
      vertex 10.713637351989746 -17.90131378173828 -3.200000047683716
      vertex 10.451326370239258 -17.639001846313477 -3.200000047683716
      vertex 11.330674171447754 -16.97148323059082 -2.0999999046325684
    endloop
  endfacet
  facet normal -0.2478061423152448 0.6643930306609691 -0.7051056776398622
    outer loop
      vertex 13.14877986907959 -18.431045532226562 -3.200000047683716
      vertex 12.906877517700195 -17.353864669799805 -2.0999999046325684
      vertex 13.496354103088379 -18.301406860351562 -3.200000047683716
    endloop
  endfacet
  facet normal 0.23086757774084482 0.6670491388560248 -0.7083400369169534
    outer loop
      vertex 11.683771133422852 -18.431045532226562 -3.200000047683716
      vertex 11.793152809143066 -17.300811767578125 -2.0999999046325684
      vertex 12.062637329101562 -17.394081115722656 -2.0999999046325684
    endloop
  endfacet
  facet normal 0.4616274912910925 0.5327495639754541 -0.709279889301999
    outer loop
      vertex 10.713637351989746 -17.90131378173828 -3.200000047683716
      vertex 11.330674171447754 -16.97148323059082 -2.0999999046325684
      vertex 11.54619026184082 -17.158227920532227 -2.0999999046325684
    endloop
  endfacet
  facet normal 0.5548527525660782 0.4363405141539062 -0.7083398751148712
    outer loop
      vertex 10.451326370239258 -17.639001846313477 -3.200000047683716
      vertex 11.15439510345459 -16.747325897216797 -2.0999999046325684
      vertex 11.330674171447754 -16.97148323059082 -2.0999999046325684
    endloop
  endfacet
  facet normal 0.35293565046834435 0.6113026761396027 -0.708339935887457
    outer loop
      vertex 11.01060962677002 -18.12362289428711 -3.200000047683716
      vertex 11.54619026184082 -17.158227920532227 -2.0999999046325684
      vertex 11.793152809143066 -17.300811767578125 -2.0999999046325684
    endloop
  endfacet
  facet normal 0.10032378011706418 0.6977519378632462 -0.7092794740799339
    outer loop
      vertex 12.046257019042969 -18.509899139404297 -3.200000047683716
      vertex 12.062637329101562 -17.394081115722656 -2.0999999046325684
      vertex 12.344902992248535 -17.43466567993164 -2.0999999046325684
    endloop
  endfacet
  facet normal -0.03358689492155386 0.7050722070610507 -0.7083396807461709
    outer loop
      vertex 12.416275024414062 -18.53636360168457 -3.200000047683716
      vertex 12.344902992248535 -17.43466567993164 -2.0999999046325684
      vertex 12.62974739074707 -17.421096801757812 -2.0999999046325684
    endloop
  endfacet
  facet normal -0.166418018445169 0.685973287412672 -0.7083400963471115
    outer loop
      vertex 13.14877986907959 -18.431045532226562 -3.200000047683716
      vertex 12.62974739074707 -17.421096801757812 -2.0999999046325684
      vertex 12.906877517700195 -17.353864669799805 -2.0999999046325684
    endloop
  endfacet
  facet normal -0.29283859512745586 0.6412235923737118 -0.7092798191032436
    outer loop
      vertex 13.496354103088379 -18.301406860351562 -3.200000047683716
      vertex 12.906877517700195 -17.353864669799805 -2.0999999046325684
      vertex 13.166275024414062 -17.235401153564453 -2.0999999046325684
    endloop
  endfacet
  facet normal -0.3398362527758692 0.6223641036714949 -0.7051058386940449
    outer loop
      vertex 13.496354103088379 -18.301406860351562 -3.200000047683716
      vertex 13.166275024414062 -17.235401153564453 -2.0999999046325684
      vertex 13.821941375732422 -18.12362289428711 -3.200000047683716
    endloop
  endfacet
  facet normal -0.4242914443466646 0.5667909603559838 -0.7062044870382536
    outer loop
      vertex 13.821941375732422 -18.12362289428711 -3.200000047683716
      vertex 13.398566246032715 -17.069988250732422 -2.0999999046325684
      vertex 14.118913650512695 -17.90131378173828 -3.200000047683716
    endloop
  endfacet
  facet normal -0.5006380946945143 0.500636274549762 -0.7062045162313689
    outer loop
      vertex 14.118913650512695 -17.90131378173828 -3.200000047683716
      vertex 13.398566246032715 -17.069988250732422 -2.0999999046325684
      vertex 14.381224632263184 -17.639001846313477 -3.200000047683716
    endloop
  endfacet
  facet normal -0.5676660315727329 0.4249483328534165 -0.7051058012834435
    outer loop
      vertex 14.381224632263184 -17.639001846313477 -3.200000047683716
      vertex 13.595355033874512 -16.863601684570312 -2.0999999046325684
      vertex 14.603534698486328 -17.342029571533203 -3.200000047683716
    endloop
  endfacet
  facet normal -0.4094439295016594 0.5749867691087052 -0.708340231770138
    outer loop
      vertex 13.821941375732422 -18.12362289428711 -3.200000047683716
      vertex 13.166275024414062 -17.235401153564453 -2.0999999046325684
      vertex 13.398566246032715 -17.069988250732422 -2.0999999046325684
    endloop
  endfacet
  facet normal -0.5108634699517752 0.48710633096874906 -0.7083402695025853
    outer loop
      vertex 14.381224632263184 -17.639001846313477 -3.200000047683716
      vertex 13.398566246032715 -17.069988250732422 -2.0999999046325684
      vertex 13.595355033874512 -16.863601684570312 -2.0999999046325684
    endloop
  endfacet
  facet normal 0.32706749033123284 0.9450009824166474 0
    outer loop
      vertex 11.793152809143066 -17.300811767578125 -2.0999999046325684
      vertex 11.793152809143066 -17.300811767578125 1.100000023841858
      vertex 12.062637329101562 -17.394081115722656 -2.0999999046325684
    endloop
  endfacet
  facet normal 0.499999878706107 0.8660254738134892 0
    outer loop
      vertex 11.793152809143066 -17.300811767578125 -2.0999999046325684
      vertex 11.54619026184082 -17.158227920532227 -2.0999999046325684
      vertex 11.54619026184082 -17.158227920532227 1.100000023841858
    endloop
  endfacet
  facet normal 0.6548586000202636 0.7557514234055402 0
    outer loop
      vertex 11.54619026184082 -17.158227920532227 -2.0999999046325684
      vertex 11.330674171447754 -16.97148323059082 -2.0999999046325684
      vertex 11.330674171447754 -16.97148323059082 1.100000023841858
    endloop
  endfacet
  facet normal 0.14231789158746622 0.9898210028758221 0
    outer loop
      vertex 12.062637329101562 -17.394081115722656 -2.0999999046325684
      vertex 12.062637329101562 -17.394081115722656 1.100000023841858
      vertex 12.344902992248535 -17.43466567993164 -2.0999999046325684
    endloop
  endfacet
  facet normal -0.04758215066485243 0.9988673279961194 0
    outer loop
      vertex 12.344902992248535 -17.43466567993164 -2.0999999046325684
      vertex 12.344902992248535 -17.43466567993164 1.100000023841858
      vertex 12.62974739074707 -17.421096801757812 -2.0999999046325684
    endloop
  endfacet
  facet normal -0.2357625473879233 0.9718106920841926 0
    outer loop
      vertex 12.62974739074707 -17.421096801757812 -2.0999999046325684
      vertex 12.62974739074707 -17.421096801757812 1.100000023841858
      vertex 12.906877517700195 -17.353864669799805 -2.0999999046325684
    endloop
  endfacet
  facet normal -0.4154168823134486 0.909631141666211 0
    outer loop
      vertex 12.906877517700195 -17.353864669799805 -2.0999999046325684
      vertex 12.906877517700195 -17.353864669799805 1.100000023841858
      vertex 13.166275024414062 -17.235401153564453 -2.0999999046325684
    endloop
  endfacet
  facet normal -0.5800547519931878 0.8145774884503754 0
    outer loop
      vertex 13.166275024414062 -17.235401153564453 -2.0999999046325684
      vertex 13.166275024414062 -17.235401153564453 1.100000023841858
      vertex 13.398566246032715 -17.069988250732422 -2.0999999046325684
    endloop
  endfacet
  facet normal -0.7237347483002876 0.6900782666500368 0
    outer loop
      vertex 13.398566246032715 -17.069988250732422 -2.0999999046325684
      vertex 13.398566246032715 -17.069988250732422 1.100000023841858
      vertex 13.595355033874512 -16.863601684570312 -2.0999999046325684
    endloop
  endfacet
  facet normal 0.4249492780990722 0.5676648590858173 -0.7051061755524173
    outer loop
      vertex 17.645240783691406 -20.009675979614258 -3.200000047683716
      vertex 18.477794647216797 -19.266590118408203 -2.0999999046325684
      vertex 17.94221305847168 -20.23198699951172 -3.200000047683716
    endloop
  endfacet
  facet normal 0.5014130166089438 0.50140937068475 -0.7051054033012668
    outer loop
      vertex 17.382930755615234 -19.747364044189453 -3.200000047683716
      vertex 18.262277603149414 -19.079845428466797 -2.0999999046325684
      vertex 17.645240783691406 -20.009675979614258 -3.200000047683716
    endloop
  endfacet
  facet normal 0.5667881278215854 0.42429568933605366 -0.7062042099643312
    outer loop
      vertex 17.382930755615234 -19.747364044189453 -3.200000047683716
      vertex 17.160619735717773 -19.450393676757812 -3.200000047683716
      vertex 18.08599853515625 -18.855688095092773 -2.0999999046325684
    endloop
  endfacet
  facet normal 0.5548529416282315 0.4363406628338519 -0.7083396354321937
    outer loop
      vertex 17.382930755615234 -19.747364044189453 -3.200000047683716
      vertex 18.08599853515625 -18.855688095092773 -2.0999999046325684
      vertex 18.262277603149414 -19.079845428466797 -2.0999999046325684
    endloop
  endfacet
  facet normal 0.05058724073549631 0.7072953047728535 -0.7051058664633597
    outer loop
      vertex 18.977861404418945 -20.618263244628906 -3.200000047683716
      vertex 19.276506423950195 -19.543027877807617 -2.0999999046325684
      vertex 19.34787940979004 -20.64472770690918 -3.200000047683716
    endloop
  endfacet
  facet normal -0.050509191425324444 0.7062040432250264 -0.7062044115652245
    outer loop
      vertex 19.34787940979004 -20.64472770690918 -3.200000047683716
      vertex 19.561351776123047 -19.52945899963379 -2.0999999046325684
      vertex 19.717897415161133 -20.618263244628906 -3.200000047683716
    endloop
  endfacet
  facet normal 0.3393111064049034 0.621404189309407 -0.7062045076173041
    outer loop
      vertex 17.94221305847168 -20.23198699951172 -3.200000047683716
      vertex 18.724756240844727 -19.4091739654541 -2.0999999046325684
      vertex 18.26780128479004 -20.409770965576172 -3.200000047683716
    endloop
  endfacet
  facet normal 0.24742053334372163 0.6633689344931077 -0.7062044579506612
    outer loop
      vertex 18.615375518798828 -20.53940773010254 -3.200000047683716
      vertex 18.26780128479004 -20.409770965576172 -3.200000047683716
      vertex 18.724756240844727 -19.4091739654541 -2.0999999046325684
    endloop
  endfacet
  facet normal 0.15073329377093558 0.6928962649368695 -0.7051058361590127
    outer loop
      vertex 18.615375518798828 -20.53940773010254 -3.200000047683716
      vertex 18.99424171447754 -19.502443313598633 -2.0999999046325684
      vertex 18.977861404418945 -20.618263244628906 -3.200000047683716
    endloop
  endfacet
  facet normal -0.15050075905831575 0.6918273409466109 -0.7062042564595691
    outer loop
      vertex 19.717897415161133 -20.618263244628906 -3.200000047683716
      vertex 19.561351776123047 -19.52945899963379 -2.0999999046325684
      vertex 20.08038330078125 -20.53940773010254 -3.200000047683716
    endloop
  endfacet
  facet normal -0.2478018751129539 0.6643950108410491 -0.7051053114677452
    outer loop
      vertex 20.08038330078125 -20.53940773010254 -3.200000047683716
      vertex 19.838481903076172 -19.462228775024414 -2.0999999046325684
      vertex 20.427959442138672 -20.409770965576172 -3.200000047683716
    endloop
  endfacet
  facet normal -0.33983699105670506 0.6223636327687009 -0.7051058985120394
    outer loop
      vertex 20.427959442138672 -20.409770965576172 -3.200000047683716
      vertex 20.09787940979004 -19.343765258789062 -2.0999999046325684
      vertex 20.7535457611084 -20.23198699951172 -3.200000047683716
    endloop
  endfacet
  facet normal 0.2308668502942241 0.6670493976353852 -0.708340030317004
    outer loop
      vertex 18.615375518798828 -20.53940773010254 -3.200000047683716
      vertex 18.724756240844727 -19.4091739654541 -2.0999999046325684
      vertex 18.99424171447754 -19.502443313598633 -2.0999999046325684
    endloop
  endfacet
  facet normal 0.10032402921384855 0.6977513128724043 -0.709280053679176
    outer loop
      vertex 18.977861404418945 -20.618263244628906 -3.200000047683716
      vertex 18.99424171447754 -19.502443313598633 -2.0999999046325684
      vertex 19.276506423950195 -19.543027877807617 -2.0999999046325684
    endloop
  endfacet
  facet normal 0.4616262590454747 0.5327504993292206 -0.7092799887379783
    outer loop
      vertex 17.645240783691406 -20.009675979614258 -3.200000047683716
      vertex 18.262277603149414 -19.079845428466797 -2.0999999046325684
      vertex 18.477794647216797 -19.266590118408203 -2.0999999046325684
    endloop
  endfacet
  facet normal 0.35293633622171394 0.6113015032793967 -0.7083406063912636
    outer loop
      vertex 17.94221305847168 -20.23198699951172 -3.200000047683716
      vertex 18.477794647216797 -19.266590118408203 -2.0999999046325684
      vertex 18.724756240844727 -19.4091739654541 -2.0999999046325684
    endloop
  endfacet
  facet normal -0.033586752993095575 0.7050715882403551 -0.7083403034415053
    outer loop
      vertex 19.34787940979004 -20.64472770690918 -3.200000047683716
      vertex 19.276506423950195 -19.543027877807617 -2.0999999046325684
      vertex 19.561351776123047 -19.52945899963379 -2.0999999046325684
    endloop
  endfacet
  facet normal -0.1664137075830972 0.6859749789206109 -0.7083394710330033
    outer loop
      vertex 20.08038330078125 -20.53940773010254 -3.200000047683716
      vertex 19.561351776123047 -19.52945899963379 -2.0999999046325684
      vertex 19.838481903076172 -19.462228775024414 -2.0999999046325684
    endloop
  endfacet
  facet normal -0.29283854239457013 0.6412234769054267 -0.7092799452638847
    outer loop
      vertex 20.427959442138672 -20.409770965576172 -3.200000047683716
      vertex 19.838481903076172 -19.462228775024414 -2.0999999046325684
      vertex 20.09787940979004 -19.343765258789062 -2.0999999046325684
    endloop
  endfacet
  facet normal -0.40944593448203037 0.5749853152919863 -0.7083402529397239
    outer loop
      vertex 20.7535457611084 -20.23198699951172 -3.200000047683716
      vertex 20.09787940979004 -19.343765258789062 -2.0999999046325684
      vertex 20.330171585083008 -19.1783504486084 -2.0999999046325684
    endloop
  endfacet
  facet normal 0.5000013268151696 0.8660246377459883 0
    outer loop
      vertex 18.477794647216797 -19.266590118408203 -2.0999999046325684
      vertex 18.477794647216797 -19.266590118408203 1.100000023841858
      vertex 18.724756240844727 -19.4091739654541 -2.0999999046325684
    endloop
  endfacet
  facet normal 0.14231836269092152 0.9898209351397732 0
    outer loop
      vertex 18.99424171447754 -19.502443313598633 -2.0999999046325684
      vertex 18.99424171447754 -19.502443313598633 1.100000023841858
      vertex 19.276506423950195 -19.543027877807617 -2.0999999046325684
    endloop
  endfacet
  facet normal 0.32706645669702933 0.9450013401597113 0
    outer loop
      vertex 18.99424171447754 -19.502443313598633 -2.0999999046325684
      vertex 18.724756240844727 -19.4091739654541 -2.0999999046325684
      vertex 18.724756240844727 -19.4091739654541 1.100000023841858
    endloop
  endfacet
  facet normal -0.04758199171847363 0.9988673355676935 0
    outer loop
      vertex 19.276506423950195 -19.543027877807617 -2.0999999046325684
      vertex 19.276506423950195 -19.543027877807617 1.100000023841858
      vertex 19.561351776123047 -19.52945899963379 -2.0999999046325684
    endloop
  endfacet
  facet normal -0.23575623065684945 0.9718122245096913 0
    outer loop
      vertex 19.561351776123047 -19.52945899963379 -2.0999999046325684
      vertex 19.561351776123047 -19.52945899963379 1.100000023841858
      vertex 19.838481903076172 -19.462228775024414 -2.0999999046325684
    endloop
  endfacet
  facet normal -0.4154168823134486 0.909631141666211 0
    outer loop
      vertex 19.838481903076172 -19.462228775024414 -2.0999999046325684
      vertex 19.838481903076172 -19.462228775024414 1.100000023841858
      vertex 20.09787940979004 -19.343765258789062 -2.0999999046325684
    endloop
  endfacet
  facet normal -0.5800576098842223 0.8145754533592351 0
    outer loop
      vertex 20.09787940979004 -19.343765258789062 -2.0999999046325684
      vertex 20.09787940979004 -19.343765258789062 1.100000023841858
      vertex 20.330171585083008 -19.1783504486084 -2.0999999046325684
    endloop
  endfacet
  facet normal 0.6214044238220037 0.3393112344579967 -0.7062042397387841
    outer loop
      vertex 17.160619735717773 -19.450393676757812 -3.200000047683716
      vertex 16.98283576965332 -19.124805450439453 -3.200000047683716
      vertex 18.08599853515625 -18.855688095092773 -2.0999999046325684
    endloop
  endfacet
  facet normal 0.6643928357738987 0.24780606962602192 -0.7051058868204269
    outer loop
      vertex 16.98283576965332 -19.124805450439453 -3.200000047683716
      vertex 16.85319709777832 -18.777231216430664 -3.200000047683716
      vertex 17.9553279876709 -18.60222053527832 -2.0999999046325684
    endloop
  endfacet
  facet normal 0.6928970439005399 0.15072981730275206 -0.7051058138533337
    outer loop
      vertex 16.774343490600586 -18.414745330810547 -3.200000047683716
      vertex 17.87498664855957 -18.328603744506836 -2.0999999046325684
      vertex 16.85319709777832 -18.777231216430664 -3.200000047683716
    endloop
  endfacet
  facet normal 0.7062041505877394 0.05050919910413042 -0.706204303653347
    outer loop
      vertex 16.774343490600586 -18.414745330810547 -3.200000047683716
      vertex 16.747879028320312 -18.044727325439453 -3.200000047683716
      vertex 17.84787940979004 -18.044727325439453 -2.0999999046325684
    endloop
  endfacet
  facet normal 0.6274044087351317 0.3234468254799845 -0.7083402141532276
    outer loop
      vertex 16.98283576965332 -19.124805450439453 -3.200000047683716
      vertex 17.9553279876709 -18.60222053527832 -2.0999999046325684
      vertex 18.08599853515625 -18.855688095092773 -2.0999999046325684
    endloop
  endfacet
  facet normal 0.6763722445675453 0.19860130554515135 -0.7092799928197764
    outer loop
      vertex 16.85319709777832 -18.777231216430664 -3.200000047683716
      vertex 17.87498664855957 -18.328603744506836 -2.0999999046325684
      vertex 17.9553279876709 -18.60222053527832 -2.0999999046325684
    endloop
  endfacet
  facet normal 0.7026749231914534 0.06709813017541093 -0.7083401677477064
    outer loop
      vertex 16.774343490600586 -18.414745330810547 -3.200000047683716
      vertex 17.84787940979004 -18.044727325439453 -2.0999999046325684
      vertex 17.87498664855957 -18.328603744506836 -2.0999999046325684
    endloop
  endfacet
  facet normal 0.7062041598747322 -0.050508939407629544 -0.7062043129403417
    outer loop
      vertex 16.747879028320312 -18.044727325439453 -3.200000047683716
      vertex 16.774343490600586 -17.674707412719727 -3.200000047683716
      vertex 17.84787940979004 -18.044727325439453 -2.0999999046325684
    endloop
  endfacet
  facet normal 0.6928969162097782 -0.15072978952545765 -0.7051059452710572
    outer loop
      vertex 16.774343490600586 -17.674707412719727 -3.200000047683716
      vertex 16.85319709777832 -17.31222152709961 -3.200000047683716
      vertex 17.87498664855957 -17.76085090637207 -2.0999999046325684
    endloop
  endfacet
  facet normal 0.6643926344809803 -0.2478059945475378 -0.7051061028765305
    outer loop
      vertex 16.85319709777832 -17.31222152709961 -3.200000047683716
      vertex 16.98283576965332 -16.96464729309082 -3.200000047683716
      vertex 17.9553279876709 -17.487234115600586 -2.0999999046325684
    endloop
  endfacet
  facet normal 0.7026748652827199 -0.06709812464573056 -0.7083402257170894
    outer loop
      vertex 16.774343490600586 -17.674707412719727 -3.200000047683716
      vertex 17.87498664855957 -17.76085090637207 -2.0999999046325684
      vertex 17.84787940979004 -18.044727325439453 -2.0999999046325684
    endloop
  endfacet
  facet normal 0.6763720793626646 -0.19860125703650064 -0.7092801639423923
    outer loop
      vertex 16.85319709777832 -17.31222152709961 -3.200000047683716
      vertex 17.9553279876709 -17.487234115600586 -2.0999999046325684
      vertex 17.87498664855957 -17.76085090637207 -2.0999999046325684
    endloop
  endfacet
  facet normal 0.6274041594883201 -0.32344669698536627 -0.7083404935947198
    outer loop
      vertex 17.9553279876709 -17.487234115600586 -2.0999999046325684
      vertex 16.98283576965332 -16.96464729309082 -3.200000047683716
      vertex 18.08599853515625 -17.233766555786133 -2.0999999046325684
    endloop
  endfacet
  facet normal 0.8888369648968535 0.45822358061643864 0
    outer loop
      vertex 17.9553279876709 -18.60222053527832 -2.0999999046325684
      vertex 17.9553279876709 -18.60222053527832 1.100000023841858
      vertex 18.08599853515625 -18.855688095092773 -2.0999999046325684
    endloop
  endfacet
  facet normal 0.9594927836218496 0.2817332038961587 0
    outer loop
      vertex 17.9553279876709 -18.60222053527832 -2.0999999046325684
      vertex 17.87498664855957 -18.328603744506836 -2.0999999046325684
      vertex 17.87498664855957 -18.328603744506836 1.100000023841858
    endloop
  endfacet
  facet normal 0.9954718139357258 0.09505718099920404 0
    outer loop
      vertex 17.87498664855957 -18.328603744506836 -2.0999999046325684
      vertex 17.84787940979004 -18.044727325439453 -2.0999999046325684
      vertex 17.84787940979004 -18.044727325439453 1.100000023841858
    endloop
  endfacet
  facet normal 0.9954718139357258 -0.09505718099920404 0
    outer loop
      vertex 17.84787940979004 -18.044727325439453 -2.0999999046325684
      vertex 17.87498664855957 -17.76085090637207 -2.0999999046325684
      vertex 17.87498664855957 -17.76085090637207 1.100000023841858
    endloop
  endfacet
  facet normal 0.9594927836218496 -0.2817332038961587 0
    outer loop
      vertex 17.87498664855957 -17.76085090637207 -2.0999999046325684
      vertex 17.9553279876709 -17.487234115600586 -2.0999999046325684
      vertex 17.9553279876709 -17.487234115600586 1.100000023841858
    endloop
  endfacet
  facet normal 0.8888369648968535 -0.45822358061643864 0
    outer loop
      vertex 17.9553279876709 -17.487234115600586 -2.0999999046325684
      vertex 18.08599853515625 -17.233766555786133 -2.0999999046325684
      vertex 18.08599853515625 -17.233766555786133 1.100000023841858
    endloop
  endfacet
  facet normal 0.6548569449166609 0.7557528575496207 0
    outer loop
      vertex 18.477794647216797 -19.266590118408203 -2.0999999046325684
      vertex 18.262277603149414 -19.079845428466797 -2.0999999046325684
      vertex 18.262277603149414 -19.079845428466797 1.100000023841858
    endloop
  endfacet
  facet normal 0.7860534481168868 0.6181585368686198 0
    outer loop
      vertex 18.262277603149414 -19.079845428466797 -2.0999999046325684
      vertex 18.08599853515625 -18.855688095092773 -2.0999999046325684
      vertex 18.08599853515625 -18.855688095092773 1.100000023841858
    endloop
  endfacet
  facet normal -0.723734903645975 0.6900781037277962 0
    outer loop
      vertex 20.330171585083008 -19.1783504486084 -2.0999999046325684
      vertex 20.330171585083008 -19.1783504486084 1.100000023841858
      vertex 20.526958465576172 -18.971965789794922 -2.0999999046325684
    endloop
  endfacet
  facet normal 0.7860534481168868 -0.6181585368686198 0
    outer loop
      vertex 18.08599853515625 -17.233766555786133 -2.0999999046325684
      vertex 18.262277603149414 -17.00960922241211 -2.0999999046325684
      vertex 18.262277603149414 -17.00960922241211 1.100000023841858
    endloop
  endfacet
  facet normal -0.7237380887640007 -0.6900747632483248 0
    outer loop
      vertex 20.526958465576172 -17.117488861083984 -2.0999999046325684
      vertex 20.526958465576172 -17.117488861083984 1.100000023841858
      vertex 20.330171585083008 -16.911102294921875 -2.0999999046325684
    endloop
  endfacet
  facet normal 0 0 1
    outer loop
      vertex 8.681885719299316 -19.371679306030273 1.100000023841858
      vertex 13.956594467163086 -22.22134780883789 1.100000023841858
      vertex 12.62974739074707 -17.421096801757812 1.100000023841858
    endloop
  endfacet
  facet normal 0 0 1
    outer loop
      vertex 13.956594467163086 -22.22134780883789 1.100000023841858
      vertex 18.08599853515625 -18.855688095092773 1.100000023841858
      vertex 12.62974739074707 -17.421096801757812 1.100000023841858
    endloop
  endfacet
  facet normal 0.32706749033123284 0.9450009824166474 0
    outer loop
      vertex 12.062637329101562 -17.394081115722656 -2.0999999046325684
      vertex 11.793152809143066 -17.300811767578125 1.100000023841858
      vertex 12.062637329101562 -17.394081115722656 1.100000023841858
    endloop
  endfacet
  facet normal 0.6548586000202636 0.7557514234055402 0
    outer loop
      vertex 11.54619026184082 -17.158227920532227 -2.0999999046325684
      vertex 11.330674171447754 -16.97148323059082 1.100000023841858
      vertex 11.54619026184082 -17.158227920532227 1.100000023841858
    endloop
  endfacet
  facet normal 0.499999878706107 0.8660254738134892 0
    outer loop
      vertex 11.793152809143066 -17.300811767578125 -2.0999999046325684
      vertex 11.54619026184082 -17.158227920532227 1.100000023841858
      vertex 11.793152809143066 -17.300811767578125 1.100000023841858
    endloop
  endfacet
  facet normal 0.14231789158746622 0.9898210028758221 0
    outer loop
      vertex 12.344902992248535 -17.43466567993164 -2.0999999046325684
      vertex 12.062637329101562 -17.394081115722656 1.100000023841858
      vertex 12.344902992248535 -17.43466567993164 1.100000023841858
    endloop
  endfacet
  facet normal -0.04758215066485243 0.9988673279961194 0
    outer loop
      vertex 12.62974739074707 -17.421096801757812 -2.0999999046325684
      vertex 12.344902992248535 -17.43466567993164 1.100000023841858
      vertex 12.62974739074707 -17.421096801757812 1.100000023841858
    endloop
  endfacet
  facet normal -0.2357625473879233 0.9718106920841926 0
    outer loop
      vertex 12.906877517700195 -17.353864669799805 -2.0999999046325684
      vertex 12.62974739074707 -17.421096801757812 1.100000023841858
      vertex 12.906877517700195 -17.353864669799805 1.100000023841858
    endloop
  endfacet
  facet normal -0.4154168823134486 0.909631141666211 0
    outer loop
      vertex 13.166275024414062 -17.235401153564453 -2.0999999046325684
      vertex 12.906877517700195 -17.353864669799805 1.100000023841858
      vertex 13.166275024414062 -17.235401153564453 1.100000023841858
    endloop
  endfacet
  facet normal -0.5800547519931878 0.8145774884503754 0
    outer loop
      vertex 13.398566246032715 -17.069988250732422 -2.0999999046325684
      vertex 13.166275024414062 -17.235401153564453 1.100000023841858
      vertex 13.398566246032715 -17.069988250732422 1.100000023841858
    endloop
  endfacet
  facet normal 0 0 1
    outer loop
      vertex 8.681885719299316 -19.371679306030273 1.100000023841858
      vertex 12.62974739074707 -17.421096801757812 1.100000023841858
      vertex 12.344902992248535 -17.43466567993164 1.100000023841858
    endloop
  endfacet
  facet normal 0 0 1
    outer loop
      vertex 8.837224960327148 -18.703954696655273 1.100000023841858
      vertex 12.344902992248535 -17.43466567993164 1.100000023841858
      vertex 12.062637329101562 -17.394081115722656 1.100000023841858
    endloop
  endfacet
  facet normal 0 0 1
    outer loop
      vertex 8.94128704071045 -18.026344299316406 1.100000023841858
      vertex 12.062637329101562 -17.394081115722656 1.100000023841858
      vertex 11.793152809143066 -17.300811767578125 1.100000023841858
    endloop
  endfacet
  facet normal 0 0 1
    outer loop
      vertex 12.62974739074707 -17.421096801757812 1.100000023841858
      vertex 17.9553279876709 -18.60222053527832 1.100000023841858
      vertex 12.906877517700195 -17.353864669799805 1.100000023841858
    endloop
  endfacet
  facet normal 0 0 1
    outer loop
      vertex 12.906877517700195 -17.353864669799805 1.100000023841858
      vertex 17.87498664855957 -18.328603744506836 1.100000023841858
      vertex 13.166275024414062 -17.235401153564453 1.100000023841858
    endloop
  endfacet
  facet normal 0 0 1
    outer loop
      vertex 13.166275024414062 -17.235401153564453 1.100000023841858
      vertex 17.84787940979004 -18.044727325439453 1.100000023841858
      vertex 13.398566246032715 -17.069988250732422 1.100000023841858
    endloop
  endfacet
  facet normal 0 0 1
    outer loop
      vertex 13.398566246032715 -17.069988250732422 1.100000023841858
      vertex 17.87498664855957 -17.76085090637207 1.100000023841858
      vertex 13.595355033874512 -16.863601684570312 1.100000023841858
    endloop
  endfacet
  facet normal 0.5000013268151696 0.8660246377459883 0
    outer loop
      vertex 18.724756240844727 -19.4091739654541 -2.0999999046325684
      vertex 18.477794647216797 -19.266590118408203 1.100000023841858
      vertex 18.724756240844727 -19.4091739654541 1.100000023841858
    endloop
  endfacet
  facet normal 0.6548569449166609 0.7557528575496207 0
    outer loop
      vertex 18.477794647216797 -19.266590118408203 -2.0999999046325684
      vertex 18.262277603149414 -19.079845428466797 1.100000023841858
      vertex 18.477794647216797 -19.266590118408203 1.100000023841858
    endloop
  endfacet
  facet normal 0.32706645669702933 0.9450013401597113 0
    outer loop
      vertex 18.99424171447754 -19.502443313598633 -2.0999999046325684
      vertex 18.724756240844727 -19.4091739654541 1.100000023841858
      vertex 18.99424171447754 -19.502443313598633 1.100000023841858
    endloop
  endfacet
  facet normal 0.14231836269092152 0.9898209351397732 0
    outer loop
      vertex 19.276506423950195 -19.543027877807617 -2.0999999046325684
      vertex 18.99424171447754 -19.502443313598633 1.100000023841858
      vertex 19.276506423950195 -19.543027877807617 1.100000023841858
    endloop
  endfacet
  facet normal -0.04758199171847363 0.9988673355676935 0
    outer loop
      vertex 19.561351776123047 -19.52945899963379 -2.0999999046325684
      vertex 19.276506423950195 -19.543027877807617 1.100000023841858
      vertex 19.561351776123047 -19.52945899963379 1.100000023841858
    endloop
  endfacet
  facet normal -0.23575623065684945 0.9718122245096913 0
    outer loop
      vertex 19.838481903076172 -19.462228775024414 -2.0999999046325684
      vertex 19.561351776123047 -19.52945899963379 1.100000023841858
      vertex 19.838481903076172 -19.462228775024414 1.100000023841858
    endloop
  endfacet
  facet normal -0.4154168823134486 0.909631141666211 0
    outer loop
      vertex 20.09787940979004 -19.343765258789062 -2.0999999046325684
      vertex 19.838481903076172 -19.462228775024414 1.100000023841858
      vertex 20.09787940979004 -19.343765258789062 1.100000023841858
    endloop
  endfacet
  facet normal -0.5800576098842223 0.8145754533592351 0
    outer loop
      vertex 20.330171585083008 -19.1783504486084 -2.0999999046325684
      vertex 20.09787940979004 -19.343765258789062 1.100000023841858
      vertex 20.330171585083008 -19.1783504486084 1.100000023841858
    endloop
  endfacet
  facet normal 0 0 1
    outer loop
      vertex 13.956594467163086 -22.22134780883789 1.100000023841858
      vertex 21.17484474182129 -21.535221099853516 1.100000023841858
      vertex 18.99424171447754 -19.502443313598633 1.100000023841858
    endloop
  endfacet
  facet normal 0 0 1
    outer loop
      vertex 13.956594467163086 -22.22134780883789 1.100000023841858
      vertex 18.724756240844727 -19.4091739654541 1.100000023841858
      vertex 18.477794647216797 -19.266590118408203 1.100000023841858
    endloop
  endfacet
  facet normal 0 0 1
    outer loop
      vertex 13.956594467163086 -22.22134780883789 1.100000023841858
      vertex 18.99424171447754 -19.502443313598633 1.100000023841858
      vertex 18.724756240844727 -19.4091739654541 1.100000023841858
    endloop
  endfacet
  facet normal 0 0 1
    outer loop
      vertex 13.956594467163086 -22.22134780883789 1.100000023841858
      vertex 18.262277603149414 -19.079845428466797 1.100000023841858
      vertex 18.08599853515625 -18.855688095092773 1.100000023841858
    endloop
  endfacet
  facet normal 0 0 1
    outer loop
      vertex 13.956594467163086 -22.22134780883789 1.100000023841858
      vertex 18.477794647216797 -19.266590118408203 1.100000023841858
      vertex 18.262277603149414 -19.079845428466797 1.100000023841858
    endloop
  endfacet
  facet normal 0 0 1
    outer loop
      vertex 18.99424171447754 -19.502443313598633 1.100000023841858
      vertex 21.17484474182129 -21.535221099853516 1.100000023841858
      vertex 19.276506423950195 -19.543027877807617 1.100000023841858
    endloop
  endfacet
  facet normal 0 0 1
    outer loop
      vertex 19.276506423950195 -19.543027877807617 1.100000023841858
      vertex 21.17484474182129 -21.535221099853516 1.100000023841858
      vertex 19.561351776123047 -19.52945899963379 1.100000023841858
    endloop
  endfacet
  facet normal 0 0 1
    outer loop
      vertex 19.561351776123047 -19.52945899963379 1.100000023841858
      vertex 21.17484474182129 -21.535221099853516 1.100000023841858
      vertex 19.838481903076172 -19.462228775024414 1.100000023841858
    endloop
  endfacet
  facet normal 0 0 1
    outer loop
      vertex 19.838481903076172 -19.462228775024414 1.100000023841858
      vertex 21.17484474182129 -21.535221099853516 1.100000023841858
      vertex 20.09787940979004 -19.343765258789062 1.100000023841858
    endloop
  endfacet
  facet normal 0.8888369648968535 0.45822358061643864 0
    outer loop
      vertex 18.08599853515625 -18.855688095092773 -2.0999999046325684
      vertex 17.9553279876709 -18.60222053527832 1.100000023841858
      vertex 18.08599853515625 -18.855688095092773 1.100000023841858
    endloop
  endfacet
  facet normal 0.9594927836218496 0.2817332038961587 0
    outer loop
      vertex 17.9553279876709 -18.60222053527832 -2.0999999046325684
      vertex 17.87498664855957 -18.328603744506836 1.100000023841858
      vertex 17.9553279876709 -18.60222053527832 1.100000023841858
    endloop
  endfacet
  facet normal 0.9954718139357258 0.09505718099920404 0
    outer loop
      vertex 17.87498664855957 -18.328603744506836 -2.0999999046325684
      vertex 17.84787940979004 -18.044727325439453 1.100000023841858
      vertex 17.87498664855957 -18.328603744506836 1.100000023841858
    endloop
  endfacet
  facet normal 0.9954718139357258 -0.09505718099920404 0
    outer loop
      vertex 17.84787940979004 -18.044727325439453 -2.0999999046325684
      vertex 17.87498664855957 -17.76085090637207 1.100000023841858
      vertex 17.84787940979004 -18.044727325439453 1.100000023841858
    endloop
  endfacet
  facet normal 0.9594927836218496 -0.2817332038961587 0
    outer loop
      vertex 17.87498664855957 -17.76085090637207 -2.0999999046325684
      vertex 17.9553279876709 -17.487234115600586 1.100000023841858
      vertex 17.87498664855957 -17.76085090637207 1.100000023841858
    endloop
  endfacet
  facet normal 0.8888369648968535 -0.45822358061643864 0
    outer loop
      vertex 17.9553279876709 -17.487234115600586 -2.0999999046325684
      vertex 18.08599853515625 -17.233766555786133 1.100000023841858
      vertex 17.9553279876709 -17.487234115600586 1.100000023841858
    endloop
  endfacet
  facet normal 0.7860534481168868 0.6181585368686198 0
    outer loop
      vertex 18.262277603149414 -19.079845428466797 -2.0999999046325684
      vertex 18.08599853515625 -18.855688095092773 1.100000023841858
      vertex 18.262277603149414 -19.079845428466797 1.100000023841858
    endloop
  endfacet
  facet normal -0.723734903645975 0.6900781037277962 0
    outer loop
      vertex 20.330171585083008 -19.1783504486084 1.100000023841858
      vertex 20.526958465576172 -18.971965789794922 1.100000023841858
      vertex 20.526958465576172 -18.971965789794922 -2.0999999046325684
    endloop
  endfacet
  facet normal 0.7860534481168868 -0.6181585368686198 0
    outer loop
      vertex 18.08599853515625 -17.233766555786133 -2.0999999046325684
      vertex 18.262277603149414 -17.00960922241211 1.100000023841858
      vertex 18.08599853515625 -17.233766555786133 1.100000023841858
    endloop
  endfacet
  facet normal 0 0 1
    outer loop
      vertex 12.62974739074707 -17.421096801757812 1.100000023841858
      vertex 18.08599853515625 -18.855688095092773 1.100000023841858
      vertex 17.9553279876709 -18.60222053527832 1.100000023841858
    endloop
  endfacet
  facet normal 0 0 1
    outer loop
      vertex 12.906877517700195 -17.353864669799805 1.100000023841858
      vertex 17.9553279876709 -18.60222053527832 1.100000023841858
      vertex 17.87498664855957 -18.328603744506836 1.100000023841858
    endloop
  endfacet
  facet normal 0 0 1
    outer loop
      vertex 13.166275024414062 -17.235401153564453 1.100000023841858
      vertex 17.87498664855957 -18.328603744506836 1.100000023841858
      vertex 17.84787940979004 -18.044727325439453 1.100000023841858
    endloop
  endfacet
  facet normal 0 0 1
    outer loop
      vertex 13.398566246032715 -17.069988250732422 1.100000023841858
      vertex 17.84787940979004 -18.044727325439453 1.100000023841858
      vertex 17.87498664855957 -17.76085090637207 1.100000023841858
    endloop
  endfacet
  facet normal 0 0 1
    outer loop
      vertex 17.87498664855957 -17.76085090637207 1.100000023841858
      vertex 17.9553279876709 -17.487234115600586 1.100000023841858
      vertex 13.595355033874512 -16.863601684570312 1.100000023841858
    endloop
  endfacet
  facet normal 0 0 1
    outer loop
      vertex 17.9553279876709 -17.487234115600586 1.100000023841858
      vertex 18.08599853515625 -17.233766555786133 1.100000023841858
      vertex 13.749528884887695 -16.623703002929688 1.100000023841858
    endloop
  endfacet
  facet normal -0.4242938252203838 0.566789277963095 -0.70620440685819
    outer loop
      vertex 20.7535457611084 -20.23198699951172 -3.200000047683716
      vertex 20.330171585083008 -19.1783504486084 -2.0999999046325684
      vertex 21.050518035888672 -20.009675979614258 -3.200000047683716
    endloop
  endfacet
  facet normal -0.500639190688319 0.5006355503908451 -0.7062042526293654
    outer loop
      vertex 21.050518035888672 -20.009675979614258 -3.200000047683716
      vertex 20.330171585083008 -19.1783504486084 -2.0999999046325684
      vertex 21.312828063964844 -19.747364044189453 -3.200000047683716
    endloop
  endfacet
  facet normal -0.5676639439420312 0.42495132234301947 -0.7051056802970018
    outer loop
      vertex 21.312828063964844 -19.747364044189453 -3.200000047683716
      vertex 20.526958465576172 -18.971965789794922 -2.0999999046325684
      vertex 21.535139083862305 -19.450393676757812 -3.200000047683716
    endloop
  endfacet
  facet normal -0.5108638862308196 0.48710650833226143 -0.7083398473088302
    outer loop
      vertex 21.312828063964844 -19.747364044189453 -3.200000047683716
      vertex 20.330171585083008 -19.1783504486084 -2.0999999046325684
      vertex 20.526958465576172 -18.971965789794922 -2.0999999046325684
    endloop
  endfacet
  facet normal 0.08734496119585937 -0.9961779605887386 -0.0005732285369524201
    outer loop
      vertex 22.867136001586914 -21.382064819335938 -7.199999809265137
      vertex 28.397920608520508 -20.901901245117188 1.100000023841858
      vertex 21.17484474182129 -21.535221099853516 1.100000023841858
    endloop
  endfacet
  facet normal -0.6223648194199546 0.3398356481947134 -0.7051054983223762
    outer loop
      vertex 21.535139083862305 -19.450393676757812 -3.200000047683716
      vertex 20.681133270263672 -18.732067108154297 -2.0999999046325684
      vertex 21.712923049926758 -19.124805450439453 -3.200000047683716
    endloop
  endfacet
  facet normal -0.6633678238264735 0.24742375938976646 -0.7062043709870139
    outer loop
      vertex 21.712923049926758 -19.124805450439453 -3.200000047683716
      vertex 20.787118911743164 -18.46732521057129 -2.0999999046325684
      vertex 21.842561721801758 -18.777231216430664 -3.200000047683716
    endloop
  endfacet
  facet normal -0.6918279995044709 0.15049726202209893 -0.7062043565608283
    outer loop
      vertex 21.842561721801758 -18.777231216430664 -3.200000047683716
      vertex 20.787118911743164 -18.46732521057129 -2.0999999046325684
      vertex 21.921415328979492 -18.414745330810547 -3.200000047683716
    endloop
  endfacet
  facet normal -0.7072954744108486 0.05058725286836081 -0.7051056954281146
    outer loop
      vertex 21.921415328979492 -18.414745330810547 -3.200000047683716
      vertex 20.841087341308594 -18.18731117248535 -2.0999999046325684
      vertex 21.947879791259766 -18.044727325439453 -3.200000047683716
    endloop
  endfacet
  facet normal -0.5930208694245108 0.3811145442478856 -0.7092798831136575
    outer loop
      vertex 21.535139083862305 -19.450393676757812 -3.200000047683716
      vertex 20.526958465576172 -18.971965789794922 -2.0999999046325684
      vertex 20.681133270263672 -18.732067108154297 -2.0999999046325684
    endloop
  endfacet
  facet normal -0.6553093719859641 0.2623437574163303 -0.7083398760002453
    outer loop
      vertex 21.712923049926758 -19.124805450439453 -3.200000047683716
      vertex 20.681133270263672 -18.732067108154297 -2.0999999046325684
      vertex 20.787118911743164 -18.46732521057129 -2.0999999046325684
    endloop
  endfacet
  facet normal -0.6931152712896074 0.13358738352909544 -0.7083400536938343
    outer loop
      vertex 21.921415328979492 -18.414745330810547 -3.200000047683716
      vertex 20.787118911743164 -18.46732521057129 -2.0999999046325684
      vertex 20.841087341308594 -18.18731117248535 -2.0999999046325684
    endloop
  endfacet
  facet normal -0.7072954668840209 -0.05058699156696129 -0.7051057217251319
    outer loop
      vertex 21.947879791259766 -18.044727325439453 -3.200000047683716
      vertex 20.841087341308594 -17.902143478393555 -2.0999999046325684
      vertex 21.921415328979492 -17.674707412719727 -3.200000047683716
    endloop
  endfacet
  facet normal -0.6918279995044709 -0.15049726202209893 -0.7062043565608283
    outer loop
      vertex 21.921415328979492 -17.674707412719727 -3.200000047683716
      vertex 20.787118911743164 -17.622127532958984 -2.0999999046325684
      vertex 21.842561721801758 -17.31222152709961 -3.200000047683716
    endloop
  endfacet
  facet normal -0.6633678238264735 -0.24742375938976646 -0.7062043709870139
    outer loop
      vertex 21.842561721801758 -17.31222152709961 -3.200000047683716
      vertex 20.787118911743164 -17.622127532958984 -2.0999999046325684
      vertex 21.712923049926758 -16.96464729309082 -3.200000047683716
    endloop
  endfacet
  facet normal -0.704927031759601 0 -0.7092798318679296
    outer loop
      vertex 21.947879791259766 -18.044727325439453 -3.200000047683716
      vertex 20.841087341308594 -18.18731117248535 -2.0999999046325684
      vertex 20.841087341308594 -17.902143478393555 -2.0999999046325684
    endloop
  endfacet
  facet normal -0.6931153341876232 -0.13358648571163076 -0.7083401614684824
    outer loop
      vertex 21.921415328979492 -17.674707412719727 -3.200000047683716
      vertex 20.841087341308594 -17.902143478393555 -2.0999999046325684
      vertex 20.787118911743164 -17.622127532958984 -2.0999999046325684
    endloop
  endfacet
  facet normal -0.6553085226536964 -0.2623453074805328 -0.7083400876559046
    outer loop
      vertex 20.787118911743164 -17.622127532958984 -2.0999999046325684
      vertex 20.681133270263672 -17.35738754272461 -2.0999999046325684
      vertex 21.712923049926758 -16.96464729309082 -3.200000047683716
    endloop
  endfacet
  facet normal -0.5930208694245108 -0.3811145442478856 -0.7092798831136575
    outer loop
      vertex 20.681133270263672 -17.35738754272461 -2.0999999046325684
      vertex 20.526958465576172 -17.117488861083984 -2.0999999046325684
      vertex 21.535139083862305 -16.639060974121094 -3.200000047683716
    endloop
  endfacet
  facet normal 0.42495141129925507 0.5676640627726945 -0.7051055310172865
    outer loop
      vertex 24.59433364868164 -18.687259674072266 -3.200000047683716
      vertex 24.29736328125 -18.464948654174805 -3.200000047683716
      vertex 25.129915237426758 -17.721864700317383 -2.0999999046325684
    endloop
  endfacet
  facet normal 0.3393112236132159 0.6214044039611971 -0.7062042624253494
    outer loop
      vertex 24.59433364868164 -18.687259674072266 -3.200000047683716
      vertex 25.37687873840332 -17.86444854736328 -2.0999999046325684
      vertex 24.919921875 -18.86504364013672 -3.200000047683716
    endloop
  endfacet
  facet normal 0.24742381258164794 0.6633679664392232 -0.7062042183885984
    outer loop
      vertex 25.26749610900879 -18.99468231201172 -3.200000047683716
      vertex 24.919921875 -18.86504364013672 -3.200000047683716
      vertex 25.37687873840332 -17.86444854736328 -2.0999999046325684
    endloop
  endfacet
  facet normal 0.3529345467367669 0.6113031250281129 -0.7083400984347676
    outer loop
      vertex 24.59433364868164 -18.687259674072266 -3.200000047683716
      vertex 25.129915237426758 -17.721864700317383 -2.0999999046325684
      vertex 25.37687873840332 -17.86444854736328 -2.0999999046325684
    endloop
  endfacet
  facet normal 0.6214039509798591 0.33931097626760476 -0.7062047798556349
    outer loop
      vertex 23.812740325927734 -17.90566635131836 -3.200000047683716
      vertex 23.63495635986328 -17.580078125 -3.200000047683716
      vertex 24.738121032714844 -17.31096076965332 -2.0999999046325684
    endloop
  endfacet
  facet normal 0.6643942474694147 0.24780295023159707 -0.7051056529244869
    outer loop
      vertex 23.63495635986328 -17.580078125 -3.200000047683716
      vertex 23.505319595336914 -17.23250389099121 -3.200000047683716
      vertex 24.60744857788086 -17.057493209838867 -2.0999999046325684
    endloop
  endfacet
  facet normal 0.5014090041465302 0.5014126500680588 -0.7051059246046023
    outer loop
      vertex 24.035051345825195 -18.202638626098633 -3.200000047683716
      vertex 24.914400100708008 -17.535118103027344 -2.0999999046325684
      vertex 24.29736328125 -18.464948654174805 -3.200000047683716
    endloop
  endfacet
  facet normal 0.5667889795087332 0.4242936017998857 -0.7062047806260793
    outer loop
      vertex 24.035051345825195 -18.202638626098633 -3.200000047683716
      vertex 23.812740325927734 -17.90566635131836 -3.200000047683716
      vertex 24.738121032714844 -17.31096076965332 -2.0999999046325684
    endloop
  endfacet
  facet normal 0.5548522661443316 0.43634013162806656 -0.7083404917730607
    outer loop
      vertex 24.035051345825195 -18.202638626098633 -3.200000047683716
      vertex 24.738121032714844 -17.31096076965332 -2.0999999046325684
      vertex 24.914400100708008 -17.535118103027344 -2.0999999046325684
    endloop
  endfacet
  facet normal 0.4616315677247774 0.5327464696846873 -0.709279560341666
    outer loop
      vertex 24.29736328125 -18.464948654174805 -3.200000047683716
      vertex 24.914400100708008 -17.535118103027344 -2.0999999046325684
      vertex 25.129915237426758 -17.721864700317383 -2.0999999046325684
    endloop
  endfacet
  facet normal 0.6274024538450852 0.323450538888756 -0.7083402500223598
    outer loop
      vertex 23.63495635986328 -17.580078125 -3.200000047683716
      vertex 24.60744857788086 -17.057493209838867 -2.0999999046325684
      vertex 24.738121032714844 -17.31096076965332 -2.0999999046325684
    endloop
  endfacet
  facet normal 0.6763728072026017 0.19860147075012194 -0.7092794100301802
    outer loop
      vertex 23.505319595336914 -17.23250389099121 -3.200000047683716
      vertex 24.52710723876953 -16.783876419067383 -2.0999999046325684
      vertex 24.60744857788086 -17.057493209838867 -2.0999999046325684
    endloop
  endfacet
  facet normal -0.8412514857331996 0.540644002788974 0
    outer loop
      vertex 20.526958465576172 -18.971965789794922 -2.0999999046325684
      vertex 20.526958465576172 -18.971965789794922 1.100000023841858
      vertex 20.681133270263672 -18.732067108154297 -2.0999999046325684
    endloop
  endfacet
  facet normal -0.9283691748828315 0.3716593536121087 0
    outer loop
      vertex 20.681133270263672 -18.732067108154297 -2.0999999046325684
      vertex 20.681133270263672 -18.732067108154297 1.100000023841858
      vertex 20.787118911743164 -18.46732521057129 -2.0999999046325684
    endloop
  endfacet
  facet normal -0.9819286013052501 0.18925174223429275 0
    outer loop
      vertex 20.787118911743164 -18.46732521057129 -2.0999999046325684
      vertex 20.787118911743164 -18.46732521057129 1.100000023841858
      vertex 20.841087341308594 -18.18731117248535 -2.0999999046325684
    endloop
  endfacet
  facet normal -1 0 0
    outer loop
      vertex 20.841087341308594 -18.18731117248535 -2.0999999046325684
      vertex 20.841087341308594 -18.18731117248535 1.100000023841858
      vertex 20.841087341308594 -17.902143478393555 -2.0999999046325684
    endloop
  endfacet
  facet normal -0.981928840860494 -0.18925049930281984 0
    outer loop
      vertex 20.841087341308594 -17.902143478393555 -2.0999999046325684
      vertex 20.841087341308594 -17.902143478393555 1.100000023841858
      vertex 20.787118911743164 -17.622127532958984 -2.0999999046325684
    endloop
  endfacet
  facet normal -0.928368250988513 -0.37166166140258433 0
    outer loop
      vertex 20.787118911743164 -17.622127532958984 -2.0999999046325684
      vertex 20.787118911743164 -17.622127532958984 1.100000023841858
      vertex 20.681133270263672 -17.35738754272461 -2.0999999046325684
    endloop
  endfacet
  facet normal -0.8412514857331996 -0.540644002788974 0
    outer loop
      vertex 20.681133270263672 -17.35738754272461 -2.0999999046325684
      vertex 20.681133270263672 -17.35738754272461 1.100000023841858
      vertex 20.526958465576172 -17.117488861083984 -2.0999999046325684
    endloop
  endfacet
  facet normal 0.654864075309736 0.7557466790325476 0
    outer loop
      vertex 25.129915237426758 -17.721864700317383 -2.0999999046325684
      vertex 24.914400100708008 -17.535118103027344 -2.0999999046325684
      vertex 24.914400100708008 -17.535118103027344 1.100000023841858
    endloop
  endfacet
  facet normal 0.4999984306040344 0.8660263098737259 0
    outer loop
      vertex 25.129915237426758 -17.721864700317383 -2.0999999046325684
      vertex 25.129915237426758 -17.721864700317383 1.100000023841858
      vertex 25.37687873840332 -17.86444854736328 -2.0999999046325684
    endloop
  endfacet
  facet normal 0.8888342407499633 0.45822886472857244 0
    outer loop
      vertex 24.738121032714844 -17.31096076965332 -2.0999999046325684
      vertex 24.60744857788086 -17.057493209838867 -2.0999999046325684
      vertex 24.60744857788086 -17.057493209838867 1.100000023841858
    endloop
  endfacet
  facet normal 0.7860534481168868 0.6181585368686198 0
    outer loop
      vertex 24.738121032714844 -17.31096076965332 -2.0999999046325684
      vertex 24.738121032714844 -17.31096076965332 1.100000023841858
      vertex 24.914400100708008 -17.535118103027344 -2.0999999046325684
    endloop
  endfacet
  facet normal 0.1656451715953504 -0.9861854172148089 0
    outer loop
      vertex 28.397920608520508 -20.901901245117188 -7.199999809265137
      vertex 28.72342872619629 -20.847227096557617 -3.049999952316284
      vertex 28.397920608520508 -20.901901245117188 1.100000023841858
    endloop
  endfacet
  facet normal 0.32558586007711177 -0.9455124788800239 0
    outer loop
      vertex 28.72342872619629 -20.847227096557617 -3.049999952316284
      vertex 29.035512924194336 -20.739761352539062 -3.049999952316284
      vertex 29.035512924194336 -20.739761352539062 1.100000023841858
    endloop
  endfacet
  facet normal 0.47666472826120415 -0.8790851704082333 0
    outer loop
      vertex 29.035512924194336 -20.739761352539062 -3.049999952316284
      vertex 29.32567024230957 -20.582429885864258 -3.049999952316284
      vertex 29.32567024230957 -20.582429885864258 1.100000023841858
    endloop
  endfacet
  facet normal 0.6147564092275524 -0.7887170324733999 0
    outer loop
      vertex 29.32567024230957 -20.582429885864258 -3.049999952316284
      vertex 29.586000442504883 -20.379518508911133 -3.049999952316284
      vertex 29.586000442504883 -20.379518508911133 1.100000023841858
    endloop
  endfacet
  facet normal 0.7361047833789435 -0.6768675999681465 0
    outer loop
      vertex 29.586000442504883 -20.379518508911133 -3.049999952316284
      vertex 29.809412002563477 -20.136554718017578 -3.049999952316284
      vertex 29.809412002563477 -20.136554718017578 1.100000023841858
    endloop
  endfacet
  facet normal 0.8374046448465817 -0.5465834435741449 0
    outer loop
      vertex 29.809412002563477 -20.136554718017578 -3.049999952316284
      vertex 29.989822387695312 -19.860153198242188 -3.049999952316284
      vertex 29.989822387695312 -19.860153198242188 1.100000023841858
    endloop
  endfacet
  facet normal 0.9158991898858381 -0.40140836309980543 0
    outer loop
      vertex 29.989822387695312 -19.860153198242188 -3.049999952316284
      vertex 30.122314453125 -19.557844161987305 -3.049999952316284
      vertex 30.122314453125 -19.557844161987305 1.100000023841858
    endloop
  endfacet
  facet normal 0.9694461265287875 -0.24530431663207639 0
    outer loop
      vertex 30.122314453125 -19.557844161987305 -3.049999952316284
      vertex 30.20328140258789 -19.23786163330078 -3.049999952316284
      vertex 30.20328140258789 -19.23786163330078 1.100000023841858
    endloop
  endfacet
  facet normal 0.150729864145621 0.6928972592347451 -0.7051055922339724
    outer loop
      vertex 25.26749610900879 -18.99468231201172 -3.200000047683716
      vertex 25.6463623046875 -17.957717895507812 -2.0999999046325684
      vertex 25.629981994628906 -19.073535919189453 -3.200000047683716
    endloop
  endfacet
  facet normal 0.05058724073549631 0.7072953047728535 -0.7051058664633597
    outer loop
      vertex 25.629981994628906 -19.073535919189453 -3.200000047683716
      vertex 25.928627014160156 -17.998300552368164 -2.0999999046325684
      vertex 26 -19.100000381469727 -3.200000047683716
    endloop
  endfacet
  facet normal -0.05050892992658005 0.706204027312919 -0.7062044461802021
    outer loop
      vertex 26 -19.100000381469727 -3.200000047683716
      vertex 26.213472366333008 -17.984731674194336 -2.0999999046325684
      vertex 26.370019912719727 -19.073535919189453 -3.200000047683716
    endloop
  endfacet
  facet normal -0.1504972285400314 0.691827845589167 -0.7062045144780805
    outer loop
      vertex 26.370019912719727 -19.073535919189453 -3.200000047683716
      vertex 26.213472366333008 -17.984731674194336 -2.0999999046325684
      vertex 26.732505798339844 -18.99468231201172 -3.200000047683716
    endloop
  endfacet
  facet normal -0.24780610477598905 0.6643929300144731 -0.7051057856680335
    outer loop
      vertex 26.732505798339844 -18.99468231201172 -3.200000047683716
      vertex 26.490602493286133 -17.91750144958496 -2.0999999046325684
      vertex 27.080080032348633 -18.86504364013672 -3.200000047683716
    endloop
  endfacet
  facet normal -0.33983699105670506 0.6223636327687009 -0.7051058985120394
    outer loop
      vertex 27.080080032348633 -18.86504364013672 -3.200000047683716
      vertex 26.75 -17.79903793334961 -2.0999999046325684
      vertex 27.40566635131836 -18.687259674072266 -3.200000047683716
    endloop
  endfacet
  facet normal -0.4242941197006869 0.5667896713420896 -0.7062039142112887
    outer loop
      vertex 27.40566635131836 -18.687259674072266 -3.200000047683716
      vertex 26.98229217529297 -17.633625030517578 -2.0999999046325684
      vertex 27.702638626098633 -18.464948654174805 -3.200000047683716
    endloop
  endfacet
  facet normal -0.5006376125289962 0.5006376125289962 -0.7062039095350107
    outer loop
      vertex 27.702638626098633 -18.464948654174805 -3.200000047683716
      vertex 26.98229217529297 -17.633625030517578 -2.0999999046325684
      vertex 27.964948654174805 -18.202638626098633 -3.200000047683716
    endloop
  endfacet
  facet normal 0.23086830519191215 0.6670488800746358 -0.708340043516522
    outer loop
      vertex 25.26749610900879 -18.99468231201172 -3.200000047683716
      vertex 25.37687873840332 -17.86444854736328 -2.0999999046325684
      vertex 25.6463623046875 -17.957717895507812 -2.0999999046325684
    endloop
  endfacet
  facet normal 0.1003194528311013 0.6977522764284918 -0.7092797530752771
    outer loop
      vertex 25.629981994628906 -19.073535919189453 -3.200000047683716
      vertex 25.6463623046875 -17.957717895507812 -2.0999999046325684
      vertex 25.928627014160156 -17.998300552368164 -2.0999999046325684
    endloop
  endfacet
  facet normal -0.033586752993095575 0.7050715882403551 -0.7083403034415053
    outer loop
      vertex 26 -19.100000381469727 -3.200000047683716
      vertex 25.928627014160156 -17.998300552368164 -2.0999999046325684
      vertex 26.213472366333008 -17.984731674194336 -2.0999999046325684
    endloop
  endfacet
  facet normal -0.1664135333601613 0.6859742607551632 -0.7083402074540127
    outer loop
      vertex 26.732505798339844 -18.99468231201172 -3.200000047683716
      vertex 26.213472366333008 -17.984731674194336 -2.0999999046325684
      vertex 26.490602493286133 -17.91750144958496 -2.0999999046325684
    endloop
  endfacet
  facet normal -0.29283854239457013 0.6412234769054267 -0.7092799452638847
    outer loop
      vertex 27.080080032348633 -18.86504364013672 -3.200000047683716
      vertex 26.490602493286133 -17.91750144958496 -2.0999999046325684
      vertex 26.75 -17.79903793334961 -2.0999999046325684
    endloop
  endfacet
  facet normal -0.5676654714568335 0.42494973651501444 -0.7051054062702333
    outer loop
      vertex 27.964948654174805 -18.202638626098633 -3.200000047683716
      vertex 27.179080963134766 -17.42723846435547 -2.0999999046325684
      vertex 28.187259674072266 -17.90566635131836 -3.200000047683716
    endloop
  endfacet
  facet normal -0.40944282092874923 0.5749875729356407 -0.7083402200634166
    outer loop
      vertex 27.40566635131836 -18.687259674072266 -3.200000047683716
      vertex 26.75 -17.79903793334961 -2.0999999046325684
      vertex 26.98229217529297 -17.633625030517578 -2.0999999046325684
    endloop
  endfacet
  facet normal -0.5108637904968499 0.48710663660723064 -0.7083398281421016
    outer loop
      vertex 27.964948654174805 -18.202638626098633 -3.200000047683716
      vertex 26.98229217529297 -17.633625030517578 -2.0999999046325684
      vertex 27.179080963134766 -17.42723846435547 -2.0999999046325684
    endloop
  endfacet
  facet normal -0.593023230095124 0.3811113464557544 -0.7092796276294897
    outer loop
      vertex 28.187259674072266 -17.90566635131836 -3.200000047683716
      vertex 27.179080963134766 -17.42723846435547 -2.0999999046325684
      vertex 27.333253860473633 -17.187339782714844 -2.0999999046325684
    endloop
  endfacet
  facet normal -0.6553087338072277 0.26234539201344537 -0.7083398610026685
    outer loop
      vertex 28.36504364013672 -17.580078125 -3.200000047683716
      vertex 27.333253860473633 -17.187339782714844 -2.0999999046325684
      vertex 27.439239501953125 -16.92259979248047 -2.0999999046325684
    endloop
  endfacet
  facet normal 0.9965899721377294 -0.08251319551756418 0
    outer loop
      vertex 30.23051643371582 -18.908918380737305 -7.199999809265137
      vertex 30.23051643371582 -18.908918380737305 1.100000023841858
      vertex 30.20328140258789 -19.23786163330078 -3.049999952316284
    endloop
  endfacet
  facet normal -0.6223648194199546 0.3398356481947134 -0.7051054983223762
    outer loop
      vertex 28.187259674072266 -17.90566635131836 -3.200000047683716
      vertex 27.333253860473633 -17.187339782714844 -2.0999999046325684
      vertex 28.36504364013672 -17.580078125 -3.200000047683716
    endloop
  endfacet
  facet normal -0.6633680248114573 0.2474238343533967 -0.7062041559291538
    outer loop
      vertex 28.36504364013672 -17.580078125 -3.200000047683716
      vertex 27.439239501953125 -16.92259979248047 -2.0999999046325684
      vertex 28.49468231201172 -17.23250389099121 -3.200000047683716
    endloop
  endfacet
  facet normal -0.6918281269998682 0.1504972897568946 -0.7062042257503728
    outer loop
      vertex 28.49468231201172 -17.23250389099121 -3.200000047683716
      vertex 27.439239501953125 -16.92259979248047 -2.0999999046325684
      vertex 28.573535919189453 -16.870018005371094 -3.200000047683716
    endloop
  endfacet
  facet normal 0.3270685239715784 0.945000624670192 0
    outer loop
      vertex 25.6463623046875 -17.957717895507812 -2.0999999046325684
      vertex 25.37687873840332 -17.86444854736328 -2.0999999046325684
      vertex 25.37687873840332 -17.86444854736328 1.100000023841858
    endloop
  endfacet
  facet normal 0.1423118096327311 0.9898218773289754 0
    outer loop
      vertex 25.6463623046875 -17.957717895507812 -2.0999999046325684
      vertex 25.6463623046875 -17.957717895507812 1.100000023841858
      vertex 25.928627014160156 -17.998300552368164 -2.0999999046325684
    endloop
  endfacet
  facet normal -0.04758199171847363 0.9988673355676935 0
    outer loop
      vertex 25.928627014160156 -17.998300552368164 -2.0999999046325684
      vertex 25.928627014160156 -17.998300552368164 1.100000023841858
      vertex 26.213472366333008 -17.984731674194336 -2.0999999046325684
    endloop
  endfacet
  facet normal -0.23575623065684945 0.9718122245096913 0
    outer loop
      vertex 26.213472366333008 -17.984731674194336 -2.0999999046325684
      vertex 26.213472366333008 -17.984731674194336 1.100000023841858
      vertex 26.490602493286133 -17.91750144958496 -2.0999999046325684
    endloop
  endfacet
  facet normal -0.4154168823134486 0.909631141666211 0
    outer loop
      vertex 26.490602493286133 -17.91750144958496 -2.0999999046325684
      vertex 26.490602493286133 -17.91750144958496 1.100000023841858
      vertex 26.75 -17.79903793334961 -2.0999999046325684
    endloop
  endfacet
  facet normal -0.5800531718363228 0.8145786136663677 0
    outer loop
      vertex 26.75 -17.79903793334961 -2.0999999046325684
      vertex 26.75 -17.79903793334961 1.100000023841858
      vertex 26.98229217529297 -17.633625030517578 -2.0999999046325684
    endloop
  endfacet
  facet normal -0.7237347483002876 0.6900782666500368 0
    outer loop
      vertex 26.98229217529297 -17.633625030517578 -2.0999999046325684
      vertex 26.98229217529297 -17.633625030517578 1.100000023841858
      vertex 27.179080963134766 -17.42723846435547 -2.0999999046325684
    endloop
  endfacet
  facet normal -0.8412545277735383 0.5406392692919386 0
    outer loop
      vertex 27.179080963134766 -17.42723846435547 -2.0999999046325684
      vertex 27.179080963134766 -17.42723846435547 1.100000023841858
      vertex 27.333253860473633 -17.187339782714844 -2.0999999046325684
    endloop
  endfacet
  facet normal -0.928368250988513 0.37166166140258433 0
    outer loop
      vertex 27.333253860473633 -17.187339782714844 -2.0999999046325684
      vertex 27.333253860473633 -17.187339782714844 1.100000023841858
      vertex 27.439239501953125 -16.92259979248047 -2.0999999046325684
    endloop
  endfacet
  facet normal 0 0 1
    outer loop
      vertex 20.09787940979004 -19.343765258789062 1.100000023841858
      vertex 21.17484474182129 -21.535221099853516 1.100000023841858
      vertex 20.330171585083008 -19.1783504486084 1.100000023841858
    endloop
  endfacet
  facet normal 0 0 1
    outer loop
      vertex 20.330171585083008 -19.1783504486084 1.100000023841858
      vertex 21.17484474182129 -21.535221099853516 1.100000023841858
      vertex 28.397920608520508 -20.901901245117188 1.100000023841858
    endloop
  endfacet
  facet normal 0 0 1
    outer loop
      vertex 20.330171585083008 -19.1783504486084 1.100000023841858
      vertex 28.397920608520508 -20.901901245117188 1.100000023841858
      vertex 25.6463623046875 -17.957717895507812 1.100000023841858
    endloop
  endfacet
  facet normal -0.8412514857331996 0.540644002788974 0
    outer loop
      vertex 20.681133270263672 -18.732067108154297 -2.0999999046325684
      vertex 20.526958465576172 -18.971965789794922 1.100000023841858
      vertex 20.681133270263672 -18.732067108154297 1.100000023841858
    endloop
  endfacet
  facet normal -0.9283691748828315 0.3716593536121087 0
    outer loop
      vertex 20.787118911743164 -18.46732521057129 -2.0999999046325684
      vertex 20.681133270263672 -18.732067108154297 1.100000023841858
      vertex 20.787118911743164 -18.46732521057129 1.100000023841858
    endloop
  endfacet
  facet normal -0.9819286013052501 0.18925174223429275 0
    outer loop
      vertex 20.841087341308594 -18.18731117248535 -2.0999999046325684
      vertex 20.787118911743164 -18.46732521057129 1.100000023841858
      vertex 20.841087341308594 -18.18731117248535 1.100000023841858
    endloop
  endfacet
  facet normal -1 0 0
    outer loop
      vertex 20.841087341308594 -17.902143478393555 -2.0999999046325684
      vertex 20.841087341308594 -18.18731117248535 1.100000023841858
      vertex 20.841087341308594 -17.902143478393555 1.100000023841858
    endloop
  endfacet
  facet normal -0.981928840860494 -0.18925049930281984 0
    outer loop
      vertex 20.787118911743164 -17.622127532958984 -2.0999999046325684
      vertex 20.841087341308594 -17.902143478393555 1.100000023841858
      vertex 20.787118911743164 -17.622127532958984 1.100000023841858
    endloop
  endfacet
  facet normal -0.928368250988513 -0.37166166140258433 0
    outer loop
      vertex 20.681133270263672 -17.35738754272461 -2.0999999046325684
      vertex 20.787118911743164 -17.622127532958984 1.100000023841858
      vertex 20.681133270263672 -17.35738754272461 1.100000023841858
    endloop
  endfacet
  facet normal -0.8412514857331996 -0.540644002788974 0
    outer loop
      vertex 20.526958465576172 -17.117488861083984 -2.0999999046325684
      vertex 20.681133270263672 -17.35738754272461 1.100000023841858
      vertex 20.526958465576172 -17.117488861083984 1.100000023841858
    endloop
  endfacet
  facet normal 0.4999984306040344 0.8660263098737259 0
    outer loop
      vertex 25.37687873840332 -17.86444854736328 -2.0999999046325684
      vertex 25.129915237426758 -17.721864700317383 1.100000023841858
      vertex 25.37687873840332 -17.86444854736328 1.100000023841858
    endloop
  endfacet
  facet normal 0.654864075309736 0.7557466790325476 0
    outer loop
      vertex 25.129915237426758 -17.721864700317383 -2.0999999046325684
      vertex 24.914400100708008 -17.535118103027344 1.100000023841858
      vertex 25.129915237426758 -17.721864700317383 1.100000023841858
    endloop
  endfacet
  facet normal 0.8888342407499633 0.45822886472857244 0
    outer loop
      vertex 24.738121032714844 -17.31096076965332 -2.0999999046325684
      vertex 24.60744857788086 -17.057493209838867 1.100000023841858
      vertex 24.738121032714844 -17.31096076965332 1.100000023841858
    endloop
  endfacet
  facet normal 0.7860534481168868 0.6181585368686198 0
    outer loop
      vertex 24.914400100708008 -17.535118103027344 -2.0999999046325684
      vertex 24.738121032714844 -17.31096076965332 1.100000023841858
      vertex 24.914400100708008 -17.535118103027344 1.100000023841858
    endloop
  endfacet
  facet normal 0 0 1
    outer loop
      vertex 20.330171585083008 -19.1783504486084 1.100000023841858
      vertex 25.6463623046875 -17.957717895507812 1.100000023841858
      vertex 20.526958465576172 -18.971965789794922 1.100000023841858
    endloop
  endfacet
  facet normal 0 0 1
    outer loop
      vertex 20.526958465576172 -18.971965789794922 1.100000023841858
      vertex 25.6463623046875 -17.957717895507812 1.100000023841858
      vertex 20.681133270263672 -18.732067108154297 1.100000023841858
    endloop
  endfacet
  facet normal 0 0 1
    outer loop
      vertex 20.681133270263672 -18.732067108154297 1.100000023841858
      vertex 25.37687873840332 -17.86444854736328 1.100000023841858
      vertex 20.787118911743164 -18.46732521057129 1.100000023841858
    endloop
  endfacet
  facet normal 0 0 1
    outer loop
      vertex 20.787118911743164 -18.46732521057129 1.100000023841858
      vertex 25.129915237426758 -17.721864700317383 1.100000023841858
      vertex 20.841087341308594 -18.18731117248535 1.100000023841858
    endloop
  endfacet
  facet normal 0 0 1
    outer loop
      vertex 20.841087341308594 -18.18731117248535 1.100000023841858
      vertex 24.914400100708008 -17.535118103027344 1.100000023841858
      vertex 20.841087341308594 -17.902143478393555 1.100000023841858
    endloop
  endfacet
  facet normal 0 0 1
    outer loop
      vertex 20.841087341308594 -17.902143478393555 1.100000023841858
      vertex 24.738121032714844 -17.31096076965332 1.100000023841858
      vertex 20.787118911743164 -17.622127532958984 1.100000023841858
    endloop
  endfacet
  facet normal 0 0 1
    outer loop
      vertex 20.787118911743164 -17.622127532958984 1.100000023841858
      vertex 24.60744857788086 -17.057493209838867 1.100000023841858
      vertex 20.681133270263672 -17.35738754272461 1.100000023841858
    endloop
  endfacet
  facet normal 0 0 1
    outer loop
      vertex 20.681133270263672 -17.35738754272461 1.100000023841858
      vertex 24.52710723876953 -16.783876419067383 1.100000023841858
      vertex 20.526958465576172 -17.117488861083984 1.100000023841858
    endloop
  endfacet
  facet normal 0 0 1
    outer loop
      vertex 20.681133270263672 -18.732067108154297 1.100000023841858
      vertex 25.6463623046875 -17.957717895507812 1.100000023841858
      vertex 25.37687873840332 -17.86444854736328 1.100000023841858
    endloop
  endfacet
  facet normal 0 0 1
    outer loop
      vertex 20.841087341308594 -17.902143478393555 1.100000023841858
      vertex 24.914400100708008 -17.535118103027344 1.100000023841858
      vertex 24.738121032714844 -17.31096076965332 1.100000023841858
    endloop
  endfacet
  facet normal 0 0 1
    outer loop
      vertex 20.787118911743164 -18.46732521057129 1.100000023841858
      vertex 25.37687873840332 -17.86444854736328 1.100000023841858
      vertex 25.129915237426758 -17.721864700317383 1.100000023841858
    endloop
  endfacet
  facet normal 0 0 1
    outer loop
      vertex 20.841087341308594 -18.18731117248535 1.100000023841858
      vertex 25.129915237426758 -17.721864700317383 1.100000023841858
      vertex 24.914400100708008 -17.535118103027344 1.100000023841858
    endloop
  endfacet
  facet normal 0 0 1
    outer loop
      vertex 20.787118911743164 -17.622127532958984 1.100000023841858
      vertex 24.738121032714844 -17.31096076965332 1.100000023841858
      vertex 24.60744857788086 -17.057493209838867 1.100000023841858
    endloop
  endfacet
  facet normal 0 0 1
    outer loop
      vertex 20.681133270263672 -17.35738754272461 1.100000023841858
      vertex 24.60744857788086 -17.057493209838867 1.100000023841858
      vertex 24.52710723876953 -16.783876419067383 1.100000023841858
    endloop
  endfacet
  facet normal 0.1656451715953504 -0.986185417214809 0
    outer loop
      vertex 28.72342872619629 -20.847227096557617 -3.049999952316284
      vertex 28.72342872619629 -20.847227096557617 1.100000023841858
      vertex 28.397920608520508 -20.901901245117188 1.100000023841858
    endloop
  endfacet
  facet normal 0.32558586007711177 -0.9455124788800239 0
    outer loop
      vertex 28.72342872619629 -20.847227096557617 -3.049999952316284
      vertex 29.035512924194336 -20.739761352539062 1.100000023841858
      vertex 28.72342872619629 -20.847227096557617 1.100000023841858
    endloop
  endfacet
  facet normal 0.47666472826120415 -0.8790851704082333 0
    outer loop
      vertex 29.035512924194336 -20.739761352539062 -3.049999952316284
      vertex 29.32567024230957 -20.582429885864258 1.100000023841858
      vertex 29.035512924194336 -20.739761352539062 1.100000023841858
    endloop
  endfacet
  facet normal 0.6147564092275524 -0.7887170324733999 0
    outer loop
      vertex 29.32567024230957 -20.582429885864258 -3.049999952316284
      vertex 29.586000442504883 -20.379518508911133 1.100000023841858
      vertex 29.32567024230957 -20.582429885864258 1.100000023841858
    endloop
  endfacet
  facet normal 0.7361047833789435 -0.6768675999681465 0
    outer loop
      vertex 29.586000442504883 -20.379518508911133 -3.049999952316284
      vertex 29.809412002563477 -20.136554718017578 1.100000023841858
      vertex 29.586000442504883 -20.379518508911133 1.100000023841858
    endloop
  endfacet
  facet normal 0.8374046448465817 -0.5465834435741449 0
    outer loop
      vertex 29.809412002563477 -20.136554718017578 -3.049999952316284
      vertex 29.989822387695312 -19.860153198242188 1.100000023841858
      vertex 29.809412002563477 -20.136554718017578 1.100000023841858
    endloop
  endfacet
  facet normal 0.9158991898858381 -0.40140836309980543 0
    outer loop
      vertex 29.989822387695312 -19.860153198242188 -3.049999952316284
      vertex 30.122314453125 -19.557844161987305 1.100000023841858
      vertex 29.989822387695312 -19.860153198242188 1.100000023841858
    endloop
  endfacet
  facet normal 0.9694461265287875 -0.24530431663207639 0
    outer loop
      vertex 30.122314453125 -19.557844161987305 -3.049999952316284
      vertex 30.20328140258789 -19.23786163330078 1.100000023841858
      vertex 30.122314453125 -19.557844161987305 1.100000023841858
    endloop
  endfacet
  facet normal 0 0 1
    outer loop
      vertex 28.397920608520508 -20.901901245117188 1.100000023841858
      vertex 28.72342872619629 -20.847227096557617 1.100000023841858
      vertex 29.035512924194336 -20.739761352539062 1.100000023841858
    endloop
  endfacet
  facet normal 0 0 1
    outer loop
      vertex 28.397920608520508 -20.901901245117188 1.100000023841858
      vertex 29.035512924194336 -20.739761352539062 1.100000023841858
      vertex 29.32567024230957 -20.582429885864258 1.100000023841858
    endloop
  endfacet
  facet normal 0 0 1
    outer loop
      vertex 28.397920608520508 -20.901901245117188 1.100000023841858
      vertex 29.32567024230957 -20.582429885864258 1.100000023841858
      vertex 29.586000442504883 -20.379518508911133 1.100000023841858
    endloop
  endfacet
  facet normal 0 0 1
    outer loop
      vertex 28.397920608520508 -20.901901245117188 1.100000023841858
      vertex 29.586000442504883 -20.379518508911133 1.100000023841858
      vertex 29.809412002563477 -20.136554718017578 1.100000023841858
    endloop
  endfacet
  facet normal 0 0 1
    outer loop
      vertex 28.397920608520508 -20.901901245117188 1.100000023841858
      vertex 29.809412002563477 -20.136554718017578 1.100000023841858
      vertex 26.213472366333008 -17.984731674194336 1.100000023841858
    endloop
  endfacet
  facet normal 0 0 1
    outer loop
      vertex 29.809412002563477 -20.136554718017578 1.100000023841858
      vertex 29.989822387695312 -19.860153198242188 1.100000023841858
      vertex 26.213472366333008 -17.984731674194336 1.100000023841858
    endloop
  endfacet
  facet normal 0.3270685239715784 0.945000624670192 0
    outer loop
      vertex 25.6463623046875 -17.957717895507812 -2.0999999046325684
      vertex 25.37687873840332 -17.86444854736328 1.100000023841858
      vertex 25.6463623046875 -17.957717895507812 1.100000023841858
    endloop
  endfacet
  facet normal 0.1423118096327311 0.9898218773289754 0
    outer loop
      vertex 25.928627014160156 -17.998300552368164 -2.0999999046325684
      vertex 25.6463623046875 -17.957717895507812 1.100000023841858
      vertex 25.928627014160156 -17.998300552368164 1.100000023841858
    endloop
  endfacet
  facet normal -0.04758199171847363 0.9988673355676935 0
    outer loop
      vertex 26.213472366333008 -17.984731674194336 -2.0999999046325684
      vertex 25.928627014160156 -17.998300552368164 1.100000023841858
      vertex 26.213472366333008 -17.984731674194336 1.100000023841858
    endloop
  endfacet
  facet normal -0.23575623065684945 0.9718122245096913 0
    outer loop
      vertex 26.490602493286133 -17.91750144958496 -2.0999999046325684
      vertex 26.213472366333008 -17.984731674194336 1.100000023841858
      vertex 26.490602493286133 -17.91750144958496 1.100000023841858
    endloop
  endfacet
  facet normal -0.4154168823134486 0.909631141666211 0
    outer loop
      vertex 26.75 -17.79903793334961 -2.0999999046325684
      vertex 26.490602493286133 -17.91750144958496 1.100000023841858
      vertex 26.75 -17.79903793334961 1.100000023841858
    endloop
  endfacet
  facet normal -0.5800531718363228 0.8145786136663677 0
    outer loop
      vertex 26.98229217529297 -17.633625030517578 -2.0999999046325684
      vertex 26.75 -17.79903793334961 1.100000023841858
      vertex 26.98229217529297 -17.633625030517578 1.100000023841858
    endloop
  endfacet
  facet normal -0.7237347483002876 0.6900782666500368 0
    outer loop
      vertex 27.179080963134766 -17.42723846435547 -2.0999999046325684
      vertex 26.98229217529297 -17.633625030517578 1.100000023841858
      vertex 27.179080963134766 -17.42723846435547 1.100000023841858
    endloop
  endfacet
  facet normal -0.8412545277735383 0.5406392692919386 0
    outer loop
      vertex 27.333253860473633 -17.187339782714844 -2.0999999046325684
      vertex 27.179080963134766 -17.42723846435547 1.100000023841858
      vertex 27.333253860473633 -17.187339782714844 1.100000023841858
    endloop
  endfacet
  facet normal -0.928368250988513 0.37166166140258433 0
    outer loop
      vertex 27.333253860473633 -17.187339782714844 1.100000023841858
      vertex 27.439239501953125 -16.92259979248047 1.100000023841858
      vertex 27.439239501953125 -16.92259979248047 -2.0999999046325684
    endloop
  endfacet
  facet normal 0.9965899721377295 -0.0825131955175642 0
    outer loop
      vertex 30.20328140258789 -19.23786163330078 -3.049999952316284
      vertex 30.23051643371582 -18.908918380737305 1.100000023841858
      vertex 30.20328140258789 -19.23786163330078 1.100000023841858
    endloop
  endfacet
  facet normal 0 0 1
    outer loop
      vertex 28.397920608520508 -20.901901245117188 1.100000023841858
      vertex 25.928627014160156 -17.998300552368164 1.100000023841858
      vertex 25.6463623046875 -17.957717895507812 1.100000023841858
    endloop
  endfacet
  facet normal 0 0 1
    outer loop
      vertex 28.397920608520508 -20.901901245117188 1.100000023841858
      vertex 26.213472366333008 -17.984731674194336 1.100000023841858
      vertex 25.928627014160156 -17.998300552368164 1.100000023841858
    endloop
  endfacet
  facet normal 0 0 1
    outer loop
      vertex 30.20328140258789 -19.23786163330078 1.100000023841858
      vertex 26.490602493286133 -17.91750144958496 1.100000023841858
      vertex 26.213472366333008 -17.984731674194336 1.100000023841858
    endloop
  endfacet
  facet normal 0 0 1
    outer loop
      vertex 29.989822387695312 -19.860153198242188 1.100000023841858
      vertex 30.122314453125 -19.557844161987305 1.100000023841858
      vertex 26.213472366333008 -17.984731674194336 1.100000023841858
    endloop
  endfacet
  facet normal 0 0 1
    outer loop
      vertex 30.122314453125 -19.557844161987305 1.100000023841858
      vertex 30.20328140258789 -19.23786163330078 1.100000023841858
      vertex 26.213472366333008 -17.984731674194336 1.100000023841858
    endloop
  endfacet
  facet normal 0 0 1
    outer loop
      vertex 30.20328140258789 -19.23786163330078 1.100000023841858
      vertex 30.23051643371582 -18.908918380737305 1.100000023841858
      vertex 26.490602493286133 -17.91750144958496 1.100000023841858
    endloop
  endfacet
  facet normal 0 0 1
    outer loop
      vertex 26.490602493286133 -17.91750144958496 1.100000023841858
      vertex 30.23051643371582 -18.908918380737305 1.100000023841858
      vertex 26.75 -17.79903793334961 1.100000023841858
    endloop
  endfacet
  facet normal 0 0 1
    outer loop
      vertex 26.75 -17.79903793334961 1.100000023841858
      vertex 30.23051643371582 -18.908918380737305 1.100000023841858
      vertex 26.98229217529297 -17.633625030517578 1.100000023841858
    endloop
  endfacet
  facet normal 0 0 1
    outer loop
      vertex 26.98229217529297 -17.633625030517578 1.100000023841858
      vertex 30.23051643371582 -18.908918380737305 1.100000023841858
      vertex 27.179080963134766 -17.42723846435547 1.100000023841858
    endloop
  endfacet
  facet normal 0 0 1
    outer loop
      vertex 27.179080963134766 -17.42723846435547 1.100000023841858
      vertex 30.23051643371582 -18.908918380737305 1.100000023841858
      vertex 27.333253860473633 -17.187339782714844 1.100000023841858
    endloop
  endfacet
  facet normal 0 0 1
    outer loop
      vertex 27.333253860473633 -17.187339782714844 1.100000023841858
      vertex 30.23051643371582 -18.908918380737305 1.100000023841858
      vertex 27.439239501953125 -16.92259979248047 1.100000023841858
    endloop
  endfacet
  facet normal 0 0 -1
    outer loop
      vertex 14.826800346374512 -17.037214279174805 -7.199999809265137
      vertex 14.958931922912598 -16.682954788208008 -7.199999809265137
      vertex 16.937355041503906 -16.943876266479492 -7.199999809265137
    endloop
  endfacet
  facet normal -0.9369500559561539 0.34946329226938827 0
    outer loop
      vertex 14.826800346374512 -17.037214279174805 -7.199999809265137
      vertex 14.826800346374512 -17.037214279174805 -3.200000047683716
      vertex 14.958931922912598 -16.682954788208008 -7.199999809265137
    endloop
  endfacet
  facet normal -0.9771471707465724 0.21256388851817906 0
    outer loop
      vertex 14.958931922912598 -16.682954788208008 -7.199999809265137
      vertex 14.958931922912598 -16.682954788208008 -3.200000047683716
      vertex 15.039301872253418 -16.31349754333496 -7.199999809265137
    endloop
  endfacet
  facet normal -0.9974519991608242 0.07134079737482014 0
    outer loop
      vertex 15.039301872253418 -16.31349754333496 -7.199999809265137
      vertex 15.039301872253418 -16.31349754333496 -3.200000047683716
      vertex 15.066275596618652 -15.93636417388916 -7.199999809265137
    endloop
  endfacet
  facet normal -0.9771471707465724 -0.21256388851817906 0
    outer loop
      vertex 15.039301872253418 -15.559229850769043 -7.199999809265137
      vertex 15.039301872253418 -15.559229850769043 -3.200000047683716
      vertex 14.958931922912598 -15.189772605895996 -7.199999809265137
    endloop
  endfacet
  facet normal -0.9974520119980568 -0.07134061789071053 0
    outer loop
      vertex 15.066275596618652 -15.93636417388916 -7.199999809265137
      vertex 15.066275596618652 -15.93636417388916 -3.200000047683716
      vertex 15.039301872253418 -15.559229850769043 -7.199999809265137
    endloop
  endfacet
  facet normal -0.936949747921412 -0.3494641181437695 0
    outer loop
      vertex 14.958931922912598 -15.189772605895996 -7.199999809265137
      vertex 14.958931922912598 -15.189772605895996 -3.200000047683716
      vertex 14.826800346374512 -14.835514068603516 -7.199999809265137
    endloop
  endfacet
  facet normal 0 0 -1
    outer loop
      vertex 11.315425872802734 -13.525838851928711 -7.199999809265137
      vertex 11.814064025878906 -11.564739227294922 -7.199999809265137
      vertex 11.669684410095215 -13.393707275390625 -7.199999809265137
    endloop
  endfacet
  facet normal 0 0 -1
    outer loop
      vertex 11.669684410095215 -13.393707275390625 -7.199999809265137
      vertex 11.814064025878906 -11.564739227294922 -7.199999809265137
      vertex 12.039140701293945 -13.313337326049805 -7.199999809265137
    endloop
  endfacet
  facet normal 0 0 -1
    outer loop
      vertex 12.039140701293945 -13.313337326049805 -7.199999809265137
      vertex 11.814064025878906 -11.564739227294922 -7.199999809265137
      vertex 12.416275024414062 -13.28636360168457 -7.199999809265137
    endloop
  endfacet
  facet normal 0 0 -1
    outer loop
      vertex 12.416275024414062 -13.28636360168457 -7.199999809265137
      vertex 11.814064025878906 -11.564739227294922 -7.199999809265137
      vertex 12.79340934753418 -13.313337326049805 -7.199999809265137
    endloop
  endfacet
  facet normal 0 0 -1
    outer loop
      vertex 12.79340934753418 -13.313337326049805 -7.199999809265137
      vertex 11.814064025878906 -11.564739227294922 -7.199999809265137
      vertex 13.162866592407227 -13.393707275390625 -7.199999809265137
    endloop
  endfacet
  facet normal 0 0 -1
    outer loop
      vertex 14.151656150817871 -13.933627128601074 -7.199999809265137
      vertex 17.33912467956543 -12.106809616088867 -7.199999809265137
      vertex 14.419012069702148 -14.200983047485352 -7.199999809265137
    endloop
  endfacet
  facet normal 0 0 -1
    outer loop
      vertex 14.151656150817871 -13.933627128601074 -7.199999809265137
      vertex 13.848973274230957 -13.70704174041748 -7.199999809265137
      vertex 17.33912467956543 -12.106809616088867 -7.199999809265137
    endloop
  endfacet
  facet normal 0 0 -1
    outer loop
      vertex 13.162866592407227 -13.393707275390625 -7.199999809265137
      vertex 17.33912467956543 -12.106809616088867 -7.199999809265137
      vertex 13.517125129699707 -13.525838851928711 -7.199999809265137
    endloop
  endfacet
  facet normal 0 0 -1
    outer loop
      vertex 13.517125129699707 -13.525838851928711 -7.199999809265137
      vertex 17.33912467956543 -12.106809616088867 -7.199999809265137
      vertex 13.848973274230957 -13.70704174041748 -7.199999809265137
    endloop
  endfacet
  facet normal 0.5992785798544116 -0.8005405572034935 0
    outer loop
      vertex 10.68089485168457 -13.933627128601074 -7.199999809265137
      vertex 10.983576774597168 -13.70704174041748 -7.199999809265137
      vertex 10.983576774597168 -13.70704174041748 -3.200000047683716
    endloop
  endfacet
  facet normal 0.4792481139498913 -0.8776794661352582 0
    outer loop
      vertex 10.983576774597168 -13.70704174041748 -7.199999809265137
      vertex 11.315425872802734 -13.525838851928711 -7.199999809265137
      vertex 11.315425872802734 -13.525838851928711 -3.200000047683716
    endloop
  endfacet
  facet normal 0.3494641181437695 -0.936949747921412 0
    outer loop
      vertex 11.315425872802734 -13.525838851928711 -7.199999809265137
      vertex 11.669684410095215 -13.393707275390625 -7.199999809265137
      vertex 11.669684410095215 -13.393707275390625 -3.200000047683716
    endloop
  endfacet
  facet normal 0.21256441241575444 -0.9771470567802705 0
    outer loop
      vertex 11.669684410095215 -13.393707275390625 -7.199999809265137
      vertex 12.039140701293945 -13.313337326049805 -7.199999809265137
      vertex 12.039140701293945 -13.313337326049805 -3.200000047683716
    endloop
  endfacet
  facet normal 0.07134061789071053 -0.9974520119980568 0
    outer loop
      vertex 12.039140701293945 -13.313337326049805 -7.199999809265137
      vertex 12.416275024414062 -13.28636360168457 -7.199999809265137
      vertex 12.416275024414062 -13.28636360168457 -3.200000047683716
    endloop
  endfacet
  facet normal -0.07134061789071053 -0.9974520119980568 0
    outer loop
      vertex 12.416275024414062 -13.28636360168457 -7.199999809265137
      vertex 12.79340934753418 -13.313337326049805 -7.199999809265137
      vertex 12.79340934753418 -13.313337326049805 -3.200000047683716
    endloop
  endfacet
  facet normal -0.21256388851817906 -0.9771471707465724 0
    outer loop
      vertex 12.79340934753418 -13.313337326049805 -7.199999809265137
      vertex 13.162866592407227 -13.393707275390625 -7.199999809265137
      vertex 13.162866592407227 -13.393707275390625 -3.200000047683716
    endloop
  endfacet
  facet normal -0.7071067811865475 -0.7071067811865475 0
    outer loop
      vertex 14.151656150817871 -13.933627128601074 -7.199999809265137
      vertex 14.419012069702148 -14.200983047485352 -7.199999809265137
      vertex 14.419012069702148 -14.200983047485352 -3.200000047683716
    endloop
  endfacet
  facet normal -0.599277369790234 -0.8005414630469174 0
    outer loop
      vertex 14.151656150817871 -13.933627128601074 -7.199999809265137
      vertex 14.151656150817871 -13.933627128601074 -3.200000047683716
      vertex 13.848973274230957 -13.70704174041748 -7.199999809265137
    endloop
  endfacet
  facet normal -0.8776788868164217 -0.47924917489411156 0
    outer loop
      vertex 14.826800346374512 -14.835514068603516 -7.199999809265137
      vertex 14.826800346374512 -14.835514068603516 -3.200000047683716
      vertex 14.645597457885742 -14.503665924072266 -7.199999809265137
    endloop
  endfacet
  facet normal -0.8005414630469174 -0.599277369790234 0
    outer loop
      vertex 14.645597457885742 -14.503665924072266 -7.199999809265137
      vertex 14.645597457885742 -14.503665924072266 -3.200000047683716
      vertex 14.419012069702148 -14.200983047485352 -7.199999809265137
    endloop
  endfacet
  facet normal -0.3494641181437695 -0.936949747921412 0
    outer loop
      vertex 13.162866592407227 -13.393707275390625 -7.199999809265137
      vertex 13.517125129699707 -13.525838851928711 -7.199999809265137
      vertex 13.517125129699707 -13.525838851928711 -3.200000047683716
    endloop
  endfacet
  facet normal -0.47924917489411156 -0.8776788868164217 0
    outer loop
      vertex 13.517125129699707 -13.525838851928711 -7.199999809265137
      vertex 13.848973274230957 -13.70704174041748 -7.199999809265137
      vertex 13.848973274230957 -13.70704174041748 -3.200000047683716
    endloop
  endfacet
  facet normal 0 0 -1
    outer loop
      vertex 14.958931922912598 -16.682954788208008 -7.199999809265137
      vertex 15.039301872253418 -16.31349754333496 -7.199999809265137
      vertex 17.11855697631836 -16.612028121948242 -7.199999809265137
    endloop
  endfacet
  facet normal 0 0 -1
    outer loop
      vertex 14.958931922912598 -16.682954788208008 -7.199999809265137
      vertex 17.11855697631836 -16.612028121948242 -7.199999809265137
      vertex 16.937355041503906 -16.943876266479492 -7.199999809265137
    endloop
  endfacet
  facet normal 0 0 -1
    outer loop
      vertex 15.039301872253418 -16.31349754333496 -7.199999809265137
      vertex 15.066275596618652 -15.93636417388916 -7.199999809265137
      vertex 17.345142364501953 -16.309345245361328 -7.199999809265137
    endloop
  endfacet
  facet normal 0 0 -1
    outer loop
      vertex 15.039301872253418 -16.31349754333496 -7.199999809265137
      vertex 17.345142364501953 -16.309345245361328 -7.199999809265137
      vertex 17.11855697631836 -16.612028121948242 -7.199999809265137
    endloop
  endfacet
  facet normal 0 0 -1
    outer loop
      vertex 15.066275596618652 -15.93636417388916 -7.199999809265137
      vertex 17.612499237060547 -16.041990280151367 -7.199999809265137
      vertex 17.345142364501953 -16.309345245361328 -7.199999809265137
    endloop
  endfacet
  facet normal 0 0 -1
    outer loop
      vertex 15.066275596618652 -15.93636417388916 -7.199999809265137
      vertex 15.039301872253418 -15.559229850769043 -7.199999809265137
      vertex 17.612499237060547 -16.041990280151367 -7.199999809265137
    endloop
  endfacet
  facet normal 0 0 -1
    outer loop
      vertex 15.039301872253418 -15.559229850769043 -7.199999809265137
      vertex 14.958931922912598 -15.189772605895996 -7.199999809265137
      vertex 17.91518211364746 -15.815404891967773 -7.199999809265137
    endloop
  endfacet
  facet normal 0 0 -1
    outer loop
      vertex 14.958931922912598 -15.189772605895996 -7.199999809265137
      vertex 14.826800346374512 -14.835514068603516 -7.199999809265137
      vertex 18.24703025817871 -15.634202003479004 -7.199999809265137
    endloop
  endfacet
  facet normal 0 0 -1
    outer loop
      vertex 14.826800346374512 -14.835514068603516 -7.199999809265137
      vertex 14.645597457885742 -14.503665924072266 -7.199999809265137
      vertex 18.601287841796875 -15.502070426940918 -7.199999809265137
    endloop
  endfacet
  facet normal 0 0 -1
    outer loop
      vertex 15.039301872253418 -15.559229850769043 -7.199999809265137
      vertex 17.91518211364746 -15.815404891967773 -7.199999809265137
      vertex 17.612499237060547 -16.041990280151367 -7.199999809265137
    endloop
  endfacet
  facet normal 0 0 -1
    outer loop
      vertex 14.958931922912598 -15.189772605895996 -7.199999809265137
      vertex 18.24703025817871 -15.634202003479004 -7.199999809265137
      vertex 17.91518211364746 -15.815404891967773 -7.199999809265137
    endloop
  endfacet
  facet normal 0 0 -1
    outer loop
      vertex 14.826800346374512 -14.835514068603516 -7.199999809265137
      vertex 18.601287841796875 -15.502070426940918 -7.199999809265137
      vertex 18.24703025817871 -15.634202003479004 -7.199999809265137
    endloop
  endfacet
  facet normal 0 0 -1
    outer loop
      vertex 14.645597457885742 -14.503665924072266 -7.199999809265137
      vertex 18.970745086669922 -15.421700477600098 -7.199999809265137
      vertex 18.601287841796875 -15.502070426940918 -7.199999809265137
    endloop
  endfacet
  facet normal 0.8776799477617723 -0.4792472319136466 0
    outer loop
      vertex 16.937355041503906 -16.943876266479492 -7.199999809265137
      vertex 17.11855697631836 -16.612028121948242 -7.199999809265137
      vertex 17.11855697631836 -16.612028121948242 -3.200000047683716
    endloop
  endfacet
  facet normal 0.8005414630469174 -0.599277369790234 0
    outer loop
      vertex 17.11855697631836 -16.612028121948242 -7.199999809265137
      vertex 17.345142364501953 -16.309345245361328 -7.199999809265137
      vertex 17.345142364501953 -16.309345245361328 -3.200000047683716
    endloop
  endfacet
  facet normal 0.7071042588904948 -0.7071093034736032 0
    outer loop
      vertex 17.345142364501953 -16.309345245361328 -7.199999809265137
      vertex 17.612499237060547 -16.041990280151367 -7.199999809265137
      vertex 17.612499237060547 -16.041990280151367 -3.200000047683716
    endloop
  endfacet
  facet normal 0.599277369790234 -0.8005414630469174 0
    outer loop
      vertex 17.612499237060547 -16.041990280151367 -7.199999809265137
      vertex 17.91518211364746 -15.815404891967773 -7.199999809265137
      vertex 17.91518211364746 -15.815404891967773 -3.200000047683716
    endloop
  endfacet
  facet normal 0.47924917489411156 -0.8776788868164217 0
    outer loop
      vertex 17.91518211364746 -15.815404891967773 -7.199999809265137
      vertex 18.24703025817871 -15.634202003479004 -7.199999809265137
      vertex 18.24703025817871 -15.634202003479004 -3.200000047683716
    endloop
  endfacet
  facet normal 0.34946494402178274 -0.9369494398844861 0
    outer loop
      vertex 18.24703025817871 -15.634202003479004 -7.199999809265137
      vertex 18.601287841796875 -15.502070426940918 -7.199999809265137
      vertex 18.601287841796875 -15.502070426940918 -3.200000047683716
    endloop
  endfacet
  facet normal 0.21256388851817906 -0.9771471707465724 0
    outer loop
      vertex 18.601287841796875 -15.502070426940918 -7.199999809265137
      vertex 18.970745086669922 -15.421700477600098 -7.199999809265137
      vertex 18.970745086669922 -15.421700477600098 -3.200000047683716
    endloop
  endfacet
  facet normal 0.07134061789071053 -0.9974520119980568 0
    outer loop
      vertex 18.970745086669922 -15.421700477600098 -7.199999809265137
      vertex 19.34787940979004 -15.394726753234863 -7.199999809265137
      vertex 19.34787940979004 -15.394726753234863 -3.200000047683716
    endloop
  endfacet
  facet normal -0.07134061789071053 -0.9974520119980568 0
    outer loop
      vertex 19.34787940979004 -15.394726753234863 -7.199999809265137
      vertex 19.725013732910156 -15.421700477600098 -7.199999809265137
      vertex 19.725013732910156 -15.421700477600098 -3.200000047683716
    endloop
  endfacet
  facet normal -0.21256388851817906 -0.9771471707465724 0
    outer loop
      vertex 19.725013732910156 -15.421700477600098 -7.199999809265137
      vertex 20.094470977783203 -15.502070426940918 -7.199999809265137
      vertex 20.094470977783203 -15.502070426940918 -3.200000047683716
    endloop
  endfacet
  facet normal -0.34946494402178274 -0.9369494398844861 0
    outer loop
      vertex 20.094470977783203 -15.502070426940918 -7.199999809265137
      vertex 20.448728561401367 -15.634202003479004 -7.199999809265137
      vertex 20.448728561401367 -15.634202003479004 -3.200000047683716
    endloop
  endfacet
  facet normal 0 0 -1
    outer loop
      vertex 14.645597457885742 -14.503665924072266 -7.199999809265137
      vertex 14.419012069702148 -14.200983047485352 -7.199999809265137
      vertex 18.970745086669922 -15.421700477600098 -7.199999809265137
    endloop
  endfacet
  facet normal 0 0 -1
    outer loop
      vertex 14.419012069702148 -14.200983047485352 -7.199999809265137
      vertex 17.33912467956543 -12.106809616088867 -7.199999809265137
      vertex 18.970745086669922 -15.421700477600098 -7.199999809265137
    endloop
  endfacet
  facet normal 0 0 -1
    outer loop
      vertex 18.970745086669922 -15.421700477600098 -7.199999809265137
      vertex 17.33912467956543 -12.106809616088867 -7.199999809265137
      vertex 19.34787940979004 -15.394726753234863 -7.199999809265137
    endloop
  endfacet
  facet normal 0 0 -1
    outer loop
      vertex 19.34787940979004 -15.394726753234863 -7.199999809265137
      vertex 17.33912467956543 -12.106809616088867 -7.199999809265137
      vertex 22.867136001586914 -12.617934226989746 -7.199999809265137
    endloop
  endfacet
  facet normal -0.9369500559561539 0.34946329226938827 0
    outer loop
      vertex 14.826800346374512 -17.037214279174805 -3.200000047683716
      vertex 14.958931922912598 -16.682954788208008 -3.200000047683716
      vertex 14.958931922912598 -16.682954788208008 -7.199999809265137
    endloop
  endfacet
  facet normal -0.9771471707465724 0.21256388851817906 0
    outer loop
      vertex 15.039301872253418 -16.31349754333496 -7.199999809265137
      vertex 14.958931922912598 -16.682954788208008 -3.200000047683716
      vertex 15.039301872253418 -16.31349754333496 -3.200000047683716
    endloop
  endfacet
  facet normal -0.9974519991608242 0.07134079737482014 0
    outer loop
      vertex 15.066275596618652 -15.93636417388916 -7.199999809265137
      vertex 15.039301872253418 -16.31349754333496 -3.200000047683716
      vertex 15.066275596618652 -15.93636417388916 -3.200000047683716
    endloop
  endfacet
  facet normal -0.9974520119980568 -0.07134061789071053 0
    outer loop
      vertex 15.039301872253418 -15.559229850769043 -7.199999809265137
      vertex 15.066275596618652 -15.93636417388916 -3.200000047683716
      vertex 15.039301872253418 -15.559229850769043 -3.200000047683716
    endloop
  endfacet
  facet normal -0.9771471707465724 -0.21256388851817906 0
    outer loop
      vertex 14.958931922912598 -15.189772605895996 -7.199999809265137
      vertex 15.039301872253418 -15.559229850769043 -3.200000047683716
      vertex 14.958931922912598 -15.189772605895996 -3.200000047683716
    endloop
  endfacet
  facet normal -0.936949747921412 -0.3494641181437695 0
    outer loop
      vertex 14.826800346374512 -14.835514068603516 -7.199999809265137
      vertex 14.958931922912598 -15.189772605895996 -3.200000047683716
      vertex 14.826800346374512 -14.835514068603516 -3.200000047683716
    endloop
  endfacet
  facet normal 0 0 -1
    outer loop
      vertex 14.781318664550781 -17.016443252563477 -3.200000047683716
      vertex 14.958931922912598 -16.682954788208008 -3.200000047683716
      vertex 14.826800346374512 -17.037214279174805 -3.200000047683716
    endloop
  endfacet
  facet normal 0 0 -1
    outer loop
      vertex 14.781318664550781 -17.016443252563477 -3.200000047683716
      vertex 14.910957336425781 -16.668869018554688 -3.200000047683716
      vertex 14.958931922912598 -16.682954788208008 -3.200000047683716
    endloop
  endfacet
  facet normal 0 0 -1
    outer loop
      vertex 14.910957336425781 -16.668869018554688 -3.200000047683716
      vertex 15.039301872253418 -16.31349754333496 -3.200000047683716
      vertex 14.958931922912598 -16.682954788208008 -3.200000047683716
    endloop
  endfacet
  facet normal 0 0 -1
    outer loop
      vertex 14.910957336425781 -16.668869018554688 -3.200000047683716
      vertex 14.989810943603516 -16.30638313293457 -3.200000047683716
      vertex 15.039301872253418 -16.31349754333496 -3.200000047683716
    endloop
  endfacet
  facet normal 0 0 -1
    outer loop
      vertex 14.989810943603516 -16.30638313293457 -3.200000047683716
      vertex 15.066275596618652 -15.93636417388916 -3.200000047683716
      vertex 15.039301872253418 -16.31349754333496 -3.200000047683716
    endloop
  endfacet
  facet normal 0 0 -1
    outer loop
      vertex 14.989810943603516 -16.30638313293457 -3.200000047683716
      vertex 15.016275405883789 -15.93636417388916 -3.200000047683716
      vertex 15.066275596618652 -15.93636417388916 -3.200000047683716
    endloop
  endfacet
  facet normal 0 0 -1
    outer loop
      vertex 15.016275405883789 -15.93636417388916 -3.200000047683716
      vertex 14.989810943603516 -15.56634521484375 -3.200000047683716
      vertex 15.039301872253418 -15.559229850769043 -3.200000047683716
    endloop
  endfacet
  facet normal 0 0 -1
    outer loop
      vertex 14.989810943603516 -15.56634521484375 -3.200000047683716
      vertex 14.910957336425781 -15.203859329223633 -3.200000047683716
      vertex 15.039301872253418 -15.559229850769043 -3.200000047683716
    endloop
  endfacet
  facet normal 0 0 -1
    outer loop
      vertex 15.016275405883789 -15.93636417388916 -3.200000047683716
      vertex 15.039301872253418 -15.559229850769043 -3.200000047683716
      vertex 15.066275596618652 -15.93636417388916 -3.200000047683716
    endloop
  endfacet
  facet normal 0 0 -1
    outer loop
      vertex 15.039301872253418 -15.559229850769043 -3.200000047683716
      vertex 14.910957336425781 -15.203859329223633 -3.200000047683716
      vertex 14.958931922912598 -15.189772605895996 -3.200000047683716
    endloop
  endfacet
  facet normal 0 0 -1
    outer loop
      vertex 14.910957336425781 -15.203859329223633 -3.200000047683716
      vertex 14.781318664550781 -14.856285095214844 -3.200000047683716
      vertex 14.958931922912598 -15.189772605895996 -3.200000047683716
    endloop
  endfacet
  facet normal 0 0 -1
    outer loop
      vertex 14.958931922912598 -15.189772605895996 -3.200000047683716
      vertex 14.781318664550781 -14.856285095214844 -3.200000047683716
      vertex 14.826800346374512 -14.835514068603516 -3.200000047683716
    endloop
  endfacet
  facet normal 0.5992785798544116 -0.8005405572034935 0
    outer loop
      vertex 10.68089485168457 -13.933627128601074 -7.199999809265137
      vertex 10.983576774597168 -13.70704174041748 -3.200000047683716
      vertex 10.68089485168457 -13.933627128601074 -3.200000047683716
    endloop
  endfacet
  facet normal 0.4792481139498913 -0.8776794661352582 0
    outer loop
      vertex 10.983576774597168 -13.70704174041748 -7.199999809265137
      vertex 11.315425872802734 -13.525838851928711 -3.200000047683716
      vertex 10.983576774597168 -13.70704174041748 -3.200000047683716
    endloop
  endfacet
  facet normal 0.3494641181437695 -0.936949747921412 0
    outer loop
      vertex 11.315425872802734 -13.525838851928711 -7.199999809265137
      vertex 11.669684410095215 -13.393707275390625 -3.200000047683716
      vertex 11.315425872802734 -13.525838851928711 -3.200000047683716
    endloop
  endfacet
  facet normal 0.21256441241575444 -0.9771470567802705 0
    outer loop
      vertex 11.669684410095215 -13.393707275390625 -7.199999809265137
      vertex 12.039140701293945 -13.313337326049805 -3.200000047683716
      vertex 11.669684410095215 -13.393707275390625 -3.200000047683716
    endloop
  endfacet
  facet normal 0.07134061789071053 -0.9974520119980568 0
    outer loop
      vertex 12.039140701293945 -13.313337326049805 -7.199999809265137
      vertex 12.416275024414062 -13.28636360168457 -3.200000047683716
      vertex 12.039140701293945 -13.313337326049805 -3.200000047683716
    endloop
  endfacet
  facet normal -0.07134061789071053 -0.9974520119980568 0
    outer loop
      vertex 12.416275024414062 -13.28636360168457 -7.199999809265137
      vertex 12.79340934753418 -13.313337326049805 -3.200000047683716
      vertex 12.416275024414062 -13.28636360168457 -3.200000047683716
    endloop
  endfacet
  facet normal -0.21256388851817906 -0.9771471707465724 0
    outer loop
      vertex 12.79340934753418 -13.313337326049805 -7.199999809265137
      vertex 13.162866592407227 -13.393707275390625 -3.200000047683716
      vertex 12.79340934753418 -13.313337326049805 -3.200000047683716
    endloop
  endfacet
  facet normal -0.7071067811865475 -0.7071067811865475 0
    outer loop
      vertex 14.151656150817871 -13.933627128601074 -7.199999809265137
      vertex 14.419012069702148 -14.200983047485352 -3.200000047683716
      vertex 14.151656150817871 -13.933627128601074 -3.200000047683716
    endloop
  endfacet
  facet normal -0.599277369790234 -0.8005414630469174 0
    outer loop
      vertex 13.848973274230957 -13.70704174041748 -7.199999809265137
      vertex 14.151656150817871 -13.933627128601074 -3.200000047683716
      vertex 13.848973274230957 -13.70704174041748 -3.200000047683716
    endloop
  endfacet
  facet normal -0.8776788868164217 -0.47924917489411156 0
    outer loop
      vertex 14.645597457885742 -14.503665924072266 -7.199999809265137
      vertex 14.826800346374512 -14.835514068603516 -3.200000047683716
      vertex 14.645597457885742 -14.503665924072266 -3.200000047683716
    endloop
  endfacet
  facet normal -0.8005414630469174 -0.599277369790234 0
    outer loop
      vertex 14.419012069702148 -14.200983047485352 -7.199999809265137
      vertex 14.645597457885742 -14.503665924072266 -3.200000047683716
      vertex 14.419012069702148 -14.200983047485352 -3.200000047683716
    endloop
  endfacet
  facet normal -0.47924917489411156 -0.8776788868164217 0
    outer loop
      vertex 13.517125129699707 -13.525838851928711 -7.199999809265137
      vertex 13.848973274230957 -13.70704174041748 -3.200000047683716
      vertex 13.517125129699707 -13.525838851928711 -3.200000047683716
    endloop
  endfacet
  facet normal -0.3494641181437695 -0.936949747921412 0
    outer loop
      vertex 13.162866592407227 -13.393707275390625 -7.199999809265137
      vertex 13.517125129699707 -13.525838851928711 -3.200000047683716
      vertex 13.162866592407227 -13.393707275390625 -3.200000047683716
    endloop
  endfacet
  facet normal 0 0 -1
    outer loop
      vertex 10.713637351989746 -13.971415519714355 -3.200000047683716
      vertex 10.68089485168457 -13.933627128601074 -3.200000047683716
      vertex 11.01060962677002 -13.749104499816895 -3.200000047683716
    endloop
  endfacet
  facet normal 0 0 -1
    outer loop
      vertex 10.68089485168457 -13.933627128601074 -3.200000047683716
      vertex 10.983576774597168 -13.70704174041748 -3.200000047683716
      vertex 11.01060962677002 -13.749104499816895 -3.200000047683716
    endloop
  endfacet
  facet normal 0 0 -1
    outer loop
      vertex 11.01060962677002 -13.749104499816895 -3.200000047683716
      vertex 10.983576774597168 -13.70704174041748 -3.200000047683716
      vertex 11.336195945739746 -13.571320533752441 -3.200000047683716
    endloop
  endfacet
  facet normal 0 0 -1
    outer loop
      vertex 10.983576774597168 -13.70704174041748 -3.200000047683716
      vertex 11.315425872802734 -13.525838851928711 -3.200000047683716
      vertex 11.336195945739746 -13.571320533752441 -3.200000047683716
    endloop
  endfacet
  facet normal 0 0 -1
    outer loop
      vertex 11.336195945739746 -13.571320533752441 -3.200000047683716
      vertex 11.315425872802734 -13.525838851928711 -3.200000047683716
      vertex 11.683771133422852 -13.441681861877441 -3.200000047683716
    endloop
  endfacet
  facet normal 0 0 -1
    outer loop
      vertex 11.315425872802734 -13.525838851928711 -3.200000047683716
      vertex 11.669684410095215 -13.393707275390625 -3.200000047683716
      vertex 11.683771133422852 -13.441681861877441 -3.200000047683716
    endloop
  endfacet
  facet normal 0 0 -1
    outer loop
      vertex 11.669684410095215 -13.393707275390625 -3.200000047683716
      vertex 12.046257019042969 -13.362828254699707 -3.200000047683716
      vertex 11.683771133422852 -13.441681861877441 -3.200000047683716
    endloop
  endfacet
  facet normal 0 0 -1
    outer loop
      vertex 11.669684410095215 -13.393707275390625 -3.200000047683716
      vertex 12.039140701293945 -13.313337326049805 -3.200000047683716
      vertex 12.046257019042969 -13.362828254699707 -3.200000047683716
    endloop
  endfacet
  facet normal 0 0 -1
    outer loop
      vertex 12.046257019042969 -13.362828254699707 -3.200000047683716
      vertex 12.039140701293945 -13.313337326049805 -3.200000047683716
      vertex 12.416275024414062 -13.336363792419434 -3.200000047683716
    endloop
  endfacet
  facet normal 0 0 -1
    outer loop
      vertex 12.039140701293945 -13.313337326049805 -3.200000047683716
      vertex 12.416275024414062 -13.28636360168457 -3.200000047683716
      vertex 12.416275024414062 -13.336363792419434 -3.200000047683716
    endloop
  endfacet
  facet normal 0 0 -1
    outer loop
      vertex 12.416275024414062 -13.336363792419434 -3.200000047683716
      vertex 12.416275024414062 -13.28636360168457 -3.200000047683716
      vertex 12.79340934753418 -13.313337326049805 -3.200000047683716
    endloop
  endfacet
  facet normal 0 0 -1
    outer loop
      vertex 12.416275024414062 -13.336363792419434 -3.200000047683716
      vertex 12.79340934753418 -13.313337326049805 -3.200000047683716
      vertex 12.786293983459473 -13.362828254699707 -3.200000047683716
    endloop
  endfacet
  facet normal 0 0 -1
    outer loop
      vertex 12.786293983459473 -13.362828254699707 -3.200000047683716
      vertex 13.162866592407227 -13.393707275390625 -3.200000047683716
      vertex 13.14877986907959 -13.441681861877441 -3.200000047683716
    endloop
  endfacet
  facet normal 0 0 -1
    outer loop
      vertex 12.786293983459473 -13.362828254699707 -3.200000047683716
      vertex 12.79340934753418 -13.313337326049805 -3.200000047683716
      vertex 13.162866592407227 -13.393707275390625 -3.200000047683716
    endloop
  endfacet
  facet normal 0 0 -1
    outer loop
      vertex 14.118913650512695 -13.971415519714355 -3.200000047683716
      vertex 14.151656150817871 -13.933627128601074 -3.200000047683716
      vertex 14.419012069702148 -14.200983047485352 -3.200000047683716
    endloop
  endfacet
  facet normal 0 0 -1
    outer loop
      vertex 14.381224632263184 -14.233726501464844 -3.200000047683716
      vertex 14.118913650512695 -13.971415519714355 -3.200000047683716
      vertex 14.419012069702148 -14.200983047485352 -3.200000047683716
    endloop
  endfacet
  facet normal 0 0 -1
    outer loop
      vertex 13.821941375732422 -13.749104499816895 -3.200000047683716
      vertex 14.151656150817871 -13.933627128601074 -3.200000047683716
      vertex 14.118913650512695 -13.971415519714355 -3.200000047683716
    endloop
  endfacet
  facet normal 0 0 -1
    outer loop
      vertex 13.821941375732422 -13.749104499816895 -3.200000047683716
      vertex 13.848973274230957 -13.70704174041748 -3.200000047683716
      vertex 14.151656150817871 -13.933627128601074 -3.200000047683716
    endloop
  endfacet
  facet normal 0 0 -1
    outer loop
      vertex 14.826800346374512 -14.835514068603516 -3.200000047683716
      vertex 14.603534698486328 -14.5306978225708 -3.200000047683716
      vertex 14.645597457885742 -14.503665924072266 -3.200000047683716
    endloop
  endfacet
  facet normal 0 0 -1
    outer loop
      vertex 14.781318664550781 -14.856285095214844 -3.200000047683716
      vertex 14.603534698486328 -14.5306978225708 -3.200000047683716
      vertex 14.826800346374512 -14.835514068603516 -3.200000047683716
    endloop
  endfacet
  facet normal 0 0 -1
    outer loop
      vertex 14.381224632263184 -14.233726501464844 -3.200000047683716
      vertex 14.645597457885742 -14.503665924072266 -3.200000047683716
      vertex 14.603534698486328 -14.5306978225708 -3.200000047683716
    endloop
  endfacet
  facet normal 0 0 -1
    outer loop
      vertex 14.381224632263184 -14.233726501464844 -3.200000047683716
      vertex 14.419012069702148 -14.200983047485352 -3.200000047683716
      vertex 14.645597457885742 -14.503665924072266 -3.200000047683716
    endloop
  endfacet
  facet normal 0 0 -1
    outer loop
      vertex 13.14877986907959 -13.441681861877441 -3.200000047683716
      vertex 13.517125129699707 -13.525838851928711 -3.200000047683716
      vertex 13.496354103088379 -13.571320533752441 -3.200000047683716
    endloop
  endfacet
  facet normal 0 0 -1
    outer loop
      vertex 13.821941375732422 -13.749104499816895 -3.200000047683716
      vertex 13.496354103088379 -13.571320533752441 -3.200000047683716
      vertex 13.848973274230957 -13.70704174041748 -3.200000047683716
    endloop
  endfacet
  facet normal 0 0 -1
    outer loop
      vertex 13.496354103088379 -13.571320533752441 -3.200000047683716
      vertex 13.517125129699707 -13.525838851928711 -3.200000047683716
      vertex 13.848973274230957 -13.70704174041748 -3.200000047683716
    endloop
  endfacet
  facet normal 0 0 -1
    outer loop
      vertex 13.14877986907959 -13.441681861877441 -3.200000047683716
      vertex 13.162866592407227 -13.393707275390625 -3.200000047683716
      vertex 13.517125129699707 -13.525838851928711 -3.200000047683716
    endloop
  endfacet
  facet normal 0.8776799477617723 -0.4792472319136466 0
    outer loop
      vertex 16.937355041503906 -16.943876266479492 -7.199999809265137
      vertex 17.11855697631836 -16.612028121948242 -3.200000047683716
      vertex 16.937355041503906 -16.943876266479492 -3.200000047683716
    endloop
  endfacet
  facet normal 0.8005414630469174 -0.599277369790234 0
    outer loop
      vertex 17.11855697631836 -16.612028121948242 -7.199999809265137
      vertex 17.345142364501953 -16.309345245361328 -3.200000047683716
      vertex 17.11855697631836 -16.612028121948242 -3.200000047683716
    endloop
  endfacet
  facet normal 0.7071042588904948 -0.7071093034736032 0
    outer loop
      vertex 17.345142364501953 -16.309345245361328 -7.199999809265137
      vertex 17.612499237060547 -16.041990280151367 -3.200000047683716
      vertex 17.345142364501953 -16.309345245361328 -3.200000047683716
    endloop
  endfacet
  facet normal 0.599277369790234 -0.8005414630469174 0
    outer loop
      vertex 17.612499237060547 -16.041990280151367 -7.199999809265137
      vertex 17.91518211364746 -15.815404891967773 -3.200000047683716
      vertex 17.612499237060547 -16.041990280151367 -3.200000047683716
    endloop
  endfacet
  facet normal 0.47924917489411156 -0.8776788868164217 0
    outer loop
      vertex 17.91518211364746 -15.815404891967773 -7.199999809265137
      vertex 18.24703025817871 -15.634202003479004 -3.200000047683716
      vertex 17.91518211364746 -15.815404891967773 -3.200000047683716
    endloop
  endfacet
  facet normal 0.34946494402178274 -0.9369494398844861 0
    outer loop
      vertex 18.24703025817871 -15.634202003479004 -7.199999809265137
      vertex 18.601287841796875 -15.502070426940918 -3.200000047683716
      vertex 18.24703025817871 -15.634202003479004 -3.200000047683716
    endloop
  endfacet
  facet normal 0.21256388851817906 -0.9771471707465724 0
    outer loop
      vertex 18.601287841796875 -15.502070426940918 -7.199999809265137
      vertex 18.970745086669922 -15.421700477600098 -3.200000047683716
      vertex 18.601287841796875 -15.502070426940918 -3.200000047683716
    endloop
  endfacet
  facet normal 0.07134061789071053 -0.9974520119980568 0
    outer loop
      vertex 18.970745086669922 -15.421700477600098 -7.199999809265137
      vertex 19.34787940979004 -15.394726753234863 -3.200000047683716
      vertex 18.970745086669922 -15.421700477600098 -3.200000047683716
    endloop
  endfacet
  facet normal -0.07134061789071053 -0.9974520119980568 0
    outer loop
      vertex 19.34787940979004 -15.394726753234863 -7.199999809265137
      vertex 19.725013732910156 -15.421700477600098 -3.200000047683716
      vertex 19.34787940979004 -15.394726753234863 -3.200000047683716
    endloop
  endfacet
  facet normal -0.21256388851817906 -0.9771471707465724 0
    outer loop
      vertex 19.725013732910156 -15.421700477600098 -7.199999809265137
      vertex 20.094470977783203 -15.502070426940918 -3.200000047683716
      vertex 19.725013732910156 -15.421700477600098 -3.200000047683716
    endloop
  endfacet
  facet normal -0.34946494402178274 -0.9369494398844861 0
    outer loop
      vertex 20.094470977783203 -15.502070426940918 -7.199999809265137
      vertex 20.448728561401367 -15.634202003479004 -3.200000047683716
      vertex 20.094470977783203 -15.502070426940918 -3.200000047683716
    endloop
  endfacet
  facet normal 0 0 -1
    outer loop
      vertex 16.937355041503906 -16.943876266479492 -3.200000047683716
      vertex 17.160619735717773 -16.639060974121094 -3.200000047683716
      vertex 16.98283576965332 -16.96464729309082 -3.200000047683716
    endloop
  endfacet
  facet normal 0 0 -1
    outer loop
      vertex 16.937355041503906 -16.943876266479492 -3.200000047683716
      vertex 17.11855697631836 -16.612028121948242 -3.200000047683716
      vertex 17.160619735717773 -16.639060974121094 -3.200000047683716
    endloop
  endfacet
  facet normal 0 0 -1
    outer loop
      vertex 17.11855697631836 -16.612028121948242 -3.200000047683716
      vertex 17.382930755615234 -16.34208869934082 -3.200000047683716
      vertex 17.160619735717773 -16.639060974121094 -3.200000047683716
    endloop
  endfacet
  facet normal 0 0 -1
    outer loop
      vertex 17.11855697631836 -16.612028121948242 -3.200000047683716
      vertex 17.345142364501953 -16.309345245361328 -3.200000047683716
      vertex 17.382930755615234 -16.34208869934082 -3.200000047683716
    endloop
  endfacet
  facet normal 0 0 -1
    outer loop
      vertex 17.382930755615234 -16.34208869934082 -3.200000047683716
      vertex 17.345142364501953 -16.309345245361328 -3.200000047683716
      vertex 17.645240783691406 -16.07977867126465 -3.200000047683716
    endloop
  endfacet
  facet normal 0 0 -1
    outer loop
      vertex 17.345142364501953 -16.309345245361328 -3.200000047683716
      vertex 17.612499237060547 -16.041990280151367 -3.200000047683716
      vertex 17.645240783691406 -16.07977867126465 -3.200000047683716
    endloop
  endfacet
  facet normal 0 0 -1
    outer loop
      vertex 17.645240783691406 -16.07977867126465 -3.200000047683716
      vertex 17.612499237060547 -16.041990280151367 -3.200000047683716
      vertex 17.94221305847168 -15.857467651367188 -3.200000047683716
    endloop
  endfacet
  facet normal 0 0 -1
    outer loop
      vertex 17.612499237060547 -16.041990280151367 -3.200000047683716
      vertex 17.91518211364746 -15.815404891967773 -3.200000047683716
      vertex 17.94221305847168 -15.857467651367188 -3.200000047683716
    endloop
  endfacet
  facet normal 0 0 -1
    outer loop
      vertex 17.94221305847168 -15.857467651367188 -3.200000047683716
      vertex 17.91518211364746 -15.815404891967773 -3.200000047683716
      vertex 18.26780128479004 -15.679683685302734 -3.200000047683716
    endloop
  endfacet
  facet normal 0 0 -1
    outer loop
      vertex 17.91518211364746 -15.815404891967773 -3.200000047683716
      vertex 18.24703025817871 -15.634202003479004 -3.200000047683716
      vertex 18.26780128479004 -15.679683685302734 -3.200000047683716
    endloop
  endfacet
  facet normal 0 0 -1
    outer loop
      vertex 18.26780128479004 -15.679683685302734 -3.200000047683716
      vertex 18.24703025817871 -15.634202003479004 -3.200000047683716
      vertex 18.615375518798828 -15.550045013427734 -3.200000047683716
    endloop
  endfacet
  facet normal 0 0 -1
    outer loop
      vertex 18.24703025817871 -15.634202003479004 -3.200000047683716
      vertex 18.601287841796875 -15.502070426940918 -3.200000047683716
      vertex 18.615375518798828 -15.550045013427734 -3.200000047683716
    endloop
  endfacet
  facet normal 0 0 -1
    outer loop
      vertex 18.615375518798828 -15.550045013427734 -3.200000047683716
      vertex 18.601287841796875 -15.502070426940918 -3.200000047683716
      vertex 18.977861404418945 -15.47119140625 -3.200000047683716
    endloop
  endfacet
  facet normal 0 0 -1
    outer loop
      vertex 18.601287841796875 -15.502070426940918 -3.200000047683716
      vertex 18.970745086669922 -15.421700477600098 -3.200000047683716
      vertex 18.977861404418945 -15.47119140625 -3.200000047683716
    endloop
  endfacet
  facet normal 0 0 -1
    outer loop
      vertex 18.970745086669922 -15.421700477600098 -3.200000047683716
      vertex 19.34787940979004 -15.444726943969727 -3.200000047683716
      vertex 18.977861404418945 -15.47119140625 -3.200000047683716
    endloop
  endfacet
  facet normal 0 0 -1
    outer loop
      vertex 18.970745086669922 -15.421700477600098 -3.200000047683716
      vertex 19.34787940979004 -15.394726753234863 -3.200000047683716
      vertex 19.34787940979004 -15.444726943969727 -3.200000047683716
    endloop
  endfacet
  facet normal 0 0 -1
    outer loop
      vertex 19.34787940979004 -15.444726943969727 -3.200000047683716
      vertex 19.34787940979004 -15.394726753234863 -3.200000047683716
      vertex 19.725013732910156 -15.421700477600098 -3.200000047683716
    endloop
  endfacet
  facet normal 0 0 -1
    outer loop
      vertex 19.34787940979004 -15.444726943969727 -3.200000047683716
      vertex 19.725013732910156 -15.421700477600098 -3.200000047683716
      vertex 19.717897415161133 -15.47119140625 -3.200000047683716
    endloop
  endfacet
  facet normal 0 0 -1
    outer loop
      vertex 19.717897415161133 -15.47119140625 -3.200000047683716
      vertex 19.725013732910156 -15.421700477600098 -3.200000047683716
      vertex 20.094470977783203 -15.502070426940918 -3.200000047683716
    endloop
  endfacet
  facet normal 0 0 -1
    outer loop
      vertex 19.717897415161133 -15.47119140625 -3.200000047683716
      vertex 20.094470977783203 -15.502070426940918 -3.200000047683716
      vertex 20.08038330078125 -15.550045013427734 -3.200000047683716
    endloop
  endfacet
  facet normal 0 0 -1
    outer loop
      vertex 20.427959442138672 -15.679683685302734 -3.200000047683716
      vertex 20.08038330078125 -15.550045013427734 -3.200000047683716
      vertex 20.448728561401367 -15.634202003479004 -3.200000047683716
    endloop
  endfacet
  facet normal 0 0 -1
    outer loop
      vertex 20.08038330078125 -15.550045013427734 -3.200000047683716
      vertex 20.094470977783203 -15.502070426940918 -3.200000047683716
      vertex 20.448728561401367 -15.634202003479004 -3.200000047683716
    endloop
  endfacet
  facet normal 0 0 -1
    outer loop
      vertex 13.162866592407227 -13.393707275390625 -7.199999809265137
      vertex 11.814064025878906 -11.564739227294922 -7.199999809265137
      vertex 17.33912467956543 -12.106809616088867 -7.199999809265137
    endloop
  endfacet
  facet normal 0.09764238279214038 0.9952214665282574 0.00044457172397262837
    outer loop
      vertex 11.814064025878906 -11.564739227294922 -7.199999809265137
      vertex 13.956594467163086 -11.778653144836426 1.100000023841858
      vertex 17.33912467956543 -12.106809616088867 -7.199999809265137
    endloop
  endfacet
  facet normal 0.09206813193778463 0.9957526303661814 0.0003977440348038442
    outer loop
      vertex 17.33912467956543 -12.106809616088867 -7.199999809265137
      vertex 21.17484474182129 -12.464778900146484 1.100000023841858
      vertex 22.867136001586914 -12.617934226989746 -7.199999809265137
    endloop
  endfacet
  facet normal 0 0 -1
    outer loop
      vertex 21.57720184326172 -16.612028121948242 -7.199999809265137
      vertex 23.350000381469727 -16.5 -7.199999809265137
      vertex 21.758403778076172 -16.943876266479492 -7.199999809265137
    endloop
  endfacet
  facet normal 0 0 -1
    outer loop
      vertex 21.57720184326172 -16.612028121948242 -7.199999809265137
      vertex 21.350616455078125 -16.309345245361328 -7.199999809265137
      vertex 23.350000381469727 -16.5 -7.199999809265137
    endloop
  endfacet
  facet normal 0 0 -1
    outer loop
      vertex 21.758403778076172 -16.943876266479492 -7.199999809265137
      vertex 23.350000381469727 -16.5 -7.199999809265137
      vertex 23.37697410583496 -16.877134323120117 -7.199999809265137
    endloop
  endfacet
  facet normal 0 0 -1
    outer loop
      vertex 21.083261489868164 -16.041990280151367 -7.199999809265137
      vertex 23.37697410583496 -16.122865676879883 -7.199999809265137
      vertex 21.350616455078125 -16.309345245361328 -7.199999809265137
    endloop
  endfacet
  facet normal 0 0 -1
    outer loop
      vertex 21.350616455078125 -16.309345245361328 -7.199999809265137
      vertex 23.37697410583496 -16.122865676879883 -7.199999809265137
      vertex 23.350000381469727 -16.5 -7.199999809265137
    endloop
  endfacet
  facet normal 0 0 -1
    outer loop
      vertex 21.083261489868164 -16.041990280151367 -7.199999809265137
      vertex 23.45734405517578 -15.753408432006836 -7.199999809265137
      vertex 23.37697410583496 -16.122865676879883 -7.199999809265137
    endloop
  endfacet
  facet normal 0 0 -1
    outer loop
      vertex 20.448728561401367 -15.634202003479004 -7.199999809265137
      vertex 23.589475631713867 -15.399149894714355 -7.199999809265137
      vertex 20.78057861328125 -15.815404891967773 -7.199999809265137
    endloop
  endfacet
  facet normal 0 0 -1
    outer loop
      vertex 20.094470977783203 -15.502070426940918 -7.199999809265137
      vertex 23.770679473876953 -15.067301750183105 -7.199999809265137
      vertex 20.448728561401367 -15.634202003479004 -7.199999809265137
    endloop
  endfacet
  facet normal 0 0 -1
    outer loop
      vertex 19.725013732910156 -15.421700477600098 -7.199999809265137
      vertex 23.997264862060547 -14.764618873596191 -7.199999809265137
      vertex 20.094470977783203 -15.502070426940918 -7.199999809265137
    endloop
  endfacet
  facet normal 0 0 -1
    outer loop
      vertex 21.083261489868164 -16.041990280151367 -7.199999809265137
      vertex 20.78057861328125 -15.815404891967773 -7.199999809265137
      vertex 23.45734405517578 -15.753408432006836 -7.199999809265137
    endloop
  endfacet
  facet normal 0 0 -1
    outer loop
      vertex 20.78057861328125 -15.815404891967773 -7.199999809265137
      vertex 23.589475631713867 -15.399149894714355 -7.199999809265137
      vertex 23.45734405517578 -15.753408432006836 -7.199999809265137
    endloop
  endfacet
  facet normal 0 0 -1
    outer loop
      vertex 20.448728561401367 -15.634202003479004 -7.199999809265137
      vertex 23.770679473876953 -15.067301750183105 -7.199999809265137
      vertex 23.589475631713867 -15.399149894714355 -7.199999809265137
    endloop
  endfacet
  facet normal 0 0 -1
    outer loop
      vertex 20.094470977783203 -15.502070426940918 -7.199999809265137
      vertex 23.997264862060547 -14.764618873596191 -7.199999809265137
      vertex 23.770679473876953 -15.067301750183105 -7.199999809265137
    endloop
  endfacet
  facet normal 0 0 -1
    outer loop
      vertex 19.725013732910156 -15.421700477600098 -7.199999809265137
      vertex 24.264619827270508 -14.49726390838623 -7.199999809265137
      vertex 23.997264862060547 -14.764618873596191 -7.199999809265137
    endloop
  endfacet
  facet normal -0.8776799477617723 -0.4792472319136466 0
    outer loop
      vertex 21.57720184326172 -16.612028121948242 -7.199999809265137
      vertex 21.758403778076172 -16.943876266479492 -7.199999809265137
      vertex 21.758403778076172 -16.943876266479492 -3.200000047683716
    endloop
  endfacet
  facet normal -0.8005414630469174 -0.599277369790234 0
    outer loop
      vertex 21.57720184326172 -16.612028121948242 -7.199999809265137
      vertex 21.57720184326172 -16.612028121948242 -3.200000047683716
      vertex 21.350616455078125 -16.309345245361328 -7.199999809265137
    endloop
  endfacet
  facet normal -0.599277369790234 -0.8005414630469174 0
    outer loop
      vertex 21.083261489868164 -16.041990280151367 -7.199999809265137
      vertex 21.083261489868164 -16.041990280151367 -3.200000047683716
      vertex 20.78057861328125 -15.815404891967773 -7.199999809265137
    endloop
  endfacet
  facet normal -0.7071067811865475 -0.7071067811865475 0
    outer loop
      vertex 21.083261489868164 -16.041990280151367 -7.199999809265137
      vertex 21.350616455078125 -16.309345245361328 -7.199999809265137
      vertex 21.350616455078125 -16.309345245361328 -3.200000047683716
    endloop
  endfacet
  facet normal -0.4792470530096682 -0.8776800454502474 0
    outer loop
      vertex 20.448728561401367 -15.634202003479004 -7.199999809265137
      vertex 20.78057861328125 -15.815404891967773 -7.199999809265137
      vertex 20.78057861328125 -15.815404891967773 -3.200000047683716
    endloop
  endfacet
  facet normal 0.9974520119980568 0.07134061789071053 0
    outer loop
      vertex 23.37697410583496 -16.877134323120117 -7.199999809265137
      vertex 23.350000381469727 -16.5 -7.199999809265137
      vertex 23.350000381469727 -16.5 -3.200000047683716
    endloop
  endfacet
  facet normal 0.9974520119980568 -0.07134061789071053 0
    outer loop
      vertex 23.350000381469727 -16.5 -7.199999809265137
      vertex 23.37697410583496 -16.122865676879883 -7.199999809265137
      vertex 23.37697410583496 -16.122865676879883 -3.200000047683716
    endloop
  endfacet
  facet normal 0.9771471707465724 -0.21256388851817906 0
    outer loop
      vertex 23.37697410583496 -16.122865676879883 -7.199999809265137
      vertex 23.45734405517578 -15.753408432006836 -7.199999809265137
      vertex 23.45734405517578 -15.753408432006836 -3.200000047683716
    endloop
  endfacet
  facet normal 0.936949747921412 -0.3494641181437695 0
    outer loop
      vertex 23.45734405517578 -15.753408432006836 -7.199999809265137
      vertex 23.589475631713867 -15.399149894714355 -7.199999809265137
      vertex 23.589475631713867 -15.399149894714355 -3.200000047683716
    endloop
  endfacet
  facet normal 0.8776778258693347 -0.4792511178675304 0
    outer loop
      vertex 23.589475631713867 -15.399149894714355 -7.199999809265137
      vertex 23.770679473876953 -15.067301750183105 -7.199999809265137
      vertex 23.770679473876953 -15.067301750183105 -3.200000047683716
    endloop
  endfacet
  facet normal 0.8005414630469174 -0.599277369790234 0
    outer loop
      vertex 23.770679473876953 -15.067301750183105 -7.199999809265137
      vertex 23.997264862060547 -14.764618873596191 -7.199999809265137
      vertex 23.997264862060547 -14.764618873596191 -3.200000047683716
    endloop
  endfacet
  facet normal 0 0 -1
    outer loop
      vertex 19.34787940979004 -15.394726753234863 -7.199999809265137
      vertex 22.867136001586914 -12.617934226989746 -7.199999809265137
      vertex 19.725013732910156 -15.421700477600098 -7.199999809265137
    endloop
  endfacet
  facet normal 0 0 -1
    outer loop
      vertex 19.725013732910156 -15.421700477600098 -7.199999809265137
      vertex 22.867136001586914 -12.617934226989746 -7.199999809265137
      vertex 24.264619827270508 -14.49726390838623 -7.199999809265137
    endloop
  endfacet
  facet normal 0 0 -1
    outer loop
      vertex 24.264619827270508 -14.49726390838623 -7.199999809265137
      vertex 22.867136001586914 -12.617934226989746 -7.199999809265137
      vertex 24.567302703857422 -14.270678520202637 -7.199999809265137
    endloop
  endfacet
  facet normal 0 0 -1
    outer loop
      vertex 24.567302703857422 -14.270678520202637 -7.199999809265137
      vertex 22.867136001586914 -12.617934226989746 -7.199999809265137
      vertex 24.899150848388672 -14.089475631713867 -7.199999809265137
    endloop
  endfacet
  facet normal 0 0 -1
    outer loop
      vertex 24.899150848388672 -14.089475631713867 -7.199999809265137
      vertex 22.867136001586914 -12.617934226989746 -7.199999809265137
      vertex 25.253408432006836 -13.957344055175781 -7.199999809265137
    endloop
  endfacet
  facet normal 0 0 -1
    outer loop
      vertex 25.253408432006836 -13.957344055175781 -7.199999809265137
      vertex 22.867136001586914 -12.617934226989746 -7.199999809265137
      vertex 25.622865676879883 -13.876973152160645 -7.199999809265137
    endloop
  endfacet
  facet normal 0 0 -1
    outer loop
      vertex 25.622865676879883 -13.876973152160645 -7.199999809265137
      vertex 22.867136001586914 -12.617934226989746 -7.199999809265137
      vertex 26 -13.850000381469727 -7.199999809265137
    endloop
  endfacet
  facet normal 0.7071067811865475 -0.7071067811865475 0
    outer loop
      vertex 23.997264862060547 -14.764618873596191 -7.199999809265137
      vertex 24.264619827270508 -14.49726390838623 -7.199999809265137
      vertex 24.264619827270508 -14.49726390838623 -3.200000047683716
    endloop
  endfacet
  facet normal 0.599277369790234 -0.8005414630469174 0
    outer loop
      vertex 24.264619827270508 -14.49726390838623 -7.199999809265137
      vertex 24.567302703857422 -14.270678520202637 -7.199999809265137
      vertex 24.567302703857422 -14.270678520202637 -3.200000047683716
    endloop
  endfacet
  facet normal 0.47924917489411156 -0.8776788868164217 0
    outer loop
      vertex 24.567302703857422 -14.270678520202637 -7.199999809265137
      vertex 24.899150848388672 -14.089475631713867 -7.199999809265137
      vertex 24.899150848388672 -14.089475631713867 -3.200000047683716
    endloop
  endfacet
  facet normal 0.34946494402178274 -0.9369494398844861 0
    outer loop
      vertex 24.899150848388672 -14.089475631713867 -7.199999809265137
      vertex 25.253408432006836 -13.957344055175781 -7.199999809265137
      vertex 25.253408432006836 -13.957344055175781 -3.200000047683716
    endloop
  endfacet
  facet normal 0 0 -1
    outer loop
      vertex 30.23051643371582 -18.908918380737305 -7.199999809265137
      vertex 28.623027801513672 -16.877134323120117 -7.199999809265137
      vertex 30.23051643371582 -15.091081619262695 -7.199999809265137
    endloop
  endfacet
  facet normal 0 0 -1
    outer loop
      vertex 28.623027801513672 -16.877134323120117 -7.199999809265137
      vertex 28.649999618530273 -16.5 -7.199999809265137
      vertex 30.23051643371582 -15.091081619262695 -7.199999809265137
    endloop
  endfacet
  facet normal 0 0 -1
    outer loop
      vertex 28.410524368286133 -15.399149894714355 -7.199999809265137
      vertex 28.22932243347168 -15.067301750183105 -7.199999809265137
      vertex 30.23051643371582 -15.091081619262695 -7.199999809265137
    endloop
  endfacet
  facet normal 0 0 -1
    outer loop
      vertex 28.22932243347168 -15.067301750183105 -7.199999809265137
      vertex 28.002737045288086 -14.764618873596191 -7.199999809265137
      vertex 30.20328140258789 -14.762139320373535 -7.199999809265137
    endloop
  endfacet
  facet normal 0 0 -1
    outer loop
      vertex 28.649999618530273 -16.5 -7.199999809265137
      vertex 28.623027801513672 -16.122865676879883 -7.199999809265137
      vertex 30.23051643371582 -15.091081619262695 -7.199999809265137
    endloop
  endfacet
  facet normal 0 0 -1
    outer loop
      vertex 28.623027801513672 -16.122865676879883 -7.199999809265137
      vertex 28.54265594482422 -15.753408432006836 -7.199999809265137
      vertex 30.23051643371582 -15.091081619262695 -7.199999809265137
    endloop
  endfacet
  facet normal 0 0 -1
    outer loop
      vertex 28.54265594482422 -15.753408432006836 -7.199999809265137
      vertex 28.410524368286133 -15.399149894714355 -7.199999809265137
      vertex 30.23051643371582 -15.091081619262695 -7.199999809265137
    endloop
  endfacet
  facet normal 0 0 -1
    outer loop
      vertex 28.22932243347168 -15.067301750183105 -7.199999809265137
      vertex 30.20328140258789 -14.762139320373535 -7.199999809265137
      vertex 30.23051643371582 -15.091081619262695 -7.199999809265137
    endloop
  endfacet
  facet normal -0.9974523709528774 0.0713355989705232 0
    outer loop
      vertex 28.623027801513672 -16.877134323120117 -7.199999809265137
      vertex 28.623027801513672 -16.877134323120117 -3.200000047683716
      vertex 28.649999618530273 -16.5 -7.199999809265137
    endloop
  endfacet
  facet normal -0.9974523709528774 -0.0713355989705232 0
    outer loop
      vertex 28.649999618530273 -16.5 -7.199999809265137
      vertex 28.649999618530273 -16.5 -3.200000047683716
      vertex 28.623027801513672 -16.122865676879883 -7.199999809265137
    endloop
  endfacet
  facet normal -0.9771461229431952 -0.212568705168663 0
    outer loop
      vertex 28.623027801513672 -16.122865676879883 -7.199999809265137
      vertex 28.623027801513672 -16.122865676879883 -3.200000047683716
      vertex 28.54265594482422 -15.753408432006836 -7.199999809265137
    endloop
  endfacet
  facet normal -0.936949747921412 -0.3494641181437695 0
    outer loop
      vertex 28.54265594482422 -15.753408432006836 -7.199999809265137
      vertex 28.54265594482422 -15.753408432006836 -3.200000047683716
      vertex 28.410524368286133 -15.399149894714355 -7.199999809265137
    endloop
  endfacet
  facet normal -0.8776799477617723 -0.4792472319136466 0
    outer loop
      vertex 28.410524368286133 -15.399149894714355 -7.199999809265137
      vertex 28.410524368286133 -15.399149894714355 -3.200000047683716
      vertex 28.22932243347168 -15.067301750183105 -7.199999809265137
    endloop
  endfacet
  facet normal -0.8005414630469174 -0.599277369790234 0
    outer loop
      vertex 28.22932243347168 -15.067301750183105 -7.199999809265137
      vertex 28.22932243347168 -15.067301750183105 -3.200000047683716
      vertex 28.002737045288086 -14.764618873596191 -7.199999809265137
    endloop
  endfacet
  facet normal 0.9965899524659201 0.08251343311228294 0
    outer loop
      vertex 30.23051643371582 -15.091081619262695 -7.199999809265137
      vertex 30.20328140258789 -14.762139320373535 -7.199999809265137
      vertex 30.20328140258789 -14.762139320373535 -3.049999952316284
    endloop
  endfacet
  facet normal 0 0 -1
    outer loop
      vertex 26 -13.850000381469727 -7.199999809265137
      vertex 22.867136001586914 -12.617934226989746 -7.199999809265137
      vertex 28.397920608520508 -13.098099708557129 -7.199999809265137
    endloop
  endfacet
  facet normal 0 0 -1
    outer loop
      vertex 26 -13.850000381469727 -7.199999809265137
      vertex 28.397920608520508 -13.098099708557129 -7.199999809265137
      vertex 26.377134323120117 -13.876973152160645 -7.199999809265137
    endloop
  endfacet
  facet normal 0 0 -1
    outer loop
      vertex 26.377134323120117 -13.876973152160645 -7.199999809265137
      vertex 28.397920608520508 -13.098099708557129 -7.199999809265137
      vertex 26.746591567993164 -13.957344055175781 -7.199999809265137
    endloop
  endfacet
  facet normal 0 0 -1
    outer loop
      vertex 27.10085105895996 -14.089475631713867 -7.199999809265137
      vertex 26.746591567993164 -13.957344055175781 -7.199999809265137
      vertex 28.397920608520508 -13.098099708557129 -7.199999809265137
    endloop
  endfacet
  facet normal 0 0 -1
    outer loop
      vertex 27.735382080078125 -14.49726390838623 -7.199999809265137
      vertex 30.122314453125 -14.442155838012695 -7.199999809265137
      vertex 28.002737045288086 -14.764618873596191 -7.199999809265137
    endloop
  endfacet
  facet normal 0 0 -1
    outer loop
      vertex 27.735382080078125 -14.49726390838623 -7.199999809265137
      vertex 27.43269920349121 -14.270678520202637 -7.199999809265137
      vertex 29.809412002563477 -13.863446235656738 -7.199999809265137
    endloop
  endfacet
  facet normal 0 0 -1
    outer loop
      vertex 27.10085105895996 -14.089475631713867 -7.199999809265137
      vertex 29.32567024230957 -13.417570114135742 -7.199999809265137
      vertex 27.43269920349121 -14.270678520202637 -7.199999809265137
    endloop
  endfacet
  facet normal 0 0 -1
    outer loop
      vertex 27.43269920349121 -14.270678520202637 -7.199999809265137
      vertex 29.586000442504883 -13.620481491088867 -7.199999809265137
      vertex 29.809412002563477 -13.863446235656738 -7.199999809265137
    endloop
  endfacet
  facet normal 0 0 -1
    outer loop
      vertex 27.43269920349121 -14.270678520202637 -7.199999809265137
      vertex 29.32567024230957 -13.417570114135742 -7.199999809265137
      vertex 29.586000442504883 -13.620481491088867 -7.199999809265137
    endloop
  endfacet
  facet normal 0 0 -1
    outer loop
      vertex 28.002737045288086 -14.764618873596191 -7.199999809265137
      vertex 30.122314453125 -14.442155838012695 -7.199999809265137
      vertex 30.20328140258789 -14.762139320373535 -7.199999809265137
    endloop
  endfacet
  facet normal 0 0 -1
    outer loop
      vertex 27.735382080078125 -14.49726390838623 -7.199999809265137
      vertex 29.989822387695312 -14.139846801757812 -7.199999809265137
      vertex 30.122314453125 -14.442155838012695 -7.199999809265137
    endloop
  endfacet
  facet normal 0 0 -1
    outer loop
      vertex 27.735382080078125 -14.49726390838623 -7.199999809265137
      vertex 29.809412002563477 -13.863446235656738 -7.199999809265137
      vertex 29.989822387695312 -14.139846801757812 -7.199999809265137
    endloop
  endfacet
  facet normal 0 0 -1
    outer loop
      vertex 27.10085105895996 -14.089475631713867 -7.199999809265137
      vertex 28.72342872619629 -13.152772903442383 -7.199999809265137
      vertex 29.035512924194336 -13.260238647460938 -7.199999809265137
    endloop
  endfacet
  facet normal 0 0 -1
    outer loop
      vertex 27.10085105895996 -14.089475631713867 -7.199999809265137
      vertex 28.397920608520508 -13.098099708557129 -7.199999809265137
      vertex 28.72342872619629 -13.152772903442383 -7.199999809265137
    endloop
  endfacet
  facet normal 0 0 -1
    outer loop
      vertex 27.10085105895996 -14.089475631713867 -7.199999809265137
      vertex 29.035512924194336 -13.260238647460938 -7.199999809265137
      vertex 29.32567024230957 -13.417570114135742 -7.199999809265137
    endloop
  endfacet
  facet normal 0.21256629684535788 -0.9771466468475707 0
    outer loop
      vertex 25.253408432006836 -13.957344055175781 -7.199999809265137
      vertex 25.622865676879883 -13.876973152160645 -7.199999809265137
      vertex 25.622865676879883 -13.876973152160645 -3.200000047683716
    endloop
  endfacet
  facet normal 0.07133810843129418 -0.9974521914785917 0
    outer loop
      vertex 25.622865676879883 -13.876973152160645 -7.199999809265137
      vertex 26 -13.850000381469727 -7.199999809265137
      vertex 26 -13.850000381469727 -3.200000047683716
    endloop
  endfacet
  facet normal -0.07133810843129418 -0.9974521914785917 0
    outer loop
      vertex 26 -13.850000381469727 -7.199999809265137
      vertex 26.377134323120117 -13.876973152160645 -7.199999809265137
      vertex 26.377134323120117 -13.876973152160645 -3.200000047683716
    endloop
  endfacet
  facet normal -0.599277369790234 -0.8005414630469174 0
    outer loop
      vertex 27.735382080078125 -14.49726390838623 -7.199999809265137
      vertex 27.735382080078125 -14.49726390838623 -3.200000047683716
      vertex 27.43269920349121 -14.270678520202637 -7.199999809265137
    endloop
  endfacet
  facet normal -0.34946329226938827 -0.9369500559561539 0
    outer loop
      vertex 27.10085105895996 -14.089475631713867 -7.199999809265137
      vertex 27.10085105895996 -14.089475631713867 -3.200000047683716
      vertex 26.746591567993164 -13.957344055175781 -7.199999809265137
    endloop
  endfacet
  facet normal -0.21256629684535788 -0.9771466468475707 0
    outer loop
      vertex 26.377134323120117 -13.876973152160645 -7.199999809265137
      vertex 26.746591567993164 -13.957344055175781 -7.199999809265137
      vertex 26.746591567993164 -13.957344055175781 -3.200000047683716
    endloop
  endfacet
  facet normal -0.47924917489411156 -0.8776788868164217 0
    outer loop
      vertex 27.10085105895996 -14.089475631713867 -7.199999809265137
      vertex 27.43269920349121 -14.270678520202637 -7.199999809265137
      vertex 27.43269920349121 -14.270678520202637 -3.200000047683716
    endloop
  endfacet
  facet normal -0.7071067811865475 -0.7071067811865475 0
    outer loop
      vertex 27.735382080078125 -14.49726390838623 -7.199999809265137
      vertex 28.002737045288086 -14.764618873596191 -7.199999809265137
      vertex 28.002737045288086 -14.764618873596191 -3.200000047683716
    endloop
  endfacet
  facet normal 0.9694463003913423 0.2453036295237789 0
    outer loop
      vertex 30.20328140258789 -14.762139320373535 -7.199999809265137
      vertex 30.122314453125 -14.442155838012695 -7.199999809265137
      vertex 30.122314453125 -14.442155838012695 -3.049999952316284
    endloop
  endfacet
  facet normal 0.9158991898858382 0.4014083630998055 0
    outer loop
      vertex 30.122314453125 -14.442155838012695 -7.199999809265137
      vertex 29.989822387695312 -14.139846801757812 -7.199999809265137
      vertex 29.989822387695312 -14.139846801757812 -3.049999952316284
    endloop
  endfacet
  facet normal 0.8374037816503284 0.5465847660498132 0
    outer loop
      vertex 29.989822387695312 -14.139846801757812 -7.199999809265137
      vertex 29.809412002563477 -13.863446235656738 -7.199999809265137
      vertex 29.809412002563477 -13.863446235656738 -3.049999952316284
    endloop
  endfacet
  facet normal 0.16564236154369247 0.9861858892025522 0
    outer loop
      vertex 28.397920608520508 -13.098099708557129 -7.199999809265137
      vertex 28.72342872619629 -13.152772903442383 -3.049999952316284
      vertex 28.72342872619629 -13.152772903442383 -7.199999809265137
    endloop
  endfacet
  facet normal 0.3255858600771117 0.9455124788800238 0
    outer loop
      vertex 28.72342872619629 -13.152772903442383 -7.199999809265137
      vertex 28.72342872619629 -13.152772903442383 -3.049999952316284
      vertex 29.035512924194336 -13.260238647460938 -7.199999809265137
    endloop
  endfacet
  facet normal 0.6147564092275524 0.7887170324733999 0
    outer loop
      vertex 29.586000442504883 -13.620481491088867 -7.199999809265137
      vertex 29.32567024230957 -13.417570114135742 -7.199999809265137
      vertex 29.32567024230957 -13.417570114135742 -3.049999952316284
    endloop
  endfacet
  facet normal 0.4766647282612041 0.8790851704082332 0
    outer loop
      vertex 29.035512924194336 -13.260238647460938 -7.199999809265137
      vertex 29.035512924194336 -13.260238647460938 -3.049999952316284
      vertex 29.32567024230957 -13.417570114135742 -7.199999809265137
    endloop
  endfacet
  facet normal 0.7361061071236543 0.6768661603709105 0
    outer loop
      vertex 29.809412002563477 -13.863446235656738 -7.199999809265137
      vertex 29.586000442504883 -13.620481491088867 -7.199999809265137
      vertex 29.586000442504883 -13.620481491088867 -3.049999952316284
    endloop
  endfacet
  facet normal -0.8776799477617723 -0.4792472319136466 0
    outer loop
      vertex 21.57720184326172 -16.612028121948242 -7.199999809265137
      vertex 21.758403778076172 -16.943876266479492 -3.200000047683716
      vertex 21.57720184326172 -16.612028121948242 -3.200000047683716
    endloop
  endfacet
  facet normal -0.8005414630469174 -0.599277369790234 0
    outer loop
      vertex 21.350616455078125 -16.309345245361328 -7.199999809265137
      vertex 21.57720184326172 -16.612028121948242 -3.200000047683716
      vertex 21.350616455078125 -16.309345245361328 -3.200000047683716
    endloop
  endfacet
  facet normal -0.7071067811865475 -0.7071067811865475 0
    outer loop
      vertex 21.083261489868164 -16.041990280151367 -7.199999809265137
      vertex 21.350616455078125 -16.309345245361328 -3.200000047683716
      vertex 21.083261489868164 -16.041990280151367 -3.200000047683716
    endloop
  endfacet
  facet normal -0.4792470530096682 -0.8776800454502474 0
    outer loop
      vertex 20.448728561401367 -15.634202003479004 -7.199999809265137
      vertex 20.78057861328125 -15.815404891967773 -3.200000047683716
      vertex 20.448728561401367 -15.634202003479004 -3.200000047683716
    endloop
  endfacet
  facet normal -0.599277369790234 -0.8005414630469174 0
    outer loop
      vertex 20.78057861328125 -15.815404891967773 -7.199999809265137
      vertex 21.083261489868164 -16.041990280151367 -3.200000047683716
      vertex 20.78057861328125 -15.815404891967773 -3.200000047683716
    endloop
  endfacet
  facet normal 0.9974520119980568 0.07134061789071053 0
    outer loop
      vertex 23.37697410583496 -16.877134323120117 -7.199999809265137
      vertex 23.350000381469727 -16.5 -3.200000047683716
      vertex 23.37697410583496 -16.877134323120117 -3.200000047683716
    endloop
  endfacet
  facet normal 0.9974520119980568 -0.07134061789071053 0
    outer loop
      vertex 23.350000381469727 -16.5 -7.199999809265137
      vertex 23.37697410583496 -16.122865676879883 -3.200000047683716
      vertex 23.350000381469727 -16.5 -3.200000047683716
    endloop
  endfacet
  facet normal 0.9771471707465724 -0.21256388851817906 0
    outer loop
      vertex 23.37697410583496 -16.122865676879883 -7.199999809265137
      vertex 23.45734405517578 -15.753408432006836 -3.200000047683716
      vertex 23.37697410583496 -16.122865676879883 -3.200000047683716
    endloop
  endfacet
  facet normal 0.936949747921412 -0.3494641181437695 0
    outer loop
      vertex 23.45734405517578 -15.753408432006836 -7.199999809265137
      vertex 23.589475631713867 -15.399149894714355 -3.200000047683716
      vertex 23.45734405517578 -15.753408432006836 -3.200000047683716
    endloop
  endfacet
  facet normal 0.8776778258693347 -0.4792511178675304 0
    outer loop
      vertex 23.589475631713867 -15.399149894714355 -7.199999809265137
      vertex 23.770679473876953 -15.067301750183105 -3.200000047683716
      vertex 23.589475631713867 -15.399149894714355 -3.200000047683716
    endloop
  endfacet
  facet normal 0.8005414630469174 -0.599277369790234 0
    outer loop
      vertex 23.770679473876953 -15.067301750183105 -7.199999809265137
      vertex 23.997264862060547 -14.764618873596191 -3.200000047683716
      vertex 23.770679473876953 -15.067301750183105 -3.200000047683716
    endloop
  endfacet
  facet normal 0 0 -1
    outer loop
      vertex 21.712923049926758 -16.96464729309082 -3.200000047683716
      vertex 21.535139083862305 -16.639060974121094 -3.200000047683716
      vertex 21.758403778076172 -16.943876266479492 -3.200000047683716
    endloop
  endfacet
  facet normal 0 0 -1
    outer loop
      vertex 21.535139083862305 -16.639060974121094 -3.200000047683716
      vertex 21.57720184326172 -16.612028121948242 -3.200000047683716
      vertex 21.758403778076172 -16.943876266479492 -3.200000047683716
    endloop
  endfacet
  facet normal 0 0 -1
    outer loop
      vertex 21.535139083862305 -16.639060974121094 -3.200000047683716
      vertex 21.312828063964844 -16.34208869934082 -3.200000047683716
      vertex 21.57720184326172 -16.612028121948242 -3.200000047683716
    endloop
  endfacet
  facet normal 0 0 -1
    outer loop
      vertex 21.050518035888672 -16.07977867126465 -3.200000047683716
      vertex 20.7535457611084 -15.857467651367188 -3.200000047683716
      vertex 21.083261489868164 -16.041990280151367 -3.200000047683716
    endloop
  endfacet
  facet normal 0 0 -1
    outer loop
      vertex 21.050518035888672 -16.07977867126465 -3.200000047683716
      vertex 21.350616455078125 -16.309345245361328 -3.200000047683716
      vertex 21.312828063964844 -16.34208869934082 -3.200000047683716
    endloop
  endfacet
  facet normal 0 0 -1
    outer loop
      vertex 21.57720184326172 -16.612028121948242 -3.200000047683716
      vertex 21.312828063964844 -16.34208869934082 -3.200000047683716
      vertex 21.350616455078125 -16.309345245361328 -3.200000047683716
    endloop
  endfacet
  facet normal 0 0 -1
    outer loop
      vertex 21.050518035888672 -16.07977867126465 -3.200000047683716
      vertex 21.083261489868164 -16.041990280151367 -3.200000047683716
      vertex 21.350616455078125 -16.309345245361328 -3.200000047683716
    endloop
  endfacet
  facet normal 0 0 -1
    outer loop
      vertex 20.427959442138672 -15.679683685302734 -3.200000047683716
      vertex 20.78057861328125 -15.815404891967773 -3.200000047683716
      vertex 20.7535457611084 -15.857467651367188 -3.200000047683716
    endloop
  endfacet
  facet normal 0 0 -1
    outer loop
      vertex 20.427959442138672 -15.679683685302734 -3.200000047683716
      vertex 20.448728561401367 -15.634202003479004 -3.200000047683716
      vertex 20.78057861328125 -15.815404891967773 -3.200000047683716
    endloop
  endfacet
  facet normal 0 0 -1
    outer loop
      vertex 21.083261489868164 -16.041990280151367 -3.200000047683716
      vertex 20.7535457611084 -15.857467651367188 -3.200000047683716
      vertex 20.78057861328125 -15.815404891967773 -3.200000047683716
    endloop
  endfacet
  facet normal 0 0 -1
    outer loop
      vertex 23.505319595336914 -17.23250389099121 -3.200000047683716
      vertex 23.37697410583496 -16.877134323120117 -3.200000047683716
      vertex 23.426464080810547 -16.870018005371094 -3.200000047683716
    endloop
  endfacet
  facet normal 0 0 -1
    outer loop
      vertex 23.37697410583496 -16.877134323120117 -3.200000047683716
      vertex 23.350000381469727 -16.5 -3.200000047683716
      vertex 23.426464080810547 -16.870018005371094 -3.200000047683716
    endloop
  endfacet
  facet normal 0 0 -1
    outer loop
      vertex 23.426464080810547 -16.870018005371094 -3.200000047683716
      vertex 23.350000381469727 -16.5 -3.200000047683716
      vertex 23.399999618530273 -16.5 -3.200000047683716
    endloop
  endfacet
  facet normal 0 0 -1
    outer loop
      vertex 23.350000381469727 -16.5 -3.200000047683716
      vertex 23.426464080810547 -16.129981994628906 -3.200000047683716
      vertex 23.399999618530273 -16.5 -3.200000047683716
    endloop
  endfacet
  facet normal 0 0 -1
    outer loop
      vertex 23.350000381469727 -16.5 -3.200000047683716
      vertex 23.37697410583496 -16.122865676879883 -3.200000047683716
      vertex 23.426464080810547 -16.129981994628906 -3.200000047683716
    endloop
  endfacet
  facet normal 0 0 -1
    outer loop
      vertex 23.37697410583496 -16.122865676879883 -3.200000047683716
      vertex 23.505319595336914 -15.767495155334473 -3.200000047683716
      vertex 23.426464080810547 -16.129981994628906 -3.200000047683716
    endloop
  endfacet
  facet normal 0 0 -1
    outer loop
      vertex 23.37697410583496 -16.122865676879883 -3.200000047683716
      vertex 23.45734405517578 -15.753408432006836 -3.200000047683716
      vertex 23.505319595336914 -15.767495155334473 -3.200000047683716
    endloop
  endfacet
  facet normal 0 0 -1
    outer loop
      vertex 23.45734405517578 -15.753408432006836 -3.200000047683716
      vertex 23.63495635986328 -15.419920921325684 -3.200000047683716
      vertex 23.505319595336914 -15.767495155334473 -3.200000047683716
    endloop
  endfacet
  facet normal 0 0 -1
    outer loop
      vertex 23.45734405517578 -15.753408432006836 -3.200000047683716
      vertex 23.589475631713867 -15.399149894714355 -3.200000047683716
      vertex 23.63495635986328 -15.419920921325684 -3.200000047683716
    endloop
  endfacet
  facet normal 0 0 -1
    outer loop
      vertex 23.589475631713867 -15.399149894714355 -3.200000047683716
      vertex 23.812740325927734 -15.09433364868164 -3.200000047683716
      vertex 23.63495635986328 -15.419920921325684 -3.200000047683716
    endloop
  endfacet
  facet normal 0 0 -1
    outer loop
      vertex 23.589475631713867 -15.399149894714355 -3.200000047683716
      vertex 23.770679473876953 -15.067301750183105 -3.200000047683716
      vertex 23.812740325927734 -15.09433364868164 -3.200000047683716
    endloop
  endfacet
  facet normal 0 0 -1
    outer loop
      vertex 23.770679473876953 -15.067301750183105 -3.200000047683716
      vertex 24.035051345825195 -14.797362327575684 -3.200000047683716
      vertex 23.812740325927734 -15.09433364868164 -3.200000047683716
    endloop
  endfacet
  facet normal 0 0 -1
    outer loop
      vertex 23.770679473876953 -15.067301750183105 -3.200000047683716
      vertex 23.997264862060547 -14.764618873596191 -3.200000047683716
      vertex 24.035051345825195 -14.797362327575684 -3.200000047683716
    endloop
  endfacet
  facet normal 0.7071067811865475 -0.7071067811865475 0
    outer loop
      vertex 23.997264862060547 -14.764618873596191 -7.199999809265137
      vertex 24.264619827270508 -14.49726390838623 -3.200000047683716
      vertex 23.997264862060547 -14.764618873596191 -3.200000047683716
    endloop
  endfacet
  facet normal 0.599277369790234 -0.8005414630469174 0
    outer loop
      vertex 24.264619827270508 -14.49726390838623 -7.199999809265137
      vertex 24.567302703857422 -14.270678520202637 -3.200000047683716
      vertex 24.264619827270508 -14.49726390838623 -3.200000047683716
    endloop
  endfacet
  facet normal 0.47924917489411156 -0.8776788868164217 0
    outer loop
      vertex 24.567302703857422 -14.270678520202637 -7.199999809265137
      vertex 24.899150848388672 -14.089475631713867 -3.200000047683716
      vertex 24.567302703857422 -14.270678520202637 -3.200000047683716
    endloop
  endfacet
  facet normal 0.34946494402178274 -0.9369494398844861 0
    outer loop
      vertex 24.899150848388672 -14.089475631713867 -7.199999809265137
      vertex 25.253408432006836 -13.957344055175781 -3.200000047683716
      vertex 24.899150848388672 -14.089475631713867 -3.200000047683716
    endloop
  endfacet
  facet normal 0 0 -1
    outer loop
      vertex 24.035051345825195 -14.797362327575684 -3.200000047683716
      vertex 23.997264862060547 -14.764618873596191 -3.200000047683716
      vertex 24.29736328125 -14.535051345825195 -3.200000047683716
    endloop
  endfacet
  facet normal 0 0 -1
    outer loop
      vertex 23.997264862060547 -14.764618873596191 -3.200000047683716
      vertex 24.264619827270508 -14.49726390838623 -3.200000047683716
      vertex 24.29736328125 -14.535051345825195 -3.200000047683716
    endloop
  endfacet
  facet normal 0 0 -1
    outer loop
      vertex 24.29736328125 -14.535051345825195 -3.200000047683716
      vertex 24.264619827270508 -14.49726390838623 -3.200000047683716
      vertex 24.59433364868164 -14.31274127960205 -3.200000047683716
    endloop
  endfacet
  facet normal 0 0 -1
    outer loop
      vertex 24.264619827270508 -14.49726390838623 -3.200000047683716
      vertex 24.567302703857422 -14.270678520202637 -3.200000047683716
      vertex 24.59433364868164 -14.31274127960205 -3.200000047683716
    endloop
  endfacet
  facet normal 0 0 -1
    outer loop
      vertex 24.59433364868164 -14.31274127960205 -3.200000047683716
      vertex 24.567302703857422 -14.270678520202637 -3.200000047683716
      vertex 24.919921875 -14.134956359863281 -3.200000047683716
    endloop
  endfacet
  facet normal 0 0 -1
    outer loop
      vertex 24.567302703857422 -14.270678520202637 -3.200000047683716
      vertex 24.899150848388672 -14.089475631713867 -3.200000047683716
      vertex 24.919921875 -14.134956359863281 -3.200000047683716
    endloop
  endfacet
  facet normal 0 0 -1
    outer loop
      vertex 24.899150848388672 -14.089475631713867 -3.200000047683716
      vertex 25.26749610900879 -14.005318641662598 -3.200000047683716
      vertex 24.919921875 -14.134956359863281 -3.200000047683716
    endloop
  endfacet
  facet normal 0 0 -1
    outer loop
      vertex 24.899150848388672 -14.089475631713867 -3.200000047683716
      vertex 25.253408432006836 -13.957344055175781 -3.200000047683716
      vertex 25.26749610900879 -14.005318641662598 -3.200000047683716
    endloop
  endfacet
  facet normal -0.9974523709528774 0.0713355989705232 0
    outer loop
      vertex 28.649999618530273 -16.5 -7.199999809265137
      vertex 28.623027801513672 -16.877134323120117 -3.200000047683716
      vertex 28.649999618530273 -16.5 -3.200000047683716
    endloop
  endfacet
  facet normal -0.9974523709528774 -0.0713355989705232 0
    outer loop
      vertex 28.623027801513672 -16.122865676879883 -7.199999809265137
      vertex 28.649999618530273 -16.5 -3.200000047683716
      vertex 28.623027801513672 -16.122865676879883 -3.200000047683716
    endloop
  endfacet
  facet normal -0.9771461229431952 -0.212568705168663 0
    outer loop
      vertex 28.54265594482422 -15.753408432006836 -7.199999809265137
      vertex 28.623027801513672 -16.122865676879883 -3.200000047683716
      vertex 28.54265594482422 -15.753408432006836 -3.200000047683716
    endloop
  endfacet
  facet normal -0.936949747921412 -0.3494641181437695 0
    outer loop
      vertex 28.410524368286133 -15.399149894714355 -7.199999809265137
      vertex 28.54265594482422 -15.753408432006836 -3.200000047683716
      vertex 28.410524368286133 -15.399149894714355 -3.200000047683716
    endloop
  endfacet
  facet normal -0.8776799477617723 -0.4792472319136466 0
    outer loop
      vertex 28.22932243347168 -15.067301750183105 -7.199999809265137
      vertex 28.410524368286133 -15.399149894714355 -3.200000047683716
      vertex 28.22932243347168 -15.067301750183105 -3.200000047683716
    endloop
  endfacet
  facet normal -0.8005414630469174 -0.599277369790234 0
    outer loop
      vertex 28.002737045288086 -14.764618873596191 -7.199999809265137
      vertex 28.22932243347168 -15.067301750183105 -3.200000047683716
      vertex 28.002737045288086 -14.764618873596191 -3.200000047683716
    endloop
  endfacet
  facet normal 0 0 -1
    outer loop
      vertex 28.49468231201172 -17.23250389099121 -3.200000047683716
      vertex 28.573535919189453 -16.870018005371094 -3.200000047683716
      vertex 28.623027801513672 -16.877134323120117 -3.200000047683716
    endloop
  endfacet
  facet normal 0 0 -1
    outer loop
      vertex 28.573535919189453 -16.870018005371094 -3.200000047683716
      vertex 28.649999618530273 -16.5 -3.200000047683716
      vertex 28.623027801513672 -16.877134323120117 -3.200000047683716
    endloop
  endfacet
  facet normal 0 0 -1
    outer loop
      vertex 28.573535919189453 -16.870018005371094 -3.200000047683716
      vertex 28.600000381469727 -16.5 -3.200000047683716
      vertex 28.649999618530273 -16.5 -3.200000047683716
    endloop
  endfacet
  facet normal 0 0 -1
    outer loop
      vertex 28.600000381469727 -16.5 -3.200000047683716
      vertex 28.623027801513672 -16.122865676879883 -3.200000047683716
      vertex 28.649999618530273 -16.5 -3.200000047683716
    endloop
  endfacet
  facet normal 0 0 -1
    outer loop
      vertex 28.600000381469727 -16.5 -3.200000047683716
      vertex 28.573535919189453 -16.129981994628906 -3.200000047683716
      vertex 28.623027801513672 -16.122865676879883 -3.200000047683716
    endloop
  endfacet
  facet normal 0 0 -1
    outer loop
      vertex 28.573535919189453 -16.129981994628906 -3.200000047683716
      vertex 28.49468231201172 -15.767495155334473 -3.200000047683716
      vertex 28.623027801513672 -16.122865676879883 -3.200000047683716
    endloop
  endfacet
  facet normal 0 0 -1
    outer loop
      vertex 28.623027801513672 -16.122865676879883 -3.200000047683716
      vertex 28.49468231201172 -15.767495155334473 -3.200000047683716
      vertex 28.54265594482422 -15.753408432006836 -3.200000047683716
    endloop
  endfacet
  facet normal 0 0 -1
    outer loop
      vertex 28.36504364013672 -15.419920921325684 -3.200000047683716
      vertex 28.54265594482422 -15.753408432006836 -3.200000047683716
      vertex 28.49468231201172 -15.767495155334473 -3.200000047683716
    endloop
  endfacet
  facet normal 0 0 -1
    outer loop
      vertex 28.36504364013672 -15.419920921325684 -3.200000047683716
      vertex 28.410524368286133 -15.399149894714355 -3.200000047683716
      vertex 28.54265594482422 -15.753408432006836 -3.200000047683716
    endloop
  endfacet
  facet normal 0 0 -1
    outer loop
      vertex 28.36504364013672 -15.419920921325684 -3.200000047683716
      vertex 28.187259674072266 -15.09433364868164 -3.200000047683716
      vertex 28.410524368286133 -15.399149894714355 -3.200000047683716
    endloop
  endfacet
  facet normal 0 0 -1
    outer loop
      vertex 28.410524368286133 -15.399149894714355 -3.200000047683716
      vertex 28.187259674072266 -15.09433364868164 -3.200000047683716
      vertex 28.22932243347168 -15.067301750183105 -3.200000047683716
    endloop
  endfacet
  facet normal 0 0 -1
    outer loop
      vertex 28.22932243347168 -15.067301750183105 -3.200000047683716
      vertex 27.964948654174805 -14.797362327575684 -3.200000047683716
      vertex 28.002737045288086 -14.764618873596191 -3.200000047683716
    endloop
  endfacet
  facet normal 0 0 -1
    outer loop
      vertex 28.187259674072266 -15.09433364868164 -3.200000047683716
      vertex 27.964948654174805 -14.797362327575684 -3.200000047683716
      vertex 28.22932243347168 -15.067301750183105 -3.200000047683716
    endloop
  endfacet
  facet normal 0.21256629684535788 -0.9771466468475707 0
    outer loop
      vertex 25.253408432006836 -13.957344055175781 -7.199999809265137
      vertex 25.622865676879883 -13.876973152160645 -3.200000047683716
      vertex 25.253408432006836 -13.957344055175781 -3.200000047683716
    endloop
  endfacet
  facet normal 0.07133810843129418 -0.9974521914785917 0
    outer loop
      vertex 25.622865676879883 -13.876973152160645 -7.199999809265137
      vertex 26 -13.850000381469727 -3.200000047683716
      vertex 25.622865676879883 -13.876973152160645 -3.200000047683716
    endloop
  endfacet
  facet normal -0.07133810843129418 -0.9974521914785917 0
    outer loop
      vertex 26 -13.850000381469727 -7.199999809265137
      vertex 26.377134323120117 -13.876973152160645 -3.200000047683716
      vertex 26 -13.850000381469727 -3.200000047683716
    endloop
  endfacet
  facet normal -0.21256629684535788 -0.9771466468475707 0
    outer loop
      vertex 26.377134323120117 -13.876973152160645 -7.199999809265137
      vertex 26.746591567993164 -13.957344055175781 -3.200000047683716
      vertex 26.377134323120117 -13.876973152160645 -3.200000047683716
    endloop
  endfacet
  facet normal -0.599277369790234 -0.8005414630469174 0
    outer loop
      vertex 27.43269920349121 -14.270678520202637 -7.199999809265137
      vertex 27.735382080078125 -14.49726390838623 -3.200000047683716
      vertex 27.43269920349121 -14.270678520202637 -3.200000047683716
    endloop
  endfacet
  facet normal -0.34946329226938827 -0.9369500559561539 0
    outer loop
      vertex 26.746591567993164 -13.957344055175781 -7.199999809265137
      vertex 27.10085105895996 -14.089475631713867 -3.200000047683716
      vertex 26.746591567993164 -13.957344055175781 -3.200000047683716
    endloop
  endfacet
  facet normal -0.47924917489411156 -0.8776788868164217 0
    outer loop
      vertex 27.10085105895996 -14.089475631713867 -7.199999809265137
      vertex 27.43269920349121 -14.270678520202637 -3.200000047683716
      vertex 27.10085105895996 -14.089475631713867 -3.200000047683716
    endloop
  endfacet
  facet normal 0.08649154435553567 0.9962525848172211 0
    outer loop
      vertex 28.397920608520508 -13.098099708557129 -7.199999809265137
      vertex 22.867136001586914 -12.617934226989746 -7.199999809265137
      vertex 28.397920608520508 -13.098099708557129 1.100000023841858
    endloop
  endfacet
  facet normal -0.7071067811865475 -0.7071067811865475 0
    outer loop
      vertex 27.735382080078125 -14.49726390838623 -7.199999809265137
      vertex 28.002737045288086 -14.764618873596191 -3.200000047683716
      vertex 27.735382080078125 -14.49726390838623 -3.200000047683716
    endloop
  endfacet
  facet normal 0.9694463003913423 0.2453036295237789 0
    outer loop
      vertex 30.20328140258789 -14.762139320373535 -7.199999809265137
      vertex 30.122314453125 -14.442155838012695 -3.049999952316284
      vertex 30.20328140258789 -14.762139320373535 -3.049999952316284
    endloop
  endfacet
  facet normal 0.9158991898858382 0.4014083630998055 0
    outer loop
      vertex 30.122314453125 -14.442155838012695 -7.199999809265137
      vertex 29.989822387695312 -14.139846801757812 -3.049999952316284
      vertex 30.122314453125 -14.442155838012695 -3.049999952316284
    endloop
  endfacet
  facet normal 0.8374037816503284 0.5465847660498132 0
    outer loop
      vertex 29.989822387695312 -14.139846801757812 -7.199999809265137
      vertex 29.809412002563477 -13.863446235656738 -3.049999952316284
      vertex 29.989822387695312 -14.139846801757812 -3.049999952316284
    endloop
  endfacet
  facet normal 0.7361061071236543 0.6768661603709105 0
    outer loop
      vertex 29.809412002563477 -13.863446235656738 -7.199999809265137
      vertex 29.586000442504883 -13.620481491088867 -3.049999952316284
      vertex 29.809412002563477 -13.863446235656738 -3.049999952316284
    endloop
  endfacet
  facet normal 0.3255858600771117 0.9455124788800238 0
    outer loop
      vertex 29.035512924194336 -13.260238647460938 -7.199999809265137
      vertex 28.72342872619629 -13.152772903442383 -3.049999952316284
      vertex 29.035512924194336 -13.260238647460938 -3.049999952316284
    endloop
  endfacet
  facet normal 0.6147564092275524 0.7887170324733999 0
    outer loop
      vertex 29.586000442504883 -13.620481491088867 -7.199999809265137
      vertex 29.32567024230957 -13.417570114135742 -3.049999952316284
      vertex 29.586000442504883 -13.620481491088867 -3.049999952316284
    endloop
  endfacet
  facet normal 0.4766647282612041 0.8790851704082332 0
    outer loop
      vertex 29.32567024230957 -13.417570114135742 -7.199999809265137
      vertex 29.035512924194336 -13.260238647460938 -3.049999952316284
      vertex 29.32567024230957 -13.417570114135742 -3.049999952316284
    endloop
  endfacet
  facet normal 0 0 -1
    outer loop
      vertex 25.26749610900879 -14.005318641662598 -3.200000047683716
      vertex 25.253408432006836 -13.957344055175781 -3.200000047683716
      vertex 25.629981994628906 -13.926464080810547 -3.200000047683716
    endloop
  endfacet
  facet normal 0 0 -1
    outer loop
      vertex 25.253408432006836 -13.957344055175781 -3.200000047683716
      vertex 25.622865676879883 -13.876973152160645 -3.200000047683716
      vertex 25.629981994628906 -13.926464080810547 -3.200000047683716
    endloop
  endfacet
  facet normal 0 0 -1
    outer loop
      vertex 25.629981994628906 -13.926464080810547 -3.200000047683716
      vertex 25.622865676879883 -13.876973152160645 -3.200000047683716
      vertex 26 -13.899999618530273 -3.200000047683716
    endloop
  endfacet
  facet normal 0 0 -1
    outer loop
      vertex 25.622865676879883 -13.876973152160645 -3.200000047683716
      vertex 26 -13.850000381469727 -3.200000047683716
      vertex 26 -13.899999618530273 -3.200000047683716
    endloop
  endfacet
  facet normal 0 0 -1
    outer loop
      vertex 26 -13.899999618530273 -3.200000047683716
      vertex 26 -13.850000381469727 -3.200000047683716
      vertex 26.377134323120117 -13.876973152160645 -3.200000047683716
    endloop
  endfacet
  facet normal 0 0 -1
    outer loop
      vertex 26 -13.899999618530273 -3.200000047683716
      vertex 26.377134323120117 -13.876973152160645 -3.200000047683716
      vertex 26.370019912719727 -13.926464080810547 -3.200000047683716
    endloop
  endfacet
  facet normal 0 0 -1
    outer loop
      vertex 26.370019912719727 -13.926464080810547 -3.200000047683716
      vertex 26.377134323120117 -13.876973152160645 -3.200000047683716
      vertex 26.746591567993164 -13.957344055175781 -3.200000047683716
    endloop
  endfacet
  facet normal 0 0 -1
    outer loop
      vertex 27.40566635131836 -14.31274127960205 -3.200000047683716
      vertex 27.735382080078125 -14.49726390838623 -3.200000047683716
      vertex 27.702638626098633 -14.535051345825195 -3.200000047683716
    endloop
  endfacet
  facet normal 0 0 -1
    outer loop
      vertex 27.40566635131836 -14.31274127960205 -3.200000047683716
      vertex 27.43269920349121 -14.270678520202637 -3.200000047683716
      vertex 27.735382080078125 -14.49726390838623 -3.200000047683716
    endloop
  endfacet
  facet normal 0 0 -1
    outer loop
      vertex 27.10085105895996 -14.089475631713867 -3.200000047683716
      vertex 26.732505798339844 -14.005318641662598 -3.200000047683716
      vertex 26.746591567993164 -13.957344055175781 -3.200000047683716
    endloop
  endfacet
  facet normal 0 0 -1
    outer loop
      vertex 27.080080032348633 -14.134956359863281 -3.200000047683716
      vertex 26.732505798339844 -14.005318641662598 -3.200000047683716
      vertex 27.10085105895996 -14.089475631713867 -3.200000047683716
    endloop
  endfacet
  facet normal 0 0 -1
    outer loop
      vertex 26.370019912719727 -13.926464080810547 -3.200000047683716
      vertex 26.746591567993164 -13.957344055175781 -3.200000047683716
      vertex 26.732505798339844 -14.005318641662598 -3.200000047683716
    endloop
  endfacet
  facet normal 0 0 -1
    outer loop
      vertex 27.40566635131836 -14.31274127960205 -3.200000047683716
      vertex 27.080080032348633 -14.134956359863281 -3.200000047683716
      vertex 27.43269920349121 -14.270678520202637 -3.200000047683716
    endloop
  endfacet
  facet normal 0 0 -1
    outer loop
      vertex 27.080080032348633 -14.134956359863281 -3.200000047683716
      vertex 27.10085105895996 -14.089475631713867 -3.200000047683716
      vertex 27.43269920349121 -14.270678520202637 -3.200000047683716
    endloop
  endfacet
  facet normal 0 0 -1
    outer loop
      vertex 27.702638626098633 -14.535051345825195 -3.200000047683716
      vertex 28.002737045288086 -14.764618873596191 -3.200000047683716
      vertex 27.964948654174805 -14.797362327575684 -3.200000047683716
    endloop
  endfacet
  facet normal 0 0 -1
    outer loop
      vertex 27.702638626098633 -14.535051345825195 -3.200000047683716
      vertex 27.735382080078125 -14.49726390838623 -3.200000047683716
      vertex 28.002737045288086 -14.764618873596191 -3.200000047683716
    endloop
  endfacet
  facet normal -0.6223638278505175 0.33983709757966696 -0.7051056749820409
    outer loop
      vertex 14.603534698486328 -17.342029571533203 -3.200000047683716
      vertex 13.749528884887695 -16.623703002929688 -2.0999999046325684
      vertex 14.781318664550781 -17.016443252563477 -3.200000047683716
    endloop
  endfacet
  facet normal -0.6633678238264735 0.24742375938976646 -0.7062043709870139
    outer loop
      vertex 14.781318664550781 -17.016443252563477 -3.200000047683716
      vertex 13.855514526367188 -16.358963012695312 -2.0999999046325684
      vertex 14.910957336425781 -16.668869018554688 -3.200000047683716
    endloop
  endfacet
  facet normal -0.6918279995044709 0.15049726202209893 -0.7062043565608283
    outer loop
      vertex 14.910957336425781 -16.668869018554688 -3.200000047683716
      vertex 13.855514526367188 -16.358963012695312 -2.0999999046325684
      vertex 14.989810943603516 -16.30638313293457 -3.200000047683716
    endloop
  endfacet
  facet normal -0.7072954487747298 0.05058712065294671 -0.7051057306295259
    outer loop
      vertex 14.989810943603516 -16.30638313293457 -3.200000047683716
      vertex 13.909482955932617 -16.078947067260742 -2.0999999046325684
      vertex 15.016275405883789 -15.93636417388916 -3.200000047683716
    endloop
  endfacet
  facet normal -0.593022049758644 0.3811129453557582 -0.7092797553732343
    outer loop
      vertex 14.603534698486328 -17.342029571533203 -3.200000047683716
      vertex 13.595355033874512 -16.863601684570312 -2.0999999046325684
      vertex 13.749528884887695 -16.623703002929688 -2.0999999046325684
    endloop
  endfacet
  facet normal -0.6553085226536964 0.2623453074805328 -0.7083400876559046
    outer loop
      vertex 14.781318664550781 -17.016443252563477 -3.200000047683716
      vertex 13.749528884887695 -16.623703002929688 -2.0999999046325684
      vertex 13.855514526367188 -16.358963012695312 -2.0999999046325684
    endloop
  endfacet
  facet normal -0.6931153341876232 0.13358648571163076 -0.7083401614684824
    outer loop
      vertex 14.989810943603516 -16.30638313293457 -3.200000047683716
      vertex 13.855514526367188 -16.358963012695312 -2.0999999046325684
      vertex 13.909482955932617 -16.078947067260742 -2.0999999046325684
    endloop
  endfacet
  facet normal -0.704927031759601 0 -0.7092798318679295
    outer loop
      vertex 15.016275405883789 -15.93636417388916 -3.200000047683716
      vertex 13.909482955932617 -16.078947067260742 -2.0999999046325684
      vertex 13.909482955932617 -15.793780326843262 -2.0999999046325684
    endloop
  endfacet
  facet normal -0.6223643236365356 -0.3398363728857771 -0.7051055866522947
    outer loop
      vertex 14.781318664550781 -14.856285095214844 -3.200000047683716
      vertex 13.749528884887695 -15.249024391174316 -2.0999999046325684
      vertex 14.603534698486328 -14.5306978225708 -3.200000047683716
    endloop
  endfacet
  facet normal -0.7072954706474311 -0.05058712221732406 -0.7051057085766633
    outer loop
      vertex 15.016275405883789 -15.93636417388916 -3.200000047683716
      vertex 13.909482955932617 -15.793780326843262 -2.0999999046325684
      vertex 14.989810943603516 -15.56634521484375 -3.200000047683716
    endloop
  endfacet
  facet normal -0.6918279995044709 -0.15049726202209893 -0.7062043565608283
    outer loop
      vertex 14.989810943603516 -15.56634521484375 -3.200000047683716
      vertex 13.855514526367188 -15.513765335083008 -2.0999999046325684
      vertex 14.910957336425781 -15.203859329223633 -3.200000047683716
    endloop
  endfacet
  facet normal -0.6633678238264735 -0.24742375938976646 -0.7062043709870139
    outer loop
      vertex 14.910957336425781 -15.203859329223633 -3.200000047683716
      vertex 13.855514526367188 -15.513765335083008 -2.0999999046325684
      vertex 14.781318664550781 -14.856285095214844 -3.200000047683716
    endloop
  endfacet
  facet normal -0.6931153027387922 -0.13358693461886828 -0.7083401075814122
    outer loop
      vertex 14.989810943603516 -15.56634521484375 -3.200000047683716
      vertex 13.909482955932617 -15.793780326843262 -2.0999999046325684
      vertex 13.855514526367188 -15.513765335083008 -2.0999999046325684
    endloop
  endfacet
  facet normal -0.6553089473213444 -0.26234453244624584 -0.7083399818280428
    outer loop
      vertex 14.781318664550781 -14.856285095214844 -3.200000047683716
      vertex 13.855514526367188 -15.513765335083008 -2.0999999046325684
      vertex 13.749528884887695 -15.249024391174316 -2.0999999046325684
    endloop
  endfacet
  facet normal -0.593022049758644 -0.3811129453557582 -0.7092797553732343
    outer loop
      vertex 14.603534698486328 -14.5306978225708 -3.200000047683716
      vertex 13.749528884887695 -15.249024391174316 -2.0999999046325684
      vertex 13.595355033874512 -15.009125709533691 -2.0999999046325684
    endloop
  endfacet
  facet normal 0.7860534481168868 0.6181585368686198 0
    outer loop
      vertex 11.330674171447754 -16.97148323059082 -2.0999999046325684
      vertex 11.15439510345459 -16.747325897216797 -2.0999999046325684
      vertex 11.15439510345459 -16.747325897216797 1.100000023841858
    endloop
  endfacet
  facet normal 0.8888356028252479 0.45822622267857865 0
    outer loop
      vertex 11.15439510345459 -16.747325897216797 -2.0999999046325684
      vertex 11.023723602294922 -16.493858337402344 -2.0999999046325684
      vertex 11.023723602294922 -16.493858337402344 1.100000023841858
    endloop
  endfacet
  facet normal 0.9594927836218496 0.2817332038961587 0
    outer loop
      vertex 11.023723602294922 -16.493858337402344 -2.0999999046325684
      vertex 10.943382263183594 -16.22024154663086 -2.0999999046325684
      vertex 10.943382263183594 -16.22024154663086 1.100000023841858
    endloop
  endfacet
  facet normal 0.995471844153845 0.09505686454403374 0
    outer loop
      vertex 10.943382263183594 -16.22024154663086 -2.0999999046325684
      vertex 10.916275024414062 -15.93636417388916 -2.0999999046325684
      vertex 10.916275024414062 -15.93636417388916 1.100000023841858
    endloop
  endfacet
  facet normal 0.995471844153845 -0.09505686454403374 0
    outer loop
      vertex 10.916275024414062 -15.93636417388916 -2.0999999046325684
      vertex 10.943382263183594 -15.652486801147461 -2.0999999046325684
      vertex 10.943382263183594 -15.652486801147461 1.100000023841858
    endloop
  endfacet
  facet normal 0.9594927836218496 -0.2817332038961587 0
    outer loop
      vertex 10.943382263183594 -15.652486801147461 -2.0999999046325684
      vertex 11.023723602294922 -15.378870010375977 -2.0999999046325684
      vertex 11.023723602294922 -15.378870010375977 1.100000023841858
    endloop
  endfacet
  facet normal 0.8888356028252479 -0.45822622267857865 0
    outer loop
      vertex 11.023723602294922 -15.378870010375977 -2.0999999046325684
      vertex 11.15439510345459 -15.125402450561523 -2.0999999046325684
      vertex 11.15439510345459 -15.125402450561523 1.100000023841858
    endloop
  endfacet
  facet normal 0.7860534481168868 -0.6181585368686198 0
    outer loop
      vertex 11.15439510345459 -15.125402450561523 -2.0999999046325684
      vertex 11.330674171447754 -14.9012451171875 -2.0999999046325684
      vertex 11.330674171447754 -14.9012451171875 1.100000023841858
    endloop
  endfacet
  facet normal -0.8412530067539481 0.5406416360468751 0
    outer loop
      vertex 13.595355033874512 -16.863601684570312 -2.0999999046325684
      vertex 13.595355033874512 -16.863601684570312 1.100000023841858
      vertex 13.749528884887695 -16.623703002929688 -2.0999999046325684
    endloop
  endfacet
  facet normal -0.928368250988513 0.37166166140258433 0
    outer loop
      vertex 13.749528884887695 -16.623703002929688 -2.0999999046325684
      vertex 13.749528884887695 -16.623703002929688 1.100000023841858
      vertex 13.855514526367188 -16.358963012695312 -2.0999999046325684
    endloop
  endfacet
  facet normal -0.981928840860494 0.18925049930281984 0
    outer loop
      vertex 13.855514526367188 -16.358963012695312 -2.0999999046325684
      vertex 13.855514526367188 -16.358963012695312 1.100000023841858
      vertex 13.909482955932617 -16.078947067260742 -2.0999999046325684
    endloop
  endfacet
  facet normal -1 0 0
    outer loop
      vertex 13.909482955932617 -16.078947067260742 -2.0999999046325684
      vertex 13.909482955932617 -16.078947067260742 1.100000023841858
      vertex 13.909482955932617 -15.793780326843262 -2.0999999046325684
    endloop
  endfacet
  facet normal -0.981928721083462 -0.1892511207665534 0
    outer loop
      vertex 13.909482955932617 -15.793780326843262 -2.0999999046325684
      vertex 13.909482955932617 -15.793780326843262 1.100000023841858
      vertex 13.855514526367188 -15.513765335083008 -2.0999999046325684
    endloop
  endfacet
  facet normal -0.9283687129378236 -0.3716605075040511 0
    outer loop
      vertex 13.855514526367188 -15.513765335083008 -2.0999999046325684
      vertex 13.855514526367188 -15.513765335083008 1.100000023841858
      vertex 13.749528884887695 -15.249024391174316 -2.0999999046325684
    endloop
  endfacet
  facet normal -0.8412530067539481 -0.5406416360468751 0
    outer loop
      vertex 13.749528884887695 -15.249024391174316 -2.0999999046325684
      vertex 13.749528884887695 -15.249024391174316 1.100000023841858
      vertex 13.595355033874512 -15.009125709533691 -2.0999999046325684
    endloop
  endfacet
  facet normal -0.7237347483002876 -0.6900782666500368 0
    outer loop
      vertex 13.595355033874512 -15.009125709533691 -2.0999999046325684
      vertex 13.595355033874512 -15.009125709533691 1.100000023841858
      vertex 13.398566246032715 -14.802739143371582 -2.0999999046325684
    endloop
  endfacet
  facet normal 0.5014111640700261 -0.5014111640700261 -0.705105445371033
    outer loop
      vertex 10.451326370239258 -14.233726501464844 -3.200000047683716
      vertex 10.713637351989746 -13.971415519714355 -3.200000047683716
      vertex 11.330674171447754 -14.9012451171875 -2.0999999046325684
    endloop
  endfacet
  facet normal 0.42494953595644047 -0.5676652035423777 -0.7051057428340779
    outer loop
      vertex 10.713637351989746 -13.971415519714355 -3.200000047683716
      vertex 11.01060962677002 -13.749104499816895 -3.200000047683716
      vertex 11.54619026184082 -14.714500427246094 -2.0999999046325684
    endloop
  endfacet
  facet normal 0.33931278464158665 -0.6214036224772393 -0.7062042000377345
    outer loop
      vertex 11.01060962677002 -13.749104499816895 -3.200000047683716
      vertex 11.336195945739746 -13.571320533752441 -3.200000047683716
      vertex 11.793152809143066 -14.571915626525879 -2.0999999046325684
    endloop
  endfacet
  facet normal 0.2474232245390384 -0.6633682099831788 -0.7062041956420381
    outer loop
      vertex 11.336195945739746 -13.571320533752441 -3.200000047683716
      vertex 11.683771133422852 -13.441681861877441 -3.200000047683716
      vertex 11.793152809143066 -14.571915626525879 -2.0999999046325684
    endloop
  endfacet
  facet normal 0.150729864145621 -0.6928972592347451 -0.7051055922339724
    outer loop
      vertex 11.683771133422852 -13.441681861877441 -3.200000047683716
      vertex 12.046257019042969 -13.362828254699707 -3.200000047683716
      vertex 12.062637329101562 -14.478646278381348 -2.0999999046325684
    endloop
  endfacet
  facet normal -0.15049730615512347 -0.6918282023816639 -0.7062041484085225
    outer loop
      vertex 12.786293983459473 -13.362828254699707 -3.200000047683716
      vertex 13.14877986907959 -13.441681861877441 -3.200000047683716
      vertex 12.62974739074707 -14.451631546020508 -2.0999999046325684
    endloop
  endfacet
  facet normal -0.2478061423152448 -0.6643930306609691 -0.7051056776398622
    outer loop
      vertex 13.14877986907959 -13.441681861877441 -3.200000047683716
      vertex 13.496354103088379 -13.571320533752441 -3.200000047683716
      vertex 12.906877517700195 -14.5188627243042 -2.0999999046325684
    endloop
  endfacet
  facet normal 0.5548527525660782 -0.4363405141539062 -0.7083398751148712
    outer loop
      vertex 10.451326370239258 -14.233726501464844 -3.200000047683716
      vertex 11.330674171447754 -14.9012451171875 -2.0999999046325684
      vertex 11.15439510345459 -15.125402450561523 -2.0999999046325684
    endloop
  endfacet
  facet normal 0.4616276425217466 -0.5327497385059285 -0.7092796597828528
    outer loop
      vertex 10.713637351989746 -13.971415519714355 -3.200000047683716
      vertex 11.54619026184082 -14.714500427246094 -2.0999999046325684
      vertex 11.330674171447754 -14.9012451171875 -2.0999999046325684
    endloop
  endfacet
  facet normal 0.3529372971987193 -0.611301439661852 -0.7083401824783131
    outer loop
      vertex 11.01060962677002 -13.749104499816895 -3.200000047683716
      vertex 11.793152809143066 -14.571915626525879 -2.0999999046325684
      vertex 11.54619026184082 -14.714500427246094 -2.0999999046325684
    endloop
  endfacet
  facet normal 0.23086757774084482 -0.6670491388560248 -0.7083400369169534
    outer loop
      vertex 11.683771133422852 -13.441681861877441 -3.200000047683716
      vertex 12.062637329101562 -14.478646278381348 -2.0999999046325684
      vertex 11.793152809143066 -14.571915626525879 -2.0999999046325684
    endloop
  endfacet
  facet normal 0.10032144888838491 -0.6977521202593703 -0.7092796243841272
    outer loop
      vertex 12.046257019042969 -13.362828254699707 -3.200000047683716
      vertex 12.344902992248535 -14.43806266784668 -2.0999999046325684
      vertex 12.062637329101562 -14.478646278381348 -2.0999999046325684
    endloop
  endfacet
  facet normal -0.03358688037861183 -0.7050719017686364 -0.7083399853197553
    outer loop
      vertex 12.416275024414062 -13.336363792419434 -3.200000047683716
      vertex 12.62974739074707 -14.451631546020508 -2.0999999046325684
      vertex 12.344902992248535 -14.43806266784668 -2.0999999046325684
    endloop
  endfacet
  facet normal -0.29283859512745586 -0.6412235923737118 -0.7092798191032436
    outer loop
      vertex 13.496354103088379 -13.571320533752441 -3.200000047683716
      vertex 13.166275024414062 -14.63732624053955 -2.0999999046325684
      vertex 12.906877517700195 -14.5188627243042 -2.0999999046325684
    endloop
  endfacet
  facet normal -0.1664157844082794 -0.6859738091375622 -0.7083401159591911
    outer loop
      vertex 13.14877986907959 -13.441681861877441 -3.200000047683716
      vertex 12.906877517700195 -14.5188627243042 -2.0999999046325684
      vertex 12.62974739074707 -14.451631546020508 -2.0999999046325684
    endloop
  endfacet
  facet normal 0.05058726104386784 -0.7072955887182837 -0.7051055801791217
    outer loop
      vertex 12.046257019042969 -13.362828254699707 -3.200000047683716
      vertex 12.416275024414062 -13.336363792419434 -3.200000047683716
      vertex 12.344902992248535 -14.43806266784668 -2.0999999046325684
    endloop
  endfacet
  facet normal -0.05050908251484624 -0.7062043406191977 -0.7062041219605792
    outer loop
      vertex 12.416275024414062 -13.336363792419434 -3.200000047683716
      vertex 12.786293983459473 -13.362828254699707 -3.200000047683716
      vertex 12.62974739074707 -14.451631546020508 -2.0999999046325684
    endloop
  endfacet
  facet normal -0.5676654648092657 -0.4249492732307091 -0.7051056908319294
    outer loop
      vertex 14.381224632263184 -14.233726501464844 -3.200000047683716
      vertex 14.603534698486328 -14.5306978225708 -3.200000047683716
      vertex 13.595355033874512 -15.009125709533691 -2.0999999046325684
    endloop
  endfacet
  facet normal -0.5006374590728294 -0.5006374590728294 -0.7062041271092958
    outer loop
      vertex 14.381224632263184 -14.233726501464844 -3.200000047683716
      vertex 13.398566246032715 -14.802739143371582 -2.0999999046325684
      vertex 14.118913650512695 -13.971415519714355 -3.200000047683716
    endloop
  endfacet
  facet normal -0.424294009477888 -0.5667895241019062 -0.7062040986071325
    outer loop
      vertex 13.821941375732422 -13.749104499816895 -3.200000047683716
      vertex 14.118913650512695 -13.971415519714355 -3.200000047683716
      vertex 13.398566246032715 -14.802739143371582 -2.0999999046325684
    endloop
  endfacet
  facet normal -0.3398362527758692 -0.6223641036714949 -0.7051058386940449
    outer loop
      vertex 13.821941375732422 -13.749104499816895 -3.200000047683716
      vertex 13.166275024414062 -14.63732624053955 -2.0999999046325684
      vertex 13.496354103088379 -13.571320533752441 -3.200000047683716
    endloop
  endfacet
  facet normal -0.5108636227709907 -0.48710647668127643 -0.7083400590849369
    outer loop
      vertex 14.381224632263184 -14.233726501464844 -3.200000047683716
      vertex 13.595355033874512 -15.009125709533691 -2.0999999046325684
      vertex 13.398566246032715 -14.802739143371582 -2.0999999046325684
    endloop
  endfacet
  facet normal -0.4094439295016594 -0.5749867691087052 -0.708340231770138
    outer loop
      vertex 13.821941375732422 -13.749104499816895 -3.200000047683716
      vertex 13.398566246032715 -14.802739143371582 -2.0999999046325684
      vertex 13.166275024414062 -14.63732624053955 -2.0999999046325684
    endloop
  endfacet
  facet normal 0.6548586000202636 -0.7557514234055402 0
    outer loop
      vertex 11.330674171447754 -14.9012451171875 -2.0999999046325684
      vertex 11.54619026184082 -14.714500427246094 -2.0999999046325684
      vertex 11.54619026184082 -14.714500427246094 1.100000023841858
    endloop
  endfacet
  facet normal 0.500002386893045 -0.8660240257067109 0
    outer loop
      vertex 11.54619026184082 -14.714500427246094 -2.0999999046325684
      vertex 11.793152809143066 -14.571915626525879 -2.0999999046325684
      vertex 11.793152809143066 -14.571915626525879 1.100000023841858
    endloop
  endfacet
  facet normal 0.32706749033123284 -0.9450009824166474 0
    outer loop
      vertex 11.793152809143066 -14.571915626525879 -2.0999999046325684
      vertex 12.062637329101562 -14.478646278381348 -2.0999999046325684
      vertex 12.062637329101562 -14.478646278381348 1.100000023841858
    endloop
  endfacet
  facet normal 0.14231461507110768 -0.9898214739725353 0
    outer loop
      vertex 12.062637329101562 -14.478646278381348 -2.0999999046325684
      vertex 12.344902992248535 -14.43806266784668 -2.0999999046325684
      vertex 12.344902992248535 -14.43806266784668 1.100000023841858
    endloop
  endfacet
  facet normal -0.04758215066485243 -0.9988673279961194 0
    outer loop
      vertex 12.344902992248535 -14.43806266784668 -2.0999999046325684
      vertex 12.62974739074707 -14.451631546020508 -2.0999999046325684
      vertex 12.62974739074707 -14.451631546020508 1.100000023841858
    endloop
  endfacet
  facet normal -0.4154168823134486 -0.909631141666211 0
    outer loop
      vertex 13.166275024414062 -14.63732624053955 -2.0999999046325684
      vertex 13.166275024414062 -14.63732624053955 1.100000023841858
      vertex 12.906877517700195 -14.5188627243042 -2.0999999046325684
    endloop
  endfacet
  facet normal -0.23575938902612162 -0.9718114583014701 0
    outer loop
      vertex 12.62974739074707 -14.451631546020508 -2.0999999046325684
      vertex 12.906877517700195 -14.5188627243042 -2.0999999046325684
      vertex 12.906877517700195 -14.5188627243042 1.100000023841858
    endloop
  endfacet
  facet normal -0.5800547519931878 -0.8145774884503754 0
    outer loop
      vertex 13.166275024414062 -14.63732624053955 -2.0999999046325684
      vertex 13.398566246032715 -14.802739143371582 -2.0999999046325684
      vertex 13.398566246032715 -14.802739143371582 1.100000023841858
    endloop
  endfacet
  facet normal 0.6214035331033267 -0.3393127358396324 -0.7062043021277388
    outer loop
      vertex 18.08599853515625 -17.233766555786133 -2.0999999046325684
      vertex 16.98283576965332 -16.96464729309082 -3.200000047683716
      vertex 17.160619735717773 -16.639060974121094 -3.200000047683716
    endloop
  endfacet
  facet normal 0.5667893728875217 -0.42429389628003455 -0.7062042879799563
    outer loop
      vertex 18.08599853515625 -17.233766555786133 -2.0999999046325684
      vertex 17.160619735717773 -16.639060974121094 -3.200000047683716
      vertex 17.382930755615234 -16.34208869934082 -3.200000047683716
    endloop
  endfacet
  facet normal 0.5014110103787038 -0.5014110103787038 -0.7051056639554206
    outer loop
      vertex 18.262277603149414 -17.00960922241211 -2.0999999046325684
      vertex 17.382930755615234 -16.34208869934082 -3.200000047683716
      vertex 17.645240783691406 -16.07977867126465 -3.200000047683716
    endloop
  endfacet
  facet normal 0.4249495730305414 -0.5676652530674984 -0.7051056806188513
    outer loop
      vertex 17.645240783691406 -16.07977867126465 -3.200000047683716
      vertex 17.94221305847168 -15.857467651367188 -3.200000047683716
      vertex 18.477794647216797 -16.82286262512207 -2.0999999046325684
    endloop
  endfacet
  facet normal 0.5548526442683691 -0.4363404289877466 -0.7083400124087216
    outer loop
      vertex 18.08599853515625 -17.233766555786133 -2.0999999046325684
      vertex 17.382930755615234 -16.34208869934082 -3.200000047683716
      vertex 18.262277603149414 -17.00960922241211 -2.0999999046325684
    endloop
  endfacet
  facet normal 0.33931136459539385 -0.6214046621517318 -0.7062039674998318
    outer loop
      vertex 17.94221305847168 -15.857467651367188 -3.200000047683716
      vertex 18.26780128479004 -15.679683685302734 -3.200000047683716
      vertex 18.724756240844727 -16.680278778076172 -2.0999999046325684
    endloop
  endfacet
  facet normal 0.2474238875452943 -0.6633681674242501 -0.7062040033305996
    outer loop
      vertex 18.26780128479004 -15.679683685302734 -3.200000047683716
      vertex 18.615375518798828 -15.550045013427734 -3.200000047683716
      vertex 18.724756240844727 -16.680278778076172 -2.0999999046325684
    endloop
  endfacet
  facet normal -0.2478049557576406 -0.6643934952877067 -0.7051056568496227
    outer loop
      vertex 20.427959442138672 -15.679683685302734 -3.200000047683716
      vertex 19.838481903076172 -16.627225875854492 -2.0999999046325684
      vertex 20.08038330078125 -15.550045013427734 -3.200000047683716
    endloop
  endfacet
  facet normal -0.33983699105670506 -0.6223636327687009 -0.7051058985120394
    outer loop
      vertex 20.427959442138672 -15.679683685302734 -3.200000047683716
      vertex 20.7535457611084 -15.857467651367188 -3.200000047683716
      vertex 20.09787940979004 -16.745689392089844 -2.0999999046325684
    endloop
  endfacet
  facet normal 0.4616291032279969 -0.5327483404083491 -0.7092797592241478
    outer loop
      vertex 18.262277603149414 -17.00960922241211 -2.0999999046325684
      vertex 17.645240783691406 -16.07977867126465 -3.200000047683716
      vertex 18.477794647216797 -16.82286262512207 -2.0999999046325684
    endloop
  endfacet
  facet normal 0.3529366012129315 -0.6113019622560252 -0.7083400782577514
    outer loop
      vertex 17.94221305847168 -15.857467651367188 -3.200000047683716
      vertex 18.724756240844727 -16.680278778076172 -2.0999999046325684
      vertex 18.477794647216797 -16.82286262512207 -2.0999999046325684
    endloop
  endfacet
  facet normal 0.2308668502942241 -0.6670493976353852 -0.708340030317004
    outer loop
      vertex 18.615375518798828 -15.550045013427734 -3.200000047683716
      vertex 18.99424171447754 -16.58700942993164 -2.0999999046325684
      vertex 18.724756240844727 -16.680278778076172 -2.0999999046325684
    endloop
  endfacet
  facet normal 0.1003194528311013 -0.6977522764284918 -0.7092797530752771
    outer loop
      vertex 18.977861404418945 -15.47119140625 -3.200000047683716
      vertex 19.276506423950195 -16.54642677307129 -2.0999999046325684
      vertex 18.99424171447754 -16.58700942993164 -2.0999999046325684
    endloop
  endfacet
  facet normal -0.40944282092874923 -0.5749875729356407 -0.7083402200634166
    outer loop
      vertex 20.7535457611084 -15.857467651367188 -3.200000047683716
      vertex 20.330171585083008 -16.911102294921875 -2.0999999046325684
      vertex 20.09787940979004 -16.745689392089844 -2.0999999046325684
    endloop
  endfacet
  facet normal -0.1664135673740717 -0.6859744009641149 -0.70834006368111
    outer loop
      vertex 20.08038330078125 -15.550045013427734 -3.200000047683716
      vertex 19.838481903076172 -16.627225875854492 -2.0999999046325684
      vertex 19.561351776123047 -16.559995651245117 -2.0999999046325684
    endloop
  endfacet
  facet normal -0.033586752993095575 -0.7050715882403551 -0.7083403034415053
    outer loop
      vertex 19.34787940979004 -15.444726943969727 -3.200000047683716
      vertex 19.561351776123047 -16.559995651245117 -2.0999999046325684
      vertex 19.276506423950195 -16.54642677307129 -2.0999999046325684
    endloop
  endfacet
  facet normal -0.29283854239457013 -0.6412234769054267 -0.7092799452638847
    outer loop
      vertex 20.427959442138672 -15.679683685302734 -3.200000047683716
      vertex 20.09787940979004 -16.745689392089844 -2.0999999046325684
      vertex 19.838481903076172 -16.627225875854492 -2.0999999046325684
    endloop
  endfacet
  facet normal 0.150729864145621 -0.6928972592347451 -0.7051055922339724
    outer loop
      vertex 18.615375518798828 -15.550045013427734 -3.200000047683716
      vertex 18.977861404418945 -15.47119140625 -3.200000047683716
      vertex 18.99424171447754 -16.58700942993164 -2.0999999046325684
    endloop
  endfacet
  facet normal 0.05058724073549631 -0.7072953047728535 -0.7051058664633597
    outer loop
      vertex 18.977861404418945 -15.47119140625 -3.200000047683716
      vertex 19.34787940979004 -15.444726943969727 -3.200000047683716
      vertex 19.276506423950195 -16.54642677307129 -2.0999999046325684
    endloop
  endfacet
  facet normal -0.050509191425324444 -0.7062040432250264 -0.7062044115652245
    outer loop
      vertex 19.34787940979004 -15.444726943969727 -3.200000047683716
      vertex 19.717897415161133 -15.47119140625 -3.200000047683716
      vertex 19.561351776123047 -16.559995651245117 -2.0999999046325684
    endloop
  endfacet
  facet normal -0.1504972562748209 -0.691827973084536 -0.7062043836677123
    outer loop
      vertex 19.717897415161133 -15.47119140625 -3.200000047683716
      vertex 20.08038330078125 -15.550045013427734 -3.200000047683716
      vertex 19.561351776123047 -16.559995651245117 -2.0999999046325684
    endloop
  endfacet
  facet normal 0.6548607651069922 -0.7557495473524842 0
    outer loop
      vertex 18.262277603149414 -17.00960922241211 -2.0999999046325684
      vertex 18.477794647216797 -16.82286262512207 -2.0999999046325684
      vertex 18.477794647216797 -16.82286262512207 1.100000023841858
    endloop
  endfacet
  facet normal 0.5000013268151696 -0.8660246377459883 0
    outer loop
      vertex 18.477794647216797 -16.82286262512207 -2.0999999046325684
      vertex 18.724756240844727 -16.680278778076172 -2.0999999046325684
      vertex 18.724756240844727 -16.680278778076172 1.100000023841858
    endloop
  endfacet
  facet normal 0.32706645669702933 -0.9450013401597113 0
    outer loop
      vertex 18.724756240844727 -16.680278778076172 -2.0999999046325684
      vertex 18.99424171447754 -16.58700942993164 -2.0999999046325684
      vertex 18.99424171447754 -16.58700942993164 1.100000023841858
    endloop
  endfacet
  facet normal 0.1423118096327311 -0.9898218773289754 0
    outer loop
      vertex 18.99424171447754 -16.58700942993164 -2.0999999046325684
      vertex 19.276506423950195 -16.54642677307129 -2.0999999046325684
      vertex 19.276506423950195 -16.54642677307129 1.100000023841858
    endloop
  endfacet
  facet normal -0.04758199171847363 -0.9988673355676935 0
    outer loop
      vertex 19.276506423950195 -16.54642677307129 -2.0999999046325684
      vertex 19.561351776123047 -16.559995651245117 -2.0999999046325684
      vertex 19.561351776123047 -16.559995651245117 1.100000023841858
    endloop
  endfacet
  facet normal -0.23575623065684945 -0.9718122245096913 0
    outer loop
      vertex 19.561351776123047 -16.559995651245117 -2.0999999046325684
      vertex 19.838481903076172 -16.627225875854492 -2.0999999046325684
      vertex 19.838481903076172 -16.627225875854492 1.100000023841858
    endloop
  endfacet
  facet normal -0.5800531718363228 -0.8145786136663677 0
    outer loop
      vertex 20.09787940979004 -16.745689392089844 -2.0999999046325684
      vertex 20.330171585083008 -16.911102294921875 -2.0999999046325684
      vertex 20.330171585083008 -16.911102294921875 1.100000023841858
    endloop
  endfacet
  facet normal -0.4154168823134486 -0.909631141666211 0
    outer loop
      vertex 19.838481903076172 -16.627225875854492 -2.0999999046325684
      vertex 20.09787940979004 -16.745689392089844 -2.0999999046325684
      vertex 20.09787940979004 -16.745689392089844 1.100000023841858
    endloop
  endfacet
  facet normal 0.7860534481168868 0.6181585368686198 0
    outer loop
      vertex 11.330674171447754 -16.97148323059082 -2.0999999046325684
      vertex 11.15439510345459 -16.747325897216797 1.100000023841858
      vertex 11.330674171447754 -16.97148323059082 1.100000023841858
    endloop
  endfacet
  facet normal 0.8888356028252479 0.45822622267857865 0
    outer loop
      vertex 11.15439510345459 -16.747325897216797 -2.0999999046325684
      vertex 11.023723602294922 -16.493858337402344 1.100000023841858
      vertex 11.15439510345459 -16.747325897216797 1.100000023841858
    endloop
  endfacet
  facet normal 0.9594927836218496 0.2817332038961587 0
    outer loop
      vertex 11.023723602294922 -16.493858337402344 -2.0999999046325684
      vertex 10.943382263183594 -16.22024154663086 1.100000023841858
      vertex 11.023723602294922 -16.493858337402344 1.100000023841858
    endloop
  endfacet
  facet normal 0.995471844153845 0.09505686454403374 0
    outer loop
      vertex 10.943382263183594 -16.22024154663086 -2.0999999046325684
      vertex 10.916275024414062 -15.93636417388916 1.100000023841858
      vertex 10.943382263183594 -16.22024154663086 1.100000023841858
    endloop
  endfacet
  facet normal 0.995471844153845 -0.09505686454403374 0
    outer loop
      vertex 10.916275024414062 -15.93636417388916 -2.0999999046325684
      vertex 10.943382263183594 -15.652486801147461 1.100000023841858
      vertex 10.916275024414062 -15.93636417388916 1.100000023841858
    endloop
  endfacet
  facet normal 0.9594927836218496 -0.2817332038961587 0
    outer loop
      vertex 10.943382263183594 -15.652486801147461 -2.0999999046325684
      vertex 11.023723602294922 -15.378870010375977 1.100000023841858
      vertex 10.943382263183594 -15.652486801147461 1.100000023841858
    endloop
  endfacet
  facet normal 0.8888356028252479 -0.45822622267857865 0
    outer loop
      vertex 11.023723602294922 -15.378870010375977 -2.0999999046325684
      vertex 11.15439510345459 -15.125402450561523 1.100000023841858
      vertex 11.023723602294922 -15.378870010375977 1.100000023841858
    endloop
  endfacet
  facet normal 0.7860534481168868 -0.6181585368686198 0
    outer loop
      vertex 11.15439510345459 -15.125402450561523 -2.0999999046325684
      vertex 11.330674171447754 -14.9012451171875 1.100000023841858
      vertex 11.15439510345459 -15.125402450561523 1.100000023841858
    endloop
  endfacet
  facet normal 0.6548586000202636 -0.7557514234055402 0
    outer loop
      vertex 11.330674171447754 -14.9012451171875 -2.0999999046325684
      vertex 11.54619026184082 -14.714500427246094 1.100000023841858
      vertex 11.330674171447754 -14.9012451171875 1.100000023841858
    endloop
  endfacet
  facet normal -0.7237347483002876 0.6900782666500368 0
    outer loop
      vertex 13.398566246032715 -17.069988250732422 1.100000023841858
      vertex 13.595355033874512 -16.863601684570312 1.100000023841858
      vertex 13.595355033874512 -16.863601684570312 -2.0999999046325684
    endloop
  endfacet
  facet normal -0.8412530067539481 0.5406416360468751 0
    outer loop
      vertex 13.749528884887695 -16.623703002929688 -2.0999999046325684
      vertex 13.595355033874512 -16.863601684570312 1.100000023841858
      vertex 13.749528884887695 -16.623703002929688 1.100000023841858
    endloop
  endfacet
  facet normal -0.928368250988513 0.37166166140258433 0
    outer loop
      vertex 13.855514526367188 -16.358963012695312 -2.0999999046325684
      vertex 13.749528884887695 -16.623703002929688 1.100000023841858
      vertex 13.855514526367188 -16.358963012695312 1.100000023841858
    endloop
  endfacet
  facet normal -0.981928840860494 0.18925049930281984 0
    outer loop
      vertex 13.909482955932617 -16.078947067260742 -2.0999999046325684
      vertex 13.855514526367188 -16.358963012695312 1.100000023841858
      vertex 13.909482955932617 -16.078947067260742 1.100000023841858
    endloop
  endfacet
  facet normal -1 0 0
    outer loop
      vertex 13.909482955932617 -15.793780326843262 -2.0999999046325684
      vertex 13.909482955932617 -16.078947067260742 1.100000023841858
      vertex 13.909482955932617 -15.793780326843262 1.100000023841858
    endloop
  endfacet
  facet normal -0.981928721083462 -0.1892511207665534 0
    outer loop
      vertex 13.855514526367188 -15.513765335083008 -2.0999999046325684
      vertex 13.909482955932617 -15.793780326843262 1.100000023841858
      vertex 13.855514526367188 -15.513765335083008 1.100000023841858
    endloop
  endfacet
  facet normal -0.9283687129378236 -0.3716605075040511 0
    outer loop
      vertex 13.749528884887695 -15.249024391174316 -2.0999999046325684
      vertex 13.855514526367188 -15.513765335083008 1.100000023841858
      vertex 13.749528884887695 -15.249024391174316 1.100000023841858
    endloop
  endfacet
  facet normal -0.7237347483002876 -0.6900782666500368 0
    outer loop
      vertex 13.398566246032715 -14.802739143371582 -2.0999999046325684
      vertex 13.595355033874512 -15.009125709533691 1.100000023841858
      vertex 13.398566246032715 -14.802739143371582 1.100000023841858
    endloop
  endfacet
  facet normal -0.8412530067539481 -0.5406416360468751 0
    outer loop
      vertex 13.595355033874512 -15.009125709533691 -2.0999999046325684
      vertex 13.749528884887695 -15.249024391174316 1.100000023841858
      vertex 13.595355033874512 -15.009125709533691 1.100000023841858
    endloop
  endfacet
  facet normal 0 0 1
    outer loop
      vertex 17.9553279876709 -17.487234115600586 1.100000023841858
      vertex 13.749528884887695 -16.623703002929688 1.100000023841858
      vertex 13.595355033874512 -16.863601684570312 1.100000023841858
    endloop
  endfacet
  facet normal 0 0 1
    outer loop
      vertex 18.08599853515625 -17.233766555786133 1.100000023841858
      vertex 13.855514526367188 -16.358963012695312 1.100000023841858
      vertex 13.749528884887695 -16.623703002929688 1.100000023841858
    endloop
  endfacet
  facet normal 0 0 1
    outer loop
      vertex 18.262277603149414 -17.00960922241211 1.100000023841858
      vertex 13.909482955932617 -16.078947067260742 1.100000023841858
      vertex 13.855514526367188 -16.358963012695312 1.100000023841858
    endloop
  endfacet
  facet normal 0 0 1
    outer loop
      vertex 13.909482955932617 -16.078947067260742 1.100000023841858
      vertex 18.477794647216797 -16.82286262512207 1.100000023841858
      vertex 13.909482955932617 -15.793780326843262 1.100000023841858
    endloop
  endfacet
  facet normal 0 0 1
    outer loop
      vertex 13.909482955932617 -15.793780326843262 1.100000023841858
      vertex 18.724756240844727 -16.680278778076172 1.100000023841858
      vertex 13.855514526367188 -15.513765335083008 1.100000023841858
    endloop
  endfacet
  facet normal 0 0 1
    outer loop
      vertex 13.855514526367188 -15.513765335083008 1.100000023841858
      vertex 18.99424171447754 -16.58700942993164 1.100000023841858
      vertex 13.749528884887695 -15.249024391174316 1.100000023841858
    endloop
  endfacet
  facet normal 0 0 1
    outer loop
      vertex 13.749528884887695 -15.249024391174316 1.100000023841858
      vertex 18.99424171447754 -16.58700942993164 1.100000023841858
      vertex 13.595355033874512 -15.009125709533691 1.100000023841858
    endloop
  endfacet
  facet normal 0.500002386893045 -0.8660240257067109 0
    outer loop
      vertex 11.54619026184082 -14.714500427246094 -2.0999999046325684
      vertex 11.793152809143066 -14.571915626525879 1.100000023841858
      vertex 11.54619026184082 -14.714500427246094 1.100000023841858
    endloop
  endfacet
  facet normal 0.32706749033123284 -0.9450009824166474 0
    outer loop
      vertex 11.793152809143066 -14.571915626525879 -2.0999999046325684
      vertex 12.062637329101562 -14.478646278381348 1.100000023841858
      vertex 11.793152809143066 -14.571915626525879 1.100000023841858
    endloop
  endfacet
  facet normal 0.14231461507110768 -0.9898214739725353 0
    outer loop
      vertex 12.062637329101562 -14.478646278381348 -2.0999999046325684
      vertex 12.344902992248535 -14.43806266784668 1.100000023841858
      vertex 12.062637329101562 -14.478646278381348 1.100000023841858
    endloop
  endfacet
  facet normal -0.04758215066485243 -0.9988673279961194 0
    outer loop
      vertex 12.344902992248535 -14.43806266784668 -2.0999999046325684
      vertex 12.62974739074707 -14.451631546020508 1.100000023841858
      vertex 12.344902992248535 -14.43806266784668 1.100000023841858
    endloop
  endfacet
  facet normal -0.4154168823134486 -0.909631141666211 0
    outer loop
      vertex 12.906877517700195 -14.5188627243042 -2.0999999046325684
      vertex 13.166275024414062 -14.63732624053955 1.100000023841858
      vertex 12.906877517700195 -14.5188627243042 1.100000023841858
    endloop
  endfacet
  facet normal -0.23575938902612162 -0.9718114583014701 0
    outer loop
      vertex 12.62974739074707 -14.451631546020508 -2.0999999046325684
      vertex 12.906877517700195 -14.5188627243042 1.100000023841858
      vertex 12.62974739074707 -14.451631546020508 1.100000023841858
    endloop
  endfacet
  facet normal -0.5800547519931878 -0.8145774884503754 0
    outer loop
      vertex 13.166275024414062 -14.63732624053955 -2.0999999046325684
      vertex 13.398566246032715 -14.802739143371582 1.100000023841858
      vertex 13.166275024414062 -14.63732624053955 1.100000023841858
    endloop
  endfacet
  facet normal 0 0 1
    outer loop
      vertex 8.47617244720459 -13.974358558654785 1.100000023841858
      vertex 11.793152809143066 -14.571915626525879 1.100000023841858
      vertex 12.062637329101562 -14.478646278381348 1.100000023841858
    endloop
  endfacet
  facet normal 0 0 1
    outer loop
      vertex 8.221277236938477 -13.337950706481934 1.100000023841858
      vertex 12.062637329101562 -14.478646278381348 1.100000023841858
      vertex 12.344902992248535 -14.43806266784668 1.100000023841858
    endloop
  endfacet
  facet normal 0 0 1
    outer loop
      vertex 8.221277236938477 -13.337950706481934 1.100000023841858
      vertex 12.344902992248535 -14.43806266784668 1.100000023841858
      vertex 13.956594467163086 -11.778653144836426 1.100000023841858
    endloop
  endfacet
  facet normal 0 0 1
    outer loop
      vertex 12.344902992248535 -14.43806266784668 1.100000023841858
      vertex 12.62974739074707 -14.451631546020508 1.100000023841858
      vertex 13.956594467163086 -11.778653144836426 1.100000023841858
    endloop
  endfacet
  facet normal 0 0 1
    outer loop
      vertex 12.62974739074707 -14.451631546020508 1.100000023841858
      vertex 12.906877517700195 -14.5188627243042 1.100000023841858
      vertex 13.956594467163086 -11.778653144836426 1.100000023841858
    endloop
  endfacet
  facet normal 0 0 1
    outer loop
      vertex 13.166275024414062 -14.63732624053955 1.100000023841858
      vertex 13.398566246032715 -14.802739143371582 1.100000023841858
      vertex 13.956594467163086 -11.778653144836426 1.100000023841858
    endloop
  endfacet
  facet normal 0 0 1
    outer loop
      vertex 13.166275024414062 -14.63732624053955 1.100000023841858
      vertex 13.956594467163086 -11.778653144836426 1.100000023841858
      vertex 12.906877517700195 -14.5188627243042 1.100000023841858
    endloop
  endfacet
  facet normal 0.6548607651069922 -0.7557495473524842 0
    outer loop
      vertex 18.262277603149414 -17.00960922241211 -2.0999999046325684
      vertex 18.477794647216797 -16.82286262512207 1.100000023841858
      vertex 18.262277603149414 -17.00960922241211 1.100000023841858
    endloop
  endfacet
  facet normal 0.5000013268151696 -0.8660246377459883 0
    outer loop
      vertex 18.477794647216797 -16.82286262512207 -2.0999999046325684
      vertex 18.724756240844727 -16.680278778076172 1.100000023841858
      vertex 18.477794647216797 -16.82286262512207 1.100000023841858
    endloop
  endfacet
  facet normal 0.32706645669702933 -0.9450013401597113 0
    outer loop
      vertex 18.724756240844727 -16.680278778076172 -2.0999999046325684
      vertex 18.99424171447754 -16.58700942993164 1.100000023841858
      vertex 18.724756240844727 -16.680278778076172 1.100000023841858
    endloop
  endfacet
  facet normal 0.1423118096327311 -0.9898218773289754 0
    outer loop
      vertex 18.99424171447754 -16.58700942993164 -2.0999999046325684
      vertex 19.276506423950195 -16.54642677307129 1.100000023841858
      vertex 18.99424171447754 -16.58700942993164 1.100000023841858
    endloop
  endfacet
  facet normal -0.04758199171847363 -0.9988673355676935 0
    outer loop
      vertex 19.276506423950195 -16.54642677307129 -2.0999999046325684
      vertex 19.561351776123047 -16.559995651245117 1.100000023841858
      vertex 19.276506423950195 -16.54642677307129 1.100000023841858
    endloop
  endfacet
  facet normal -0.23575623065684945 -0.9718122245096913 0
    outer loop
      vertex 19.561351776123047 -16.559995651245117 -2.0999999046325684
      vertex 19.838481903076172 -16.627225875854492 1.100000023841858
      vertex 19.561351776123047 -16.559995651245117 1.100000023841858
    endloop
  endfacet
  facet normal -0.5800531718363228 -0.8145786136663677 0
    outer loop
      vertex 20.09787940979004 -16.745689392089844 -2.0999999046325684
      vertex 20.330171585083008 -16.911102294921875 1.100000023841858
      vertex 20.09787940979004 -16.745689392089844 1.100000023841858
    endloop
  endfacet
  facet normal -0.7237380887640007 -0.6900747632483248 0
    outer loop
      vertex 20.526958465576172 -17.117488861083984 1.100000023841858
      vertex 20.330171585083008 -16.911102294921875 1.100000023841858
      vertex 20.330171585083008 -16.911102294921875 -2.0999999046325684
    endloop
  endfacet
  facet normal -0.4154168823134486 -0.909631141666211 0
    outer loop
      vertex 19.838481903076172 -16.627225875854492 -2.0999999046325684
      vertex 20.09787940979004 -16.745689392089844 1.100000023841858
      vertex 19.838481903076172 -16.627225875854492 1.100000023841858
    endloop
  endfacet
  facet normal 0 0 1
    outer loop
      vertex 18.08599853515625 -17.233766555786133 1.100000023841858
      vertex 18.262277603149414 -17.00960922241211 1.100000023841858
      vertex 13.855514526367188 -16.358963012695312 1.100000023841858
    endloop
  endfacet
  facet normal 0 0 1
    outer loop
      vertex 18.262277603149414 -17.00960922241211 1.100000023841858
      vertex 18.477794647216797 -16.82286262512207 1.100000023841858
      vertex 13.909482955932617 -16.078947067260742 1.100000023841858
    endloop
  endfacet
  facet normal 0 0 1
    outer loop
      vertex 13.909482955932617 -15.793780326843262 1.100000023841858
      vertex 18.477794647216797 -16.82286262512207 1.100000023841858
      vertex 18.724756240844727 -16.680278778076172 1.100000023841858
    endloop
  endfacet
  facet normal 0 0 1
    outer loop
      vertex 13.855514526367188 -15.513765335083008 1.100000023841858
      vertex 18.724756240844727 -16.680278778076172 1.100000023841858
      vertex 18.99424171447754 -16.58700942993164 1.100000023841858
    endloop
  endfacet
  facet normal 0 0 1
    outer loop
      vertex 13.595355033874512 -15.009125709533691 1.100000023841858
      vertex 18.99424171447754 -16.58700942993164 1.100000023841858
      vertex 19.276506423950195 -16.54642677307129 1.100000023841858
    endloop
  endfacet
  facet normal 0 0 1
    outer loop
      vertex 19.276506423950195 -16.54642677307129 1.100000023841858
      vertex 19.561351776123047 -16.559995651245117 1.100000023841858
      vertex 21.17484474182129 -12.464778900146484 1.100000023841858
    endloop
  endfacet
  facet normal 0 0 1
    outer loop
      vertex 13.595355033874512 -15.009125709533691 1.100000023841858
      vertex 21.17484474182129 -12.464778900146484 1.100000023841858
      vertex 13.398566246032715 -14.802739143371582 1.100000023841858
    endloop
  endfacet
  facet normal 0 0 1
    outer loop
      vertex 13.595355033874512 -15.009125709533691 1.100000023841858
      vertex 19.276506423950195 -16.54642677307129 1.100000023841858
      vertex 21.17484474182129 -12.464778900146484 1.100000023841858
    endloop
  endfacet
  facet normal 0 0 1
    outer loop
      vertex 13.398566246032715 -14.802739143371582 1.100000023841858
      vertex 21.17484474182129 -12.464778900146484 1.100000023841858
      vertex 13.956594467163086 -11.778653144836426 1.100000023841858
    endloop
  endfacet
  facet normal 0.10190538236129101 0.9947938722734239 -0.0006668830827442731
    outer loop
      vertex 6.743553638458252 -11.039758682250977 1.100000023841858
      vertex 13.956594467163086 -11.778653144836426 1.100000023841858
      vertex 11.814064025878906 -11.564739227294922 -7.199999809265137
    endloop
  endfacet
  facet normal 0.09462773915248814 0.995512409848345 -0.000795500364095331
    outer loop
      vertex 17.33912467956543 -12.106809616088867 -7.199999809265137
      vertex 13.956594467163086 -11.778653144836426 1.100000023841858
      vertex 21.17484474182129 -12.464778900146484 1.100000023841858
    endloop
  endfacet
  facet normal -0.6223638278505175 -0.33983709757966696 -0.7051056749820409
    outer loop
      vertex 20.681133270263672 -17.35738754272461 -2.0999999046325684
      vertex 21.535139083862305 -16.639060974121094 -3.200000047683716
      vertex 21.712923049926758 -16.96464729309082 -3.200000047683716
    endloop
  endfacet
  facet normal -0.5676650774750026 -0.42494944158343295 -0.7051059012043704
    outer loop
      vertex 20.526958465576172 -17.117488861083984 -2.0999999046325684
      vertex 21.312828063964844 -16.34208869934082 -3.200000047683716
      vertex 21.535139083862305 -16.639060974121094 -3.200000047683716
    endloop
  endfacet
  facet normal -0.4242941197006869 -0.5667896713420896 -0.7062039142112887
    outer loop
      vertex 21.050518035888672 -16.07977867126465 -3.200000047683716
      vertex 20.330171585083008 -16.911102294921875 -2.0999999046325684
      vertex 20.7535457611084 -15.857467651367188 -3.200000047683716
    endloop
  endfacet
  facet normal -0.5006376125289962 -0.5006376125289962 -0.7062039095350107
    outer loop
      vertex 21.050518035888672 -16.07977867126465 -3.200000047683716
      vertex 21.312828063964844 -16.34208869934082 -3.200000047683716
      vertex 20.330171585083008 -16.911102294921875 -2.0999999046325684
    endloop
  endfacet
  facet normal -0.5108658491056063 -0.48710387824864343 -0.7083402402890427
    outer loop
      vertex 20.526958465576172 -17.117488861083984 -2.0999999046325684
      vertex 20.330171585083008 -16.911102294921875 -2.0999999046325684
      vertex 21.312828063964844 -16.34208869934082 -3.200000047683716
    endloop
  endfacet
  facet normal 0.6928965236227411 0.15073335004569915 -0.7051055699223491
    outer loop
      vertex 23.505319595336914 -17.23250389099121 -3.200000047683716
      vertex 23.426464080810547 -16.870018005371094 -3.200000047683716
      vertex 24.52710723876953 -16.783876419067383 -2.0999999046325684
    endloop
  endfacet
  facet normal 0.7062041505877394 0.05050919910413042 -0.706204303653347
    outer loop
      vertex 23.426464080810547 -16.870018005371094 -3.200000047683716
      vertex 23.399999618530273 -16.5 -3.200000047683716
      vertex 24.5 -16.5 -2.0999999046325684
    endloop
  endfacet
  facet normal 0.7062041505877394 -0.05050919910413042 -0.706204303653347
    outer loop
      vertex 23.399999618530273 -16.5 -3.200000047683716
      vertex 23.426464080810547 -16.129981994628906 -3.200000047683716
      vertex 24.5 -16.5 -2.0999999046325684
    endloop
  endfacet
  facet normal 0.6928965802138413 -0.1507329657889782 -0.7051055964551853
    outer loop
      vertex 23.426464080810547 -16.129981994628906 -3.200000047683716
      vertex 23.505319595336914 -15.767495155334473 -3.200000047683716
      vertex 24.52710723876953 -16.216123580932617 -2.0999999046325684
    endloop
  endfacet
  facet normal 0.7026749231914534 0.06709813017541093 -0.7083401677477064
    outer loop
      vertex 23.426464080810547 -16.870018005371094 -3.200000047683716
      vertex 24.5 -16.5 -2.0999999046325684
      vertex 24.52710723876953 -16.783876419067383 -2.0999999046325684
    endloop
  endfacet
  facet normal 0.7026749231914534 -0.06709813017541093 -0.7083401677477064
    outer loop
      vertex 23.426464080810547 -16.129981994628906 -3.200000047683716
      vertex 24.52710723876953 -16.216123580932617 -2.0999999046325684
      vertex 24.5 -16.5 -2.0999999046325684
    endloop
  endfacet
  facet normal 0.6763727246000868 -0.19860144649577466 -0.7092794955917174
    outer loop
      vertex 23.505319595336914 -15.767495155334473 -3.200000047683716
      vertex 24.60744857788086 -15.942506790161133 -2.0999999046325684
      vertex 24.52710723876953 -16.216123580932617 -2.0999999046325684
    endloop
  endfacet
  facet normal 0.6643941468240343 -0.24780291269330973 -0.7051057609512742
    outer loop
      vertex 23.505319595336914 -15.767495155334473 -3.200000047683716
      vertex 23.63495635986328 -15.419920921325684 -3.200000047683716
      vertex 24.60744857788086 -15.942506790161133 -2.0999999046325684
    endloop
  endfacet
  facet normal 0.6214035056223999 -0.3393117269564936 -0.706204811049878
    outer loop
      vertex 23.63495635986328 -15.419920921325684 -3.200000047683716
      vertex 23.812740325927734 -15.09433364868164 -3.200000047683716
      vertex 24.738121032714844 -15.68903923034668 -2.0999999046325684
    endloop
  endfacet
  facet normal 0.5667883569783043 -0.4242944983259714 -0.7062047416182835
    outer loop
      vertex 23.812740325927734 -15.09433364868164 -3.200000047683716
      vertex 24.035051345825195 -14.797362327575684 -3.200000047683716
      vertex 24.738121032714844 -15.68903923034668 -2.0999999046325684
    endloop
  endfacet
  facet normal 0.5014100072646822 -0.5014118302224658 -0.7051057942803961
    outer loop
      vertex 24.035051345825195 -14.797362327575684 -3.200000047683716
      vertex 24.29736328125 -14.535051345825195 -3.200000047683716
      vertex 24.914400100708008 -15.464881896972656 -2.0999999046325684
    endloop
  endfacet
  facet normal 0.6274023292206181 -0.32345047463996196 -0.7083403897447373
    outer loop
      vertex 23.63495635986328 -15.419920921325684 -3.200000047683716
      vertex 24.738121032714844 -15.68903923034668 -2.0999999046325684
      vertex 24.60744857788086 -15.942506790161133 -2.0999999046325684
    endloop
  endfacet
  facet normal 0.5548524148241406 -0.43634024855102316 -0.7083403032852579
    outer loop
      vertex 24.035051345825195 -14.797362327575684 -3.200000047683716
      vertex 24.914400100708008 -15.464881896972656 -2.0999999046325684
      vertex 24.738121032714844 -15.68903923034668 -2.0999999046325684
    endloop
  endfacet
  facet normal 0.46163014563709864 -0.5327475491487159 -0.7092796751036277
    outer loop
      vertex 24.29736328125 -14.535051345825195 -3.200000047683716
      vertex 25.129915237426758 -15.278136253356934 -2.0999999046325684
      vertex 24.914400100708008 -15.464881896972656 -2.0999999046325684
    endloop
  endfacet
  facet normal 0.3529345467367669 -0.6113031250281129 -0.7083400984347676
    outer loop
      vertex 24.59433364868164 -14.31274127960205 -3.200000047683716
      vertex 25.37687873840332 -15.135552406311035 -2.0999999046325684
      vertex 25.129915237426758 -15.278136253356934 -2.0999999046325684
    endloop
  endfacet
  facet normal 0.9594927836218496 0.2817332038961587 0
    outer loop
      vertex 24.60744857788086 -17.057493209838867 -2.0999999046325684
      vertex 24.52710723876953 -16.783876419067383 -2.0999999046325684
      vertex 24.52710723876953 -16.783876419067383 1.100000023841858
    endloop
  endfacet
  facet normal 0.9954718139357258 0.09505718099920404 0
    outer loop
      vertex 24.52710723876953 -16.783876419067383 -2.0999999046325684
      vertex 24.5 -16.5 -2.0999999046325684
      vertex 24.5 -16.5 1.100000023841858
    endloop
  endfacet
  facet normal 0.9954718139357258 -0.09505718099920404 0
    outer loop
      vertex 24.5 -16.5 -2.0999999046325684
      vertex 24.52710723876953 -16.216123580932617 -2.0999999046325684
      vertex 24.52710723876953 -16.216123580932617 1.100000023841858
    endloop
  endfacet
  facet normal 0.9594927836218496 -0.2817332038961587 0
    outer loop
      vertex 24.52710723876953 -16.216123580932617 -2.0999999046325684
      vertex 24.60744857788086 -15.942506790161133 -2.0999999046325684
      vertex 24.60744857788086 -15.942506790161133 1.100000023841858
    endloop
  endfacet
  facet normal 0.8888342407499633 -0.45822886472857244 0
    outer loop
      vertex 24.60744857788086 -15.942506790161133 -2.0999999046325684
      vertex 24.738121032714844 -15.68903923034668 -2.0999999046325684
      vertex 24.738121032714844 -15.68903923034668 1.100000023841858
    endloop
  endfacet
  facet normal 0.7860534481168868 -0.6181585368686198 0
    outer loop
      vertex 24.738121032714844 -15.68903923034668 -2.0999999046325684
      vertex 24.914400100708008 -15.464881896972656 -2.0999999046325684
      vertex 24.914400100708008 -15.464881896972656 1.100000023841858
    endloop
  endfacet
  facet normal 0.6548621652256887 -0.7557483341403557 0
    outer loop
      vertex 24.914400100708008 -15.464881896972656 -2.0999999046325684
      vertex 25.129915237426758 -15.278136253356934 -2.0999999046325684
      vertex 25.129915237426758 -15.278136253356934 1.100000023841858
    endloop
  endfacet
  facet normal 0.4999984306040344 -0.8660263098737259 0
    outer loop
      vertex 25.129915237426758 -15.278136253356934 -2.0999999046325684
      vertex 25.37687873840332 -15.135552406311035 -2.0999999046325684
      vertex 25.37687873840332 -15.135552406311035 1.100000023841858
    endloop
  endfacet
  facet normal 0.4249501834825668 -0.5676648577950116 -0.7051056309395792
    outer loop
      vertex 24.29736328125 -14.535051345825195 -3.200000047683716
      vertex 24.59433364868164 -14.31274127960205 -3.200000047683716
      vertex 25.129915237426758 -15.278136253356934 -2.0999999046325684
    endloop
  endfacet
  facet normal 0.3393125239197156 -0.6214034519516932 -0.7062044753566434
    outer loop
      vertex 24.59433364868164 -14.31274127960205 -3.200000047683716
      vertex 24.919921875 -14.134956359863281 -3.200000047683716
      vertex 25.37687873840332 -15.135552406311035 -2.0999999046325684
    endloop
  endfacet
  facet normal 0.24742213548319592 -0.6633683499756106 -0.7062044456979656
    outer loop
      vertex 24.919921875 -14.134956359863281 -3.200000047683716
      vertex 25.26749610900879 -14.005318641662598 -3.200000047683716
      vertex 25.37687873840332 -15.135552406311035 -2.0999999046325684
    endloop
  endfacet
  facet normal 0.08734509172646915 0.9961779492250852 -0.00057308725194359
    outer loop
      vertex 22.867136001586914 -12.617934226989746 -7.199999809265137
      vertex 21.17484474182129 -12.464778900146484 1.100000023841858
      vertex 28.397920608520508 -13.098099708557129 1.100000023841858
    endloop
  endfacet
  facet normal -0.5676649046910991 -0.42495067689329735 -0.7051052958175634
    outer loop
      vertex 28.187259674072266 -15.09433364868164 -3.200000047683716
      vertex 27.179080963134766 -15.572761535644531 -2.0999999046325684
      vertex 27.964948654174805 -14.797362327575684 -3.200000047683716
    endloop
  endfacet
  facet normal -0.500638401610712 -0.5006365814582265 -0.706204081083147
    outer loop
      vertex 27.702638626098633 -14.535051345825195 -3.200000047683716
      vertex 27.964948654174805 -14.797362327575684 -3.200000047683716
      vertex 26.98229217529297 -15.366375923156738 -2.0999999046325684
    endloop
  endfacet
  facet normal -0.6553092664097426 -0.2623437151503964 -0.7083399893261798
    outer loop
      vertex 28.36504364013672 -15.419920921325684 -3.200000047683716
      vertex 27.439239501953125 -16.077402114868164 -2.0999999046325684
      vertex 27.333253860473633 -15.812660217285156 -2.0999999046325684
    endloop
  endfacet
  facet normal -0.593023230095124 -0.3811113464557544 -0.7092796276294897
    outer loop
      vertex 28.187259674072266 -15.09433364868164 -3.200000047683716
      vertex 27.333253860473633 -15.812660217285156 -2.0999999046325684
      vertex 27.179080963134766 -15.572761535644531 -2.0999999046325684
    endloop
  endfacet
  facet normal -0.40944452228708317 -0.5749866471446856 -0.7083399881232283
    outer loop
      vertex 27.40566635131836 -14.31274127960205 -3.200000047683716
      vertex 26.98229217529297 -15.366375923156738 -2.0999999046325684
      vertex 26.75 -15.20096206665039 -2.0999999046325684
    endloop
  endfacet
  facet normal -0.5108628090582745 -0.4871079516455117 -0.7083396316491143
    outer loop
      vertex 27.964948654174805 -14.797362327575684 -3.200000047683716
      vertex 27.179080963134766 -15.572761535644531 -2.0999999046325684
      vertex 26.98229217529297 -15.366375923156738 -2.0999999046325684
    endloop
  endfacet
  facet normal -0.7072954744108486 0.05058725286836081 -0.7051056954281146
    outer loop
      vertex 28.573535919189453 -16.870018005371094 -3.200000047683716
      vertex 27.493207931518555 -16.6425838470459 -2.0999999046325684
      vertex 28.600000381469727 -16.5 -3.200000047683716
    endloop
  endfacet
  facet normal -0.7072954744108486 -0.05058725286836081 -0.7051056954281146
    outer loop
      vertex 28.600000381469727 -16.5 -3.200000047683716
      vertex 27.493207931518555 -16.3574161529541 -2.0999999046325684
      vertex 28.573535919189453 -16.129981994628906 -3.200000047683716
    endloop
  endfacet
  facet normal -0.6918280314828497 -0.15049687303207868 -0.7062044081299206
    outer loop
      vertex 28.573535919189453 -16.129981994628906 -3.200000047683716
      vertex 27.439239501953125 -16.077402114868164 -2.0999999046325684
      vertex 28.49468231201172 -15.767495155334473 -3.200000047683716
    endloop
  endfacet
  facet normal -0.6931154479103526 0.13358650762980082 -0.7083400460564858
    outer loop
      vertex 28.573535919189453 -16.870018005371094 -3.200000047683716
      vertex 27.439239501953125 -16.92259979248047 -2.0999999046325684
      vertex 27.493207931518555 -16.6425838470459 -2.0999999046325684
    endloop
  endfacet
  facet normal -0.704927031759601 0 -0.7092798318679296
    outer loop
      vertex 28.600000381469727 -16.5 -3.200000047683716
      vertex 27.493207931518555 -16.6425838470459 -2.0999999046325684
      vertex 27.493207931518555 -16.3574161529541 -2.0999999046325684
    endloop
  endfacet
  facet normal -0.6931152712896074 -0.13358738352909544 -0.7083400536938343
    outer loop
      vertex 28.573535919189453 -16.129981994628906 -3.200000047683716
      vertex 27.493207931518555 -16.3574161529541 -2.0999999046325684
      vertex 27.439239501953125 -16.077402114868164 -2.0999999046325684
    endloop
  endfacet
  facet normal -0.6633677233340042 -0.24742372190795975 -0.7062044785158705
    outer loop
      vertex 28.36504364013672 -15.419920921325684 -3.200000047683716
      vertex 28.49468231201172 -15.767495155334473 -3.200000047683716
      vertex 27.439239501953125 -16.077402114868164 -2.0999999046325684
    endloop
  endfacet
  facet normal -0.6223643236365356 -0.3398363728857771 -0.7051055866522947
    outer loop
      vertex 28.36504364013672 -15.419920921325684 -3.200000047683716
      vertex 27.333253860473633 -15.812660217285156 -2.0999999046325684
      vertex 28.187259674072266 -15.09433364868164 -3.200000047683716
    endloop
  endfacet
  facet normal 0.9965899524659201 0.08251343311228294 0
    outer loop
      vertex 30.23051643371582 -15.091081619262695 -7.199999809265137
      vertex 30.20328140258789 -14.762139320373535 -3.049999952316284
      vertex 30.23051643371582 -15.091081619262695 1.100000023841858
    endloop
  endfacet
  facet normal -0.981928840860494 0.18925049930281984 0
    outer loop
      vertex 27.439239501953125 -16.92259979248047 -2.0999999046325684
      vertex 27.439239501953125 -16.92259979248047 1.100000023841858
      vertex 27.493207931518555 -16.6425838470459 -2.0999999046325684
    endloop
  endfacet
  facet normal -1 0 0
    outer loop
      vertex 27.493207931518555 -16.6425838470459 -2.0999999046325684
      vertex 27.493207931518555 -16.6425838470459 1.100000023841858
      vertex 27.493207931518555 -16.3574161529541 -2.0999999046325684
    endloop
  endfacet
  facet normal -0.9819286013052501 -0.18925174223429275 0
    outer loop
      vertex 27.493207931518555 -16.3574161529541 -2.0999999046325684
      vertex 27.493207931518555 -16.3574161529541 1.100000023841858
      vertex 27.439239501953125 -16.077402114868164 -2.0999999046325684
    endloop
  endfacet
  facet normal -0.9283691748828315 -0.3716593536121087 0
    outer loop
      vertex 27.439239501953125 -16.077402114868164 -2.0999999046325684
      vertex 27.439239501953125 -16.077402114868164 1.100000023841858
      vertex 27.333253860473633 -15.812660217285156 -2.0999999046325684
    endloop
  endfacet
  facet normal 0.3270685239715784 -0.945000624670192 0
    outer loop
      vertex 25.37687873840332 -15.135552406311035 -2.0999999046325684
      vertex 25.6463623046875 -15.042283058166504 -2.0999999046325684
      vertex 25.6463623046875 -15.042283058166504 1.100000023841858
    endloop
  endfacet
  facet normal 0.14231508616416544 -0.9898214062395732 0
    outer loop
      vertex 25.6463623046875 -15.042283058166504 -2.0999999046325684
      vertex 25.928627014160156 -15.001699447631836 -2.0999999046325684
      vertex 25.928627014160156 -15.001699447631836 1.100000023841858
    endloop
  endfacet
  facet normal -0.04758199171847363 -0.9988673355676935 0
    outer loop
      vertex 25.928627014160156 -15.001699447631836 -2.0999999046325684
      vertex 26.213472366333008 -15.015268325805664 -2.0999999046325684
      vertex 26.213472366333008 -15.015268325805664 1.100000023841858
    endloop
  endfacet
  facet normal -0.23575623065684945 -0.9718122245096913 0
    outer loop
      vertex 26.213472366333008 -15.015268325805664 -2.0999999046325684
      vertex 26.490602493286133 -15.082498550415039 -2.0999999046325684
      vertex 26.490602493286133 -15.082498550415039 1.100000023841858
    endloop
  endfacet
  facet normal -0.7237331557382372 -0.6900799368806287 0
    outer loop
      vertex 27.179080963134766 -15.572761535644531 -2.0999999046325684
      vertex 27.179080963134766 -15.572761535644531 1.100000023841858
      vertex 26.98229217529297 -15.366375923156738 -2.0999999046325684
    endloop
  endfacet
  facet normal -0.8412545277735383 -0.5406392692919386 0
    outer loop
      vertex 27.179080963134766 -15.572761535644531 -2.0999999046325684
      vertex 27.333253860473633 -15.812660217285156 -2.0999999046325684
      vertex 27.333253860473633 -15.812660217285156 1.100000023841858
    endloop
  endfacet
  facet normal -0.4154168823134486 -0.909631141666211 0
    outer loop
      vertex 26.490602493286133 -15.082498550415039 -2.0999999046325684
      vertex 26.75 -15.20096206665039 -2.0999999046325684
      vertex 26.75 -15.20096206665039 1.100000023841858
    endloop
  endfacet
  facet normal -0.5800553908667294 -0.8145770335127587 0
    outer loop
      vertex 26.75 -15.20096206665039 -2.0999999046325684
      vertex 26.98229217529297 -15.366375923156738 -2.0999999046325684
      vertex 26.98229217529297 -15.366375923156738 1.100000023841858
    endloop
  endfacet
  facet normal 1 0 0
    outer loop
      vertex 30.23051643371582 -18.908918380737305 1.100000023841858
      vertex 30.23051643371582 -15.091081619262695 -7.199999809265137
      vertex 30.23051643371582 -15.091081619262695 1.100000023841858
    endloop
  endfacet
  facet normal 0.15073157895975003 -0.6928967620865601 -0.7051057141977092
    outer loop
      vertex 25.26749610900879 -14.005318641662598 -3.200000047683716
      vertex 25.629981994628906 -13.926464080810547 -3.200000047683716
      vertex 25.6463623046875 -15.042283058166504 -2.0999999046325684
    endloop
  endfacet
  facet normal -0.15049897993217454 -0.6918275295197429 -0.7062044508766453
    outer loop
      vertex 26.370019912719727 -13.926464080810547 -3.200000047683716
      vertex 26.732505798339844 -14.005318641662598 -3.200000047683716
      vertex 26.213472366333008 -15.015268325805664 -2.0999999046325684
    endloop
  endfacet
  facet normal 0.05058724073549631 -0.7072953047728535 -0.7051058664633597
    outer loop
      vertex 25.629981994628906 -13.926464080810547 -3.200000047683716
      vertex 26 -13.899999618530273 -3.200000047683716
      vertex 25.928627014160156 -15.001699447631836 -2.0999999046325684
    endloop
  endfacet
  facet normal -0.05050892992658005 -0.706204027312919 -0.7062044461802021
    outer loop
      vertex 26 -13.899999618530273 -3.200000047683716
      vertex 26.370019912719727 -13.926464080810547 -3.200000047683716
      vertex 26.213472366333008 -15.015268325805664 -2.0999999046325684
    endloop
  endfacet
  facet normal -0.24780456445048996 -0.6643936877956131 -0.7051056129792531
    outer loop
      vertex 27.080080032348633 -14.134956359863281 -3.200000047683716
      vertex 26.490602493286133 -15.082498550415039 -2.0999999046325684
      vertex 26.732505798339844 -14.005318641662598 -3.200000047683716
    endloop
  endfacet
  facet normal -0.33983847240839943 -0.6223630071567708 -0.7051057367472673
    outer loop
      vertex 27.40566635131836 -14.31274127960205 -3.200000047683716
      vertex 26.75 -15.20096206665039 -2.0999999046325684
      vertex 27.080080032348633 -14.134956359863281 -3.200000047683716
    endloop
  endfacet
  facet normal -0.4242928371365306 -0.5667903894686235 -0.7062041084280377
    outer loop
      vertex 27.40566635131836 -14.31274127960205 -3.200000047683716
      vertex 27.702638626098633 -14.535051345825195 -3.200000047683716
      vertex 26.98229217529297 -15.366375923156738 -2.0999999046325684
    endloop
  endfacet
  facet normal 0.23086830519191215 -0.6670488800746358 -0.708340043516522
    outer loop
      vertex 25.26749610900879 -14.005318641662598 -3.200000047683716
      vertex 25.6463623046875 -15.042283058166504 -2.0999999046325684
      vertex 25.37687873840332 -15.135552406311035 -2.0999999046325684
    endloop
  endfacet
  facet normal 0.10032174102433027 -0.697751794652031 -0.7092799033792775
    outer loop
      vertex 25.629981994628906 -13.926464080810547 -3.200000047683716
      vertex 25.928627014160156 -15.001699447631836 -2.0999999046325684
      vertex 25.6463623046875 -15.042283058166504 -2.0999999046325684
    endloop
  endfacet
  facet normal -0.033586752993095575 -0.7050715882403551 -0.7083403034415053
    outer loop
      vertex 26 -13.899999618530273 -3.200000047683716
      vertex 26.213472366333008 -15.015268325805664 -2.0999999046325684
      vertex 25.928627014160156 -15.001699447631836 -2.0999999046325684
    endloop
  endfacet
  facet normal -0.16641360346464476 -0.6859745497332905 -0.7083399111303282
    outer loop
      vertex 26.732505798339844 -14.005318641662598 -3.200000047683716
      vertex 26.490602493286133 -15.082498550415039 -2.0999999046325684
      vertex 26.213472366333008 -15.015268325805664 -2.0999999046325684
    endloop
  endfacet
  facet normal -0.29283854239457013 -0.6412234769054267 -0.7092799452638847
    outer loop
      vertex 27.080080032348633 -14.134956359863281 -3.200000047683716
      vertex 26.75 -15.20096206665039 -2.0999999046325684
      vertex 26.490602493286133 -15.082498550415039 -2.0999999046325684
    endloop
  endfacet
  facet normal 0.16564236154369247 0.9861858892025522 0
    outer loop
      vertex 28.397920608520508 -13.098099708557129 -7.199999809265137
      vertex 28.397920608520508 -13.098099708557129 1.100000023841858
      vertex 28.72342872619629 -13.152772903442383 -3.049999952316284
    endloop
  endfacet
  facet normal 0.9694463003913423 0.24530362952377888 0
    outer loop
      vertex 30.20328140258789 -14.762139320373535 -3.049999952316284
      vertex 30.122314453125 -14.442155838012695 -3.049999952316284
      vertex 30.122314453125 -14.442155838012695 1.100000023841858
    endloop
  endfacet
  facet normal 0.9158991898858381 0.40140836309980543 0
    outer loop
      vertex 30.122314453125 -14.442155838012695 -3.049999952316284
      vertex 29.989822387695312 -14.139846801757812 -3.049999952316284
      vertex 29.989822387695312 -14.139846801757812 1.100000023841858
    endloop
  endfacet
  facet normal 0.8374037816503285 0.5465847660498133 0
    outer loop
      vertex 29.989822387695312 -14.139846801757812 -3.049999952316284
      vertex 29.809412002563477 -13.863446235656738 -3.049999952316284
      vertex 29.809412002563477 -13.863446235656738 1.100000023841858
    endloop
  endfacet
  facet normal 0.32558586007711177 0.9455124788800239 0
    outer loop
      vertex 28.72342872619629 -13.152772903442383 -3.049999952316284
      vertex 28.72342872619629 -13.152772903442383 1.100000023841858
      vertex 29.035512924194336 -13.260238647460938 -3.049999952316284
    endloop
  endfacet
  facet normal 0.6147564092275524 0.7887170324733999 0
    outer loop
      vertex 29.586000442504883 -13.620481491088867 -3.049999952316284
      vertex 29.32567024230957 -13.417570114135742 -3.049999952316284
      vertex 29.32567024230957 -13.417570114135742 1.100000023841858
    endloop
  endfacet
  facet normal 0.47666472826120415 0.8790851704082333 0
    outer loop
      vertex 29.035512924194336 -13.260238647460938 -3.049999952316284
      vertex 29.035512924194336 -13.260238647460938 1.100000023841858
      vertex 29.32567024230957 -13.417570114135742 -3.049999952316284
    endloop
  endfacet
  facet normal 0.7361061071236543 0.6768661603709105 0
    outer loop
      vertex 29.809412002563477 -13.863446235656738 -3.049999952316284
      vertex 29.586000442504883 -13.620481491088867 -3.049999952316284
      vertex 29.586000442504883 -13.620481491088867 1.100000023841858
    endloop
  endfacet
  facet normal 0.9594927836218496 0.2817332038961587 0
    outer loop
      vertex 24.60744857788086 -17.057493209838867 -2.0999999046325684
      vertex 24.52710723876953 -16.783876419067383 1.100000023841858
      vertex 24.60744857788086 -17.057493209838867 1.100000023841858
    endloop
  endfacet
  facet normal 0.9954718139357258 0.09505718099920404 0
    outer loop
      vertex 24.52710723876953 -16.783876419067383 -2.0999999046325684
      vertex 24.5 -16.5 1.100000023841858
      vertex 24.52710723876953 -16.783876419067383 1.100000023841858
    endloop
  endfacet
  facet normal 0.9954718139357258 -0.09505718099920404 0
    outer loop
      vertex 24.5 -16.5 -2.0999999046325684
      vertex 24.52710723876953 -16.216123580932617 1.100000023841858
      vertex 24.5 -16.5 1.100000023841858
    endloop
  endfacet
  facet normal 0.9594927836218496 -0.2817332038961587 0
    outer loop
      vertex 24.52710723876953 -16.216123580932617 -2.0999999046325684
      vertex 24.60744857788086 -15.942506790161133 1.100000023841858
      vertex 24.52710723876953 -16.216123580932617 1.100000023841858
    endloop
  endfacet
  facet normal 0.8888342407499633 -0.45822886472857244 0
    outer loop
      vertex 24.60744857788086 -15.942506790161133 -2.0999999046325684
      vertex 24.738121032714844 -15.68903923034668 1.100000023841858
      vertex 24.60744857788086 -15.942506790161133 1.100000023841858
    endloop
  endfacet
  facet normal 0.7860534481168868 -0.6181585368686198 0
    outer loop
      vertex 24.738121032714844 -15.68903923034668 -2.0999999046325684
      vertex 24.914400100708008 -15.464881896972656 1.100000023841858
      vertex 24.738121032714844 -15.68903923034668 1.100000023841858
    endloop
  endfacet
  facet normal 0.6548621652256887 -0.7557483341403557 0
    outer loop
      vertex 24.914400100708008 -15.464881896972656 -2.0999999046325684
      vertex 25.129915237426758 -15.278136253356934 1.100000023841858
      vertex 24.914400100708008 -15.464881896972656 1.100000023841858
    endloop
  endfacet
  facet normal 0.4999984306040344 -0.8660263098737259 0
    outer loop
      vertex 25.129915237426758 -15.278136253356934 -2.0999999046325684
      vertex 25.37687873840332 -15.135552406311035 1.100000023841858
      vertex 25.129915237426758 -15.278136253356934 1.100000023841858
    endloop
  endfacet
  facet normal 0 0 1
    outer loop
      vertex 20.09787940979004 -16.745689392089844 1.100000023841858
      vertex 20.330171585083008 -16.911102294921875 1.100000023841858
      vertex 24.52710723876953 -16.216123580932617 1.100000023841858
    endloop
  endfacet
  facet normal 0 0 1
    outer loop
      vertex 19.838481903076172 -16.627225875854492 1.100000023841858
      vertex 20.09787940979004 -16.745689392089844 1.100000023841858
      vertex 24.60744857788086 -15.942506790161133 1.100000023841858
    endloop
  endfacet
  facet normal 0 0 1
    outer loop
      vertex 19.561351776123047 -16.559995651245117 1.100000023841858
      vertex 19.838481903076172 -16.627225875854492 1.100000023841858
      vertex 24.914400100708008 -15.464881896972656 1.100000023841858
    endloop
  endfacet
  facet normal 0 0 1
    outer loop
      vertex 20.526958465576172 -17.117488861083984 1.100000023841858
      vertex 24.5 -16.5 1.100000023841858
      vertex 20.330171585083008 -16.911102294921875 1.100000023841858
    endloop
  endfacet
  facet normal 0 0 1
    outer loop
      vertex 19.561351776123047 -16.559995651245117 1.100000023841858
      vertex 24.914400100708008 -15.464881896972656 1.100000023841858
      vertex 21.17484474182129 -12.464778900146484 1.100000023841858
    endloop
  endfacet
  facet normal 0 0 1
    outer loop
      vertex 20.526958465576172 -17.117488861083984 1.100000023841858
      vertex 24.52710723876953 -16.783876419067383 1.100000023841858
      vertex 24.5 -16.5 1.100000023841858
    endloop
  endfacet
  facet normal 0 0 1
    outer loop
      vertex 20.330171585083008 -16.911102294921875 1.100000023841858
      vertex 24.5 -16.5 1.100000023841858
      vertex 24.52710723876953 -16.216123580932617 1.100000023841858
    endloop
  endfacet
  facet normal 0 0 1
    outer loop
      vertex 20.09787940979004 -16.745689392089844 1.100000023841858
      vertex 24.52710723876953 -16.216123580932617 1.100000023841858
      vertex 24.60744857788086 -15.942506790161133 1.100000023841858
    endloop
  endfacet
  facet normal 0 0 1
    outer loop
      vertex 19.838481903076172 -16.627225875854492 1.100000023841858
      vertex 24.60744857788086 -15.942506790161133 1.100000023841858
      vertex 24.738121032714844 -15.68903923034668 1.100000023841858
    endloop
  endfacet
  facet normal 0 0 1
    outer loop
      vertex 19.838481903076172 -16.627225875854492 1.100000023841858
      vertex 24.738121032714844 -15.68903923034668 1.100000023841858
      vertex 24.914400100708008 -15.464881896972656 1.100000023841858
    endloop
  endfacet
  facet normal 0 0 1
    outer loop
      vertex 24.914400100708008 -15.464881896972656 1.100000023841858
      vertex 25.129915237426758 -15.278136253356934 1.100000023841858
      vertex 21.17484474182129 -12.464778900146484 1.100000023841858
    endloop
  endfacet
  facet normal 0 0 1
    outer loop
      vertex 25.129915237426758 -15.278136253356934 1.100000023841858
      vertex 25.37687873840332 -15.135552406311035 1.100000023841858
      vertex 21.17484474182129 -12.464778900146484 1.100000023841858
    endloop
  endfacet
  facet normal 0 0 1
    outer loop
      vertex 25.37687873840332 -15.135552406311035 1.100000023841858
      vertex 25.6463623046875 -15.042283058166504 1.100000023841858
      vertex 21.17484474182129 -12.464778900146484 1.100000023841858
    endloop
  endfacet
  facet normal 0 0 1
    outer loop
      vertex 25.6463623046875 -15.042283058166504 1.100000023841858
      vertex 28.397920608520508 -13.098099708557129 1.100000023841858
      vertex 21.17484474182129 -12.464778900146484 1.100000023841858
    endloop
  endfacet
  facet normal -0.981928840860494 0.18925049930281984 0
    outer loop
      vertex 27.493207931518555 -16.6425838470459 -2.0999999046325684
      vertex 27.439239501953125 -16.92259979248047 1.100000023841858
      vertex 27.493207931518555 -16.6425838470459 1.100000023841858
    endloop
  endfacet
  facet normal -1 0 0
    outer loop
      vertex 27.493207931518555 -16.3574161529541 -2.0999999046325684
      vertex 27.493207931518555 -16.6425838470459 1.100000023841858
      vertex 27.493207931518555 -16.3574161529541 1.100000023841858
    endloop
  endfacet
  facet normal -0.9819286013052501 -0.18925174223429275 0
    outer loop
      vertex 27.439239501953125 -16.077402114868164 -2.0999999046325684
      vertex 27.493207931518555 -16.3574161529541 1.100000023841858
      vertex 27.439239501953125 -16.077402114868164 1.100000023841858
    endloop
  endfacet
  facet normal 0.3270685239715784 -0.945000624670192 0
    outer loop
      vertex 25.37687873840332 -15.135552406311035 -2.0999999046325684
      vertex 25.6463623046875 -15.042283058166504 1.100000023841858
      vertex 25.37687873840332 -15.135552406311035 1.100000023841858
    endloop
  endfacet
  facet normal 0.14231508616416544 -0.9898214062395732 0
    outer loop
      vertex 25.6463623046875 -15.042283058166504 -2.0999999046325684
      vertex 25.928627014160156 -15.001699447631836 1.100000023841858
      vertex 25.6463623046875 -15.042283058166504 1.100000023841858
    endloop
  endfacet
  facet normal -0.4154168823134486 -0.909631141666211 0
    outer loop
      vertex 26.490602493286133 -15.082498550415039 -2.0999999046325684
      vertex 26.75 -15.20096206665039 1.100000023841858
      vertex 26.490602493286133 -15.082498550415039 1.100000023841858
    endloop
  endfacet
  facet normal -0.04758199171847363 -0.9988673355676935 0
    outer loop
      vertex 25.928627014160156 -15.001699447631836 -2.0999999046325684
      vertex 26.213472366333008 -15.015268325805664 1.100000023841858
      vertex 25.928627014160156 -15.001699447631836 1.100000023841858
    endloop
  endfacet
  facet normal -0.23575623065684945 -0.9718122245096913 0
    outer loop
      vertex 26.213472366333008 -15.015268325805664 -2.0999999046325684
      vertex 26.490602493286133 -15.082498550415039 1.100000023841858
      vertex 26.213472366333008 -15.015268325805664 1.100000023841858
    endloop
  endfacet
  facet normal -0.7237331557382372 -0.6900799368806287 0
    outer loop
      vertex 26.98229217529297 -15.366375923156738 -2.0999999046325684
      vertex 27.179080963134766 -15.572761535644531 1.100000023841858
      vertex 26.98229217529297 -15.366375923156738 1.100000023841858
    endloop
  endfacet
  facet normal -0.9283691748828315 -0.3716593536121087 0
    outer loop
      vertex 27.333253860473633 -15.812660217285156 -2.0999999046325684
      vertex 27.439239501953125 -16.077402114868164 1.100000023841858
      vertex 27.333253860473633 -15.812660217285156 1.100000023841858
    endloop
  endfacet
  facet normal -0.8412545277735383 -0.5406392692919386 0
    outer loop
      vertex 27.179080963134766 -15.572761535644531 -2.0999999046325684
      vertex 27.333253860473633 -15.812660217285156 1.100000023841858
      vertex 27.179080963134766 -15.572761535644531 1.100000023841858
    endloop
  endfacet
  facet normal -0.5800553908667294 -0.8145770335127587 0
    outer loop
      vertex 26.75 -15.20096206665039 -2.0999999046325684
      vertex 26.98229217529297 -15.366375923156738 1.100000023841858
      vertex 26.75 -15.20096206665039 1.100000023841858
    endloop
  endfacet
  facet normal 0.9965899524659201 0.08251343311228294 0
    outer loop
      vertex 30.20328140258789 -14.762139320373535 -3.049999952316284
      vertex 30.20328140258789 -14.762139320373535 1.100000023841858
      vertex 30.23051643371582 -15.091081619262695 1.100000023841858
    endloop
  endfacet
  facet normal 0 0 1
    outer loop
      vertex 27.439239501953125 -16.92259979248047 1.100000023841858
      vertex 30.23051643371582 -15.091081619262695 1.100000023841858
      vertex 27.493207931518555 -16.6425838470459 1.100000023841858
    endloop
  endfacet
  facet normal 0 0 1
    outer loop
      vertex 27.493207931518555 -16.6425838470459 1.100000023841858
      vertex 30.23051643371582 -15.091081619262695 1.100000023841858
      vertex 27.493207931518555 -16.3574161529541 1.100000023841858
    endloop
  endfacet
  facet normal 0 0 1
    outer loop
      vertex 30.23051643371582 -18.908918380737305 1.100000023841858
      vertex 30.23051643371582 -15.091081619262695 1.100000023841858
      vertex 27.439239501953125 -16.92259979248047 1.100000023841858
    endloop
  endfacet
  facet normal 0 0 1
    outer loop
      vertex 27.493207931518555 -16.3574161529541 1.100000023841858
      vertex 30.23051643371582 -15.091081619262695 1.100000023841858
      vertex 27.439239501953125 -16.077402114868164 1.100000023841858
    endloop
  endfacet
  facet normal 0 0 1
    outer loop
      vertex 27.439239501953125 -16.077402114868164 1.100000023841858
      vertex 30.23051643371582 -15.091081619262695 1.100000023841858
      vertex 27.333253860473633 -15.812660217285156 1.100000023841858
    endloop
  endfacet
  facet normal 0 0 1
    outer loop
      vertex 27.179080963134766 -15.572761535644531 1.100000023841858
      vertex 27.333253860473633 -15.812660217285156 1.100000023841858
      vertex 30.23051643371582 -15.091081619262695 1.100000023841858
    endloop
  endfacet
  facet normal 0 0 1
    outer loop
      vertex 26.75 -15.20096206665039 1.100000023841858
      vertex 26.98229217529297 -15.366375923156738 1.100000023841858
      vertex 30.20328140258789 -14.762139320373535 1.100000023841858
    endloop
  endfacet
  facet normal 0 0 1
    outer loop
      vertex 27.179080963134766 -15.572761535644531 1.100000023841858
      vertex 30.23051643371582 -15.091081619262695 1.100000023841858
      vertex 26.98229217529297 -15.366375923156738 1.100000023841858
    endloop
  endfacet
  facet normal 0 0 1
    outer loop
      vertex 26.98229217529297 -15.366375923156738 1.100000023841858
      vertex 30.23051643371582 -15.091081619262695 1.100000023841858
      vertex 30.20328140258789 -14.762139320373535 1.100000023841858
    endloop
  endfacet
  facet normal 0.9694463003913423 0.24530362952377888 0
    outer loop
      vertex 30.20328140258789 -14.762139320373535 -3.049999952316284
      vertex 30.122314453125 -14.442155838012695 1.100000023841858
      vertex 30.20328140258789 -14.762139320373535 1.100000023841858
    endloop
  endfacet
  facet normal 0.9158991898858381 0.40140836309980543 0
    outer loop
      vertex 30.122314453125 -14.442155838012695 -3.049999952316284
      vertex 29.989822387695312 -14.139846801757812 1.100000023841858
      vertex 30.122314453125 -14.442155838012695 1.100000023841858
    endloop
  endfacet
  facet normal 0.8374037816503285 0.5465847660498133 0
    outer loop
      vertex 29.989822387695312 -14.139846801757812 -3.049999952316284
      vertex 29.809412002563477 -13.863446235656738 1.100000023841858
      vertex 29.989822387695312 -14.139846801757812 1.100000023841858
    endloop
  endfacet
  facet normal 0.7361061071236543 0.6768661603709105 0
    outer loop
      vertex 29.809412002563477 -13.863446235656738 -3.049999952316284
      vertex 29.586000442504883 -13.620481491088867 1.100000023841858
      vertex 29.809412002563477 -13.863446235656738 1.100000023841858
    endloop
  endfacet
  facet normal 0.32558586007711177 0.9455124788800239 0
    outer loop
      vertex 29.035512924194336 -13.260238647460938 -3.049999952316284
      vertex 28.72342872619629 -13.152772903442383 1.100000023841858
      vertex 29.035512924194336 -13.260238647460938 1.100000023841858
    endloop
  endfacet
  facet normal 0.16564236154369247 0.9861858892025522 0
    outer loop
      vertex 28.72342872619629 -13.152772903442383 -3.049999952316284
      vertex 28.397920608520508 -13.098099708557129 1.100000023841858
      vertex 28.72342872619629 -13.152772903442383 1.100000023841858
    endloop
  endfacet
  facet normal 0.6147564092275524 0.7887170324733999 0
    outer loop
      vertex 29.586000442504883 -13.620481491088867 -3.049999952316284
      vertex 29.32567024230957 -13.417570114135742 1.100000023841858
      vertex 29.586000442504883 -13.620481491088867 1.100000023841858
    endloop
  endfacet
  facet normal 0.47666472826120415 0.8790851704082333 0
    outer loop
      vertex 29.32567024230957 -13.417570114135742 -3.049999952316284
      vertex 29.035512924194336 -13.260238647460938 1.100000023841858
      vertex 29.32567024230957 -13.417570114135742 1.100000023841858
    endloop
  endfacet
  facet normal 0 0 1
    outer loop
      vertex 25.6463623046875 -15.042283058166504 1.100000023841858
      vertex 25.928627014160156 -15.001699447631836 1.100000023841858
      vertex 28.397920608520508 -13.098099708557129 1.100000023841858
    endloop
  endfacet
  facet normal 0 0 1
    outer loop
      vertex 25.928627014160156 -15.001699447631836 1.100000023841858
      vertex 26.213472366333008 -15.015268325805664 1.100000023841858
      vertex 28.397920608520508 -13.098099708557129 1.100000023841858
    endloop
  endfacet
  facet normal 0 0 1
    outer loop
      vertex 26.213472366333008 -15.015268325805664 1.100000023841858
      vertex 26.490602493286133 -15.082498550415039 1.100000023841858
      vertex 28.397920608520508 -13.098099708557129 1.100000023841858
    endloop
  endfacet
  facet normal 0 0 1
    outer loop
      vertex 26.490602493286133 -15.082498550415039 1.100000023841858
      vertex 26.75 -15.20096206665039 1.100000023841858
      vertex 29.989822387695312 -14.139846801757812 1.100000023841858
    endloop
  endfacet
  facet normal 0 0 1
    outer loop
      vertex 26.75 -15.20096206665039 1.100000023841858
      vertex 30.122314453125 -14.442155838012695 1.100000023841858
      vertex 29.989822387695312 -14.139846801757812 1.100000023841858
    endloop
  endfacet
  facet normal 0 0 1
    outer loop
      vertex 26.490602493286133 -15.082498550415039 1.100000023841858
      vertex 29.989822387695312 -14.139846801757812 1.100000023841858
      vertex 29.809412002563477 -13.863446235656738 1.100000023841858
    endloop
  endfacet
  facet normal 0 0 1
    outer loop
      vertex 26.490602493286133 -15.082498550415039 1.100000023841858
      vertex 29.32567024230957 -13.417570114135742 1.100000023841858
      vertex 28.397920608520508 -13.098099708557129 1.100000023841858
    endloop
  endfacet
  facet normal 0 0 1
    outer loop
      vertex 26.490602493286133 -15.082498550415039 1.100000023841858
      vertex 29.809412002563477 -13.863446235656738 1.100000023841858
      vertex 29.586000442504883 -13.620481491088867 1.100000023841858
    endloop
  endfacet
  facet normal 0 0 1
    outer loop
      vertex 26.490602493286133 -15.082498550415039 1.100000023841858
      vertex 29.586000442504883 -13.620481491088867 1.100000023841858
      vertex 29.32567024230957 -13.417570114135742 1.100000023841858
    endloop
  endfacet
  facet normal 0 0 1
    outer loop
      vertex 26.75 -15.20096206665039 1.100000023841858
      vertex 30.20328140258789 -14.762139320373535 1.100000023841858
      vertex 30.122314453125 -14.442155838012695 1.100000023841858
    endloop
  endfacet
  facet normal 0 0 1
    outer loop
      vertex 28.397920608520508 -13.098099708557129 1.100000023841858
      vertex 29.32567024230957 -13.417570114135742 1.100000023841858
      vertex 29.035512924194336 -13.260238647460938 1.100000023841858
    endloop
  endfacet
  facet normal 0 0 1
    outer loop
      vertex 28.397920608520508 -13.098099708557129 1.100000023841858
      vertex 29.035512924194336 -13.260238647460938 1.100000023841858
      vertex 28.72342872619629 -13.152772903442383 1.100000023841858
    endloop
  endfacet
  facet normal 0.12053668025532262 0.9927088740980541 0
    outer loop
      vertex -1.4184195481701427 -19.24006497074166 -1.8
      vertex -1.4184195481701427 -19.24006497074166 -1.7999999523162842
      vertex 0.482146721021291 -19.470835496392215 -1.8
    endloop
  endfacet
  facet normal 0 0 1
    outer loop
      vertex -1.4184195481701427 -19.24006497074166 -1.8
      vertex 0.482146721021291 -19.470835496392215 -1.8
      vertex -0.5158496214367871 -18.980826633788958 -1.8
    endloop
  endfacet
  facet normal 0.12053668025532262 0.9927088740980541 0
    outer loop
      vertex -1.4184195481701427 -19.24006497074166 -1.7999999523162842
      vertex 0.482146721021291 -19.470835496392215 -1.7999999523162842
      vertex 0.482146721021291 -19.470835496392215 -1.8
    endloop
  endfacet
  facet normal 0 0 1
    outer loop
      vertex -1.4184195481701427 -19.24006497074166 -1.8
      vertex -1.9 -18.531088913245537 -1.8
      vertex -2.994042992684404 -18.152490632963183 -1.8
    endloop
  endfacet
  facet normal 0.5680647467311556 0.8229838658936567 0
    outer loop
      vertex -1.4184195481701427 -19.24006497074166 -1.8
      vertex -2.994042992684404 -18.152490632963183 -1.7999999523162842
      vertex -1.4184195481701427 -19.24006497074166 -1.7999999523162842
    endloop
  endfacet
  facet normal 0 0 1
    outer loop
      vertex -1.4184195481701427 -19.24006497074166 -1.8
      vertex -1.2315594803123158 -18.828697807033038 -1.8
      vertex -1.9 -18.531088913245537 -1.8
    endloop
  endfacet
  facet normal 0.5680647467311556 0.8229838658936567 0
    outer loop
      vertex -1.4184195481701427 -19.24006497074166 -1.8
      vertex -2.994042992684404 -18.152490632963183 -1.8
      vertex -2.994042992684404 -18.152490632963183 -1.7999999523162842
    endloop
  endfacet
  facet normal 0 0 1
    outer loop
      vertex -2.994042992684404 -18.152490632963183 -1.8
      vertex -1.9 -18.531088913245537 -1.8
      vertex -2.4919571222560037 -18.10100688917088 -1.8
    endloop
  endfacet
  facet normal 0.8854560256532099 0.46472317204376834 0
    outer loop
      vertex -2.994042992684404 -18.152490632963183 -1.8
      vertex -3.883767269704208 -16.45726265715023 -1.7999999523162842
      vertex -2.994042992684404 -18.152490632963183 -1.7999999523162842
    endloop
  endfacet
  facet normal 0 0 1
    outer loop
      vertex -2.994042992684404 -18.152490632963183 -1.8
      vertex -2.4919571222560037 -18.10100688917088 -1.8
      vertex -2.981559480312316 -17.557248383023655 -1.8
    endloop
  endfacet
  facet normal 0 0 1
    outer loop
      vertex -2.994042992684404 -18.152490632963183 -1.8
      vertex -2.981559480312316 -17.557248383023655 -1.8
      vertex -3.3474091017491028 -16.9235782507653 -1.8
    endloop
  endfacet
  facet normal 0.8854560256532099 0.46472317204376834 0
    outer loop
      vertex -2.994042992684404 -18.152490632963183 -1.8
      vertex -3.883767269704208 -16.45726265715023 -1.8
      vertex -3.883767269704208 -16.45726265715023 -1.7999999523162842
    endloop
  endfacet
  facet normal 0 0 1
    outer loop
      vertex -2.994042992684404 -18.152490632963183 -1.8
      vertex -3.3474091017491028 -16.9235782507653 -1.8
      vertex -3.883767269704208 -16.45726265715023 -1.8
    endloop
  endfacet
  facet normal 0 0 1
    outer loop
      vertex -1.4184195481701427 -19.24006497074166 -1.8
      vertex -0.5158496214367871 -18.980826633788958 -1.8
      vertex -1.2315594803123158 -18.828697807033038 -1.8
    endloop
  endfacet
  facet normal 0 0 1
    outer loop
      vertex 0.482146721021291 -19.470835496392215 -1.8
      vertex 0.21584962143678713 -18.980826633788958 -1.8
      vertex -0.5158496214367871 -18.980826633788958 -1.8
    endloop
  endfacet
  facet normal 0 0 1
    outer loop
      vertex 0.482146721021291 -19.470835496392215 -1.8
      vertex 0.9315594803123158 -18.828697807033038 -1.8
      vertex 0.21584962143678713 -18.980826633788958 -1.8
    endloop
  endfacet
  facet normal -0.3546048870425354 0.9350162426854148 0
    outer loop
      vertex 0.482146721021291 -19.470835496392215 -1.8
      vertex 0.482146721021291 -19.470835496392215 -1.7999999523162842
      vertex 2.2722589869246246 -18.791935463574625 -1.8
    endloop
  endfacet
  facet normal 0 0 1
    outer loop
      vertex 0.482146721021291 -19.470835496392215 -1.8
      vertex 2.2722589869246246 -18.791935463574625 -1.8
      vertex 0.9315594803123158 -18.828697807033038 -1.8
    endloop
  endfacet
  facet normal 0 0 1
    outer loop
      vertex 0.9315594803123158 -18.828697807033038 -1.8
      vertex 2.2722589869246246 -18.791935463574625 -1.8
      vertex 1.6 -18.531088913245537 -1.8
    endloop
  endfacet
  facet normal -0.3546048870425354 0.9350162426854148 0
    outer loop
      vertex 0.482146721021291 -19.470835496392215 -1.7999999523162842
      vertex 2.2722589869246246 -18.791935463574625 -1.7999999523162842
      vertex 2.2722589869246246 -18.791935463574625 -1.8
    endloop
  endfacet
  facet normal 0 0 1
    outer loop
      vertex 1.6 -18.531088913245537 -1.8
      vertex 2.2722589869246246 -18.791935463574625 -1.8
      vertex 2.191957122256004 -18.10100688917088 -1.8
    endloop
  endfacet
  facet normal -0.7485107481711009 0.6631226582407954 0
    outer loop
      vertex 2.2722589869246246 -18.791935463574625 -1.8
      vertex 2.2722589869246246 -18.791935463574625 -1.7999999523162842
      vertex 3.54182410261284 -17.358892688175075 -1.8
    endloop
  endfacet
  facet normal 0 0 1
    outer loop
      vertex 2.191957122256004 -18.10100688917088 -1.8
      vertex 2.2722589869246246 -18.791935463574625 -1.8
      vertex 3.54182410261284 -17.358892688175075 -1.8
    endloop
  endfacet
  facet normal 0 0 1
    outer loop
      vertex 2.191957122256004 -18.10100688917088 -1.8
      vertex 3.54182410261284 -17.358892688175075 -1.8
      vertex 2.681559480312316 -17.557248383023655 -1.8
    endloop
  endfacet
  facet normal -0.7485107481711009 0.6631226582407954 0
    outer loop
      vertex 2.2722589869246246 -18.791935463574625 -1.7999999523162842
      vertex 3.54182410261284 -17.358892688175075 -1.7999999523162842
      vertex 3.54182410261284 -17.358892688175075 -1.8
    endloop
  endfacet
  facet normal 0 0 1
    outer loop
      vertex 2.681559480312316 -17.557248383023655 -1.8
      vertex 3.54182410261284 -17.358892688175075 -1.8
      vertex 3.047409101749103 -16.9235782507653 -1.8
    endloop
  endfacet
  facet normal 1 0 0
    outer loop
      vertex -3.883767269704208 -16.45726265715023 -1.8
      vertex -3.883767269704208 -14.542737342849769 -1.7999999523162842
      vertex -3.883767269704208 -16.45726265715023 -1.7999999523162842
    endloop
  endfacet
  facet normal 1 0 0
    outer loop
      vertex -3.883767269704208 -16.45726265715023 -1.8
      vertex -3.883767269704208 -14.542737342849769 -1.8
      vertex -3.883767269704208 -14.542737342849769 -1.7999999523162842
    endloop
  endfacet
  facet normal 0 0 1
    outer loop
      vertex -3.883767269704208 -16.45726265715023 -1.8
      vertex -3.3474091017491028 -16.9235782507653 -1.8
      vertex -3.57351660256832 -16.22769091786216 -1.8
    endloop
  endfacet
  facet normal 0 0 1
    outer loop
      vertex -3.883767269704208 -16.45726265715023 -1.8
      vertex -3.57351660256832 -16.22769091786216 -1.8
      vertex -3.65 -15.5 -1.8
    endloop
  endfacet
  facet normal 0 0 1
    outer loop
      vertex -3.883767269704208 -16.45726265715023 -1.8
      vertex -3.65 -15.5 -1.8
      vertex -3.57351660256832 -14.772309082137843 -1.8
    endloop
  endfacet
  facet normal 0 0 1
    outer loop
      vertex -3.883767269704208 -16.45726265715023 -1.8
      vertex -3.57351660256832 -14.772309082137843 -1.8
      vertex -3.883767269704208 -14.542737342849769 -1.8
    endloop
  endfacet
  facet normal 0 0 1
    outer loop
      vertex -3.883767269704208 -14.542737342849769 -1.8
      vertex -3.57351660256832 -14.772309082137843 -1.8
      vertex -3.3474091017491028 -14.076421749234699 -1.8
    endloop
  endfacet
  facet normal 0 0 1
    outer loop
      vertex -3.883767269704208 -14.542737342849769 -1.8
      vertex -3.3474091017491028 -14.076421749234699 -1.8
      vertex -2.981559480312316 -13.442751616976345 -1.8
    endloop
  endfacet
  facet normal 0.8854560256532097 -0.46472317204376873 0
    outer loop
      vertex -3.883767269704208 -14.542737342849769 -1.8
      vertex -2.994042992684404 -12.84750936703682 -1.7999999523162842
      vertex -3.883767269704208 -14.542737342849769 -1.7999999523162842
    endloop
  endfacet
  facet normal 0 0 1
    outer loop
      vertex -3.883767269704208 -14.542737342849769 -1.8
      vertex -2.981559480312316 -13.442751616976345 -1.8
      vertex -2.994042992684404 -12.84750936703682 -1.8
    endloop
  endfacet
  facet normal 0.8854560256532097 -0.46472317204376873 0
    outer loop
      vertex -3.883767269704208 -14.542737342849769 -1.8
      vertex -2.994042992684404 -12.84750936703682 -1.8
      vertex -2.994042992684404 -12.84750936703682 -1.7999999523162842
    endloop
  endfacet
  facet normal 0 0 1
    outer loop
      vertex -2.981559480312316 -13.442751616976345 -1.8
      vertex -2.4919571222560037 -12.898993110829121 -1.8
      vertex -2.994042992684404 -12.84750936703682 -1.8
    endloop
  endfacet
  facet normal 0 0 1
    outer loop
      vertex -2.994042992684404 -12.84750936703682 -1.8
      vertex -2.4919571222560037 -12.898993110829121 -1.8
      vertex -1.9 -12.468911086754465 -1.8
    endloop
  endfacet
  facet normal 0.5680647467311561 -0.8229838658936561 0
    outer loop
      vertex -2.994042992684404 -12.84750936703682 -1.8
      vertex -1.4184195481701427 -11.75993502925834 -1.7999999523162842
      vertex -2.994042992684404 -12.84750936703682 -1.7999999523162842
    endloop
  endfacet
  facet normal 0 0 1
    outer loop
      vertex -2.994042992684404 -12.84750936703682 -1.8
      vertex -1.9 -12.468911086754465 -1.8
      vertex -1.4184195481701427 -11.75993502925834 -1.8
    endloop
  endfacet
  facet normal 0.5680647467311561 -0.8229838658936561 0
    outer loop
      vertex -2.994042992684404 -12.84750936703682 -1.8
      vertex -1.4184195481701427 -11.75993502925834 -1.8
      vertex -1.4184195481701427 -11.75993502925834 -1.7999999523162842
    endloop
  endfacet
  facet normal 0 0 1
    outer loop
      vertex -1.9 -12.468911086754465 -1.8
      vertex -1.2315594803123158 -12.171302192966962 -1.8
      vertex -1.4184195481701427 -11.75993502925834 -1.8
    endloop
  endfacet
  facet normal 0 0 1
    outer loop
      vertex -1.4184195481701427 -11.75993502925834 -1.8
      vertex -1.2315594803123158 -12.171302192966962 -1.8
      vertex -0.5158496214367871 -12.019173366211044 -1.8
    endloop
  endfacet
  facet normal 0.12053668025532256 -0.9927088740980541 0
    outer loop
      vertex -1.4184195481701427 -11.75993502925834 -1.8
      vertex 0.48214672102129197 -11.529164503607785 -1.7999999523162842
      vertex -1.4184195481701427 -11.75993502925834 -1.7999999523162842
    endloop
  endfacet
  facet normal 0 0 1
    outer loop
      vertex -1.4184195481701427 -11.75993502925834 -1.8
      vertex -0.5158496214367871 -12.019173366211044 -1.8
      vertex 0.48214672102129197 -11.529164503607785 -1.8
    endloop
  endfacet
  facet normal 0 0 1
    outer loop
      vertex -0.5158496214367871 -12.019173366211044 -1.8
      vertex 0.21584962143678713 -12.019173366211044 -1.8
      vertex 0.48214672102129197 -11.529164503607785 -1.8
    endloop
  endfacet
  facet normal 0.12053668025532256 -0.9927088740980541 0
    outer loop
      vertex -1.4184195481701427 -11.75993502925834 -1.8
      vertex 0.48214672102129197 -11.529164503607785 -1.8
      vertex 0.48214672102129197 -11.529164503607785 -1.7999999523162842
    endloop
  endfacet
  facet normal 0 0 1
    outer loop
      vertex 0.9315594803123158 -12.171302192966962 -1.8
      vertex 0.48214672102129197 -11.529164503607785 -1.8
      vertex 0.21584962143678713 -12.019173366211044 -1.8
    endloop
  endfacet
  facet normal 0 0 1
    outer loop
      vertex 3.54182410261284 -17.358892688175075 -1.8
      vertex 3.27351660256832 -16.22769091786216 -1.8
      vertex 3.047409101749103 -16.9235782507653 -1.8
    endloop
  endfacet
  facet normal 0 0 1
    outer loop
      vertex 3.54182410261284 -17.358892688175075 -1.8
      vertex 3.35 -15.5 -1.8
      vertex 3.27351660256832 -16.22769091786216 -1.8
    endloop
  endfacet
  facet normal -0.9709418174260521 0.2393156642875574 0
    outer loop
      vertex 3.54182410261284 -17.358892688175075 -1.8
      vertex 3.54182410261284 -17.358892688175075 -1.7999999523162842
      vertex 4 -15.5 -1.8
    endloop
  endfacet
  facet normal -0.9709418174260521 0.2393156642875574 0
    outer loop
      vertex 3.54182410261284 -17.358892688175075 -1.7999999523162842
      vertex 4 -15.5 -1.7999999523162842
      vertex 4 -15.5 -1.8
    endloop
  endfacet
  facet normal 0 0 1
    outer loop
      vertex 3.54182410261284 -17.358892688175075 -1.8
      vertex 3.5418241026128396 -13.641107311824925 -1.8
      vertex 3.35 -15.5 -1.8
    endloop
  endfacet
  facet normal 0 0 1
    outer loop
      vertex 3.54182410261284 -17.358892688175075 -1.8
      vertex 4 -15.5 -1.8
      vertex 3.5418241026128396 -13.641107311824925 -1.8
    endloop
  endfacet
  facet normal -0.9709418174260521 -0.23931566428755763 0
    outer loop
      vertex 4 -15.5 -1.8
      vertex 4 -15.5 -1.7999999523162842
      vertex 3.5418241026128396 -13.641107311824925 -1.8
    endloop
  endfacet
  facet normal 0 0 1
    outer loop
      vertex 3.35 -15.5 -1.8
      vertex 3.5418241026128396 -13.641107311824925 -1.8
      vertex 3.27351660256832 -14.772309082137843 -1.8
    endloop
  endfacet
  facet normal 0 0 1
    outer loop
      vertex 3.27351660256832 -14.772309082137843 -1.8
      vertex 3.5418241026128396 -13.641107311824925 -1.8
      vertex 3.047409101749103 -14.076421749234699 -1.8
    endloop
  endfacet
  facet normal 0 0 1
    outer loop
      vertex 3.047409101749103 -14.076421749234699 -1.8
      vertex 3.5418241026128396 -13.641107311824925 -1.8
      vertex 2.681559480312316 -13.442751616976345 -1.8
    endloop
  endfacet
  facet normal 0 0 1
    outer loop
      vertex 2.681559480312316 -13.442751616976345 -1.8
      vertex 3.5418241026128396 -13.641107311824925 -1.8
      vertex 2.272258986924623 -12.208064536425374 -1.8
    endloop
  endfacet
  facet normal 0 0 1
    outer loop
      vertex 2.191957122256004 -12.898993110829121 -1.8
      vertex 2.681559480312316 -13.442751616976345 -1.8
      vertex 2.272258986924623 -12.208064536425374 -1.8
    endloop
  endfacet
  facet normal -0.748510748171101 -0.6631226582407954 0
    outer loop
      vertex 3.5418241026128396 -13.641107311824925 -1.7999999523162842
      vertex 2.272258986924623 -12.208064536425374 -1.7999999523162842
      vertex 2.272258986924623 -12.208064536425374 -1.8
    endloop
  endfacet
  facet normal -0.748510748171101 -0.6631226582407954 0
    outer loop
      vertex 3.5418241026128396 -13.641107311824925 -1.8
      vertex 3.5418241026128396 -13.641107311824925 -1.7999999523162842
      vertex 2.272258986924623 -12.208064536425374 -1.8
    endloop
  endfacet
  facet normal -0.9709418174260521 -0.23931566428755763 0
    outer loop
      vertex 4 -15.5 -1.7999999523162842
      vertex 3.5418241026128396 -13.641107311824925 -1.7999999523162842
      vertex 3.5418241026128396 -13.641107311824925 -1.8
    endloop
  endfacet
  facet normal 0 0 1
    outer loop
      vertex 0.9315594803123158 -12.171302192966962 -1.8
      vertex 1.6 -12.468911086754465 -1.8
      vertex 2.272258986924623 -12.208064536425374 -1.8
    endloop
  endfacet
  facet normal 0 0 1
    outer loop
      vertex 2.191957122256004 -12.898993110829121 -1.8
      vertex 2.272258986924623 -12.208064536425374 -1.8
      vertex 1.6 -12.468911086754465 -1.8
    endloop
  endfacet
  facet normal 0 0 1
    outer loop
      vertex 0.9315594803123158 -12.171302192966962 -1.8
      vertex 2.272258986924623 -12.208064536425374 -1.8
      vertex 0.48214672102129197 -11.529164503607785 -1.8
    endloop
  endfacet
  facet normal -0.35460488704253507 -0.935016242685415 0
    outer loop
      vertex 0.48214672102129197 -11.529164503607785 -1.8
      vertex 2.272258986924623 -12.208064536425374 -1.7999999523162842
      vertex 0.48214672102129197 -11.529164503607785 -1.7999999523162842
    endloop
  endfacet
  facet normal -0.35460488704253507 -0.935016242685415 0
    outer loop
      vertex 0.48214672102129197 -11.529164503607785 -1.8
      vertex 2.272258986924623 -12.208064536425374 -1.8
      vertex 2.272258986924623 -12.208064536425374 -1.7999999523162842
    endloop
  endfacet
  facet normal -0.5877852522924767 -0.8090169943749449 0
    outer loop
      vertex -1.3375 -17.556810333988043 -0.3999999999999999
      vertex -1.7391851901022881 -17.26496896050881 -1.4
      vertex -1.3375 -17.556810333988043 -1.4
    endloop
  endfacet
  facet normal -0.7431448254773927 -0.66913060635886 0
    outer loop
      vertex -1.7391851901022881 -17.26496896050881 -0.3999999999999999
      vertex -2.0714153616405 -16.895989974194624 -1.4
      vertex -1.7391851901022881 -17.26496896050881 -1.4
    endloop
  endfacet
  facet normal -0.4067366430757985 -0.9135454576426018 0
    outer loop
      vertex -0.8839153616405001 -17.75875922620099 -0.3999999999999999
      vertex -1.3375 -17.556810333988043 -1.4
      vertex -0.8839153616405001 -17.75875922620099 -1.4
    endloop
  endfacet
  facet normal -0.20791169081776092 -0.9781476007338054 0
    outer loop
      vertex -0.398255100260677 -17.86198950149965 -0.3999999999999999
      vertex -0.8839153616405001 -17.75875922620099 -1.4
      vertex -0.398255100260677 -17.86198950149965 -1.4
    endloop
  endfacet
  facet normal 0 -1 0
    outer loop
      vertex 0.09825510026067699 -17.86198950149965 -0.3999999999999999
      vertex -0.398255100260677 -17.86198950149965 -1.4
      vertex 0.09825510026067699 -17.86198950149965 -1.4
    endloop
  endfacet
  facet normal 0.20791169081776092 -0.9781476007338054 0
    outer loop
      vertex 0.5839153616405001 -17.75875922620099 -0.3999999999999999
      vertex 0.09825510026067699 -17.86198950149965 -1.4
      vertex 0.5839153616405001 -17.75875922620099 -1.4
    endloop
  endfacet
  facet normal 0.40673664307579827 -0.9135454576426018 0
    outer loop
      vertex 1.0375 -17.556810333988043 -0.3999999999999999
      vertex 0.5839153616405001 -17.75875922620099 -1.4
      vertex 1.0375 -17.556810333988043 -1.4
    endloop
  endfacet
  facet normal -0.5877852522924767 -0.8090169943749449 0
    outer loop
      vertex -1.7391851901022881 -17.26496896050881 -0.3999999999999999
      vertex -1.7391851901022881 -17.26496896050881 -1.4
      vertex -1.3375 -17.556810333988043 -0.3999999999999999
    endloop
  endfacet
  facet normal -0.7431448254773927 -0.66913060635886 0
    outer loop
      vertex -2.0714153616405 -16.895989974194624 -0.3999999999999999
      vertex -2.0714153616405 -16.895989974194624 -1.4
      vertex -1.7391851901022881 -17.26496896050881 -0.3999999999999999
    endloop
  endfacet
  facet normal -0.6962973204183466 -0.6269489233384312 0.3494353861631825
    outer loop
      vertex -2.0714153616405 -16.895989974194624 -0.3999999999999999
      vertex -1.7391851901022881 -17.26496896050881 -0.3999999999999999
      vertex -1.4882612127177164 -16.986289650954788 0.6000000000000001
    endloop
  endfacet
  facet normal -0.5507315426569217 -0.758016938346179 0.3494353861631824
    outer loop
      vertex -1.7391851901022881 -17.26496896050881 -0.3999999999999999
      vertex -1.3375 -17.556810333988043 -0.3999999999999999
      vertex -1.4882612127177164 -16.986289650954788 0.6000000000000001
    endloop
  endfacet
  facet normal -0.4067366430757985 -0.9135454576426018 0
    outer loop
      vertex -1.3375 -17.556810333988043 -0.3999999999999999
      vertex -1.3375 -17.556810333988043 -1.4
      vertex -0.8839153616405001 -17.75875922620099 -0.3999999999999999
    endloop
  endfacet
  facet normal 0 -1 0
    outer loop
      vertex -0.398255100260677 -17.86198950149965 -0.3999999999999999
      vertex -0.398255100260677 -17.86198950149965 -1.4
      vertex 0.09825510026067699 -17.86198950149965 -0.3999999999999999
    endloop
  endfacet
  facet normal -0.20791169081776092 -0.9781476007338054 0
    outer loop
      vertex -0.8839153616405001 -17.75875922620099 -0.3999999999999999
      vertex -0.8839153616405001 -17.75875922620099 -1.4
      vertex -0.398255100260677 -17.86198950149965 -0.3999999999999999
    endloop
  endfacet
  facet normal 0.20791169081776092 -0.9781476007338054 0
    outer loop
      vertex 0.09825510026067699 -17.86198950149965 -0.3999999999999999
      vertex 0.09825510026067699 -17.86198950149965 -1.4
      vertex 0.5839153616405001 -17.75875922620099 -0.3999999999999999
    endloop
  endfacet
  facet normal 0.40673664307579827 -0.9135454576426018 0
    outer loop
      vertex 0.5839153616405001 -17.75875922620099 -0.3999999999999999
      vertex 0.5839153616405001 -17.75875922620099 -1.4
      vertex 1.0375 -17.556810333988043 -0.3999999999999999
    endloop
  endfacet
  facet normal -0.19480503427720988 -0.9164856297385368 0.3494353861631831
    outer loop
      vertex -0.8839153616405001 -17.75875922620099 -0.3999999999999999
      vertex -0.398255100260677 -17.86198950149965 -0.3999999999999999
      vertex -0.7680339887498948 -17.402113032590307 0.6000000000000001
    endloop
  endfacet
  facet normal 0 -0.9369604638921463 0.349435386163185
    outer loop
      vertex -0.398255100260677 -17.86198950149965 -0.3999999999999999
      vertex 0.09825510026067699 -17.86198950149965 -0.3999999999999999
      vertex -0.35905692653530696 -17.489043790736545 0.6000000000000001
    endloop
  endfacet
  facet normal -0.3810961537782347 -0.8559559757793758 0.3494353861631829
    outer loop
      vertex -1.3375 -17.556810333988043 -0.3999999999999999
      vertex -0.8839153616405001 -17.75875922620099 -0.3999999999999999
      vertex -1.15 -17.23205080756888 0.6000000000000001
    endloop
  endfacet
  facet normal 0.19480503427720988 -0.9164856297385368 0.34943538616318304
    outer loop
      vertex 0.09825510026067699 -17.86198950149965 -0.3999999999999999
      vertex 0.5839153616405001 -17.75875922620099 -0.3999999999999999
      vertex 0.46803398874989477 -17.402113032590307 0.6000000000000001
    endloop
  endfacet
  facet normal 0.3810961537782345 -0.8559559757793758 0.3494353861631829
    outer loop
      vertex 0.5839153616405001 -17.75875922620099 -0.3999999999999999
      vertex 1.0375 -17.556810333988043 -0.3999999999999999
      vertex 0.85 -17.23205080756888 0.6000000000000001
    endloop
  endfacet
  facet normal -0.19480503427720494 -0.9164856297385371 0.34943538616318504
    outer loop
      vertex -0.398255100260677 -17.86198950149965 -0.3999999999999999
      vertex -0.35905692653530696 -17.489043790736545 0.6000000000000001
      vertex -0.7680339887498948 -17.402113032590307 0.6000000000000001
    endloop
  endfacet
  facet normal -0.3810961537782344 -0.855955975779376 0.3494353861631831
    outer loop
      vertex -0.8839153616405001 -17.75875922620099 -0.3999999999999999
      vertex -0.7680339887498948 -17.402113032590307 0.6000000000000001
      vertex -1.15 -17.23205080756888 0.6000000000000001
    endloop
  endfacet
  facet normal -0.5507315426569207 -0.7580169383461796 0.34943538616318287
    outer loop
      vertex -1.4882612127177164 -16.986289650954788 0.6000000000000001
      vertex -1.3375 -17.556810333988043 -0.3999999999999999
      vertex -1.15 -17.23205080756888 0.6000000000000001
    endloop
  endfacet
  facet normal 0 -0.9369604638921462 0.3494353861631849
    outer loop
      vertex -0.35905692653530696 -17.489043790736545 0.6000000000000001
      vertex 0.09825510026067699 -17.86198950149965 -0.3999999999999999
      vertex 0.05905692653530695 -17.489043790736545 0.6000000000000001
    endloop
  endfacet
  facet normal 0.19480503427720494 -0.9164856297385371 0.34943538616318504
    outer loop
      vertex 0.09825510026067699 -17.86198950149965 -0.3999999999999999
      vertex 0.46803398874989477 -17.402113032590307 0.6000000000000001
      vertex 0.05905692653530695 -17.489043790736545 0.6000000000000001
    endloop
  endfacet
  facet normal 0.3810961537782343 -0.855955975779376 0.34943538616318315
    outer loop
      vertex 0.5839153616405001 -17.75875922620099 -0.3999999999999999
      vertex 0.85 -17.23205080756888 0.6000000000000001
      vertex 0.46803398874989477 -17.402113032590307 0.6000000000000001
    endloop
  endfacet
  facet normal 0.5507315426569206 -0.7580169383461796 0.3494353861631829
    outer loop
      vertex 0.85 -17.23205080756888 0.6000000000000001
      vertex 1.0375 -17.556810333988043 -0.3999999999999999
      vertex 1.1882612127177166 -16.986289650954788 0.6000000000000001
    endloop
  endfacet
  facet normal 0 0 1
    outer loop
      vertex -0.7680339887498948 -17.402113032590307 0.6000000000000001
      vertex -0.6156362339914948 -17.191446307661543 0.6000000000000001
      vertex -1.15 -17.23205080756888 0.6000000000000001
    endloop
  endfacet
  facet normal 0 0 1
    outer loop
      vertex -1.4882612127177164 -16.986289650954788 0.6000000000000001
      vertex -1.15 -17.23205080756888 0.6000000000000001
      vertex -0.8999999807809899 -17.05884552277298 0.6000000000000001
    endloop
  endfacet
  facet normal 0 0 1
    outer loop
      vertex -1.15 -17.23205080756888 0.6000000000000001
      vertex -0.6156362339914948 -17.191446307661543 0.6000000000000001
      vertex -0.8999999738548013 -17.058845526521235 0.6000000000000001
    endloop
  endfacet
  facet normal 0 0 1
    outer loop
      vertex -1.15 -17.23205080756888 0.6000000000000001
      vertex -0.8999999738548013 -17.058845526521235 0.6000000000000001
      vertex -0.8999999807809899 -17.05884552277298 0.6000000000000001
    endloop
  endfacet
  facet normal 0 0 1
    outer loop
      vertex -0.7680339887498948 -17.402113032590307 0.6000000000000001
      vertex -0.3125667316533145 -17.272653583673172 0.6000000000000001
      vertex -0.6156362265428243 -17.19144631021868 0.6000000000000001
    endloop
  endfacet
  facet normal 0 0 1
    outer loop
      vertex -0.7680339887498948 -17.402113032590307 0.6000000000000001
      vertex -0.35905692653530696 -17.489043790736545 0.6000000000000001
      vertex -3.937689974488604e-9 -17.299999241666093 0.6000000000000001
    endloop
  endfacet
  facet normal 0 0 1
    outer loop
      vertex -0.7680339887498948 -17.402113032590307 0.6000000000000001
      vertex -0.3125667238853447 -17.27265358496943 0.6000000000000001
      vertex -0.3125667316533145 -17.272653583673172 0.6000000000000001
    endloop
  endfacet
  facet normal 0 0 1
    outer loop
      vertex -0.7680339887498948 -17.402113032590307 0.6000000000000001
      vertex -3.937689974488604e-9 -17.299999241666093 0.6000000000000001
      vertex -0.3125667238853447 -17.27265358496943 0.6000000000000001
    endloop
  endfacet
  facet normal 0 0 1
    outer loop
      vertex -0.7680339887498948 -17.402113032590307 0.6000000000000001
      vertex -0.6156362265428243 -17.19144631021868 0.6000000000000001
      vertex -0.6156362339914948 -17.191446307661543 0.6000000000000001
    endloop
  endfacet
  facet normal 0 0 1
    outer loop
      vertex -0.35905692653530696 -17.489043790736545 0.6000000000000001
      vertex 0.05905692653530695 -17.489043790736545 0.6000000000000001
      vertex 0.3125667238853447 -17.27265358496943 0.6000000000000001
    endloop
  endfacet
  facet normal 0 0 1
    outer loop
      vertex -0.35905692653530696 -17.489043790736545 0.6000000000000001
      vertex 3.93768975405219e-9 -17.299999241666093 0.6000000000000001
      vertex -3.937689974488604e-9 -17.299999241666093 0.6000000000000001
    endloop
  endfacet
  facet normal 0 0 1
    outer loop
      vertex -0.35905692653530696 -17.489043790736545 0.6000000000000001
      vertex 0.3125667238853447 -17.27265358496943 0.6000000000000001
      vertex 3.93768975405219e-9 -17.299999241666093 0.6000000000000001
    endloop
  endfacet
  facet normal 0 0 1
    outer loop
      vertex 0.05905692653530695 -17.489043790736545 0.6000000000000001
      vertex 0.3125667316533145 -17.272653583673172 0.6000000000000001
      vertex 0.3125667238853447 -17.27265358496943 0.6000000000000001
    endloop
  endfacet
  facet normal 0 0 1
    outer loop
      vertex 0.05905692653530695 -17.489043790736545 0.6000000000000001
      vertex 0.6156362265428243 -17.19144631021868 0.6000000000000001
      vertex 0.3125667316533145 -17.272653583673172 0.6000000000000001
    endloop
  endfacet
  facet normal 0 0 1
    outer loop
      vertex 0.05905692653530695 -17.489043790736545 0.6000000000000001
      vertex 0.6156362339914948 -17.191446307661543 0.6000000000000001
      vertex 0.6156362265428243 -17.19144631021868 0.6000000000000001
    endloop
  endfacet
  facet normal 0 0 1
    outer loop
      vertex 0.05905692653530695 -17.489043790736545 0.6000000000000001
      vertex 0.46803398874989477 -17.402113032590307 0.6000000000000001
      vertex 1.1882612127177166 -16.986289650954788 0.6000000000000001
    endloop
  endfacet
  facet normal 0 0 1
    outer loop
      vertex 0.05905692653530695 -17.489043790736545 0.6000000000000001
      vertex 0.8999999738548013 -17.058845526521235 0.6000000000000001
      vertex 0.6156362339914948 -17.191446307661543 0.6000000000000001
    endloop
  endfacet
  facet normal 0 0 1
    outer loop
      vertex 0.05905692653530695 -17.489043790736545 0.6000000000000001
      vertex 1.1882612127177166 -16.986289650954788 0.6000000000000001
      vertex 0.8999999738548013 -17.058845526521235 0.6000000000000001
    endloop
  endfacet
  facet normal 0 0 1
    outer loop
      vertex 0.46803398874989477 -17.402113032590307 0.6000000000000001
      vertex 0.85 -17.23205080756888 0.6000000000000001
      vertex 1.1882612127177166 -16.986289650954788 0.6000000000000001
    endloop
  endfacet
  facet normal 0 0 1
    outer loop
      vertex 1.1882612127177166 -16.986289650954788 0.6000000000000001
      vertex 0.8999999807809899 -17.05884552277298 0.6000000000000001
      vertex 0.8999999738548013 -17.058845526521235 0.6000000000000001
    endloop
  endfacet
  facet normal 0.5877852522924767 -0.8090169943749449 0
    outer loop
      vertex 1.4391851901022883 -17.26496896050881 -0.3999999999999999
      vertex 1.0375 -17.556810333988043 -1.4
      vertex 1.4391851901022883 -17.26496896050881 -1.4
    endloop
  endfacet
  facet normal 0.7431448254773927 -0.66913060635886 0
    outer loop
      vertex 1.7714153616405004 -16.895989974194624 -0.3999999999999999
      vertex 1.4391851901022883 -17.26496896050881 -1.4
      vertex 1.7714153616405004 -16.895989974194624 -1.4
    endloop
  endfacet
  facet normal 0.5877852522924767 -0.8090169943749449 0
    outer loop
      vertex 1.0375 -17.556810333988043 -0.3999999999999999
      vertex 1.0375 -17.556810333988043 -1.4
      vertex 1.4391851901022883 -17.26496896050881 -0.3999999999999999
    endloop
  endfacet
  facet normal 0.7431448254773927 -0.66913060635886 0
    outer loop
      vertex 1.4391851901022883 -17.26496896050881 -0.3999999999999999
      vertex 1.4391851901022883 -17.26496896050881 -1.4
      vertex 1.7714153616405004 -16.895989974194624 -0.3999999999999999
    endloop
  endfacet
  facet normal 0.5507315426569217 -0.758016938346179 0.3494353861631824
    outer loop
      vertex 1.0375 -17.556810333988043 -0.3999999999999999
      vertex 1.4391851901022883 -17.26496896050881 -0.3999999999999999
      vertex 1.1882612127177166 -16.986289650954788 0.6000000000000001
    endloop
  endfacet
  facet normal 0.6962973204183466 -0.6269489233384312 0.3494353861631825
    outer loop
      vertex 1.4391851901022883 -17.26496896050881 -0.3999999999999999
      vertex 1.7714153616405004 -16.895989974194624 -0.3999999999999999
      vertex 1.1882612127177166 -16.986289650954788 0.6000000000000001
    endloop
  endfacet
  facet normal -0.8660254037844387 -0.5 0
    outer loop
      vertex -2.0714153616405 -16.895989974194624 -0.3999999999999999
      vertex -2.3196704619011768 -16.465999527305026 -1.4
      vertex -2.0714153616405 -16.895989974194624 -1.4
    endloop
  endfacet
  facet normal -0.9510565162951535 -0.3090169943749475 0
    outer loop
      vertex -2.3196704619011768 -16.465999527305026 -0.3999999999999999
      vertex -2.4731005517427884 -15.993790265692178 -1.4
      vertex -2.3196704619011768 -16.465999527305026 -1.4
    endloop
  endfacet
  facet normal -0.9945218953682734 -0.10452846326765328 0
    outer loop
      vertex -2.4731005517427884 -15.993790265692178 -0.3999999999999999
      vertex -2.525 -15.5 -1.4
      vertex -2.4731005517427884 -15.993790265692178 -1.4
    endloop
  endfacet
  facet normal -0.9945218953682734 0.10452846326765328 0
    outer loop
      vertex -2.525 -15.5 -0.3999999999999999
      vertex -2.4731005517427884 -15.006209734307822 -1.4
      vertex -2.525 -15.5 -1.4
    endloop
  endfacet
  facet normal -0.9510565162951535 0.3090169943749475 0
    outer loop
      vertex -2.4731005517427884 -15.006209734307822 -0.3999999999999999
      vertex -2.3196704619011768 -14.534000472694974 -1.4
      vertex -2.4731005517427884 -15.006209734307822 -1.4
    endloop
  endfacet
  facet normal -0.8660254037844387 0.5 0
    outer loop
      vertex -2.3196704619011768 -14.534000472694974 -0.3999999999999999
      vertex -2.0714153616405 -14.104010025805376 -1.4
      vertex -2.3196704619011768 -14.534000472694974 -1.4
    endloop
  endfacet
  facet normal -0.7431448254773942 0.6691306063588581 0
    outer loop
      vertex -2.0714153616405 -14.104010025805376 -0.3999999999999999
      vertex -1.7391851901022881 -13.735031039491188 -1.4
      vertex -2.0714153616405 -14.104010025805376 -1.4
    endloop
  endfacet
  facet normal -0.5877852522924719 0.8090169943749482 0
    outer loop
      vertex -1.7391851901022881 -13.735031039491188 -0.3999999999999999
      vertex -1.3375 -13.443189666011959 -1.4
      vertex -1.7391851901022881 -13.735031039491188 -1.4
    endloop
  endfacet
  facet normal -0.40673664307580143 0.9135454576426004 0
    outer loop
      vertex -1.3375 -13.443189666011959 -0.3999999999999999
      vertex -0.8839153616405001 -13.24124077379901 -1.4
      vertex -1.3375 -13.443189666011959 -1.4
    endloop
  endfacet
  facet normal -0.20791169081776092 0.9781476007338054 0
    outer loop
      vertex -0.8839153616405001 -13.24124077379901 -0.3999999999999999
      vertex -0.398255100260677 -13.13801049850035 -1.4
      vertex -0.8839153616405001 -13.24124077379901 -1.4
    endloop
  endfacet
  facet normal 0 1 0
    outer loop
      vertex -0.398255100260677 -13.13801049850035 -0.3999999999999999
      vertex 0.09825510026067699 -13.13801049850035 -1.4
      vertex -0.398255100260677 -13.13801049850035 -1.4
    endloop
  endfacet
  facet normal 0.40673664307580126 0.9135454576426004 0
    outer loop
      vertex 0.5839153616405001 -13.24124077379901 -0.3999999999999999
      vertex 1.0375 -13.443189666011959 -1.4
      vertex 0.5839153616405001 -13.24124077379901 -1.4
    endloop
  endfacet
  facet normal 0.20791169081776092 0.9781476007338054 0
    outer loop
      vertex 0.09825510026067699 -13.13801049850035 -0.3999999999999999
      vertex 0.5839153616405001 -13.24124077379901 -1.4
      vertex 0.09825510026067699 -13.13801049850035 -1.4
    endloop
  endfacet
  facet normal -0.8660254037844387 -0.5 0
    outer loop
      vertex -2.0714153616405 -16.895989974194624 -0.3999999999999999
      vertex -2.3196704619011768 -16.465999527305026 -0.3999999999999999
      vertex -2.3196704619011768 -16.465999527305026 -1.4
    endloop
  endfacet
  facet normal -0.9510565162951535 -0.3090169943749475 0
    outer loop
      vertex -2.3196704619011768 -16.465999527305026 -0.3999999999999999
      vertex -2.4731005517427884 -15.993790265692178 -0.3999999999999999
      vertex -2.4731005517427884 -15.993790265692178 -1.4
    endloop
  endfacet
  facet normal -0.8114315640722517 -0.4684802319460736 0.3494353861631825
    outer loop
      vertex -2.0714153616405 -16.895989974194624 -0.3999999999999999
      vertex -1.9770909152852016 -16.313473286151602 0.6000000000000001
      vertex -2.3196704619011768 -16.465999527305026 -0.3999999999999999
    endloop
  endfacet
  facet normal -0.8911023546955564 -0.2895367064001078 0.3494353861631826
    outer loop
      vertex -2.3196704619011768 -16.465999527305026 -0.3999999999999999
      vertex -1.9770909152852016 -16.313473286151602 0.6000000000000001
      vertex -2.4731005517427884 -15.993790265692178 -0.3999999999999999
    endloop
  endfacet
  facet normal -0.9945218953682734 -0.10452846326765328 0
    outer loop
      vertex -2.4731005517427884 -15.993790265692178 -0.3999999999999999
      vertex -2.525 -15.5 -0.3999999999999999
      vertex -2.525 -15.5 -1.4
    endloop
  endfacet
  facet normal -0.9945218953682734 0.10452846326765328 0
    outer loop
      vertex -2.525 -15.5 -0.3999999999999999
      vertex -2.4731005517427884 -15.006209734307822 -0.3999999999999999
      vertex -2.4731005517427884 -15.006209734307822 -1.4
    endloop
  endfacet
  facet normal -0.9318276964351547 -0.09793903743319367 0.349435386163183
    outer loop
      vertex -2.4731005517427884 -15.993790265692178 -0.3999999999999999
      vertex -2.1062952014676113 -15.91582338163552 0.6000000000000001
      vertex -2.525 -15.5 -0.3999999999999999
    endloop
  endfacet
  facet normal -0.9318276964351547 0.09793903743319367 0.349435386163183
    outer loop
      vertex -2.525 -15.5 -0.3999999999999999
      vertex -2.1062952014676113 -15.08417661836448 0.6000000000000001
      vertex -2.4731005517427884 -15.006209734307822 -0.3999999999999999
    endloop
  endfacet
  facet normal -0.8911023546955562 0.28953670640010776 0.34943538616318276
    outer loop
      vertex -2.4731005517427884 -15.006209734307822 -0.3999999999999999
      vertex -2.1062952014676113 -15.08417661836448 0.6000000000000001
      vertex -2.3196704619011768 -14.534000472694974 -0.3999999999999999
    endloop
  endfacet
  facet normal -0.696297320418347 -0.6269489233384304 0.34943538616318276
    outer loop
      vertex -2.0714153616405 -16.895989974194624 -0.3999999999999999
      vertex -1.4882612127177164 -16.986289650954788 0.6000000000000001
      vertex -1.7680339887498948 -16.675570504584947 0.6000000000000001
    endloop
  endfacet
  facet normal -0.8114315640722509 -0.46848023194607447 0.3494353861631829
    outer loop
      vertex -2.0714153616405 -16.895989974194624 -0.3999999999999999
      vertex -1.7680339887498948 -16.675570504584947 0.6000000000000001
      vertex -1.9770909152852016 -16.313473286151602 0.6000000000000001
    endloop
  endfacet
  facet normal -0.8911023546955564 -0.2895367064001073 0.3494353861631828
    outer loop
      vertex -2.4731005517427884 -15.993790265692178 -0.3999999999999999
      vertex -1.9770909152852016 -16.313473286151602 0.6000000000000001
      vertex -2.1062952014676113 -15.91582338163552 0.6000000000000001
    endloop
  endfacet
  facet normal 0 0 1
    outer loop
      vertex -1.4882612127177164 -16.986289650954788 0.6000000000000001
      vertex -1.1570177125345564 -16.878879549326122 0.6000000000000001
      vertex -1.7680339887498948 -16.675570504584947 0.6000000000000001
    endloop
  endfacet
  facet normal 0 0 1
    outer loop
      vertex -1.7680339887498948 -16.675570504584947 0.6000000000000001
      vertex -1.1570177125345564 -16.878879549326122 0.6000000000000001
      vertex -1.3788800233765386 -16.657016761646993 0.6000000000000001
    endloop
  endfacet
  facet normal 0 0 1
    outer loop
      vertex -1.9770909152852016 -16.313473286151602 0.6000000000000001
      vertex -1.7680339887498948 -16.675570504584947 0.6000000000000001
      vertex -1.3788800287103895 -16.65701675585292 0.6000000000000001
    endloop
  endfacet
  facet normal 0 0 1
    outer loop
      vertex -1.7680339887498948 -16.675570504584947 0.6000000000000001
      vertex -1.3788800233765386 -16.657016761646993 0.6000000000000001
      vertex -1.3788800287103895 -16.65701675585292 0.6000000000000001
    endloop
  endfacet
  facet normal 0 0 1
    outer loop
      vertex -1.9770909152852016 -16.313473286151602 0.6000000000000001
      vertex -1.3788800287103895 -16.65701675585292 0.6000000000000001
      vertex -1.5588457589014837 -16.399999626360568 0.6000000000000001
    endloop
  endfacet
  facet normal 0 0 1
    outer loop
      vertex -1.9770909152852016 -16.313473286151602 0.6000000000000001
      vertex -1.5588457632089072 -16.39999961976755 0.6000000000000001
      vertex -1.6914466635585028 -16.115636833578538 0.6000000000000001
    endloop
  endfacet
  facet normal 0 0 1
    outer loop
      vertex -1.9770909152852016 -16.313473286151602 0.6000000000000001
      vertex -1.5588457589014837 -16.399999626360568 0.6000000000000001
      vertex -1.5588457632089072 -16.39999961976755 0.6000000000000001
    endloop
  endfacet
  facet normal 0 0 1
    outer loop
      vertex -1.9770909152852016 -16.313473286151602 0.6000000000000001
      vertex -1.6914466667220067 -16.115636826366472 0.6000000000000001
      vertex -2.1062952014676113 -15.91582338163552 0.6000000000000001
    endloop
  endfacet
  facet normal 0 0 1
    outer loop
      vertex -1.9770909152852016 -16.313473286151602 0.6000000000000001
      vertex -1.6914466635585028 -16.115636833578538 0.6000000000000001
      vertex -1.6914466667220067 -16.115636826366472 0.6000000000000001
    endloop
  endfacet
  facet normal 0 0 1
    outer loop
      vertex -2.1062952014676113 -15.91582338163552 0.6000000000000001
      vertex -1.6914466667220067 -16.115636826366472 0.6000000000000001
      vertex -1.7726539401764994 -15.81256676523285 0.6000000000000001
    endloop
  endfacet
  facet normal -0.9318276964351546 -0.09793903743319347 0.349435386163183
    outer loop
      vertex -2.1062952014676113 -15.91582338163552 0.6000000000000001
      vertex -2.15 -15.5 0.6000000000000001
      vertex -2.525 -15.5 -0.3999999999999999
    endloop
  endfacet
  facet normal -0.9318276964351546 0.09793903743319347 0.349435386163183
    outer loop
      vertex -2.525 -15.5 -0.3999999999999999
      vertex -2.15 -15.5 0.6000000000000001
      vertex -2.1062952014676113 -15.08417661836448 0.6000000000000001
    endloop
  endfacet
  facet normal 0 0 1
    outer loop
      vertex -2.1062952014676113 -15.91582338163552 0.6000000000000001
      vertex -1.7726539421097924 -15.81256675759846 0.6000000000000001
      vertex -2.15 -15.5 0.6000000000000001
    endloop
  endfacet
  facet normal 0 0 1
    outer loop
      vertex -2.1062952014676113 -15.91582338163552 0.6000000000000001
      vertex -1.7726539401764994 -15.81256676523285 0.6000000000000001
      vertex -1.7726539421097924 -15.81256675759846 0.6000000000000001
    endloop
  endfacet
  facet normal 0 0 1
    outer loop
      vertex -2.15 -15.5 0.6000000000000001
      vertex -1.7726539421097924 -15.81256675759846 0.6000000000000001
      vertex -1.799999956434314 -15.500000007848485 0.6000000000000001
    endloop
  endfacet
  facet normal 0 0 1
    outer loop
      vertex -2.15 -15.5 0.6000000000000001
      vertex -1.799999956434314 -15.500000007848485 0.6000000000000001
      vertex -1.7999999570846568 -15.5 0.6000000000000001
    endloop
  endfacet
  facet normal 0 0 1
    outer loop
      vertex -2.15 -15.5 0.6000000000000001
      vertex -1.7999999570846568 -15.5 0.6000000000000001
      vertex -1.799999956434314 -15.499999992151515 0.6000000000000001
    endloop
  endfacet
  facet normal 0 0 1
    outer loop
      vertex -2.15 -15.5 0.6000000000000001
      vertex -1.799999956434314 -15.499999992151515 0.6000000000000001
      vertex -2.1062952014676113 -15.08417661836448 0.6000000000000001
    endloop
  endfacet
  facet normal 0 0 1
    outer loop
      vertex -2.1062952014676113 -15.08417661836448 0.6000000000000001
      vertex -1.799999956434314 -15.499999992151515 0.6000000000000001
      vertex -1.7726539421097924 -15.18743324240154 0.6000000000000001
    endloop
  endfacet
  facet normal 0 0 1
    outer loop
      vertex -2.1062952014676113 -15.08417661836448 0.6000000000000001
      vertex -1.7726539421097924 -15.18743324240154 0.6000000000000001
      vertex -1.7726539401764994 -15.18743323476715 0.6000000000000001
    endloop
  endfacet
  facet normal 0 0 1
    outer loop
      vertex -2.1062952014676113 -15.08417661836448 0.6000000000000001
      vertex -1.7726539401764994 -15.18743323476715 0.6000000000000001
      vertex -1.9770909152852016 -14.6865267138484 0.6000000000000001
    endloop
  endfacet
  facet normal 0 0 1
    outer loop
      vertex -1.9770909152852016 -14.6865267138484 0.6000000000000001
      vertex -1.7726539401764994 -15.18743323476715 0.6000000000000001
      vertex -1.6914466667220067 -14.884364127307823 0.6000000000000001
    endloop
  endfacet
  facet normal 0 0 1
    outer loop
      vertex -1.4882612127177164 -16.986289650954788 0.6000000000000001
      vertex -1.1570177063197746 -16.878879554163312 0.6000000000000001
      vertex -1.1570177125345564 -16.878879549326122 0.6000000000000001
    endloop
  endfacet
  facet normal 0 0 1
    outer loop
      vertex -1.4882612127177164 -16.986289650954788 0.6000000000000001
      vertex -0.8999999807809899 -17.05884552277298 0.6000000000000001
      vertex -1.1570177063197746 -16.878879554163312 0.6000000000000001
    endloop
  endfacet
  facet normal -0.9510565162951535 0.3090169943749475 0
    outer loop
      vertex -2.4731005517427884 -15.006209734307822 -0.3999999999999999
      vertex -2.3196704619011768 -14.534000472694974 -0.3999999999999999
      vertex -2.3196704619011768 -14.534000472694974 -1.4
    endloop
  endfacet
  facet normal -0.8660254037844387 0.5 0
    outer loop
      vertex -2.3196704619011768 -14.534000472694974 -0.3999999999999999
      vertex -2.0714153616405 -14.104010025805376 -0.3999999999999999
      vertex -2.0714153616405 -14.104010025805376 -1.4
    endloop
  endfacet
  facet normal -0.7431448254773942 0.6691306063588581 0
    outer loop
      vertex -2.0714153616405 -14.104010025805376 -0.3999999999999999
      vertex -1.7391851901022881 -13.735031039491188 -0.3999999999999999
      vertex -1.7391851901022881 -13.735031039491188 -1.4
    endloop
  endfacet
  facet normal -0.8114315640722516 0.46848023194607347 0.3494353861631829
    outer loop
      vertex -2.3196704619011768 -14.534000472694974 -0.3999999999999999
      vertex -1.7680339887498948 -14.324429495415053 0.6000000000000001
      vertex -2.0714153616405 -14.104010025805376 -0.3999999999999999
    endloop
  endfacet
  facet normal -0.6962973204183479 0.6269489233384293 0.3494353861631829
    outer loop
      vertex -1.7680339887498948 -14.324429495415053 0.6000000000000001
      vertex -1.7391851901022881 -13.735031039491188 -0.3999999999999999
      vertex -2.0714153616405 -14.104010025805376 -0.3999999999999999
    endloop
  endfacet
  facet normal -0.5877852522924719 0.8090169943749482 0
    outer loop
      vertex -1.7391851901022881 -13.735031039491188 -0.3999999999999999
      vertex -1.3375 -13.443189666011959 -0.3999999999999999
      vertex -1.3375 -13.443189666011959 -1.4
    endloop
  endfacet
  facet normal -0.550731542656917 0.7580169383461818 0.34943538616318304
    outer loop
      vertex -1.7391851901022881 -13.735031039491188 -0.3999999999999999
      vertex -1.15 -13.767949192431123 0.6000000000000001
      vertex -1.3375 -13.443189666011959 -0.3999999999999999
    endloop
  endfacet
  facet normal -0.40673664307580143 0.9135454576426004 0
    outer loop
      vertex -1.3375 -13.443189666011959 -0.3999999999999999
      vertex -0.8839153616405001 -13.24124077379901 -0.3999999999999999
      vertex -0.8839153616405001 -13.24124077379901 -1.4
    endloop
  endfacet
  facet normal -0.20791169081776092 0.9781476007338054 0
    outer loop
      vertex -0.8839153616405001 -13.24124077379901 -0.3999999999999999
      vertex -0.398255100260677 -13.13801049850035 -0.3999999999999999
      vertex -0.398255100260677 -13.13801049850035 -1.4
    endloop
  endfacet
  facet normal 0.20791169081776092 0.9781476007338054 0
    outer loop
      vertex 0.09825510026067699 -13.13801049850035 -0.3999999999999999
      vertex 0.5839153616405001 -13.24124077379901 -0.3999999999999999
      vertex 0.5839153616405001 -13.24124077379901 -1.4
    endloop
  endfacet
  facet normal 0.40673664307580126 0.9135454576426004 0
    outer loop
      vertex 0.5839153616405001 -13.24124077379901 -0.3999999999999999
      vertex 1.0375 -13.443189666011959 -0.3999999999999999
      vertex 1.0375 -13.443189666011959 -1.4
    endloop
  endfacet
  facet normal 0 1 0
    outer loop
      vertex -0.398255100260677 -13.13801049850035 -0.3999999999999999
      vertex 0.09825510026067699 -13.13801049850035 -0.3999999999999999
      vertex 0.09825510026067699 -13.13801049850035 -1.4
    endloop
  endfacet
  facet normal -0.3810961537782375 0.8559559757793744 0.349435386163183
    outer loop
      vertex -1.3375 -13.443189666011959 -0.3999999999999999
      vertex -0.7680339887498948 -13.597886967409693 0.6000000000000001
      vertex -0.8839153616405001 -13.24124077379901 -0.3999999999999999
    endloop
  endfacet
  facet normal -0.19480503427720988 0.9164856297385368 0.3494353861631831
    outer loop
      vertex -0.8839153616405001 -13.24124077379901 -0.3999999999999999
      vertex -0.7680339887498948 -13.597886967409693 0.6000000000000001
      vertex -0.398255100260677 -13.13801049850035 -0.3999999999999999
    endloop
  endfacet
  facet normal 0 0.9369604638921467 0.3494353861631835
    outer loop
      vertex -0.398255100260677 -13.13801049850035 -0.3999999999999999
      vertex 0.05905692653530695 -13.510956209263453 0.6000000000000001
      vertex 0.09825510026067699 -13.13801049850035 -0.3999999999999999
    endloop
  endfacet
  facet normal 0.19480503427720988 0.9164856297385368 0.34943538616318304
    outer loop
      vertex 0.09825510026067699 -13.13801049850035 -0.3999999999999999
      vertex 0.46803398874989477 -13.597886967409693 0.6000000000000001
      vertex 0.5839153616405001 -13.24124077379901 -0.3999999999999999
    endloop
  endfacet
  facet normal 0.38109615377823736 0.8559559757793745 0.3494353861631829
    outer loop
      vertex 0.5839153616405001 -13.24124077379901 -0.3999999999999999
      vertex 0.46803398874989477 -13.597886967409693 0.6000000000000001
      vertex 1.0375 -13.443189666011959 -0.3999999999999999
    endloop
  endfacet
  facet normal -0.891102354695556 0.2895367064001085 0.3494353861631831
    outer loop
      vertex -2.3196704619011768 -14.534000472694974 -0.3999999999999999
      vertex -2.1062952014676113 -15.08417661836448 0.6000000000000001
      vertex -1.9770909152852016 -14.6865267138484 0.6000000000000001
    endloop
  endfacet
  facet normal -0.8114315640722519 0.4684802319460727 0.34943538616318326
    outer loop
      vertex -2.3196704619011768 -14.534000472694974 -0.3999999999999999
      vertex -1.9770909152852016 -14.6865267138484 0.6000000000000001
      vertex -1.7680339887498948 -14.324429495415053 0.6000000000000001
    endloop
  endfacet
  facet normal -0.6962973204183469 0.6269489233384302 0.34943538616318337
    outer loop
      vertex -1.7680339887498948 -14.324429495415053 0.6000000000000001
      vertex -1.4882612127177164 -14.013710349045212 0.6000000000000001
      vertex -1.7391851901022881 -13.735031039491188 -0.3999999999999999
    endloop
  endfacet
  facet normal -0.5507315426569179 0.7580169383461812 0.3494353861631834
    outer loop
      vertex -1.7391851901022881 -13.735031039491188 -0.3999999999999999
      vertex -1.4882612127177164 -14.013710349045212 0.6000000000000001
      vertex -1.15 -13.767949192431123 0.6000000000000001
    endloop
  endfacet
  facet normal 0 0 1
    outer loop
      vertex -1.9770909152852016 -14.6865267138484 0.6000000000000001
      vertex -1.6914466667220067 -14.884364127307823 0.6000000000000001
      vertex -1.6914466635585028 -14.884364120095757 0.6000000000000001
    endloop
  endfacet
  facet normal 0 0 1
    outer loop
      vertex -1.9770909152852016 -14.6865267138484 0.6000000000000001
      vertex -1.6914466635585028 -14.884364120095757 0.6000000000000001
      vertex -1.7680339887498948 -14.324429495415053 0.6000000000000001
    endloop
  endfacet
  facet normal 0 0 1
    outer loop
      vertex -1.7680339887498948 -14.324429495415053 0.6000000000000001
      vertex -1.6914466635585028 -14.884364120095757 0.6000000000000001
      vertex -1.5588457632089072 -14.60000038023245 0.6000000000000001
    endloop
  endfacet
  facet normal 0 0 1
    outer loop
      vertex -1.7680339887498948 -14.324429495415053 0.6000000000000001
      vertex -1.5588457632089072 -14.60000038023245 0.6000000000000001
      vertex -1.5588457589014837 -14.600000373639455 0.6000000000000001
    endloop
  endfacet
  facet normal 0 0 1
    outer loop
      vertex -1.7680339887498948 -14.324429495415053 0.6000000000000001
      vertex -1.5588457589014837 -14.600000373639455 0.6000000000000001
      vertex -1.3788800287103895 -14.34298229047281 0.6000000000000001
    endloop
  endfacet
  facet normal 0 0 1
    outer loop
      vertex -1.7680339887498948 -14.324429495415053 0.6000000000000001
      vertex -1.3788800287103895 -14.34298229047281 0.6000000000000001
      vertex -1.3788800233765386 -14.342982284678692 0.6000000000000001
    endloop
  endfacet
  facet normal 0 0 1
    outer loop
      vertex -1.7680339887498948 -14.324429495415053 0.6000000000000001
      vertex -1.3788800233765386 -14.342982284678692 0.6000000000000001
      vertex -1.4882612127177164 -14.013710349045212 0.6000000000000001
    endloop
  endfacet
  facet normal 0 0 1
    outer loop
      vertex -1.4882612127177164 -14.013710349045212 0.6000000000000001
      vertex -1.3788800233765386 -14.342982284678692 0.6000000000000001
      vertex -1.1570177125345564 -14.121120450673857 0.6000000000000001
    endloop
  endfacet
  facet normal 0 0 1
    outer loop
      vertex -1.4882612127177164 -14.013710349045212 0.6000000000000001
      vertex -1.1570177125345564 -14.121120450673857 0.6000000000000001
      vertex -1.1570177063197746 -14.12112044583671 0.6000000000000001
    endloop
  endfacet
  facet normal 0 0 1
    outer loop
      vertex -1.4882612127177164 -14.013710349045212 0.6000000000000001
      vertex -1.1570177063197746 -14.12112044583671 0.6000000000000001
      vertex -1.15 -13.767949192431123 0.6000000000000001
    endloop
  endfacet
  facet normal 0 0 1
    outer loop
      vertex -0.7680339887498948 -13.597886967409693 0.6000000000000001
      vertex -1.1570177063197746 -14.12112044583671 0.6000000000000001
      vertex -0.8999999807809899 -13.941154477227041 0.6000000000000001
    endloop
  endfacet
  facet normal 0 0 1
    outer loop
      vertex -1.15 -13.767949192431123 0.6000000000000001
      vertex -1.1570177063197746 -14.12112044583671 0.6000000000000001
      vertex -0.7680339887498948 -13.597886967409693 0.6000000000000001
    endloop
  endfacet
  facet normal 0 0 1
    outer loop
      vertex -0.7680339887498948 -13.597886967409693 0.6000000000000001
      vertex -0.8999999807809899 -13.941154477227041 0.6000000000000001
      vertex -0.8999999738548013 -13.941154473478765 0.6000000000000001
    endloop
  endfacet
  facet normal 0 0 1
    outer loop
      vertex -0.7680339887498948 -13.597886967409693 0.6000000000000001
      vertex -0.8999999738548013 -13.941154473478765 0.6000000000000001
      vertex -0.6156362339914948 -13.808553692338455 0.6000000000000001
    endloop
  endfacet
  facet normal 0 0 1
    outer loop
      vertex -0.7680339887498948 -13.597886967409693 0.6000000000000001
      vertex -0.6156362339914948 -13.808553692338455 0.6000000000000001
      vertex -0.6156362265428243 -13.80855368978132 0.6000000000000001
    endloop
  endfacet
  facet normal 0 0 1
    outer loop
      vertex 0.85 -13.767949192431123 0.6000000000000001
      vertex 0.3125667316533145 -13.727346416326828 0.6000000000000001
      vertex 0.6156362265428243 -13.80855368978132 0.6000000000000001
    endloop
  endfacet
  facet normal 0 0 1
    outer loop
      vertex 0.85 -13.767949192431123 0.6000000000000001
      vertex 0.6156362265428243 -13.80855368978132 0.6000000000000001
      vertex 0.6156362339914948 -13.808553692338455 0.6000000000000001
    endloop
  endfacet
  facet normal 0 0 1
    outer loop
      vertex 0.85 -13.767949192431123 0.6000000000000001
      vertex 0.8999999738548013 -13.941154473478765 0.6000000000000001
      vertex 0.8999999807809899 -13.941154477227041 0.6000000000000001
    endloop
  endfacet
  facet normal 0 0 1
    outer loop
      vertex 0.85 -13.767949192431123 0.6000000000000001
      vertex 0.8999999807809899 -13.941154477227041 0.6000000000000001
      vertex 1.1882612127177166 -14.013710349045212 0.6000000000000001
    endloop
  endfacet
  facet normal 0 0 1
    outer loop
      vertex 0.85 -13.767949192431123 0.6000000000000001
      vertex 0.6156362339914948 -13.808553692338455 0.6000000000000001
      vertex 0.8999999738548013 -13.941154473478765 0.6000000000000001
    endloop
  endfacet
  facet normal -0.3810961537782377 0.8559559757793744 0.34943538616318304
    outer loop
      vertex -1.3375 -13.443189666011959 -0.3999999999999999
      vertex -1.15 -13.767949192431123 0.6000000000000001
      vertex -0.7680339887498948 -13.597886967409693 0.6000000000000001
    endloop
  endfacet
  facet normal -0.19480503427720886 0.9164856297385369 0.3494353861631835
    outer loop
      vertex -0.398255100260677 -13.13801049850035 -0.3999999999999999
      vertex -0.7680339887498948 -13.597886967409693 0.6000000000000001
      vertex -0.35905692653530696 -13.510956209263453 0.6000000000000001
    endloop
  endfacet
  facet normal 0 0.9369604638921467 0.3494353861631835
    outer loop
      vertex -0.398255100260677 -13.13801049850035 -0.3999999999999999
      vertex -0.35905692653530696 -13.510956209263453 0.6000000000000001
      vertex 0.05905692653530695 -13.510956209263453 0.6000000000000001
    endloop
  endfacet
  facet normal 0.19480503427720886 0.9164856297385369 0.3494353861631835
    outer loop
      vertex 0.09825510026067699 -13.13801049850035 -0.3999999999999999
      vertex 0.05905692653530695 -13.510956209263453 0.6000000000000001
      vertex 0.46803398874989477 -13.597886967409693 0.6000000000000001
    endloop
  endfacet
  facet normal 0.3810961537782376 0.8559559757793744 0.3494353861631831
    outer loop
      vertex 0.85 -13.767949192431123 0.6000000000000001
      vertex 1.0375 -13.443189666011959 -0.3999999999999999
      vertex 0.46803398874989477 -13.597886967409693 0.6000000000000001
    endloop
  endfacet
  facet normal 0 0 1
    outer loop
      vertex -0.7680339887498948 -13.597886967409693 0.6000000000000001
      vertex -0.6156362265428243 -13.80855368978132 0.6000000000000001
      vertex -0.35905692653530696 -13.510956209263453 0.6000000000000001
    endloop
  endfacet
  facet normal 0 0 1
    outer loop
      vertex -0.35905692653530696 -13.510956209263453 0.6000000000000001
      vertex -0.6156362265428243 -13.80855368978132 0.6000000000000001
      vertex -0.3125667316533145 -13.727346416326828 0.6000000000000001
    endloop
  endfacet
  facet normal 0 0 1
    outer loop
      vertex -0.35905692653530696 -13.510956209263453 0.6000000000000001
      vertex -0.3125667316533145 -13.727346416326828 0.6000000000000001
      vertex -0.3125667238853447 -13.727346415030592 0.6000000000000001
    endloop
  endfacet
  facet normal 0 0 1
    outer loop
      vertex -0.35905692653530696 -13.510956209263453 0.6000000000000001
      vertex -0.3125667238853447 -13.727346415030592 0.6000000000000001
      vertex 0.05905692653530695 -13.510956209263453 0.6000000000000001
    endloop
  endfacet
  facet normal 0 0 1
    outer loop
      vertex 0.05905692653530695 -13.510956209263453 0.6000000000000001
      vertex -0.3125667238853447 -13.727346415030592 0.6000000000000001
      vertex -3.937689974488604e-9 -13.699999804659637 0.6000000000000001
    endloop
  endfacet
  facet normal 0 0 1
    outer loop
      vertex 0.05905692653530695 -13.510956209263453 0.6000000000000001
      vertex -3.937689974488604e-9 -13.699999804659637 0.6000000000000001
      vertex 3.937689754052189e-9 -13.699999804659637 0.6000000000000001
    endloop
  endfacet
  facet normal 0 0 1
    outer loop
      vertex 0.05905692653530695 -13.510956209263453 0.6000000000000001
      vertex 3.937689754052189e-9 -13.699999804659637 0.6000000000000001
      vertex 0.3125667238853447 -13.727346415030592 0.6000000000000001
    endloop
  endfacet
  facet normal 0 0 1
    outer loop
      vertex 0.46803398874989477 -13.597886967409693 0.6000000000000001
      vertex 0.3125667238853447 -13.727346415030592 0.6000000000000001
      vertex 0.3125667316533145 -13.727346416326828 0.6000000000000001
    endloop
  endfacet
  facet normal 0 0 1
    outer loop
      vertex 0.05905692653530695 -13.510956209263453 0.6000000000000001
      vertex 0.3125667238853447 -13.727346415030592 0.6000000000000001
      vertex 0.46803398874989477 -13.597886967409693 0.6000000000000001
    endloop
  endfacet
  facet normal 0 0 1
    outer loop
      vertex 0.85 -13.767949192431123 0.6000000000000001
      vertex 0.46803398874989477 -13.597886967409693 0.6000000000000001
      vertex 0.3125667316533145 -13.727346416326828 0.6000000000000001
    endloop
  endfacet
  facet normal 0.8660254037844387 -0.5 0
    outer loop
      vertex 2.019670461901177 -16.465999527305026 -0.3999999999999999
      vertex 1.7714153616405004 -16.895989974194624 -1.4
      vertex 2.019670461901177 -16.465999527305026 -1.4
    endloop
  endfacet
  facet normal 0.9510565162951535 -0.3090169943749475 0
    outer loop
      vertex 2.1731005517427886 -15.993790265692178 -0.3999999999999999
      vertex 2.019670461901177 -16.465999527305026 -1.4
      vertex 2.1731005517427886 -15.993790265692178 -1.4
    endloop
  endfacet
  facet normal 0.9945218953682734 -0.10452846326765328 0
    outer loop
      vertex 2.225 -15.5 -0.3999999999999999
      vertex 2.1731005517427886 -15.993790265692178 -1.4
      vertex 2.225 -15.5 -1.4
    endloop
  endfacet
  facet normal 0.9945218953682734 0.10452846326765328 0
    outer loop
      vertex 2.1731005517427886 -15.006209734307822 -0.3999999999999999
      vertex 2.225 -15.5 -1.4
      vertex 2.1731005517427886 -15.006209734307822 -1.4
    endloop
  endfacet
  facet normal 0.9510565162951535 0.3090169943749475 0
    outer loop
      vertex 2.019670461901177 -14.534000472694974 -0.3999999999999999
      vertex 2.1731005517427886 -15.006209734307822 -1.4
      vertex 2.019670461901177 -14.534000472694974 -1.4
    endloop
  endfacet
  facet normal 0.7431448254773942 0.6691306063588581 0
    outer loop
      vertex 1.4391851901022883 -13.735031039491188 -0.3999999999999999
      vertex 1.7714153616405004 -14.104010025805376 -1.4
      vertex 1.4391851901022883 -13.735031039491188 -1.4
    endloop
  endfacet
  facet normal 0.8660254037844387 0.5 0
    outer loop
      vertex 1.7714153616405004 -14.104010025805376 -0.3999999999999999
      vertex 2.019670461901177 -14.534000472694974 -1.4
      vertex 1.7714153616405004 -14.104010025805376 -1.4
    endloop
  endfacet
  facet normal 0.5877852522924719 0.8090169943749482 0
    outer loop
      vertex 1.0375 -13.443189666011959 -0.3999999999999999
      vertex 1.4391851901022883 -13.735031039491188 -1.4
      vertex 1.0375 -13.443189666011959 -1.4
    endloop
  endfacet
  facet normal 0.8660254037844387 -0.5 0
    outer loop
      vertex 1.7714153616405004 -16.895989974194624 -0.3999999999999999
      vertex 1.7714153616405004 -16.895989974194624 -1.4
      vertex 2.019670461901177 -16.465999527305026 -0.3999999999999999
    endloop
  endfacet
  facet normal 0.9510565162951535 -0.3090169943749475 0
    outer loop
      vertex 2.019670461901177 -16.465999527305026 -0.3999999999999999
      vertex 2.019670461901177 -16.465999527305026 -1.4
      vertex 2.1731005517427886 -15.993790265692178 -0.3999999999999999
    endloop
  endfacet
  facet normal 0.8114315640722517 -0.4684802319460736 0.3494353861631825
    outer loop
      vertex 1.7714153616405004 -16.895989974194624 -0.3999999999999999
      vertex 2.019670461901177 -16.465999527305026 -0.3999999999999999
      vertex 1.6770909152852018 -16.313473286151602 0.6000000000000001
    endloop
  endfacet
  facet normal 0.8911023546955564 -0.2895367064001078 0.3494353861631826
    outer loop
      vertex 2.019670461901177 -16.465999527305026 -0.3999999999999999
      vertex 2.1731005517427886 -15.993790265692178 -0.3999999999999999
      vertex 1.6770909152852018 -16.313473286151602 0.6000000000000001
    endloop
  endfacet
  facet normal 0.9945218953682734 -0.10452846326765328 0
    outer loop
      vertex 2.1731005517427886 -15.993790265692178 -0.3999999999999999
      vertex 2.1731005517427886 -15.993790265692178 -1.4
      vertex 2.225 -15.5 -0.3999999999999999
    endloop
  endfacet
  facet normal 0.9945218953682734 0.10452846326765328 0
    outer loop
      vertex 2.225 -15.5 -0.3999999999999999
      vertex 2.225 -15.5 -1.4
      vertex 2.1731005517427886 -15.006209734307822 -0.3999999999999999
    endloop
  endfacet
  facet normal 0.9510565162951535 0.3090169943749475 0
    outer loop
      vertex 2.1731005517427886 -15.006209734307822 -0.3999999999999999
      vertex 2.1731005517427886 -15.006209734307822 -1.4
      vertex 2.019670461901177 -14.534000472694974 -0.3999999999999999
    endloop
  endfacet
  facet normal 0.9318276964351547 -0.09793903743319367 0.349435386163183
    outer loop
      vertex 2.1731005517427886 -15.993790265692178 -0.3999999999999999
      vertex 2.225 -15.5 -0.3999999999999999
      vertex 1.8062952014676115 -15.91582338163552 0.6000000000000001
    endloop
  endfacet
  facet normal 0.9318276964351547 0.09793903743319367 0.349435386163183
    outer loop
      vertex 2.225 -15.5 -0.3999999999999999
      vertex 2.1731005517427886 -15.006209734307822 -0.3999999999999999
      vertex 1.8062952014676115 -15.08417661836448 0.6000000000000001
    endloop
  endfacet
  facet normal 0.8911023546955562 0.28953670640010776 0.34943538616318276
    outer loop
      vertex 2.1731005517427886 -15.006209734307822 -0.3999999999999999
      vertex 2.019670461901177 -14.534000472694974 -0.3999999999999999
      vertex 1.8062952014676115 -15.08417661836448 0.6000000000000001
    endloop
  endfacet
  facet normal 0.696297320418347 -0.6269489233384304 0.34943538616318276
    outer loop
      vertex 1.7714153616405004 -16.895989974194624 -0.3999999999999999
      vertex 1.468033988749895 -16.675570504584947 0.6000000000000001
      vertex 1.1882612127177166 -16.986289650954788 0.6000000000000001
    endloop
  endfacet
  facet normal 0.8114315640722509 -0.46848023194607447 0.3494353861631829
    outer loop
      vertex 1.7714153616405004 -16.895989974194624 -0.3999999999999999
      vertex 1.6770909152852018 -16.313473286151602 0.6000000000000001
      vertex 1.468033988749895 -16.675570504584947 0.6000000000000001
    endloop
  endfacet
  facet normal 0.8911023546955564 -0.2895367064001073 0.3494353861631828
    outer loop
      vertex 2.1731005517427886 -15.993790265692178 -0.3999999999999999
      vertex 1.8062952014676115 -15.91582338163552 0.6000000000000001
      vertex 1.6770909152852018 -16.313473286151602 0.6000000000000001
    endloop
  endfacet
  facet normal 0 0 1
    outer loop
      vertex 1.1882612127177166 -16.986289650954788 0.6000000000000001
      vertex 1.1570177063197746 -16.878879554163312 0.6000000000000001
      vertex 0.8999999807809899 -17.05884552277298 0.6000000000000001
    endloop
  endfacet
  facet normal 0 0 1
    outer loop
      vertex 1.1882612127177166 -16.986289650954788 0.6000000000000001
      vertex 1.1570177125345564 -16.878879549326122 0.6000000000000001
      vertex 1.1570177063197746 -16.878879554163312 0.6000000000000001
    endloop
  endfacet
  facet normal 0 0 1
    outer loop
      vertex 1.1882612127177166 -16.986289650954788 0.6000000000000001
      vertex 1.3788800233765386 -16.657016761646993 0.6000000000000001
      vertex 1.1570177125345564 -16.878879549326122 0.6000000000000001
    endloop
  endfacet
  facet normal 0 0 1
    outer loop
      vertex 1.1882612127177166 -16.986289650954788 0.6000000000000001
      vertex 1.3788800287103895 -16.65701675585292 0.6000000000000001
      vertex 1.3788800233765386 -16.657016761646993 0.6000000000000001
    endloop
  endfacet
  facet normal 0 0 1
    outer loop
      vertex 1.1882612127177166 -16.986289650954788 0.6000000000000001
      vertex 1.5588457589014837 -16.399999626360568 0.6000000000000001
      vertex 1.3788800287103895 -16.65701675585292 0.6000000000000001
    endloop
  endfacet
  facet normal 0 0 1
    outer loop
      vertex 1.1882612127177166 -16.986289650954788 0.6000000000000001
      vertex 1.468033988749895 -16.675570504584947 0.6000000000000001
      vertex 1.6770909152852018 -16.313473286151602 0.6000000000000001
    endloop
  endfacet
  facet normal 0 0 1
    outer loop
      vertex 1.1882612127177166 -16.986289650954788 0.6000000000000001
      vertex 1.6770909152852018 -16.313473286151602 0.6000000000000001
      vertex 1.5588457589014837 -16.399999626360568 0.6000000000000001
    endloop
  endfacet
  facet normal 0 0 1
    outer loop
      vertex 1.6770909152852018 -16.313473286151602 0.6000000000000001
      vertex 1.5588457632089072 -16.39999961976755 0.6000000000000001
      vertex 1.5588457589014837 -16.399999626360568 0.6000000000000001
    endloop
  endfacet
  facet normal 0 0 1
    outer loop
      vertex 1.6770909152852018 -16.313473286151602 0.6000000000000001
      vertex 1.6914466635585028 -16.115636833578538 0.6000000000000001
      vertex 1.5588457632089072 -16.39999961976755 0.6000000000000001
    endloop
  endfacet
  facet normal 0 0 1
    outer loop
      vertex 1.6770909152852018 -16.313473286151602 0.6000000000000001
      vertex 1.6914466667220067 -16.115636826366472 0.6000000000000001
      vertex 1.6914466635585028 -16.115636833578538 0.6000000000000001
    endloop
  endfacet
  facet normal 0 0 1
    outer loop
      vertex 1.6770909152852018 -16.313473286151602 0.6000000000000001
      vertex 1.7726539401764994 -15.81256676523285 0.6000000000000001
      vertex 1.6914466667220067 -16.115636826366472 0.6000000000000001
    endloop
  endfacet
  facet normal 0 0 1
    outer loop
      vertex 1.6770909152852018 -16.313473286151602 0.6000000000000001
      vertex 1.8062952014676115 -15.91582338163552 0.6000000000000001
      vertex 1.7726539401764994 -15.81256676523285 0.6000000000000001
    endloop
  endfacet
  facet normal 0.9318276964351546 -0.09793903743319347 0.349435386163183
    outer loop
      vertex 1.8062952014676115 -15.91582338163552 0.6000000000000001
      vertex 2.225 -15.5 -0.3999999999999999
      vertex 1.85 -15.5 0.6000000000000001
    endloop
  endfacet
  facet normal 0.9318276964351546 0.09793903743319347 0.349435386163183
    outer loop
      vertex 2.225 -15.5 -0.3999999999999999
      vertex 1.8062952014676115 -15.08417661836448 0.6000000000000001
      vertex 1.85 -15.5 0.6000000000000001
    endloop
  endfacet
  facet normal 0 0 1
    outer loop
      vertex 1.8062952014676115 -15.91582338163552 0.6000000000000001
      vertex 1.7726539421097924 -15.81256675759846 0.6000000000000001
      vertex 1.7726539401764994 -15.81256676523285 0.6000000000000001
    endloop
  endfacet
  facet normal 0 0 1
    outer loop
      vertex 1.8062952014676115 -15.91582338163552 0.6000000000000001
      vertex 1.799999956434314 -15.500000007848485 0.6000000000000001
      vertex 1.7726539421097924 -15.81256675759846 0.6000000000000001
    endloop
  endfacet
  facet normal 0 0 1
    outer loop
      vertex 1.8062952014676115 -15.91582338163552 0.6000000000000001
      vertex 1.85 -15.5 0.6000000000000001
      vertex 1.799999956434314 -15.500000007848485 0.6000000000000001
    endloop
  endfacet
  facet normal 0 0 1
    outer loop
      vertex 1.85 -15.5 0.6000000000000001
      vertex 1.7999999570846568 -15.5 0.6000000000000001
      vertex 1.799999956434314 -15.500000007848485 0.6000000000000001
    endloop
  endfacet
  facet normal 0 0 1
    outer loop
      vertex 1.85 -15.5 0.6000000000000001
      vertex 1.799999956434314 -15.499999992151515 0.6000000000000001
      vertex 1.7999999570846568 -15.5 0.6000000000000001
    endloop
  endfacet
  facet normal 0 0 1
    outer loop
      vertex 1.85 -15.5 0.6000000000000001
      vertex 1.7726539421097924 -15.18743324240154 0.6000000000000001
      vertex 1.799999956434314 -15.499999992151515 0.6000000000000001
    endloop
  endfacet
  facet normal 0 0 1
    outer loop
      vertex 1.85 -15.5 0.6000000000000001
      vertex 1.8062952014676115 -15.08417661836448 0.6000000000000001
      vertex 1.7726539421097924 -15.18743324240154 0.6000000000000001
    endloop
  endfacet
  facet normal 0 0 1
    outer loop
      vertex 1.8062952014676115 -15.08417661836448 0.6000000000000001
      vertex 1.7726539401764994 -15.18743323476715 0.6000000000000001
      vertex 1.7726539421097924 -15.18743324240154 0.6000000000000001
    endloop
  endfacet
  facet normal 0 0 1
    outer loop
      vertex 1.8062952014676115 -15.08417661836448 0.6000000000000001
      vertex 1.6914466667220067 -14.884364127307823 0.6000000000000001
      vertex 1.7726539401764994 -15.18743323476715 0.6000000000000001
    endloop
  endfacet
  facet normal 0 0 1
    outer loop
      vertex 1.8062952014676115 -15.08417661836448 0.6000000000000001
      vertex 1.6914466635585028 -14.884364120095757 0.6000000000000001
      vertex 1.6914466667220067 -14.884364127307823 0.6000000000000001
    endloop
  endfacet
  facet normal 0 0 1
    outer loop
      vertex 1.8062952014676115 -15.08417661836448 0.6000000000000001
      vertex 1.6770909152852018 -14.6865267138484 0.6000000000000001
      vertex 1.6914466635585028 -14.884364120095757 0.6000000000000001
    endloop
  endfacet
  facet normal 0.8660254037844387 0.5 0
    outer loop
      vertex 2.019670461901177 -14.534000472694974 -0.3999999999999999
      vertex 2.019670461901177 -14.534000472694974 -1.4
      vertex 1.7714153616405004 -14.104010025805376 -0.3999999999999999
    endloop
  endfacet
  facet normal 0.7431448254773942 0.6691306063588581 0
    outer loop
      vertex 1.4391851901022883 -13.735031039491188 -0.3999999999999999
      vertex 1.7714153616405004 -14.104010025805376 -0.3999999999999999
      vertex 1.7714153616405004 -14.104010025805376 -1.4
    endloop
  endfacet
  facet normal 0.8114315640722516 0.46848023194607347 0.3494353861631829
    outer loop
      vertex 2.019670461901177 -14.534000472694974 -0.3999999999999999
      vertex 1.7714153616405004 -14.104010025805376 -0.3999999999999999
      vertex 1.468033988749895 -14.324429495415053 0.6000000000000001
    endloop
  endfacet
  facet normal 0.6962973204183479 0.6269489233384293 0.3494353861631829
    outer loop
      vertex 1.468033988749895 -14.324429495415053 0.6000000000000001
      vertex 1.7714153616405004 -14.104010025805376 -0.3999999999999999
      vertex 1.4391851901022883 -13.735031039491188 -0.3999999999999999
    endloop
  endfacet
  facet normal 0.5877852522924719 0.8090169943749482 0
    outer loop
      vertex 1.4391851901022883 -13.735031039491188 -0.3999999999999999
      vertex 1.4391851901022883 -13.735031039491188 -1.4
      vertex 1.0375 -13.443189666011959 -0.3999999999999999
    endloop
  endfacet
  facet normal 0.550731542656917 0.7580169383461818 0.3494353861631831
    outer loop
      vertex 0.85 -13.767949192431123 0.6000000000000001
      vertex 1.4391851901022883 -13.735031039491188 -0.3999999999999999
      vertex 1.0375 -13.443189666011959 -0.3999999999999999
    endloop
  endfacet
  facet normal 0.891102354695556 0.2895367064001085 0.3494353861631831
    outer loop
      vertex 2.019670461901177 -14.534000472694974 -0.3999999999999999
      vertex 1.6770909152852018 -14.6865267138484 0.6000000000000001
      vertex 1.8062952014676115 -15.08417661836448 0.6000000000000001
    endloop
  endfacet
  facet normal 0.8114315640722519 0.4684802319460727 0.34943538616318326
    outer loop
      vertex 2.019670461901177 -14.534000472694974 -0.3999999999999999
      vertex 1.468033988749895 -14.324429495415053 0.6000000000000001
      vertex 1.6770909152852018 -14.6865267138484 0.6000000000000001
    endloop
  endfacet
  facet normal 0.6962973204183469 0.6269489233384302 0.34943538616318337
    outer loop
      vertex 1.468033988749895 -14.324429495415053 0.6000000000000001
      vertex 1.4391851901022883 -13.735031039491188 -0.3999999999999999
      vertex 1.1882612127177166 -14.013710349045212 0.6000000000000001
    endloop
  endfacet
  facet normal 0.5507315426569178 0.7580169383461812 0.34943538616318337
    outer loop
      vertex 0.85 -13.767949192431123 0.6000000000000001
      vertex 1.1882612127177166 -14.013710349045212 0.6000000000000001
      vertex 1.4391851901022883 -13.735031039491188 -0.3999999999999999
    endloop
  endfacet
  facet normal 0 0 1
    outer loop
      vertex 1.6770909152852018 -14.6865267138484 0.6000000000000001
      vertex 1.5588457589014837 -14.600000373639455 0.6000000000000001
      vertex 1.5588457632089072 -14.60000038023245 0.6000000000000001
    endloop
  endfacet
  facet normal 0 0 1
    outer loop
      vertex 1.468033988749895 -14.324429495415053 0.6000000000000001
      vertex 1.3788800287103895 -14.34298229047281 0.6000000000000001
      vertex 1.5588457589014837 -14.600000373639455 0.6000000000000001
    endloop
  endfacet
  facet normal 0 0 1
    outer loop
      vertex 1.468033988749895 -14.324429495415053 0.6000000000000001
      vertex 1.5588457589014837 -14.600000373639455 0.6000000000000001
      vertex 1.6770909152852018 -14.6865267138484 0.6000000000000001
    endloop
  endfacet
  facet normal 0 0 1
    outer loop
      vertex 1.468033988749895 -14.324429495415053 0.6000000000000001
      vertex 1.3788800233765386 -14.342982284678692 0.6000000000000001
      vertex 1.3788800287103895 -14.34298229047281 0.6000000000000001
    endloop
  endfacet
  facet normal 0 0 1
    outer loop
      vertex 1.6770909152852018 -14.6865267138484 0.6000000000000001
      vertex 1.5588457632089072 -14.60000038023245 0.6000000000000001
      vertex 1.6914466635585028 -14.884364120095757 0.6000000000000001
    endloop
  endfacet
  facet normal 0 0 1
    outer loop
      vertex 1.468033988749895 -14.324429495415053 0.6000000000000001
      vertex 1.1570177125345564 -14.121120450673857 0.6000000000000001
      vertex 1.3788800233765386 -14.342982284678692 0.6000000000000001
    endloop
  endfacet
  facet normal 0 0 1
    outer loop
      vertex 1.468033988749895 -14.324429495415053 0.6000000000000001
      vertex 1.1882612127177166 -14.013710349045212 0.6000000000000001
      vertex 1.1570177125345564 -14.121120450673857 0.6000000000000001
    endloop
  endfacet
  facet normal 0 0 1
    outer loop
      vertex 1.1882612127177166 -14.013710349045212 0.6000000000000001
      vertex 1.1570177063197746 -14.12112044583671 0.6000000000000001
      vertex 1.1570177125345564 -14.121120450673857 0.6000000000000001
    endloop
  endfacet
  facet normal 0 0 1
    outer loop
      vertex 1.1882612127177166 -14.013710349045212 0.6000000000000001
      vertex 0.8999999807809899 -13.941154477227041 0.6000000000000001
      vertex 1.1570177063197746 -14.12112044583671 0.6000000000000001
    endloop
  endfacet
  facet normal -0.40673664307579893 -0.9135454576426015 0
    outer loop
      vertex -1.9 -18.531088913245537 -1.8
      vertex -1.2315594803123158 -18.828697807033038 -1.8
      vertex -1.2315594803123158 -18.828697807033038 -1.4
    endloop
  endfacet
  facet normal -0.5877852522924748 -0.8090169943749461 0
    outer loop
      vertex -2.4919571222560037 -18.10100688917088 -1.8
      vertex -1.9 -18.531088913245537 -1.8
      vertex -1.9 -18.531088913245537 -1.4
    endloop
  endfacet
  facet normal -0.5877852522924748 -0.8090169943749461 0
    outer loop
      vertex -2.4919571222560037 -18.10100688917088 -1.8
      vertex -1.9 -18.531088913245537 -1.4
      vertex -2.4919571222560037 -18.10100688917088 -1.4
    endloop
  endfacet
  facet normal -0.40673664307579893 -0.9135454576426015 0
    outer loop
      vertex -1.9 -18.531088913245537 -1.8
      vertex -1.2315594803123158 -18.828697807033038 -1.4
      vertex -1.9 -18.531088913245537 -1.4
    endloop
  endfacet
  facet normal 0 0 1
    outer loop
      vertex -1.9 -18.531088913245537 -1.4
      vertex -1.2315594803123158 -18.828697807033038 -1.4
      vertex -1.7391851901022881 -17.26496896050881 -1.4
    endloop
  endfacet
  facet normal -0.7431448254773945 -0.6691306063588581 0
    outer loop
      vertex -2.4919571222560037 -18.10100688917088 -1.8
      vertex -2.4919571222560037 -18.10100688917088 -1.4
      vertex -2.981559480312316 -17.557248383023655 -1.8
    endloop
  endfacet
  facet normal -0.7431448254773945 -0.6691306063588581 0
    outer loop
      vertex -2.4919571222560037 -18.10100688917088 -1.4
      vertex -2.981559480312316 -17.557248383023655 -1.4
      vertex -2.981559480312316 -17.557248383023655 -1.8
    endloop
  endfacet
  facet normal -0.866025403784439 -0.49999999999999933 0
    outer loop
      vertex -2.981559480312316 -17.557248383023655 -1.4
      vertex -3.3474091017491028 -16.9235782507653 -1.4
      vertex -3.3474091017491028 -16.9235782507653 -1.8
    endloop
  endfacet
  facet normal -0.866025403784439 -0.49999999999999933 0
    outer loop
      vertex -2.981559480312316 -17.557248383023655 -1.8
      vertex -2.981559480312316 -17.557248383023655 -1.4
      vertex -3.3474091017491028 -16.9235782507653 -1.8
    endloop
  endfacet
  facet normal 0 0 1
    outer loop
      vertex -2.4919571222560037 -18.10100688917088 -1.4
      vertex -1.9 -18.531088913245537 -1.4
      vertex -2.3196704619011768 -16.465999527305026 -1.4
    endloop
  endfacet
  facet normal 0 0 1
    outer loop
      vertex -1.2315594803123158 -18.828697807033038 -1.4
      vertex -1.3375 -17.556810333988043 -1.4
      vertex -1.7391851901022881 -17.26496896050881 -1.4
    endloop
  endfacet
  facet normal 0 0 1
    outer loop
      vertex -1.9 -18.531088913245537 -1.4
      vertex -1.7391851901022881 -17.26496896050881 -1.4
      vertex -2.0714153616405 -16.895989974194624 -1.4
    endloop
  endfacet
  facet normal 0 0 1
    outer loop
      vertex -1.9 -18.531088913245537 -1.4
      vertex -2.0714153616405 -16.895989974194624 -1.4
      vertex -2.3196704619011768 -16.465999527305026 -1.4
    endloop
  endfacet
  facet normal -0.20791169081776045 -0.9781476007338052 0
    outer loop
      vertex -1.2315594803123158 -18.828697807033038 -1.8
      vertex -0.5158496214367871 -18.980826633788958 -1.4
      vertex -1.2315594803123158 -18.828697807033038 -1.4
    endloop
  endfacet
  facet normal -0.20791169081776045 -0.9781476007338052 0
    outer loop
      vertex -1.2315594803123158 -18.828697807033038 -1.8
      vertex -0.5158496214367871 -18.980826633788958 -1.8
      vertex -0.5158496214367871 -18.980826633788958 -1.4
    endloop
  endfacet
  facet normal 0 -1 0
    outer loop
      vertex -0.5158496214367871 -18.980826633788958 -1.8
      vertex 0.21584962143678713 -18.980826633788958 -1.4
      vertex -0.5158496214367871 -18.980826633788958 -1.4
    endloop
  endfacet
  facet normal 0 -1 0
    outer loop
      vertex -0.5158496214367871 -18.980826633788958 -1.8
      vertex 0.21584962143678713 -18.980826633788958 -1.8
      vertex 0.21584962143678713 -18.980826633788958 -1.4
    endloop
  endfacet
  facet normal 0.20791169081776045 -0.9781476007338055 0
    outer loop
      vertex 0.21584962143678713 -18.980826633788958 -1.8
      vertex 0.9315594803123158 -18.828697807033038 -1.4
      vertex 0.21584962143678713 -18.980826633788958 -1.4
    endloop
  endfacet
  facet normal 0.20791169081776045 -0.9781476007338055 0
    outer loop
      vertex 0.21584962143678713 -18.980826633788958 -1.8
      vertex 0.9315594803123158 -18.828697807033038 -1.8
      vertex 0.9315594803123158 -18.828697807033038 -1.4
    endloop
  endfacet
  facet normal 0 0 1
    outer loop
      vertex -1.2315594803123158 -18.828697807033038 -1.4
      vertex -0.5158496214367871 -18.980826633788958 -1.4
      vertex -0.8839153616405001 -17.75875922620099 -1.4
    endloop
  endfacet
  facet normal 0 0 1
    outer loop
      vertex -0.5158496214367871 -18.980826633788958 -1.4
      vertex 0.21584962143678713 -18.980826633788958 -1.4
      vertex -0.398255100260677 -17.86198950149965 -1.4
    endloop
  endfacet
  facet normal 0 0 1
    outer loop
      vertex -0.5158496214367871 -18.980826633788958 -1.4
      vertex -0.398255100260677 -17.86198950149965 -1.4
      vertex -0.8839153616405001 -17.75875922620099 -1.4
    endloop
  endfacet
  facet normal 0 0 1
    outer loop
      vertex 0.21584962143678713 -18.980826633788958 -1.4
      vertex 0.9315594803123158 -18.828697807033038 -1.4
      vertex 0.09825510026067699 -17.86198950149965 -1.4
    endloop
  endfacet
  facet normal 0 0 1
    outer loop
      vertex 0.21584962143678713 -18.980826633788958 -1.4
      vertex 0.09825510026067699 -17.86198950149965 -1.4
      vertex -0.398255100260677 -17.86198950149965 -1.4
    endloop
  endfacet
  facet normal 0 0 1
    outer loop
      vertex 0.9315594803123158 -18.828697807033038 -1.4
      vertex 0.5839153616405001 -17.75875922620099 -1.4
      vertex 0.09825510026067699 -17.86198950149965 -1.4
    endloop
  endfacet
  facet normal 0 0 1
    outer loop
      vertex -1.2315594803123158 -18.828697807033038 -1.4
      vertex -0.8839153616405001 -17.75875922620099 -1.4
      vertex -1.3375 -17.556810333988043 -1.4
    endloop
  endfacet
  facet normal 0.40673664307579893 -0.9135454576426015 0
    outer loop
      vertex 0.9315594803123158 -18.828697807033038 -1.8
      vertex 1.6 -18.531088913245537 -1.4
      vertex 0.9315594803123158 -18.828697807033038 -1.4
    endloop
  endfacet
  facet normal 0.40673664307579893 -0.9135454576426015 0
    outer loop
      vertex 0.9315594803123158 -18.828697807033038 -1.8
      vertex 1.6 -18.531088913245537 -1.8
      vertex 1.6 -18.531088913245537 -1.4
    endloop
  endfacet
  facet normal 0.5877852522924748 -0.8090169943749461 0
    outer loop
      vertex 1.6 -18.531088913245537 -1.8
      vertex 2.191957122256004 -18.10100688917088 -1.4
      vertex 1.6 -18.531088913245537 -1.4
    endloop
  endfacet
  facet normal 0.5877852522924748 -0.8090169943749461 0
    outer loop
      vertex 1.6 -18.531088913245537 -1.8
      vertex 2.191957122256004 -18.10100688917088 -1.8
      vertex 2.191957122256004 -18.10100688917088 -1.4
    endloop
  endfacet
  facet normal 0 0 1
    outer loop
      vertex 0.9315594803123158 -18.828697807033038 -1.4
      vertex 1.6 -18.531088913245537 -1.4
      vertex 0.5839153616405001 -17.75875922620099 -1.4
    endloop
  endfacet
  facet normal 0.7431448254773945 -0.6691306063588581 0
    outer loop
      vertex 2.191957122256004 -18.10100688917088 -1.8
      vertex 2.681559480312316 -17.557248383023655 -1.4
      vertex 2.191957122256004 -18.10100688917088 -1.4
    endloop
  endfacet
  facet normal 0.7431448254773945 -0.6691306063588581 0
    outer loop
      vertex 2.191957122256004 -18.10100688917088 -1.8
      vertex 2.681559480312316 -17.557248383023655 -1.8
      vertex 2.681559480312316 -17.557248383023655 -1.4
    endloop
  endfacet
  facet normal 0.866025403784439 -0.49999999999999933 0
    outer loop
      vertex 2.681559480312316 -17.557248383023655 -1.8
      vertex 3.047409101749103 -16.9235782507653 -1.4
      vertex 2.681559480312316 -17.557248383023655 -1.4
    endloop
  endfacet
  facet normal 0.866025403784439 -0.49999999999999933 0
    outer loop
      vertex 2.681559480312316 -17.557248383023655 -1.8
      vertex 3.047409101749103 -16.9235782507653 -1.8
      vertex 3.047409101749103 -16.9235782507653 -1.4
    endloop
  endfacet
  facet normal 0 0 1
    outer loop
      vertex 1.6 -18.531088913245537 -1.4
      vertex 1.0375 -17.556810333988043 -1.4
      vertex 0.5839153616405001 -17.75875922620099 -1.4
    endloop
  endfacet
  facet normal 0 0 1
    outer loop
      vertex 1.6 -18.531088913245537 -1.4
      vertex 1.4391851901022883 -17.26496896050881 -1.4
      vertex 1.0375 -17.556810333988043 -1.4
    endloop
  endfacet
  facet normal 0 0 1
    outer loop
      vertex 1.6 -18.531088913245537 -1.4
      vertex 2.191957122256004 -18.10100688917088 -1.4
      vertex 1.4391851901022883 -17.26496896050881 -1.4
    endloop
  endfacet
  facet normal 0 0 1
    outer loop
      vertex 2.191957122256004 -18.10100688917088 -1.4
      vertex 1.7714153616405004 -16.895989974194624 -1.4
      vertex 1.4391851901022883 -17.26496896050881 -1.4
    endloop
  endfacet
  facet normal 0 0 1
    outer loop
      vertex 2.191957122256004 -18.10100688917088 -1.4
      vertex 2.019670461901177 -16.465999527305026 -1.4
      vertex 1.7714153616405004 -16.895989974194624 -1.4
    endloop
  endfacet
  facet normal 0 0 1
    outer loop
      vertex 2.191957122256004 -18.10100688917088 -1.4
      vertex 2.681559480312316 -17.557248383023655 -1.4
      vertex 2.1731005517427886 -15.993790265692178 -1.4
    endloop
  endfacet
  facet normal -0.9510565162951531 -0.30901699437494895 0
    outer loop
      vertex -3.3474091017491028 -16.9235782507653 -1.8
      vertex -3.3474091017491028 -16.9235782507653 -1.4
      vertex -3.57351660256832 -16.22769091786216 -1.8
    endloop
  endfacet
  facet normal -0.9510565162951531 -0.30901699437494895 0
    outer loop
      vertex -3.57351660256832 -16.22769091786216 -1.8
      vertex -3.3474091017491028 -16.9235782507653 -1.4
      vertex -3.57351660256832 -16.22769091786216 -1.4
    endloop
  endfacet
  facet normal -0.9945218953682734 -0.10452846326765308 0
    outer loop
      vertex -3.57351660256832 -16.22769091786216 -1.8
      vertex -3.57351660256832 -16.22769091786216 -1.4
      vertex -3.65 -15.5 -1.8
    endloop
  endfacet
  facet normal 0 0 1
    outer loop
      vertex -2.981559480312316 -17.557248383023655 -1.4
      vertex -3.3474091017491028 -14.076421749234699 -1.4
      vertex -3.3474091017491028 -16.9235782507653 -1.4
    endloop
  endfacet
  facet normal 0 0 1
    outer loop
      vertex -3.3474091017491028 -16.9235782507653 -1.4
      vertex -3.57351660256832 -14.772309082137843 -1.4
      vertex -3.57351660256832 -16.22769091786216 -1.4
    endloop
  endfacet
  facet normal 0 0 1
    outer loop
      vertex -2.4919571222560037 -18.10100688917088 -1.4
      vertex -2.981559480312316 -13.442751616976345 -1.4
      vertex -2.981559480312316 -17.557248383023655 -1.4
    endloop
  endfacet
  facet normal 0 0 1
    outer loop
      vertex -2.4919571222560037 -18.10100688917088 -1.4
      vertex -2.3196704619011768 -16.465999527305026 -1.4
      vertex -2.4731005517427884 -15.993790265692178 -1.4
    endloop
  endfacet
  facet normal 0 0 1
    outer loop
      vertex -2.4919571222560037 -18.10100688917088 -1.4
      vertex -2.4731005517427884 -15.993790265692178 -1.4
      vertex -2.525 -15.5 -1.4
    endloop
  endfacet
  facet normal -0.9945218953682734 -0.10452846326765308 0
    outer loop
      vertex -3.57351660256832 -16.22769091786216 -1.4
      vertex -3.65 -15.5 -1.4
      vertex -3.65 -15.5 -1.8
    endloop
  endfacet
  facet normal -0.9945218953682734 0.10452846326765335 0
    outer loop
      vertex -3.65 -15.5 -1.8
      vertex -3.65 -15.5 -1.4
      vertex -3.57351660256832 -14.772309082137843 -1.8
    endloop
  endfacet
  facet normal -0.9945218953682734 0.10452846326765335 0
    outer loop
      vertex -3.65 -15.5 -1.4
      vertex -3.57351660256832 -14.772309082137843 -1.4
      vertex -3.57351660256832 -14.772309082137843 -1.8
    endloop
  endfacet
  facet normal 0 0 1
    outer loop
      vertex -3.57351660256832 -16.22769091786216 -1.4
      vertex -3.57351660256832 -14.772309082137843 -1.4
      vertex -3.65 -15.5 -1.4
    endloop
  endfacet
  facet normal 0 0 1
    outer loop
      vertex -2.4919571222560037 -18.10100688917088 -1.4
      vertex -2.525 -15.5 -1.4
      vertex -2.981559480312316 -13.442751616976345 -1.4
    endloop
  endfacet
  facet normal 0 0 1
    outer loop
      vertex -3.3474091017491028 -16.9235782507653 -1.4
      vertex -3.3474091017491028 -14.076421749234699 -1.4
      vertex -3.57351660256832 -14.772309082137843 -1.4
    endloop
  endfacet
  facet normal 0 0 1
    outer loop
      vertex -2.981559480312316 -17.557248383023655 -1.4
      vertex -2.981559480312316 -13.442751616976345 -1.4
      vertex -3.3474091017491028 -14.076421749234699 -1.4
    endloop
  endfacet
  facet normal -0.9510565162951534 0.30901699437494756 0
    outer loop
      vertex -3.57351660256832 -14.772309082137843 -1.8
      vertex -3.57351660256832 -14.772309082137843 -1.4
      vertex -3.3474091017491028 -14.076421749234699 -1.8
    endloop
  endfacet
  facet normal -0.9510565162951534 0.30901699437494756 0
    outer loop
      vertex -3.3474091017491028 -14.076421749234699 -1.8
      vertex -3.57351660256832 -14.772309082137843 -1.4
      vertex -3.3474091017491028 -14.076421749234699 -1.4
    endloop
  endfacet
  facet normal -0.8660254037844384 0.5000000000000003 0
    outer loop
      vertex -3.3474091017491028 -14.076421749234699 -1.8
      vertex -3.3474091017491028 -14.076421749234699 -1.4
      vertex -2.981559480312316 -13.442751616976345 -1.8
    endloop
  endfacet
  facet normal 0 0 1
    outer loop
      vertex -2.981559480312316 -13.442751616976345 -1.4
      vertex -2.525 -15.5 -1.4
      vertex -2.4731005517427884 -15.006209734307822 -1.4
    endloop
  endfacet
  facet normal 0 0 1
    outer loop
      vertex -2.981559480312316 -13.442751616976345 -1.4
      vertex -2.4731005517427884 -15.006209734307822 -1.4
      vertex -2.4919571222560037 -12.898993110829121 -1.4
    endloop
  endfacet
  facet normal 0 0 1
    outer loop
      vertex -2.4919571222560037 -12.898993110829121 -1.4
      vertex -2.4731005517427884 -15.006209734307822 -1.4
      vertex -2.3196704619011768 -14.534000472694974 -1.4
    endloop
  endfacet
  facet normal 0 0 1
    outer loop
      vertex -2.4919571222560037 -12.898993110829121 -1.4
      vertex -2.3196704619011768 -14.534000472694974 -1.4
      vertex -2.0714153616405 -14.104010025805376 -1.4
    endloop
  endfacet
  facet normal -0.8660254037844384 0.5000000000000003 0
    outer loop
      vertex -3.3474091017491028 -14.076421749234699 -1.4
      vertex -2.981559480312316 -13.442751616976345 -1.4
      vertex -2.981559480312316 -13.442751616976345 -1.8
    endloop
  endfacet
  facet normal -0.7431448254773945 0.6691306063588581 0
    outer loop
      vertex -2.981559480312316 -13.442751616976345 -1.8
      vertex -2.981559480312316 -13.442751616976345 -1.4
      vertex -2.4919571222560037 -12.898993110829121 -1.8
    endloop
  endfacet
  facet normal -0.7431448254773945 0.6691306063588581 0
    outer loop
      vertex -2.4919571222560037 -12.898993110829121 -1.8
      vertex -2.981559480312316 -13.442751616976345 -1.4
      vertex -2.4919571222560037 -12.898993110829121 -1.4
    endloop
  endfacet
  facet normal -0.5877852522924732 0.8090169943749472 0
    outer loop
      vertex -2.4919571222560037 -12.898993110829121 -1.8
      vertex -2.4919571222560037 -12.898993110829121 -1.4
      vertex -1.9 -12.468911086754465 -1.8
    endloop
  endfacet
  facet normal 0 0 1
    outer loop
      vertex -2.4919571222560037 -12.898993110829121 -1.4
      vertex -2.0714153616405 -14.104010025805376 -1.4
      vertex -1.7391851901022881 -13.735031039491188 -1.4
    endloop
  endfacet
  facet normal 0 0 1
    outer loop
      vertex -1.9 -12.468911086754465 -1.4
      vertex -1.7391851901022881 -13.735031039491188 -1.4
      vertex -1.3375 -13.443189666011959 -1.4
    endloop
  endfacet
  facet normal 0 0 1
    outer loop
      vertex -2.4919571222560037 -12.898993110829121 -1.4
      vertex -1.7391851901022881 -13.735031039491188 -1.4
      vertex -1.9 -12.468911086754465 -1.4
    endloop
  endfacet
  facet normal 0 0 1
    outer loop
      vertex -1.9 -12.468911086754465 -1.4
      vertex -1.3375 -13.443189666011959 -1.4
      vertex -0.8839153616405001 -13.24124077379901 -1.4
    endloop
  endfacet
  facet normal 0 0 1
    outer loop
      vertex -1.2315594803123158 -12.171302192966962 -1.4
      vertex -0.8839153616405001 -13.24124077379901 -1.4
      vertex -0.398255100260677 -13.13801049850035 -1.4
    endloop
  endfacet
  facet normal 0 0 1
    outer loop
      vertex -0.5158496214367871 -12.019173366211044 -1.4
      vertex -0.398255100260677 -13.13801049850035 -1.4
      vertex 0.09825510026067699 -13.13801049850035 -1.4
    endloop
  endfacet
  facet normal 0 0 1
    outer loop
      vertex 0.21584962143678713 -12.019173366211044 -1.4
      vertex 0.09825510026067699 -13.13801049850035 -1.4
      vertex 0.5839153616405001 -13.24124077379901 -1.4
    endloop
  endfacet
  facet normal 0 0 1
    outer loop
      vertex 0.9315594803123158 -12.171302192966962 -1.4
      vertex 0.5839153616405001 -13.24124077379901 -1.4
      vertex 1.0375 -13.443189666011959 -1.4
    endloop
  endfacet
  facet normal -0.5877852522924732 0.8090169943749472 0
    outer loop
      vertex -2.4919571222560037 -12.898993110829121 -1.4
      vertex -1.9 -12.468911086754465 -1.4
      vertex -1.9 -12.468911086754465 -1.8
    endloop
  endfacet
  facet normal -0.406736643075801 0.9135454576426006 0
    outer loop
      vertex -1.9 -12.468911086754465 -1.8
      vertex -1.9 -12.468911086754465 -1.4
      vertex -1.2315594803123158 -12.171302192966962 -1.8
    endloop
  endfacet
  facet normal -0.406736643075801 0.9135454576426006 0
    outer loop
      vertex -1.9 -12.468911086754465 -1.4
      vertex -1.2315594803123158 -12.171302192966962 -1.4
      vertex -1.2315594803123158 -12.171302192966962 -1.8
    endloop
  endfacet
  facet normal -0.20791169081775812 0.9781476007338058 0
    outer loop
      vertex -1.2315594803123158 -12.171302192966962 -1.8
      vertex -1.2315594803123158 -12.171302192966962 -1.4
      vertex -0.5158496214367871 -12.019173366211044 -1.8
    endloop
  endfacet
  facet normal 0 1 0
    outer loop
      vertex -0.5158496214367871 -12.019173366211044 -1.8
      vertex -0.5158496214367871 -12.019173366211044 -1.4
      vertex 0.21584962143678713 -12.019173366211044 -1.8
    endloop
  endfacet
  facet normal -0.20791169081775812 0.9781476007338058 0
    outer loop
      vertex -0.5158496214367871 -12.019173366211044 -1.8
      vertex -1.2315594803123158 -12.171302192966962 -1.4
      vertex -0.5158496214367871 -12.019173366211044 -1.4
    endloop
  endfacet
  facet normal 0.2079116908177581 0.9781476007338058 0
    outer loop
      vertex 0.9315594803123158 -12.171302192966962 -1.8
      vertex 0.21584962143678713 -12.019173366211044 -1.4
      vertex 0.9315594803123158 -12.171302192966962 -1.4
    endloop
  endfacet
  facet normal 0 1 0
    outer loop
      vertex 0.21584962143678713 -12.019173366211044 -1.8
      vertex -0.5158496214367871 -12.019173366211044 -1.4
      vertex 0.21584962143678713 -12.019173366211044 -1.4
    endloop
  endfacet
  facet normal 0.2079116908177581 0.9781476007338058 0
    outer loop
      vertex 0.9315594803123158 -12.171302192966962 -1.8
      vertex 0.21584962143678713 -12.019173366211044 -1.8
      vertex 0.21584962143678713 -12.019173366211044 -1.4
    endloop
  endfacet
  facet normal 0 0 1
    outer loop
      vertex -1.9 -12.468911086754465 -1.4
      vertex -0.8839153616405001 -13.24124077379901 -1.4
      vertex -1.2315594803123158 -12.171302192966962 -1.4
    endloop
  endfacet
  facet normal 0 0 1
    outer loop
      vertex -1.2315594803123158 -12.171302192966962 -1.4
      vertex -0.398255100260677 -13.13801049850035 -1.4
      vertex -0.5158496214367871 -12.019173366211044 -1.4
    endloop
  endfacet
  facet normal 0 0 1
    outer loop
      vertex -0.5158496214367871 -12.019173366211044 -1.4
      vertex 0.09825510026067699 -13.13801049850035 -1.4
      vertex 0.21584962143678713 -12.019173366211044 -1.4
    endloop
  endfacet
  facet normal 0 0 1
    outer loop
      vertex 0.9315594803123158 -12.171302192966962 -1.4
      vertex 0.21584962143678713 -12.019173366211044 -1.4
      vertex 0.5839153616405001 -13.24124077379901 -1.4
    endloop
  endfacet
  facet normal 0.9510565162951531 -0.30901699437494895 0
    outer loop
      vertex 3.047409101749103 -16.9235782507653 -1.8
      vertex 3.27351660256832 -16.22769091786216 -1.8
      vertex 3.27351660256832 -16.22769091786216 -1.4
    endloop
  endfacet
  facet normal 0.9510565162951531 -0.30901699437494895 0
    outer loop
      vertex 3.047409101749103 -16.9235782507653 -1.8
      vertex 3.27351660256832 -16.22769091786216 -1.4
      vertex 3.047409101749103 -16.9235782507653 -1.4
    endloop
  endfacet
  facet normal 0.9945218953682734 -0.10452846326765308 0
    outer loop
      vertex 3.27351660256832 -16.22769091786216 -1.8
      vertex 3.35 -15.5 -1.4
      vertex 3.27351660256832 -16.22769091786216 -1.4
    endloop
  endfacet
  facet normal 0 0 1
    outer loop
      vertex 2.191957122256004 -18.10100688917088 -1.4
      vertex 2.1731005517427886 -15.993790265692178 -1.4
      vertex 2.019670461901177 -16.465999527305026 -1.4
    endloop
  endfacet
  facet normal 0 0 1
    outer loop
      vertex 2.681559480312316 -17.557248383023655 -1.4
      vertex 2.225 -15.5 -1.4
      vertex 2.1731005517427886 -15.993790265692178 -1.4
    endloop
  endfacet
  facet normal 0 0 1
    outer loop
      vertex 2.681559480312316 -17.557248383023655 -1.4
      vertex 3.047409101749103 -16.9235782507653 -1.4
      vertex 2.681559480312316 -13.442751616976345 -1.4
    endloop
  endfacet
  facet normal 0.9945218953682734 -0.10452846326765308 0
    outer loop
      vertex 3.27351660256832 -16.22769091786216 -1.8
      vertex 3.35 -15.5 -1.8
      vertex 3.35 -15.5 -1.4
    endloop
  endfacet
  facet normal 0.9945218953682734 0.10452846326765335 0
    outer loop
      vertex 3.35 -15.5 -1.8
      vertex 3.27351660256832 -14.772309082137843 -1.4
      vertex 3.35 -15.5 -1.4
    endloop
  endfacet
  facet normal 0.9945218953682734 0.10452846326765335 0
    outer loop
      vertex 3.35 -15.5 -1.8
      vertex 3.27351660256832 -14.772309082137843 -1.8
      vertex 3.27351660256832 -14.772309082137843 -1.4
    endloop
  endfacet
  facet normal 0 0 1
    outer loop
      vertex 3.047409101749103 -16.9235782507653 -1.4
      vertex 3.27351660256832 -16.22769091786216 -1.4
      vertex 3.047409101749103 -14.076421749234699 -1.4
    endloop
  endfacet
  facet normal 0 0 1
    outer loop
      vertex 3.27351660256832 -16.22769091786216 -1.4
      vertex 3.35 -15.5 -1.4
      vertex 3.27351660256832 -14.772309082137843 -1.4
    endloop
  endfacet
  facet normal 0 0 1
    outer loop
      vertex 2.681559480312316 -17.557248383023655 -1.4
      vertex 2.191957122256004 -12.898993110829121 -1.4
      vertex 2.225 -15.5 -1.4
    endloop
  endfacet
  facet normal 0 0 1
    outer loop
      vertex 3.27351660256832 -16.22769091786216 -1.4
      vertex 3.27351660256832 -14.772309082137843 -1.4
      vertex 3.047409101749103 -14.076421749234699 -1.4
    endloop
  endfacet
  facet normal 0.9510565162951534 0.30901699437494756 0
    outer loop
      vertex 3.27351660256832 -14.772309082137843 -1.8
      vertex 3.047409101749103 -14.076421749234699 -1.8
      vertex 3.047409101749103 -14.076421749234699 -1.4
    endloop
  endfacet
  facet normal 0.9510565162951534 0.30901699437494756 0
    outer loop
      vertex 3.27351660256832 -14.772309082137843 -1.8
      vertex 3.047409101749103 -14.076421749234699 -1.4
      vertex 3.27351660256832 -14.772309082137843 -1.4
    endloop
  endfacet
  facet normal 0.8660254037844384 0.5000000000000003 0
    outer loop
      vertex 3.047409101749103 -14.076421749234699 -1.8
      vertex 2.681559480312316 -13.442751616976345 -1.4
      vertex 3.047409101749103 -14.076421749234699 -1.4
    endloop
  endfacet
  facet normal 0 0 1
    outer loop
      vertex 2.191957122256004 -12.898993110829121 -1.4
      vertex 2.1731005517427886 -15.006209734307822 -1.4
      vertex 2.225 -15.5 -1.4
    endloop
  endfacet
  facet normal 0 0 1
    outer loop
      vertex 2.191957122256004 -12.898993110829121 -1.4
      vertex 2.019670461901177 -14.534000472694974 -1.4
      vertex 2.1731005517427886 -15.006209734307822 -1.4
    endloop
  endfacet
  facet normal 0 0 1
    outer loop
      vertex 2.681559480312316 -17.557248383023655 -1.4
      vertex 2.681559480312316 -13.442751616976345 -1.4
      vertex 2.191957122256004 -12.898993110829121 -1.4
    endloop
  endfacet
  facet normal 0 0 1
    outer loop
      vertex 3.047409101749103 -16.9235782507653 -1.4
      vertex 3.047409101749103 -14.076421749234699 -1.4
      vertex 2.681559480312316 -13.442751616976345 -1.4
    endloop
  endfacet
  facet normal 0.5877852522924732 0.8090169943749472 0
    outer loop
      vertex 2.191957122256004 -12.898993110829121 -1.8
      vertex 1.6 -12.468911086754465 -1.4
      vertex 2.191957122256004 -12.898993110829121 -1.4
    endloop
  endfacet
  facet normal 0.8660254037844384 0.5000000000000003 0
    outer loop
      vertex 3.047409101749103 -14.076421749234699 -1.8
      vertex 2.681559480312316 -13.442751616976345 -1.8
      vertex 2.681559480312316 -13.442751616976345 -1.4
    endloop
  endfacet
  facet normal 0.7431448254773945 0.6691306063588581 0
    outer loop
      vertex 2.681559480312316 -13.442751616976345 -1.8
      vertex 2.191957122256004 -12.898993110829121 -1.4
      vertex 2.681559480312316 -13.442751616976345 -1.4
    endloop
  endfacet
  facet normal 0.7431448254773945 0.6691306063588581 0
    outer loop
      vertex 2.191957122256004 -12.898993110829121 -1.8
      vertex 2.191957122256004 -12.898993110829121 -1.4
      vertex 2.681559480312316 -13.442751616976345 -1.8
    endloop
  endfacet
  facet normal 0 0 1
    outer loop
      vertex 1.6 -12.468911086754465 -1.4
      vertex 1.4391851901022883 -13.735031039491188 -1.4
      vertex 1.7714153616405004 -14.104010025805376 -1.4
    endloop
  endfacet
  facet normal 0 0 1
    outer loop
      vertex 1.6 -12.468911086754465 -1.4
      vertex 1.7714153616405004 -14.104010025805376 -1.4
      vertex 2.019670461901177 -14.534000472694974 -1.4
    endloop
  endfacet
  facet normal 0 0 1
    outer loop
      vertex 2.191957122256004 -12.898993110829121 -1.4
      vertex 1.6 -12.468911086754465 -1.4
      vertex 2.019670461901177 -14.534000472694974 -1.4
    endloop
  endfacet
  facet normal 0 0 1
    outer loop
      vertex 0.9315594803123158 -12.171302192966962 -1.4
      vertex 1.0375 -13.443189666011959 -1.4
      vertex 1.4391851901022883 -13.735031039491188 -1.4
    endloop
  endfacet
  facet normal 0 0 1
    outer loop
      vertex 0.9315594803123158 -12.171302192966962 -1.4
      vertex 1.4391851901022883 -13.735031039491188 -1.4
      vertex 1.6 -12.468911086754465 -1.4
    endloop
  endfacet
  facet normal 0.406736643075801 0.9135454576426006 0
    outer loop
      vertex 0.9315594803123158 -12.171302192966962 -1.8
      vertex 0.9315594803123158 -12.171302192966962 -1.4
      vertex 1.6 -12.468911086754465 -1.8
    endloop
  endfacet
  facet normal 0.406736643075801 0.9135454576426006 0
    outer loop
      vertex 0.9315594803123158 -12.171302192966962 -1.4
      vertex 1.6 -12.468911086754465 -1.4
      vertex 1.6 -12.468911086754465 -1.8
    endloop
  endfacet
  facet normal 0.5877852522924732 0.8090169943749472 0
    outer loop
      vertex 2.191957122256004 -12.898993110829121 -1.8
      vertex 1.6 -12.468911086754465 -1.8
      vertex 1.6 -12.468911086754465 -1.4
    endloop
  endfacet
endsolid OpenSCAD_Model
