solid OpenSCAD_Model
  facet normal 0.359996808120053 -1.9717446377063127e-15 -0.9329535348254883
    outer loop
      vertex -16.47733052504287 -62.46582564889464 6.304339366403104
      vertex -14.019636364442336 -61.19155848240801 7.252684616327024
      vertex -16.42050860913866 -62.54724371785316 6.326265118965484
    endloop
  endfacet
  facet normal 0.35999680812005136 1.0580884893232264e-15 -0.9329535348254889
    outer loop
      vertex -16.393541748868707 -62.58553448727295 6.336670764327039
      vertex -16.42050860913866 -62.54724371785316 6.326265118965484
      vertex -14.019437675866008 -61.19207267901026 7.2527612838679225
    endloop
  endfacet
  facet normal 0.3599968081200541 -4.288663807746845e-15 -0.9329535348254879
    outer loop
      vertex -16.393541748868707 -62.58553448727295 6.336670764327039
      vertex -14.019437675866008 -61.19207267901026 7.2527612838679225
      vertex -16.33303754168162 -62.66446811976582 6.360017394841988
    endloop
  endfacet
  facet normal 0.3599968081200461 1.009440800007337e-14 -0.932953534825491
    outer loop
      vertex -16.304346995281655 -62.701231872902625 6.371088155326473
      vertex -16.33303754168162 -62.66446811976582 6.360017394841988
      vertex -14.019437675866008 -61.19207267901026 7.2527612838679225
    endloop
  endfacet
  facet normal 0.35999680812005747 -9.813222233300638e-15 -0.9329535348254866
    outer loop
      vertex -16.304346995281655 -62.701231872902625 6.371088155326473
      vertex -13.995972277634408 -61.24879455566406 7.261815827475202
      vertex -16.240263042460576 -62.77750839985973 6.395816094721248
    endloop
  endfacet
  facet normal 0.3599968081200455 1.0388199458317006e-14 -0.9329535348254913
    outer loop
      vertex -16.20994036055903 -62.81266581394012 6.40751664388122
      vertex -16.240263042460576 -62.77750839985973 6.395816094721248
      vertex -13.995972277634408 -61.24879455566406 7.261815827475202
    endloop
  endfacet
  facet normal 0.3599968081200542 -4.005489096828255e-15 -0.9329535348254879
    outer loop
      vertex -16.20994036055903 -62.81266581394012 6.40751664388122
      vertex -13.995855473415308 -61.24904322587527 7.261860898472289
      vertex -16.142386956033807 -62.88613225053606 6.433583333270282
    endloop
  endfacet
  facet normal 0.3599968081200492 3.62910796951799e-15 -0.9329535348254897
    outer loop
      vertex -16.110528680325732 -62.919592622616875 6.445876418765971
      vertex -16.142386956033807 -62.88613225053606 6.433583333270282
      vertex -13.969832350726266 -61.304473876953125 7.271902385808659
    endloop
  endfacet
  facet normal 0.3599968081200528 -1.6337410733314616e-15 -0.9329535348254886
    outer loop
      vertex -16.110528680325732 -62.919592622616875 6.445876418765971
      vertex -13.969832350726266 -61.304473876953125 7.271902385808659
      vertex -16.03962453459463 -62.990115243197714 6.473236051580322
    endloop
  endfacet
  facet normal 0.35999680812004614 7.630763608882944e-15 -0.9329535348254909
    outer loop
      vertex -16.00633088771675 -63.02181847152069 6.4860830007147765
      vertex -16.03962453459463 -62.990115243197714 6.473236051580322
      vertex -13.969832350726266 -61.304473876953125 7.271902385808659
    endloop
  endfacet
  facet normal 0.35999680812005674 -7.32486933481538e-15 -0.932953534825487
    outer loop
      vertex -16.00633088771675 -63.02181847152069 6.4860830007147765
      vertex -13.941169763925787 -61.35871887207031 7.2829623575816
      vertex -15.932195332234622 -63.08921834622154 6.514689530778212
    endloop
  endfacet
  facet normal 0.35999680812004226 1.1902535878444418e-14 -0.9329535348254926
    outer loop
      vertex -15.897570060228851 -63.11908474036301 6.528050311285568
      vertex -15.932195332234622 -63.08921834622154 6.514689530778212
      vertex -13.941169763925787 -61.35871887207031 7.2829623575816
    endloop
  endfacet
  facet normal 0.3599968081200515 -4.951756557830865e-17 -0.932953534825489
    outer loop
      vertex -15.897570060228851 -63.11908474036301 6.528050311285568
      vertex -13.941030457393094 -61.35895467832909 7.283016111498862
      vertex -15.820339196390137 -63.183245514743334 6.557851221440748
    endloop
  endfacet
  facet normal 0.35999680812005336 -2.241232332737128e-15 -0.9329535348254883
    outer loop
      vertex -15.784487500699285 -63.21122937669632 6.571685239462677
      vertex -15.820339196390137 -63.183245514743334 6.557851221440748
      vertex -13.910047606878413 -61.411376953125 7.294971398525918
    endloop
  endfacet
  facet normal 0.35999680812004864 3.3092211135898634e-15 -0.9329535348254899
    outer loop
      vertex -15.784487500699285 -63.21122937669632 6.571685239462677
      vertex -13.910047606878413 -61.411376953125 7.294971398525918
      vertex -15.704295606947388 -63.27198965902618 6.602628715970523
    endloop
  endfacet
  facet normal 0.35999680812005247 -4.2036564149517246e-16 -0.9329535348254885
    outer loop
      vertex -15.667324148081638 -63.29802595911587 6.6168948146414515
      vertex -15.704295606947388 -63.27198965902618 6.602628715970523
      vertex -13.909897824409098 -61.41160485517329 7.295029194770698
    endloop
  endfacet
  facet normal 0.359996808120052 -3.555623676845449e-16 -0.9329535348254888
    outer loop
      vertex -15.667324148081638 -63.29802595911587 6.6168948146414515
      vertex -13.876566165748631 -61.46234130859375 7.307890811431338
      vertex -15.584317508485164 -63.355276400581076 6.648924411177673
    endloop
  endfacet
  facet normal 0.3599968081200458 6.0741653357359835e-15 -0.932953534825491
    outer loop
      vertex -15.546336327179679 -63.3793289368158 6.663580129311761
      vertex -15.584317508485164 -63.355276400581076 6.648924411177673
      vertex -13.876566165748631 -61.46234130859375 7.307890811431338
    endloop
  endfacet
  facet normal 0.35999680812005264 -7.399164677854154e-16 -0.9329535348254886
    outer loop
      vertex -15.546336327179679 -63.3793289368158 6.663580129311761
      vertex -13.876566165748631 -61.46234130859375 7.307890811431338
      vertex -15.4606648338745 -63.43292622586466 6.696638007314776
    endloop
  endfacet
  facet normal 0.35999680812005974 -7.242832103516402e-15 -0.9329535348254858
    outer loop
      vertex -15.421785076177732 -63.45495241607047 6.711640457221283
      vertex -15.4606648338745 -63.43292622586466 6.696638007314776
      vertex -13.84078871210379 -61.51148986816406 7.321696181831929
    endloop
  endfacet
  facet normal 0.3599968081200537 -1.5268988241880125e-15 -0.9329535348254882
    outer loop
      vertex -15.421785076177732 -63.45495241607047 6.711640457221283
      vertex -13.84078871210379 -61.51148986816406 7.321696181831929
      vertex -15.333602889755348 -63.50477310657392 6.745667131069562
    endloop
  endfacet
  facet normal 0.35999680812005236 -4.1691555601201564e-16 -0.9329535348254886
    outer loop
      vertex -15.333602889755348 -63.50477310657392 6.745667131069562
      vertex -13.84078871210379 -61.51148986816406 7.321696181831929
      vertex -15.243284257009618 -63.55059913176968 6.780518190943956
    endloop
  endfacet
  facet normal 0.35999680812004425 5.943790564510169e-15 -0.9329535348254917
    outer loop
      vertex -15.20340993032791 -63.57067137456157 6.795904413082056
      vertex -15.243284257009618 -63.55059913176968 6.780518190943956
      vertex -13.84078871210379 -61.51148986816406 7.321696181831929
    endloop
  endfacet
  facet normal 0.35999680812005147 8.92251494178579e-16 -0.932953534825489
    outer loop
      vertex -14.074222231673298 -61.01438903808594 7.231621683138945
      vertex -14.058712874987526 -61.074462890625 7.237606245814853
      vertex -16.47733052504287 -62.46582564889464 6.304339366403104
    endloop
  endfacet
  facet normal 0.3599968081200552 -6.3085918884045334e-15 -0.9329535348254876
    outer loop
      vertex -14.058712874987526 -61.074462890625 7.237606245814853
      vertex -14.040555885854207 -61.13338715368135 7.24461244482592
      vertex -16.47733052504287 -62.46582564889464 6.304339366403104
    endloop
  endfacet
  facet normal 0.3599968081201008 -1.0230656586045114e-13 -0.9329535348254698
    outer loop
      vertex -14.040474327003194 -61.13365173339844 7.244643915767337
      vertex -16.47733052504287 -62.46582564889464 6.304339366403104
      vertex -14.040555885854207 -61.13338715368135 7.24461244482592
    endloop
  endfacet
  facet normal 0.35999680812022333 -5.521857642981613e-13 -0.9329535348254226
    outer loop
      vertex -16.42050860913866 -62.54724371785316 6.326265118965484
      vertex -14.019636364442336 -61.19155848240801 7.252684616327024
      vertex -14.019542921587771 -61.19181823730469 7.252720672923767
    endloop
  endfacet
  facet normal 0.35999680811901363 2.199243071159446e-12 -0.9329535348258895
    outer loop
      vertex -16.42050860913866 -62.54724371785316 6.326265118965484
      vertex -14.019542921587771 -61.19181823730469 7.252720672923767
      vertex -14.019437675866008 -61.19207267901026 7.2527612838679225
    endloop
  endfacet
  facet normal 0.3599968081200526 0 -0.9329535348254885
    outer loop
      vertex -16.47733052504287 -62.46582564889464 6.304339366403104
      vertex -14.040474327003194 -61.13365173339844 7.244643915767337
      vertex -14.019636364442336 -61.19155848240801 7.252684616327024
    endloop
  endfacet
  facet normal 0.35999680812004764 7.33868145690821e-15 -0.9329535348254905
    outer loop
      vertex -14.104028016502493 -60.830291748046875 7.220120587959505
      vertex -14.096909829154958 -60.89215087890625 7.222867267862692
      vertex -16.47733052504287 -62.46582564889464 6.304339366403104
    endloop
  endfacet
  facet normal 0.3599968081200593 -1.2839625400392026e-14 -0.932953534825486
    outer loop
      vertex -14.096909829154958 -60.89215087890625 7.222867267862692
      vertex -14.086965618055954 -60.95356750488281 7.226704419576345
      vertex -16.47733052504287 -62.46582564889464 6.304339366403104
    endloop
  endfacet
  facet normal 0.35999680812004664 8.400736623099531e-15 -0.9329535348254908
    outer loop
      vertex -14.109733191974291 -60.705810546875 7.21791914396155
      vertex -14.10830689810634 -60.76812744140625 7.218469504961039
      vertex -16.47733052504287 -62.46582564889464 6.304339366403104
    endloop
  endfacet
  facet normal 0.359996808120055 -4.943233703951675e-15 -0.9329535348254876
    outer loop
      vertex -14.10830689810634 -60.76812744140625 7.218469504961039
      vertex -14.104028016502493 -60.830291748046875 7.220120587959505
      vertex -16.47733052504287 -62.46582564889464 6.304339366403104
    endloop
  endfacet
  facet normal 0.3599968081200486 6.40852088129646e-15 -0.93295353482549
    outer loop
      vertex -14.074222231673298 -61.01438903808594 7.231621683138945
      vertex -16.47733052504287 -62.46582564889464 6.304339366403104
      vertex -14.086965618055954 -60.95356750488281 7.226704419576345
    endloop
  endfacet
  facet normal 0.3599968081200565 -5.0214666249776434e-15 -0.932953534825487
    outer loop
      vertex -16.304346995281655 -62.701231872902625 6.371088155326473
      vertex -14.019437675866008 -61.19207267901026 7.2527612838679225
      vertex -13.995972277634408 -61.24879455566406 7.261815827475202
    endloop
  endfacet
  facet normal 0.35999680811957213 1.1301317717610507e-12 -0.932953534825674
    outer loop
      vertex -16.20994036055903 -62.81266581394012 6.40751664388122
      vertex -13.995972277634408 -61.24879455566406 7.261815827475202
      vertex -13.995855473415308 -61.24904322587527 7.261860898472289
    endloop
  endfacet
  facet normal 0.3599968081200513 3.9683488388086896e-16 -0.932953534825489
    outer loop
      vertex -15.20340993032791 -63.57067137456157 6.795904413082056
      vertex -13.802805123226461 -61.558685302734375 7.336352828970674
      vertex -15.110922409147056 -63.61252122733328 6.831592377351649
    endloop
  endfacet
  facet normal 0.35999680812006113 -7.348643558358184e-15 -0.9329535348254853
    outer loop
      vertex -15.07036363167457 -63.63050211091716 6.847242707069386
      vertex -15.110922409147056 -63.61252122733328 6.831592377351649
      vertex -13.762702016561994 -61.60383605957031 7.3518273299570565
    endloop
  endfacet
  facet normal 0.35999680812004825 2.2040869069335585e-15 -0.93295353482549
    outer loop
      vertex -15.07036363167457 -63.63050211091716 6.847242707069386
      vertex -13.762702016561994 -61.60383605957031 7.3518273299570565
      vertex -14.975881568032667 -63.66824900884924 6.883700301221749
    endloop
  endfacet
  facet normal 0.35999680812005075 5.593636771151314e-16 -0.9329535348254894
    outer loop
      vertex -14.9347501945507 -63.68411415390286 6.899571577351135
      vertex -14.975881568032667 -63.66824900884924 6.883700301221749
      vertex -13.762702016561994 -61.60383605957031 7.3518273299570565
    endloop
  endfacet
  facet normal 0.35999680812005186 -1.8907340771130126e-16 -0.9329535348254888
    outer loop
      vertex -14.9347501945507 -63.68411415390286 6.899571577351135
      vertex -13.762702016561994 -61.60383605957031 7.3518273299570565
      vertex -14.83845252403575 -63.71768476114486 6.936729755889215
    endloop
  endfacet
  facet normal 0.35999680812005375 -1.292113827806422e-15 -0.9329535348254882
    outer loop
      vertex -14.796858831773072 -63.73142866274603 6.952779425989123
      vertex -14.83845252403575 -63.71768476114486 6.936729755889215
      vertex -13.762702016561994 -61.60383605957031 7.3518273299570565
    endloop
  endfacet
  facet normal 0.3599968081200525 -1.336159324086932e-15 -0.9329535348254885
    outer loop
      vertex -15.820339196390137 -63.183245514743334 6.557851221440748
      vertex -13.941030457393094 -61.35895467832909 7.283016111498862
      vertex -13.910047606878413 -61.411376953125 7.294971398525918
    endloop
  endfacet
  facet normal 0.3599968081223679 -2.7114831301173358e-12 -0.9329535348245951
    outer loop
      vertex -15.704295606947388 -63.27198965902618 6.602628715970523
      vertex -13.910047606878413 -61.411376953125 7.294971398525918
      vertex -13.909897824409098 -61.41160485517329 7.295029194770698
    endloop
  endfacet
  facet normal 0.35999680812004287 1.0899923378527349e-14 -0.9329535348254924
    outer loop
      vertex -15.667324148081638 -63.29802595911587 6.6168948146414515
      vertex -13.909897824409098 -61.41160485517329 7.295029194770698
      vertex -13.876566165748631 -61.46234130859375 7.307890811431338
    endloop
  endfacet
  facet normal 0.35999680812005225 -1.2820265835727959e-15 -0.9329535348254887
    outer loop
      vertex -16.142386956033807 -62.88613225053606 6.433583333270282
      vertex -13.995855473415308 -61.24904322587527 7.261860898472289
      vertex -13.969832350726266 -61.304473876953125 7.271902385808659
    endloop
  endfacet
  facet normal 0.3599968081200489 5.188875928907e-15 -0.9329535348254899
    outer loop
      vertex -16.00633088771675 -63.02181847152069 6.4860830007147765
      vertex -13.969832350726266 -61.304473876953125 7.271902385808659
      vertex -13.941169763925787 -61.35871887207031 7.2829623575816
    endloop
  endfacet
  facet normal 0.3599968081194229 2.931905882197098e-13 -0.9329535348257315
    outer loop
      vertex -15.897570060228851 -63.11908474036301 6.528050311285568
      vertex -13.941169763925787 -61.35871887207031 7.2829623575816
      vertex -13.941030457393094 -61.35895467832909 7.283016111498862
    endloop
  endfacet
  facet normal 0.3599968081200468 2.7194315102935965e-15 -0.9329535348254908
    outer loop
      vertex -14.796858831773072 -63.73142866274603 6.952779425989123
      vertex -13.720586216929213 -61.646820068359375 7.368078464524075
      vertex -14.698932102758128 -63.76072676281437 6.990566205886592
    endloop
  endfacet
  facet normal 0.35999680812005225 -1.6375534205961803e-16 -0.9329535348254887
    outer loop
      vertex -14.656986443705739 -63.77233666063631 7.00675168866755
      vertex -14.698932102758128 -63.76072676281437 6.990566205886592
      vertex -13.67654737792513 -61.687530517578125 7.385071638227788
    endloop
  endfacet
  facet normal 0.3599968081200529 -5.589909200795617e-16 -0.9329535348254885
    outer loop
      vertex -14.656986443705739 -63.77233666063631 7.00675168866755
      vertex -13.67654737792513 -61.687530517578125 7.385071638227788
      vertex -14.557616088409059 -63.79727628056564 7.045095517586374
    endloop
  endfacet
  facet normal 0.35999680812006307 -5.856147095822261e-15 -0.9329535348254845
    outer loop
      vertex -14.515427995505316 -63.80674874987257 7.061374547805023
      vertex -14.557616088409059 -63.79727628056564 7.045095517586374
      vertex -13.630901368207196 -61.72570381016436 7.402684967497125
    endloop
  endfacet
  facet normal 0.3599968081200461 2.4751767904221987e-15 -0.9329535348254911
    outer loop
      vertex -14.515427995505316 -63.80674874987257 7.061374547805023
      vertex -13.630901368207196 -61.72570381016436 7.402684967497125
      vertex -14.414812348480465 -63.82727635990658 7.100198894810316
    endloop
  endfacet
  facet normal 0.35999680812006235 -8.377964866483547e-15 -0.9329535348254848
    outer loop
      vertex -15.4606648338745 -63.43292622586466 6.696638007314776
      vertex -13.876566165748631 -61.46234130859375 7.307890811431338
      vertex -13.84078871210379 -61.51148986816406 7.321696181831929
    endloop
  endfacet
  facet normal 0.35999680812004575 4.3604534119766924e-15 -0.9329535348254911
    outer loop
      vertex -15.20340993032791 -63.57067137456157 6.795904413082056
      vertex -13.84078871210379 -61.51148986816406 7.321696181831929
      vertex -13.802805123226461 -61.558685302734375 7.336352828970674
    endloop
  endfacet
  facet normal 0.35999680812004803 3.661894356897338e-15 -0.9329535348254901
    outer loop
      vertex -15.110922409147056 -63.61252122733328 6.831592377351649
      vertex -13.802805123226461 -61.558685302734375 7.336352828970674
      vertex -13.762702016561994 -61.60383605957031 7.3518273299570565
    endloop
  endfacet
  facet normal 0.35999680812004586 2.4268306660120102e-15 -0.9329535348254911
    outer loop
      vertex -14.372489088448846 -63.83462158919043 7.116530081682841
      vertex -14.414812348480465 -63.82727635990658 7.100198894810316
      vertex -13.630695690842728 -61.72587585449219 7.402764331786928
    endloop
  endfacet
  facet normal 0.3599968081200563 -1.7736104897601783e-15 -0.932953534825487
    outer loop
      vertex -14.372489088448846 -63.83462158919043 7.116530081682841
      vertex -13.630695690842728 -61.72587585449219 7.402764331786928
      vertex -14.270820445806079 -63.85067220359679 7.155760745881076
    endloop
  endfacet
  facet normal 0.3599968081200473 1.5118229503247465e-15 -0.9329535348254905
    outer loop
      vertex -14.228466313579533 -63.855900746094896 7.17210384534219
      vertex -14.270820445806079 -63.85067220359679 7.155760745881076
      vertex -13.58292728542179 -61.76192946176175 7.4211966253992125
    endloop
  endfacet
  facet normal 0.3599968081200536 -2.657239298999957e-16 -0.9329535348254882
    outer loop
      vertex -14.228466313579533 -63.855900746094896 7.17210384534219
      vertex -13.534013777527662 -61.79512023925781 7.44007077728196
      vertex -14.125947215355026 -63.867409093719225 7.211662673037797
    endloop
  endfacet
  facet normal 0.35999680812004636 2.1165931117887695e-15 -0.932953534825491
    outer loop
      vertex -14.083667321282546 -63.8705274811392 7.227977126379349
      vertex -14.125947215355026 -63.867409093719225 7.211662673037797
      vertex -13.534013777527662 -61.79512023925781 7.44007077728196
    endloop
  endfacet
  facet normal 0.3599968081200511 3.86321814005795e-16 -0.9329535348254893
    outer loop
      vertex -14.796858831773072 -63.73142866274603 6.952779425989123
      vertex -13.762702016561994 -61.60383605957031 7.3518273299570565
      vertex -13.720586216929213 -61.646820068359375 7.368078464524075
    endloop
  endfacet
  facet normal 0.35999680812005164 0 -0.932953534825489
    outer loop
      vertex -14.698932102758128 -63.76072676281437 6.990566205886592
      vertex -13.720586216929213 -61.646820068359375 7.368078464524075
      vertex -13.67654737792513 -61.687530517578125 7.385071638227788
    endloop
  endfacet
  facet normal 0.3599968081200503 3.985794183725435e-16 -0.9329535348254893
    outer loop
      vertex -14.557616088409059 -63.79727628056564 7.045095517586374
      vertex -13.67654737792513 -61.687530517578125 7.385071638227788
      vertex -13.630901368207196 -61.72570381016436 7.402684967497125
    endloop
  endfacet
  facet normal 0.359996808120053 -2.859011709872517e-16 -0.9329535348254884
    outer loop
      vertex -14.083667321282546 -63.8705274811392 7.227977126379349
      vertex -13.483647951195028 -61.82571309606541 7.459505332210216
      vertex -13.980504826643864 -63.8774614668797 7.2677842200890845
    endloop
  endfacet
  facet normal 0.35999680812005785 -1.7321826216660488e-15 -0.9329535348254865
    outer loop
      vertex -13.938400225047083 -63.87849709488317 7.284031033693626
      vertex -13.980504826643864 -63.8774614668797 7.2677842200890845
      vertex -13.483186307525695 -61.825977558737314 7.459683465676937
    endloop
  endfacet
  facet normal 0.35999680812004997 2.301883904442943e-16 -0.9329535348254895
    outer loop
      vertex -13.938400225047083 -63.87849709488317 7.284031033693626
      vertex -13.431470026529913 -61.85386657714844 7.4796391176910575
      vertex -13.834800720214844 -63.88081359863281 7.324006755602864
    endloop
  endfacet
  facet normal 0.35999680811937884 2.739628273094646e-13 -0.9329535348257485
    outer loop
      vertex -14.414812348480465 -63.82727635990658 7.100198894810316
      vertex -13.630901368207196 -61.72570381016436 7.402684967497125
      vertex -13.630695690842728 -61.72587585449219 7.402764331786928
    endloop
  endfacet
  facet normal 0.3599968081188371 5.053384559146792e-13 -0.9329535348259574
    outer loop
      vertex -14.270820445806079 -63.85067220359679 7.155760745881076
      vertex -13.58314785009695 -61.76177978515625 7.421111516574307
      vertex -13.58292728542179 -61.76192946176175 7.4211966253992125
    endloop
  endfacet
  facet normal 0.3599968081200585 -2.7144899392718665e-15 -0.9329535348254863
    outer loop
      vertex -14.270820445806079 -63.85067220359679 7.155760745881076
      vertex -13.630695690842728 -61.72587585449219 7.402764331786928
      vertex -13.58314785009695 -61.76177978515625 7.421111516574307
    endloop
  endfacet
  facet normal 0.3599968081200678 -5.4361272306053245e-15 -0.9329535348254828
    outer loop
      vertex -14.228466313579533 -63.855900746094896 7.17210384534219
      vertex -13.58292728542179 -61.76192946176175 7.4211966253992125
      vertex -13.534013777527662 -61.79512023925781 7.44007077728196
    endloop
  endfacet
  facet normal 0.3599968081200425 3.414350400074525e-15 -0.9329535348254924
    outer loop
      vertex -14.083667321282546 -63.8705274811392 7.227977126379349
      vertex -13.534013777527662 -61.79512023925781 7.44007077728196
      vertex -13.483647951195028 -61.82571309606541 7.459505332210216
    endloop
  endfacet
  facet normal 0.35999680811755075 7.002880421444284e-13 -0.932953534826454
    outer loop
      vertex -13.980504826643864 -63.8774614668797 7.2677842200890845
      vertex -13.483647951195028 -61.82571309606541 7.459505332210216
      vertex -13.483420130149485 -61.82585144042969 7.459593241035421
    endloop
  endfacet
  facet normal 0.3599968081218335 -4.77405164831945e-13 -0.9329535348248013
    outer loop
      vertex -13.980504826643864 -63.8774614668797 7.2677842200890845
      vertex -13.483420130149485 -61.82585144042969 7.459593241035421
      vertex -13.483186307525695 -61.825977558737314 7.459683465676937
    endloop
  endfacet
  facet normal 0.35999680812004853 5.447189273619897e-16 -0.93295353482549
    outer loop
      vertex -13.938400225047083 -63.87849709488317 7.284031033693626
      vertex -13.483186307525695 -61.825977558737314 7.459683465676937
      vertex -13.431470026529913 -61.85386657714844 7.4796391176910575
    endloop
  endfacet
  facet normal 0.3599968081200585 -1.7562094520409633e-15 -0.9329535348254863
    outer loop
      vertex -13.834800720214844 -63.88081359863281 7.324006755602864
      vertex -13.431470026529913 -61.85386657714844 7.4796391176910575
      vertex -13.378303627745119 -61.87913513183594 7.5001543235907215
    endloop
  endfacet
  facet normal 0.3599968081210195 -2.6610756909936817e-13 -0.9329535348251153
    outer loop
      vertex -13.834800720214844 -63.88081359863281 7.324006755602864
      vertex -13.378303627745119 -61.87913513183594 7.5001543235907215
      vertex -13.378059287971228 -61.879236139829665 7.500248606462713
    endloop
  endfacet
  facet normal 0.3599968081200542 -4.378021991054837e-16 -0.9329535348254878
    outer loop
      vertex -13.834800720214844 -63.88081359863281 7.324006755602864
      vertex -13.378059287971228 -61.879236139829665 7.500248606462713
      vertex -13.324054322546777 -61.90156555175781 7.521087388298802
    endloop
  endfacet
  facet normal 0.35999680811931506 1.923165261085686e-13 -0.9329535348257731
    outer loop
      vertex -13.834800720214844 -63.88081359863281 7.324006755602864
      vertex -13.324054322546777 -61.90156555175781 7.521087388298802
      vertex -13.323804999146963 -61.901653876189165 7.521183594191991
    endloop
  endfacet
  facet normal 0.35999680812004736 1.5264016649458078e-15 -0.9329535348254905
    outer loop
      vertex -13.834800720214844 -63.88081359863281 7.324006755602864
      vertex -13.323804999146963 -61.901653876189165 7.521183594191991
      vertex -13.268831794865894 -61.92112731933594 7.542395988308723
    endloop
  endfacet
  facet normal 0.35999680811986334 9.613002771828511e-14 -0.9329535348255616
    outer loop
      vertex -13.834800720214844 -63.88081359863281 7.324006755602864
      vertex -13.268831794865894 -61.92112731933594 7.542395988308723
      vertex -13.268578565640544 -61.92120239870871 7.542493701334555
    endloop
  endfacet
  facet normal 0.3599968081200495 4.362636567367488e-16 -0.9329535348254896
    outer loop
      vertex -13.834800720214844 -63.88081359863281 7.324006755602864
      vertex -13.268578565640544 -61.92120239870871 7.542493701334555
      vertex -13.212779350172234 -61.937744140625 7.564024826641832
    endloop
  endfacet
  facet normal 0.3599968081191645 2.8974619845566993e-13 -0.9329535348258312
    outer loop
      vertex -13.834800720214844 -63.88081359863281 7.324006755602864
      vertex -13.212779350172234 -61.937744140625 7.564024826641832
      vertex -13.21252312224849 -61.93780579810661 7.564123696769074
    endloop
  endfacet
  facet normal 0.35999680812004853 1.0952599100336987e-15 -0.9329535348254901
    outer loop
      vertex -13.834800720214844 -63.88081359863281 7.324006755602864
      vertex -13.21252312224849 -61.93780579810661 7.564123696769074
      vertex -13.156037208904818 -61.95140075683594 7.585919796733764
    endloop
  endfacet
  facet normal 0.35999680812006013 -3.737368507784163e-15 -0.9329535348254856
    outer loop
      vertex -13.834800720214844 -63.88081359863281 7.324006755602864
      vertex -13.156037208904818 -61.95140075683594 7.585919796733764
      vertex -13.098741919836199 -61.962066650390625 7.608028208798334
    endloop
  endfacet
  facet normal 0.35999680812087625 -3.634791978640978e-13 -0.9329535348251706
    outer loop
      vertex -13.098480688813051 -61.96210118467035 7.608129009460966
      vertex -13.834800720214844 -63.88081359863281 7.324006755602864
      vertex -13.098741919836199 -61.962066650390625 7.608028208798334
    endloop
  endfacet
  facet normal 0.3599968081200429 3.9677037431755464e-15 -0.9329535348254923
    outer loop
      vertex -13.098480688813051 -61.96210118467035 7.608129009460966
      vertex -13.041019946553302 -61.969696044921875 7.630301264598611
      vertex -13.834800720214844 -63.88081359863281 7.324006755602864
    endloop
  endfacet
  facet normal 0.35999680812005747 -2.997184103183538e-15 -0.9329535348254866
    outer loop
      vertex -13.041019946553302 -61.969696044921875 7.630301264598611
      vertex -12.983021472104037 -61.974273681640625 7.652681013319402
      vertex -13.834800720214844 -63.88081359863281 7.324006755602864
    endloop
  endfacet
  facet normal 0.35999680812003704 7.475624985230364e-15 -0.9329535348254945
    outer loop
      vertex -12.983021472104037 -61.974273681640625 7.652681013319402
      vertex -12.924882967769738 -61.975799560546875 7.675114795075891
      vertex -13.834800720214844 -63.88081359863281 7.324006755602864
    endloop
  endfacet
  facet normal 0.35999680812010937 -1.6308199087036404e-15 -0.9329535348254666
    outer loop
      vertex -16.977810174826722 -61.15523997044719 6.111220342008251
      vertex -14.109733191974291 54.864192962646484 7.21791914396155
      vertex -16.961939029840018 -61.25230605603303 6.117344507170983
    endloop
  endfacet
  facet normal 0.3599968081200241 7.895708501499675e-16 -0.9329535348254996
    outer loop
      vertex -16.977810174826722 -61.15523997044719 6.111220342008251
      vertex -16.98367492236625 -61.107682866501044 6.108957324273874
      vertex -14.109733191974291 54.864192962646484 7.21791914396155
    endloop
  endfacet
  facet normal 0.35999680812002843 6.503886310026054e-16 -0.9329535348254978
    outer loop
      vertex -16.953754127456186 -61.29947412343115 6.120502798150077
      vertex -16.961939029840018 -61.25230605603303 6.117344507170983
      vertex -14.109733191974291 54.864192962646484 7.21791914396155
    endloop
  endfacet
  facet normal 0.3599968081200688 -4.76187076595624e-16 -0.9329535348254824
    outer loop
      vertex -16.923076395644667 -61.44242633205966 6.132340349668198
      vertex -16.933549317381246 -61.3957867102133 6.128299185498575
      vertex -14.109733191974291 54.864192962646484 7.21791914396155
    endloop
  endfacet
  facet normal 0.3599968081200399 3.272671834081114e-16 -0.9329535348254935
    outer loop
      vertex -16.953754127456186 -61.29947412343115 6.120502798150077
      vertex -14.109733191974291 54.864192962646484 7.21791914396155
      vertex -16.933549317381246 -61.3957867102133 6.128299185498575
    endloop
  endfacet
  facet normal 0.35999680811988427 4.828487660783502e-15 -0.9329535348255534
    outer loop
      vertex -17.009105431661634 -60.761045139032085 6.099144507414867
      vertex -17.00979995727539 -60.705810546875 6.098876512284589
      vertex -14.109733191974291 54.864192962646484 7.21791914396155
    endloop
  endfacet
  facet normal 0.3599968081200398 3.415828449824024e-16 -0.9329535348254935
    outer loop
      vertex -16.995186892590212 -61.01005037091969 6.1045152246610845
      vertex -14.109733191974291 54.864192962646484 7.21791914396155
      vertex -16.98367492236625 -61.107682866501044 6.108957324273874
    endloop
  endfacet
  facet normal 0.3599968081200635 -3.360334608028154e-16 -0.9329535348254843
    outer loop
      vertex -16.995186892590212 -61.01005037091969 6.1045152246610845
      vertex -16.998713758744337 -60.96223472883574 6.1031543202743626
      vertex -14.109733191974291 54.864192962646484 7.21791914396155
    endloop
  endfacet
  facet normal 0.3599968081200353 4.740869736917442e-16 -0.9329535348254953
    outer loop
      vertex -17.00584704894526 -60.86419094222926 6.100401812665067
      vertex -14.109733191974291 54.864192962646484 7.21791914396155
      vertex -16.998713758744337 -60.96223472883574 6.1031543202743626
    endloop
  endfacet
  facet normal 0.3599968081202624 -6.057039662412605e-15 -0.9329535348254077
    outer loop
      vertex -17.00792814002649 -60.80898392707046 6.0995987864492
      vertex -14.109733191974291 54.864192962646484 7.21791914396155
      vertex -17.00584704894526 -60.86419094222926 6.100401812665067
    endloop
  endfacet
  facet normal 0.35999680811986573 5.3612977571576294e-15 -0.9329535348255608
    outer loop
      vertex -17.00792814002649 -60.80898392707046 6.0995987864492
      vertex -17.009105431661634 -60.761045139032085 6.099144507414867
      vertex -14.109733191974291 54.864192962646484 7.21791914396155
    endloop
  endfacet
  facet normal 0.35999680812003987 3.107774442644141e-16 -0.9329535348254935
    outer loop
      vertex -16.792060117459297 -61.86053336946367 6.182895323949231
      vertex -16.809155331462136 -61.81621855744583 6.1762988298630574
      vertex -14.109733191974291 54.864192962646484 7.21791914396155
    endloop
  endfacet
  facet normal 0.35999680812006274 -2.925073096301793e-16 -0.9329535348254847
    outer loop
      vertex -16.792060117459297 -61.86053336946367 6.182895323949231
      vertex -14.109733191974291 54.864192962646484 7.21791914396155
      vertex -16.754914216556937 -61.95202249357647 6.197228734200038
    endloop
  endfacet
  facet normal 0.35999680812002266 7.513334780871107e-16 -0.9329535348255001
    outer loop
      vertex -16.73572169992424 -61.9953250256185 6.204634510018073
      vertex -16.754914216556937 -61.95202249357647 6.197228734200038
      vertex -14.109733191974291 54.864192962646484 7.21791914396155
    endloop
  endfacet
  facet normal 0.3599968081200328 5.2316302322906e-16 -0.9329535348254963
    outer loop
      vertex -16.923076395644667 -61.44242633205966 6.132340349668198
      vertex -14.109733191974291 54.864192962646484 7.21791914396155
      vertex -16.898572292205607 -61.53778650496503 6.141795696257945
    endloop
  endfacet
  facet normal 0.35999680812006973 -4.92022034005578e-16 -0.9329535348254819
    outer loop
      vertex -16.885844650346144 -61.58377896641922 6.146706884514667
      vertex -14.109733191974291 54.864192962646484 7.21791914396155
      vertex -16.85707651524463 -61.67803994531235 6.15780758398739
    endloop
  endfacet
  facet normal 0.3599968081200749 -6.35387383554181e-16 -0.9329535348254798
    outer loop
      vertex -16.885844650346144 -61.58377896641922 6.146706884514667
      vertex -16.898572292205607 -61.53778650496503 6.141795696257945
      vertex -14.109733191974291 54.864192962646484 7.21791914396155
    endloop
  endfacet
  facet normal 0.3599968081200035 1.3000030953003908e-15 -0.9329535348255075
    outer loop
      vertex -16.84214047347496 -61.72325801679064 6.1635709228486695
      vertex -16.85707651524463 -61.67803994531235 6.15780758398739
      vertex -14.109733191974291 54.864192962646484 7.21791914396155
    endloop
  endfacet
  facet normal 0.3599968081200651 -3.6002884847367096e-16 -0.9329535348254837
    outer loop
      vertex -16.84214047347496 -61.72325801679064 6.1635709228486695
      vertex -14.109733191974291 54.864192962646484 7.21791914396155
      vertex -16.809155331462136 -61.81621855744583 6.1762988298630574
    endloop
  endfacet
  facet normal 0.35999680812003365 4.5588407318827905e-16 -0.9329535348254958
    outer loop
      vertex -16.67324503581046 -62.12734032387686 6.2287422483173405
      vertex -16.694472571197043 -62.08517050678257 6.220551224114989
      vertex -14.109733191974291 54.864192962646484 7.21791914396155
    endloop
  endfacet
  facet normal 0.35999680812006046 -2.2661667016802385e-16 -0.9329535348254855
    outer loop
      vertex -16.73572169992424 -61.9953250256185 6.204634510018073
      vertex -14.109733191974291 54.864192962646484 7.21791914396155
      vertex -16.694472571197043 -62.08517050678257 6.220551224114989
    endloop
  endfacet
  facet normal 0.3599968081200602 -2.1213029534824595e-16 -0.9329535348254856
    outer loop
      vertex -16.67324503581046 -62.12734032387686 6.2287422483173405
      vertex -14.109733191974291 54.864192962646484 7.21791914396155
      vertex -16.627959795582388 -62.21536806396529 6.24621636822633
    endloop
  endfacet
  facet normal 0.3599968081200666 -3.581931092221119e-16 -0.932953534825483
    outer loop
      vertex -16.60477214938163 -62.25630636527213 6.255163736244663
      vertex -14.109733191974291 54.864192962646484 7.21791914396155
      vertex -16.55552784626359 -62.34235071682097 6.274165531381125
    endloop
  endfacet
  facet normal 0.35999680812001245 9.671817928863891e-16 -0.932953534825504
    outer loop
      vertex -16.60477214938163 -62.25630636527213 6.255163736244663
      vertex -16.627959795582388 -62.21536806396529 6.24621636822633
      vertex -14.109733191974291 54.864192962646484 7.21791914396155
    endloop
  endfacet
  facet normal 0.3599968081200686 -4.0519679826051466e-16 -0.9329535348254823
    outer loop
      vertex -16.530454852409125 -62.38194288515287 6.2838403945127705
      vertex -16.55552784626359 -62.34235071682097 6.274165531381125
      vertex -14.109733191974291 54.864192962646484 7.21791914396155
    endloop
  endfacet
  facet normal 0.3599968081200243 6.441779865769006e-16 -0.9329535348254995
    outer loop
      vertex -16.530454852409125 -62.38194288515287 6.2838403945127705
      vertex -14.109733191974291 54.864192962646484 7.21791914396155
      vertex -16.47733052504287 -62.46582564889464 6.304339366403104
    endloop
  endfacet
  facet normal 0.3599968081200521 0 -0.9329535348254888
    outer loop
      vertex -14.109733191974291 -60.705810546875 7.21791914396155
      vertex -16.47733052504287 -62.46582564889464 6.304339366403104
      vertex -14.109733191974291 54.864192962646484 7.21791914396155
    endloop
  endfacet
  facet normal 0.35999680812005164 1.0438041231109806e-15 -0.9329535348254889
    outer loop
      vertex 12.835199356079102 -63.88081359863281 17.61510330182396
      vertex -13.834800720214844 -63.88081359863281 7.324006755602864
      vertex -12.924882967769738 -61.975799560546875 7.675114795075891
    endloop
  endfacet
  facet normal 0.3599968081200517 0 -0.9329535348254888
    outer loop
      vertex -17.00979995727539 -60.705810546875 6.098876512284589
      vertex -17.00979995727539 54.864192962646484 6.098876512284589
      vertex -14.109733191974291 54.864192962646484 7.21791914396155
    endloop
  endfacet
  facet normal 0.3599968081200518 0 -0.9329535348254889
    outer loop
      vertex -14.109733191974291 54.864192962646484 7.21791914396155
      vertex -17.00979995727539 54.864192962646484 6.098876512284589
      vertex -17.00775070531696 54.95910818673147 6.099667252805452
    endloop
  endfacet
  facet normal 0.3599968081200514 -4.2005945628440296e-15 -0.9329535348254889
    outer loop
      vertex -17.000425119434652 55.10179362590521 6.102493961142789
      vertex -14.10830689810634 54.926509857177734 7.218469504961039
      vertex -17.006573319587712 55.007048479119916 6.100121568147678
    endloop
  endfacet
  facet normal 0.3599968081200515 3.2184749266017587e-15 -0.9329535348254888
    outer loop
      vertex -17.00775070531696 54.95910818673147 6.099667252805452
      vertex -17.006573319587712 55.007048479119916 6.100121568147678
      vertex -14.10830689810634 54.926509857177734 7.218469504961039
    endloop
  endfacet
  facet normal 0.3599968081200518 4.0024003907064025e-15 -0.9329535348254888
    outer loop
      vertex -17.000425119434652 55.10179362590521 6.102493961142789
      vertex -16.996898627929212 55.149606339109695 6.103854720964615
      vertex -14.10830689810634 54.926509857177734 7.218469504961039
    endloop
  endfacet
  facet normal 0.3599968081200531 1.6865384701866864e-14 -0.9329535348254883
    outer loop
      vertex -16.986662555278198 55.244021232916545 6.107804492678315
      vertex -16.980798889417905 55.2915715463634 6.110067093027413
      vertex -14.104028016502493 54.98867416381836 7.220120587959505
    endloop
  endfacet
  facet normal 0.35999680812005136 -5.854578972677104e-15 -0.9329535348254892
    outer loop
      vertex -16.986662555278198 55.244021232916545 6.107804492678315
      vertex -14.104028016502493 54.98867416381836 7.220120587959505
      vertex -16.996898627929212 55.149606339109695 6.103854720964615
    endloop
  endfacet
  facet normal 0.3599968081200513 -2.5823027698948563e-15 -0.9329535348254889
    outer loop
      vertex -16.96648949905137 55.3854876538849 6.115588627236574
      vertex -14.104028016502493 54.98867416381836 7.220120587959505
      vertex -16.980798889417905 55.2915715463634 6.110067093027413
    endloop
  endfacet
  facet normal 0.3599968081200504 -1.0783991819189125e-14 -0.9329535348254895
    outer loop
      vertex -16.96648949905137 55.3854876538849 6.115588627236574
      vertex -16.95830694267716 55.432640386209826 6.118746012965894
      vertex -14.104028016502493 54.98867416381836 7.220120587959505
    endloop
  endfacet
  facet normal 0.3599968081200496 -1.1649946331055907e-14 -0.9329535348254896
    outer loop
      vertex -16.939947590226062 55.52590186943505 6.125830297482576
      vertex -16.929478910837425 55.572526257614946 6.1298698246663665
      vertex -14.096909829154958 55.050540924072266 7.222867267862692
    endloop
  endfacet
  facet normal 0.359996808120053 1.155871418435498e-14 -0.9329535348254883
    outer loop
      vertex -16.939947590226062 55.52590186943505 6.125830297482576
      vertex -14.096909829154958 55.050540924072266 7.222867267862692
      vertex -16.95830694267716 55.432640386209826 6.118746012965894
    endloop
  endfacet
  facet normal 0.3599968081200485 -1.5263571464273828e-14 -0.9329535348254901
    outer loop
      vertex -16.90709394391982 55.66496577284777 6.138507464526661
      vertex -16.89437318097152 55.710933043220635 6.143415998432474
      vertex -14.096909829154958 55.050540924072266 7.222867267862692
    endloop
  endfacet
  facet normal 0.35999680812005214 3.798628161971688e-15 -0.9329535348254888
    outer loop
      vertex -16.90709394391982 55.66496577284777 6.138507464526661
      vertex -14.096909829154958 55.050540924072266 7.222867267862692
      vertex -16.929478910837425 55.572526257614946 6.1298698246663665
    endloop
  endfacet
  facet normal 0.3599968081200545 1.395326035615485e-14 -0.9329535348254878
    outer loop
      vertex -16.86799334705437 55.80239531563373 6.15359512917631
      vertex -14.086965618055954 55.11195755004883 7.226704419576345
      vertex -16.89437318097152 55.710933043220635 6.143415998432474
    endloop
  endfacet
  facet normal 0.3599968081200498 -7.284807212231027e-15 -0.9329535348254895
    outer loop
      vertex -16.86799334705437 55.80239531563373 6.15359512917631
      vertex -16.85306742324552 55.8475795050089 6.159354563841439
      vertex -14.086965618055954 55.11195755004883 7.226704419576345
    endloop
  endfacet
  facet normal 0.3599968081200498 -7.893520611588728e-15 -0.9329535348254897
    outer loop
      vertex -16.85306742324552 55.8475795050089 6.159354563841439
      vertex -16.822737894994592 55.937902874587834 6.171057754787773
      vertex -14.074222231673298 55.17277908325195 7.231621683138945
    endloop
  endfacet
  facet normal 0.35999680812005 -6.962031186677871e-15 -0.9329535348254896
    outer loop
      vertex -16.78853364369874 56.02682968707258 6.184256076923875
      vertex -14.074222231673298 55.17277908325195 7.231621683138945
      vertex -16.822737894994592 55.937902874587834 6.171057754787773
    endloop
  endfacet
  facet normal 0.35999680812005613 1.5481893710005262e-14 -0.932953534825487
    outer loop
      vertex -16.78853364369874 56.02682968707258 6.184256076923875
      vertex -16.771416442364874 56.07120250736442 6.19086105521499
      vertex -14.074222231673298 55.17277908325195 7.231621683138945
    endloop
  endfacet
  facet normal 0.35999680812005064 -3.679851366311526e-15 -0.9329535348254893
    outer loop
      vertex -16.73336306307429 56.15866452261567 6.205544632232954
      vertex -14.058712874987526 55.232852935791016 7.237606245814853
      vertex -16.771416442364874 56.07120250736442 6.19086105521499
    endloop
  endfacet
  facet normal 0.3599968081200549 1.0405337401910151e-14 -0.9329535348254876
    outer loop
      vertex -16.73336306307429 56.15866452261567 6.205544632232954
      vertex -16.714144909022586 56.202023295083116 6.212960300707662
      vertex -14.058712874987526 55.232852935791016 7.237606245814853
    endloop
  endfacet
  facet normal 0.3599968081200536 5.508570528094182e-15 -0.9329535348254882
    outer loop
      vertex -16.672303381120443 56.28786058458631 6.229105602621819
      vertex -16.651046575438023 56.33009120566412 6.237307921291345
      vertex -14.05863145913207 55.233117051625214 7.2376376615788764
    endloop
  endfacet
  facet normal 0.35999680812005014 -4.267832754521175e-15 -0.9329535348254894
    outer loop
      vertex -16.672303381120443 56.28786058458631 6.229105602621819
      vertex -14.05863145913207 55.233117051625214 7.2376376615788764
      vertex -16.714144909022586 56.202023295083116 6.212960300707662
    endloop
  endfacet
  facet normal 0.35999680812004986 -5.775805041367768e-15 -0.9329535348254896
    outer loop
      vertex -16.6054741108721 56.41415317118907 6.254892871848358
      vertex -14.040474327003194 55.29204177856445 7.244643915767337
      vertex -16.651046575438023 56.33009120566412 6.237307921291345
    endloop
  endfacet
  facet normal 0.3599968081200572 1.3643170864810532e-14 -0.9329535348254867
    outer loop
      vertex -16.6054741108721 56.41415317118907 6.254892871848358
      vertex -16.582254207313103 56.45514481090947 6.263852686945321
      vertex -14.040474327003194 55.29204177856445 7.244643915767337
    endloop
  endfacet
  facet normal 0.35999680812005147 -7.300448582673186e-16 -0.9329535348254889
    outer loop
      vertex -16.533025884156483 56.53727902497346 6.282848315927851
      vertex -14.040474327003194 55.29204177856445 7.244643915767337
      vertex -16.582254207313103 56.45514481090947 6.263852686945321
    endloop
  endfacet
  facet normal 0.3599968081200483 -8.725492190545657e-15 -0.9329535348254903
    outer loop
      vertex -16.533025884156483 56.53727902497346 6.282848315927851
      vertex -16.507918280645853 56.576929707679604 6.292536533814352
      vertex -14.019542921587771 55.35020065307617 7.252720672923767
    endloop
  endfacet
  facet normal 0.35999680812005624 9.833367280952952e-15 -0.9329535348254872
    outer loop
      vertex -16.45510592462559 56.656984561477444 6.31291512598095
      vertex -14.019542921587771 55.35020065307617 7.252720672923767
      vertex -16.507918280645853 56.576929707679604 6.292536533814352
    endloop
  endfacet
  facet normal 0.3599968081200463 -1.130862195851258e-14 -0.9329535348254909
    outer loop
      vertex -16.45510592462559 56.656984561477444 6.31291512598095
      vertex -16.428196077630037 56.695195166303535 6.323298771750844
      vertex -14.019542921587771 55.35020065307617 7.252720672923767
    endloop
  endfacet
  facet normal 0.35999680812005164 -7.41750489808354e-17 -0.9329535348254888
    outer loop
      vertex -16.37188178992502 56.77302244604982 6.345028646893182
      vertex -13.995972277634408 55.407188415527344 7.261815827475202
      vertex -16.428196077630037 56.695195166303535 6.323298771750844
    endloop
  endfacet
  facet normal 0.35999680812004925 -5.128132735622722e-15 -0.9329535348254898
    outer loop
      vertex -16.37188178992502 56.77302244604982 6.345028646893182
      vertex -16.34325883098491 56.80970063153399 6.35607332754742
      vertex -13.995972277634408 55.407188415527344 7.261815827475202
    endloop
  endfacet
  facet normal 0.3599968081200539 4.3179122973060956e-15 -0.9329535348254878
    outer loop
      vertex -16.283535289468237 56.885155405107206 6.379118724250537
      vertex -13.995855473415308 55.40743708573855 7.261860898472289
      vertex -16.34325883098491 56.80970063153399 6.35607332754742
    endloop
  endfacet
  facet normal 0.35999680812004226 -1.6508124523488697e-14 -0.9329535348254926
    outer loop
      vertex -16.283535289468237 56.885155405107206 6.379118724250537
      vertex -16.253291843964636 56.920216504576864 6.390788698629148
      vertex -13.995855473415308 55.40743708573855 7.261860898472289
    endloop
  endfacet
  facet normal 0.35999680812005147 -8.526130957200718e-15 -0.9329535348254889
    outer loop
      vertex -14.109733191974291 54.864192962646484 7.21791914396155
      vertex -17.00775070531696 54.95910818673147 6.099667252805452
      vertex -14.10830689810634 54.926509857177734 7.218469504961039
    endloop
  endfacet
  facet normal 0.35999680812005197 4.590186404193254e-15 -0.9329535348254887
    outer loop
      vertex -16.996898627929212 55.149606339109695 6.103854720964615
      vertex -14.104028016502493 54.98867416381836 7.220120587959505
      vertex -14.10830689810634 54.926509857177734 7.218469504961039
    endloop
  endfacet
  facet normal 0.35999680812005086 -6.91503096068459e-15 -0.9329535348254892
    outer loop
      vertex -16.95830694267716 55.432640386209826 6.118746012965894
      vertex -14.096909829154958 55.050540924072266 7.222867267862692
      vertex -14.104028016502493 54.98867416381836 7.220120587959505
    endloop
  endfacet
  facet normal 0.3599968081200548 1.3936078621340223e-14 -0.9329535348254877
    outer loop
      vertex -16.89437318097152 55.710933043220635 6.143415998432474
      vertex -14.086965618055954 55.11195755004883 7.226704419576345
      vertex -14.096909829154958 55.050540924072266 7.222867267862692
    endloop
  endfacet
  facet normal 0.35999680812005025 -4.6653669154322446e-15 -0.9329535348254894
    outer loop
      vertex -16.85306742324552 55.8475795050089 6.159354563841439
      vertex -14.074222231673298 55.17277908325195 7.231621683138945
      vertex -14.086965618055954 55.11195755004883 7.226704419576345
    endloop
  endfacet
  facet normal 0.3599968081200511 -2.35453090033427e-15 -0.932953534825489
    outer loop
      vertex -16.771416442364874 56.07120250736442 6.19086105521499
      vertex -14.058712874987526 55.232852935791016 7.237606245814853
      vertex -14.074222231673298 55.17277908325195 7.231621683138945
    endloop
  endfacet
  facet normal 0.35999680812005347 3.172653122130186e-15 -0.9329535348254883
    outer loop
      vertex -16.253291843964636 56.920216504576864 6.390788698629148
      vertex -16.19024906417766 56.993154552409045 6.415114882786403
      vertex -13.941169763925787 55.51710510253906 7.2829623575816
    endloop
  endfacet
  facet normal 0.3599968081200557 7.148476156255875e-15 -0.9329535348254873
    outer loop
      vertex -16.12411694552427 57.06330109774378 6.44063314360085
      vertex -13.941169763925787 55.51710510253906 7.2829623575816
      vertex -16.19024906417766 56.993154552409045 6.415114882786403
    endloop
  endfacet
  facet normal 0.35999680812006013 1.44339193964535e-14 -0.9329535348254856
    outer loop
      vertex -16.12411694552427 57.06330109774378 6.44063314360085
      vertex -16.09222365726791 57.09680086524578 6.4529397393145285
      vertex -13.941169763925787 55.51710510253906 7.2829623575816
    endloop
  endfacet
  facet normal 0.3599968081200403 -1.6753529275015295e-14 -0.9329535348254934
    outer loop
      vertex -16.022988030710486 57.16415574466351 6.479655544162756
      vertex -13.941169763925787 55.51710510253906 7.2829623575816
      vertex -16.09222365726791 57.09680086524578 6.4529397393145285
    endloop
  endfacet
  facet normal 0.3599968081200505 -1.8465746466637766e-15 -0.9329535348254893
    outer loop
      vertex -16.022988030710486 57.16415574466351 6.479655544162756
      vertex -15.989661271993402 57.195886755563166 6.4925152700926025
      vertex -13.941169763925787 55.51710510253906 7.2829623575816
    endloop
  endfacet
  facet normal 0.3599968081200557 5.690240861574618e-15 -0.9329535348254874
    outer loop
      vertex -15.917442464565234 57.2603172583935 6.520382188636666
      vertex -13.910047606878413 55.569766998291016 7.294971398525918
      vertex -15.989661271993402 57.195886755563166 6.4925152700926025
    endloop
  endfacet
  facet normal 0.35999680812004436 -9.852469390972986e-15 -0.9329535348254918
    outer loop
      vertex -15.917442464565234 57.2603172583935 6.520382188636666
      vertex -15.882787019918348 57.29021301930995 6.533754611797261
      vertex -13.910047606878413 55.569766998291016 7.294971398525918
    endloop
  endfacet
  facet normal 0.35999680812005874 9.156925021901415e-15 -0.9329535348254862
    outer loop
      vertex -15.807698008369126 57.351589888545966 6.562729049937599
      vertex -13.910047606878413 55.569766998291016 7.294971398525918
      vertex -15.882787019918348 57.29021301930995 6.533754611797261
    endloop
  endfacet
  facet normal 0.35999680812004836 -3.8449142595301375e-15 -0.9329535348254901
    outer loop
      vertex -15.807698008369126 57.351589888545966 6.562729049937599
      vertex -15.77181964796031 57.37959141365968 6.576573357017876
      vertex -13.876566165748631 55.620731353759766 7.307890811431338
    endloop
  endfacet
  facet normal 0.3599968081200499 -1.911685991254777e-15 -0.9329535348254895
    outer loop
      vertex -15.693984969557667 57.43779170357458 6.606607259822311
      vertex -13.876566165748631 55.620731353759766 7.307890811431338
      vertex -15.77181964796031 57.37959141365968 6.576573357017876
    endloop
  endfacet
  facet normal 0.35999680812005636 5.42424293866847e-15 -0.9329535348254872
    outer loop
      vertex -15.693984969557667 57.43779170357458 6.606607259822311
      vertex -15.656991514196314 57.46384716168655 6.620881846234495
      vertex -13.876566165748631 55.620731353759766 7.307890811431338
    endloop
  endfacet
  facet normal 0.3599968081200509 -1.008041318277222e-15 -0.9329535348254892
    outer loop
      vertex -15.576542106535639 57.51874890379395 6.65192468908991
      vertex -13.84078871210379 55.66987228393555 7.321696181831929
      vertex -15.656991514196314 57.46384716168655 6.620881846234495
    endloop
  endfacet
  facet normal 0.35999680812004964 -2.4560305311139423e-15 -0.9329535348254897
    outer loop
      vertex -15.576542106535639 57.51874890379395 6.65192468908991
      vertex -15.538543914928546 57.542812561626405 6.666586970953118
      vertex -13.84078871210379 55.66987228393555 7.321696181831929
    endloop
  endfacet
  facet normal 0.3599968081200113 0 -0.9329535348255045
    outer loop
      vertex -16.714144909022586 56.202023295083116 6.212960300707662
      vertex -14.05863145913207 55.233117051625214 7.2376376615788764
      vertex -14.058712874987526 55.232852935791016 7.237606245814853
    endloop
  endfacet
  facet normal 0.3599968081200558 7.198158047249184e-15 -0.9329535348254873
    outer loop
      vertex -16.651046575438023 56.33009120566412 6.237307921291345
      vertex -14.040474327003194 55.29204177856445 7.244643915767337
      vertex -14.05863145913207 55.233117051625214 7.2376376615788764
    endloop
  endfacet
  facet normal 0.35999680812034596 5.424898295390547e-13 -0.9329535348253754
    outer loop
      vertex -16.533025884156483 56.53727902497346 6.282848315927851
      vertex -14.019542921587771 55.35020065307617 7.252720672923767
      vertex -14.019636364442336 55.349940932250185 7.252684616327024
    endloop
  endfacet
  facet normal 0.359996808120053 0 -0.9329535348254885
    outer loop
      vertex -16.533025884156483 56.53727902497346 6.282848315927851
      vertex -14.019636364442336 55.349940932250185 7.252684616327024
      vertex -14.040474327003194 55.29204177856445 7.244643915767337
    endloop
  endfacet
  facet normal 0.3599968081200561 7.389170975813004e-15 -0.9329535348254873
    outer loop
      vertex -16.428196077630037 56.695195166303535 6.323298771750844
      vertex -13.996077532500223 55.40693390060431 7.26177521300265
      vertex -14.019542921587771 55.35020065307617 7.252720672923767
    endloop
  endfacet
  facet normal 0.3599968081192023 -2.1961896475078e-12 -0.9329535348258166
    outer loop
      vertex -16.428196077630037 56.695195166303535 6.323298771750844
      vertex -13.995972277634408 55.407188415527344 7.261815827475202
      vertex -13.996077532500223 55.40693390060431 7.26177521300265
    endloop
  endfacet
  facet normal 0.3599968081194885 -1.1085049949937244e-12 -0.9329535348257063
    outer loop
      vertex -16.34325883098491 56.80970063153399 6.35607332754742
      vertex -13.995855473415308 55.40743708573855 7.261860898472289
      vertex -13.995972277634408 55.407188415527344 7.261815827475202
    endloop
  endfacet
  facet normal 0.35999680812004886 -5.003188802827924e-15 -0.9329535348254899
    outer loop
      vertex -16.253291843964636 56.920216504576864 6.390788698629148
      vertex -13.941169763925787 55.51710510253906 7.2829623575816
      vertex -13.969832350726266 55.462867736816406 7.271902385808659
    endloop
  endfacet
  facet normal 0.3599968081200527 1.2593270432087653e-15 -0.9329535348254885
    outer loop
      vertex -16.253291843964636 56.920216504576864 6.390788698629148
      vertex -13.969832350726266 55.462867736816406 7.271902385808659
      vertex -13.995855473415308 55.40743708573855 7.261860898472289
    endloop
  endfacet
  facet normal 0.35999680812004764 -4.463182151621147e-15 -0.9329535348254905
    outer loop
      vertex -15.455617347108006 57.594302949546716 6.698585670362439
      vertex -13.802805123226461 55.717071533203125 7.336352828970674
      vertex -15.538543914928546 57.542812561626405 6.666586970953118
    endloop
  endfacet
  facet normal 0.3599968081200542 2.129840961054342e-15 -0.932953534825488
    outer loop
      vertex -15.455617347108006 57.594302949546716 6.698585670362439
      vertex -15.416726175564412 57.616334797432955 6.7135925245058905
      vertex -13.802805123226461 55.717071533203125 7.336352828970674
    endloop
  endfacet
  facet normal 0.3599968081200554 3.3537954955127878e-15 -0.9329535348254874
    outer loop
      vertex -15.416726175564412 57.616334797432955 6.7135925245058905
      vertex -15.331463978205054 57.66430226687892 6.746492468347587
      vertex -13.802805123226461 55.717071533203125 7.336352828970674
    endloop
  endfacet
  facet normal 0.3599968081200539 2.365348144486817e-15 -0.9329535348254879
    outer loop
      vertex -15.244209316361006 57.708544603837865 6.780161240247709
      vertex -13.762702016561994 55.7622184753418 7.3518273299570565
      vertex -15.331463978205054 57.66430226687892 6.746492468347587
    endloop
  endfacet
  facet normal 0.3599968081200579 5.850086703030958e-15 -0.9329535348254865
    outer loop
      vertex -15.244209316361006 57.708544603837865 6.780161240247709
      vertex -15.204337281897672 57.72861574927737 6.7955465778923525
      vertex -13.762702016561994 55.7622184753418 7.3518273299570565
    endloop
  endfacet
  facet normal 0.3599968081197553 -5.786938062387374e-13 -0.9329535348256032
    outer loop
      vertex -15.989661271993402 57.195886755563166 6.4925152700926025
      vertex -13.910047606878413 55.569766998291016 7.294971398525918
      vertex -13.910186718586361 55.569531504755986 7.2949177197852695
    endloop
  endfacet
  facet normal 0.35999680812005413 2.5990696737402234e-15 -0.9329535348254878
    outer loop
      vertex -15.989661271993402 57.195886755563166 6.4925152700926025
      vertex -13.910186718586361 55.569531504755986 7.2949177197852695
      vertex -13.941169763925787 55.51710510253906 7.2829623575816
    endloop
  endfacet
  facet normal 0.3599968081200471 -3.264478177053266e-15 -0.9329535348254907
    outer loop
      vertex -15.115049022556459 57.769142805665695 6.830000049759463
      vertex -13.762702016561994 55.7622184753418 7.3518273299570565
      vertex -15.204337281897672 57.72861574927737 6.7955465778923525
    endloop
  endfacet
  facet normal 0.35999680812005436 3.99222721969399e-15 -0.9329535348254879
    outer loop
      vertex -15.807698008369126 57.351589888545966 6.562729049937599
      vertex -13.876716096249321 55.62050322647323 7.3078329580660055
      vertex -13.910047606878413 55.569766998291016 7.294971398525918
    endloop
  endfacet
  facet normal 0.35999680811981927 -2.9591686662877264e-13 -0.9329535348255785
    outer loop
      vertex -15.807698008369126 57.351589888545966 6.562729049937599
      vertex -13.876566165748631 55.620731353759766 7.307890811431338
      vertex -13.876716096249321 55.62050322647323 7.3078329580660055
    endloop
  endfacet
  facet normal 0.3599968081200607 9.450991787823533e-15 -0.9329535348254853
    outer loop
      vertex -15.656991514196314 57.46384716168655 6.620881846234495
      vertex -13.84078871210379 55.66987228393555 7.321696181831929
      vertex -13.876566165748631 55.620731353759766 7.307890811431338
    endloop
  endfacet
  facet normal 0.35999680812005785 5.317282821993453e-15 -0.9329535348254866
    outer loop
      vertex -15.115049022556459 57.769142805665695 6.830000049759463
      vertex -15.074499707448732 57.78711856176181 6.845646728254515
      vertex -13.720586216929213 55.80520248413086 7.368078464524075
    endloop
  endfacet
  facet normal 0.3599968081200511 0 -0.9329535348254892
    outer loop
      vertex -14.983336268239045 57.82383215527665 6.880823771813144
      vertex -13.67654737792513 55.845916748046875 7.385071638227788
      vertex -15.074499707448732 57.78711856176181 6.845646728254515
    endloop
  endfacet
  facet normal 0.35999680812003726 -1.0467307612944181e-14 -0.9329535348254945
    outer loop
      vertex -14.983336268239045 57.82383215527665 6.880823771813144
      vertex -14.942222240391779 57.839692934767385 6.896688354819138
      vertex -13.67654737792513 55.845916748046875 7.385071638227788
    endloop
  endfacet
  facet normal 0.3599968081200576 4.368855543586077e-15 -0.9329535348254865
    outer loop
      vertex -14.84934695427997 57.87251274187203 6.932525945122864
      vertex -13.67654737792513 55.845916748046875 7.385071638227788
      vertex -14.942222240391779 57.839692934767385 6.896688354819138
    endloop
  endfacet
  facet normal 0.3599968081200414 -6.386587412245314e-15 -0.9329535348254928
    outer loop
      vertex -14.84934695427997 57.87251274187203 6.932525945122864
      vertex -14.807778210699567 57.88624635041171 6.948565988327485
      vertex -13.67654737792513 55.845916748046875 7.385071638227788
    endloop
  endfacet
  facet normal 0.35999680812004714 -5.477679483169464e-15 -0.9329535348254906
    outer loop
      vertex -15.538543914928546 57.542812561626405 6.666586970953118
      vertex -13.802805123226461 55.717071533203125 7.336352828970674
      vertex -13.84078871210379 55.66987228393555 7.321696181831929
    endloop
  endfacet
  facet normal 0.35999680812004653 -4.224703180635357e-15 -0.9329535348254909
    outer loop
      vertex -15.331463978205054 57.66430226687892 6.746492468347587
      vertex -13.762702016561994 55.7622184753418 7.3518273299570565
      vertex -13.802805123226461 55.717071533203125 7.336352828970674
    endloop
  endfacet
  facet normal 0.35999680812005214 0 -0.9329535348254886
    outer loop
      vertex -15.115049022556459 57.769142805665695 6.830000049759463
      vertex -13.720586216929213 55.80520248413086 7.368078464524075
      vertex -13.762702016561994 55.7622184753418 7.3518273299570565
    endloop
  endfacet
  facet normal 0.3599968081200525 8.128730404711978e-16 -0.9329535348254886
    outer loop
      vertex -14.713353104049915 57.91509129292361 6.985001604605662
      vertex -13.630695690842728 55.8842658996582 7.402764331786928
      vertex -14.807778210699567 57.88624635041171 6.948565988327485
    endloop
  endfacet
  facet normal 0.3599968081200459 -3.181312772594358e-15 -0.932953534825491
    outer loop
      vertex -14.713353104049915 57.91509129292361 6.985001604605662
      vertex -14.671441086345183 57.92669181826448 7.001174106270921
      vertex -13.630695690842728 55.8842658996582 7.402764331786928
    endloop
  endfacet
  facet normal 0.3599968081200523 5.26110483204304e-16 -0.9329535348254887
    outer loop
      vertex -14.57563538703286 57.95149108006146 7.038142448921123
      vertex -13.630695690842728 55.8842658996582 7.402764331786928
      vertex -14.671441086345183 57.92669181826448 7.001174106270921
    endloop
  endfacet
  facet normal 0.35999680812006374 6.569971252330366e-15 -0.9329535348254842
    outer loop
      vertex -14.57563538703286 57.95149108006146 7.038142448921123
      vertex -14.533489027455875 57.96095706446671 7.054405375589205
      vertex -13.630695690842728 55.8842658996582 7.402764331786928
    endloop
  endfacet
  facet normal 0.3599968081200474 -1.963208541330306e-15 -0.9329535348254906
    outer loop
      vertex -14.436479544482347 57.981641936418136 7.091838219695829
      vertex -13.58314785009695 55.92015838623047 7.421111516574307
      vertex -14.533489027455875 57.96095706446671 7.054405375589205
    endloop
  endfacet
  facet normal 0.3599968081200512 0 -0.932953534825489
    outer loop
      vertex -15.074499707448732 57.78711856176181 6.845646728254515
      vertex -13.67654737792513 55.845916748046875 7.385071638227788
      vertex -13.720586216929213 55.80520248413086 7.368078464524075
    endloop
  endfacet
  facet normal 0.35999680812005547 1.7846380255870597e-15 -0.9329535348254875
    outer loop
      vertex -14.436479544482347 57.981641936418136 7.091838219695829
      vertex -14.39420585984851 57.988977945509276 7.10815027701442
      vertex -13.58314785009695 55.92015838623047 7.421111516574307
    endloop
  endfacet
  facet normal 0.35999680811935225 -3.3722904327486246e-13 -0.9329535348257587
    outer loop
      vertex -14.807778210699567 57.88624635041171 6.948565988327485
      vertex -13.630695690842728 55.8842658996582 7.402764331786928
      vertex -13.630901368207196 55.884093838214945 7.402684967497125
    endloop
  endfacet
  facet normal 0.35999680812005 -7.598198701115393e-16 -0.9329535348254895
    outer loop
      vertex -14.807778210699567 57.88624635041171 6.948565988327485
      vertex -13.630901368207196 55.884093838214945 7.402684967497125
      vertex -13.67654737792513 55.845916748046875 7.385071638227788
    endloop
  endfacet
  facet normal 0.3599968081200583 3.948992094744934e-15 -0.9329535348254863
    outer loop
      vertex -14.533489027455875 57.96095706446671 7.054405375589205
      vertex -13.58314785009695 55.92015838623047 7.421111516574307
      vertex -13.630695690842728 55.8842658996582 7.402764331786928
    endloop
  endfacet
  facet normal 0.35999680812004703 -2.422796113873455e-15 -0.9329535348254906
    outer loop
      vertex -14.39420585984851 57.988977945509276 7.10815027701442
      vertex -14.296168486159699 58.00549311252987 7.145979751138279
      vertex -13.534013777527662 55.95350646972656 7.44007077728196
    endloop
  endfacet
  facet normal 0.3599968081200543 6.877224736669764e-16 -0.9329535348254877
    outer loop
      vertex -14.19750837171668 58.017757873615636 7.184049520920426
      vertex -13.534013777527662 55.95350646972656 7.44007077728196
      vertex -14.296168486159699 58.00549311252987 7.145979751138279
    endloop
  endfacet
  facet normal 0.35999680812005785 2.8703906110658157e-15 -0.9329535348254865
    outer loop
      vertex -14.19750837171668 58.017757873615636 7.184049520920426
      vertex -14.154987011323326 58.023002069660635 7.200457148360728
      vertex -13.483420130149485 55.98423385620117 7.459593241035421
    endloop
  endfacet
  facet normal 0.35999680812010565 8.957673282099499e-14 -0.9329535348254682
    outer loop
      vertex -14.39420585984851 57.988977945509276 7.10815027701442
      vertex -13.534013777527662 55.95350646972656 7.44007077728196
      vertex -13.534234503615084 55.95335664930963 7.439985606173245
    endloop
  endfacet
  facet normal 0.3599968081200597 3.638065857315858e-15 -0.9329535348254858
    outer loop
      vertex -14.39420585984851 57.988977945509276 7.10815027701442
      vertex -13.534234503615084 55.95335664930963 7.439985606173245
      vertex -13.58314785009695 55.92015838623047 7.421111516574307
    endloop
  endfacet
  facet normal 0.35999680812004275 -3.5425495293494158e-15 -0.9329535348254924
    outer loop
      vertex -14.19750837171668 58.017757873615636 7.184049520920426
      vertex -13.483647951195028 55.98409552900972 7.459505332210216
      vertex -13.534013777527662 55.95350646972656 7.44007077728196
    endloop
  endfacet
  facet normal 0.3599968081177746 -9.674953500483382e-13 -0.9329535348263676
    outer loop
      vertex -14.19750837171668 58.017757873615636 7.184049520920426
      vertex -13.483420130149485 55.98423385620117 7.459593241035421
      vertex -13.483647951195028 55.98409552900972 7.459505332210216
    endloop
  endfacet
  facet normal 0.3599968081200573 2.1921166484536417e-15 -0.9329535348254866
    outer loop
      vertex -13.431703756300243 56.01213431728833 7.47954892887871
      vertex -13.483420130149485 55.98423385620117 7.459593241035421
      vertex -14.055660712412056 58.03101247834372 7.238783977335253
    endloop
  endfacet
  facet normal 0.3599968081200487 -6.072482342311125e-16 -0.93295353482549
    outer loop
      vertex -14.055660712412056 58.03101247834372 7.238783977335253
      vertex -13.483420130149485 55.98423385620117 7.459593241035421
      vertex -14.154987011323326 58.023002069660635 7.200457148360728
    endloop
  endfacet
  facet normal 0.3599968081200684 1.1554505591245126e-14 -0.9329535348254826
    outer loop
      vertex -14.013221828635464 58.03414475768241 7.255159779697811
      vertex -12.924882967769738 56.134193420410156 7.675114795075892
      vertex -14.055660712412056 58.03101247834372 7.238783977335253
    endloop
  endfacet
  facet normal 0.35999680811979623 -9.054057318344115e-14 -0.9329535348255874
    outer loop
      vertex -13.431703756300243 56.01213431728833 7.47954892887871
      vertex -14.055660712412056 58.03101247834372 7.238783977335253
      vertex -13.431470026529913 56.01226043701172 7.4796391176910575
    endloop
  endfacet
  facet normal 0.35999680812005813 2.5111619429964676e-15 -0.9329535348254865
    outer loop
      vertex -13.431470026529913 56.01226043701172 7.4796391176910575
      vertex -14.055660712412056 58.03101247834372 7.238783977335253
      vertex -13.378303627745119 56.03752136230469 7.5001543235907215
    endloop
  endfacet
  facet normal 0.35999680812151075 6.21939125441799e-13 -0.9329535348249259
    outer loop
      vertex -13.3242993118468 56.05985430319762 7.5209928547955345
      vertex -14.055660712412056 58.03101247834372 7.238783977335253
      vertex -13.324054322546777 56.05995559692383 7.521087388298802
    endloop
  endfacet
  facet normal 0.35999680812005164 0 -0.9329535348254887
    outer loop
      vertex -13.378303627745119 56.03752136230469 7.5001543235907215
      vertex -14.055660712412056 58.03101247834372 7.238783977335253
      vertex -13.3242993118468 56.05985430319762 7.5209928547955345
    endloop
  endfacet
  facet normal 0.35999680812004264 -5.374728351068152e-15 -0.9329535348254924
    outer loop
      vertex -13.945209750315744 58.03715060092999 7.281403456574269
      vertex -12.924882967769738 56.134193420410156 7.675114795075892
      vertex -14.013221828635464 58.03414475768241 7.255159779697811
    endloop
  endfacet
  facet normal 0.3599968081200526 7.561661617941823e-16 -0.9329535348254886
    outer loop
      vertex -13.945209750315744 58.03715060092999 7.281403456574269
      vertex -13.90302617028873 58.03818708268627 7.297680745418716
      vertex -12.924882967769738 56.134193420410156 7.675114795075892
    endloop
  endfacet
  facet normal 0.35999680812004914 -1.320148672072425e-15 -0.9329535348254897
    outer loop
      vertex -13.269081287797189 56.07941758762816 7.542299716998779
      vertex -13.324054322546777 56.05995559692383 7.521087388298802
      vertex -14.055660712412056 58.03101247834372 7.238783977335253
    endloop
  endfacet
  facet normal 0.35999680812150814 6.742463836641386e-13 -0.9329535348249268
    outer loop
      vertex -13.269081287797189 56.07941758762816 7.542299716998779
      vertex -14.055660712412056 58.03101247834372 7.238783977335253
      vertex -13.268831794865894 56.079505920410156 7.542395988308724
    endloop
  endfacet
  facet normal 0.35999680812004775 -2.230148135558271e-15 -0.9329535348254905
    outer loop
      vertex -13.213032386298723 56.0960591120015 7.56392718812665
      vertex -13.268831794865894 56.079505920410156 7.542395988308724
      vertex -14.055660712412056 58.03101247834372 7.238783977335253
    endloop
  endfacet
  facet normal 0.359996808123693 1.822599086882861e-12 -0.9329535348240838
    outer loop
      vertex -13.212779350172234 56.096134185791016 7.564024826641832
      vertex -14.055660712412056 58.03101247834372 7.238783977335253
      vertex -13.212523122248491 56.096195843272625 7.564123696769075
    endloop
  endfacet
  facet normal 0.35999680811781276 -1.1204192315364823e-12 -0.9329535348263529
    outer loop
      vertex -13.213032386298723 56.0960591120015 7.56392718812665
      vertex -14.055660712412056 58.03101247834372 7.238783977335253
      vertex -13.212779350172234 56.096134185791016 7.564024826641832
    endloop
  endfacet
  facet normal 0.3599968081200396 -6.540555885889092e-15 -0.9329535348254935
    outer loop
      vertex -13.156037208904818 56.10979080200195 7.585919796733765
      vertex -13.212523122248491 56.096195843272625 7.564123696769075
      vertex -14.055660712412056 58.03101247834372 7.238783977335253
    endloop
  endfacet
  facet normal 0.3599968081200597 4.2468200856567226e-15 -0.9329535348254858
    outer loop
      vertex -13.156037208904818 56.10979080200195 7.585919796733765
      vertex -14.055660712412056 58.03101247834372 7.238783977335253
      vertex -13.098741919836199 56.120445251464844 7.608028208798335
    endloop
  endfacet
  facet normal 0.3599968081200487 -2.0739329742276397e-15 -0.93295353482549
    outer loop
      vertex -13.041281059818713 56.12804392472158 7.630200509374909
      vertex -13.098741919836199 56.120445251464844 7.608028208798335
      vertex -14.055660712412056 58.03101247834372 7.238783977335253
    endloop
  endfacet
  facet normal 0.35999680812005885 4.426768670207862e-15 -0.9329535348254862
    outer loop
      vertex -13.90302617028873 58.03818708268627 7.297680745418716
      vertex -13.834800720214844 58.03919219970703 7.3240067556028645
      vertex -12.924882967769738 56.134193420410156 7.675114795075892
    endloop
  endfacet
  facet normal 0.35999680811705137 -1.837621378070106e-12 -0.9329535348266464
    outer loop
      vertex -13.041281059818713 56.12804392472158 7.630200509374909
      vertex -14.055660712412056 58.03101247834372 7.238783977335253
      vertex -13.041019946553302 56.12807846069336 7.630301264598611
    endloop
  endfacet
  facet normal 0.3599968081200574 3.770968937131918e-15 -0.9329535348254867
    outer loop
      vertex -12.983021472104037 56.13266372680664 7.652681013319402
      vertex -13.041019946553302 56.12807846069336 7.630301264598611
      vertex -14.055660712412056 58.03101247834372 7.238783977335253
    endloop
  endfacet
  facet normal 0.3599968081200493 -1.4449118659779719e-15 -0.9329535348254898
    outer loop
      vertex -12.983021472104037 56.13266372680664 7.652681013319402
      vertex -14.055660712412056 58.03101247834372 7.238783977335253
      vertex -12.924882967769738 56.134193420410156 7.675114795075892
    endloop
  endfacet
  facet normal 0.35999680812005175 5.592013544288958e-16 -0.9329535348254889
    outer loop
      vertex -12.924882967769738 56.134193420410156 7.675114795075892
      vertex -13.834800720214844 58.03919219970703 7.3240067556028645
      vertex 11.966400648842264 56.134193420410156 17.27986178139541
    endloop
  endfacet
  facet normal 0.35999680812005164 1.6775906260069504e-15 -0.9329535348254888
    outer loop
      vertex -12.924882967769738 -61.975799560546875 7.675114795075891
      vertex 11.966400648842264 -61.975799560546875 17.27986178139541
      vertex 12.835199356079102 -63.88081359863281 17.61510330182396
    endloop
  endfacet
  facet normal 0.3599968081200561 3.321927812071115e-15 -0.9329535348254872
    outer loop
      vertex 12.835199356079102 -63.88081359863281 17.61510330182396
      vertex 11.966400648842264 -61.975799560546875 17.27986178139541
      vertex 12.990989685058594 -63.876983642578125 17.675217786709943
    endloop
  endfacet
  facet normal 0.35999680812005275 1.1800459184597728e-15 -0.9329535348254884
    outer loop
      vertex 11.966400648842264 -61.975799560546875 17.27986178139541
      vertex 13.146404266357422 -63.86552429199219 17.735187282632758
      vertex 12.990989685058594 -63.876983642578125 17.675217786709943
    endloop
  endfacet
  facet normal 0.359996808120049 -1.4395106654917063e-15 -0.9329535348254899
    outer loop
      vertex 13.146404266357422 -63.86552429199219 17.735187282632758
      vertex 11.966400648842264 -61.975799560546875 17.27986178139541
      vertex 13.301069259643555 -63.846435546875 17.794867536613822
    endloop
  endfacet
  facet normal 0.35999680812004564 -4.211774160302976e-15 -0.9329535348254913
    outer loop
      vertex 13.301069259643555 -63.846435546875 17.794867536613822
      vertex 11.966400648842264 -61.975799560546875 17.27986178139541
      vertex 13.454610824584961 -63.819793701171875 17.854114295674552
    endloop
  endfacet
  facet normal 0.3599968081200542 4.065816725656059e-15 -0.9329535348254879
    outer loop
      vertex 11.966400648842264 -61.975799560546875 17.27986178139541
      vertex 13.60666275024414 -63.78565979003906 17.912786250774708
      vertex 13.454610824584961 -63.819793701171875 17.854114295674552
    endloop
  endfacet
  facet normal 0.3599968081200502 -4.569633593751854e-16 -0.9329535348254894
    outer loop
      vertex 13.60666275024414 -63.78565979003906 17.912786250774708
      vertex 11.966400648842264 -61.975799560546875 17.27986178139541
      vertex 13.756853103637695 -63.74409484863281 17.970739884920288
    endloop
  endfacet
  facet normal 0.3599968081200563 6.748189039453079e-15 -0.932953534825487
    outer loop
      vertex 13.904825210571289 -63.69520568847656 18.027837568993974
      vertex 13.756853103637695 -63.74409484863281 17.970739884920288
      vertex 11.966400648842264 -61.975799560546875 17.27986178139541
    endloop
  endfacet
  facet normal 0.35999680812005536 5.1978073632835906e-15 -0.9329535348254875
    outer loop
      vertex 11.966400648842264 -61.975799560546875 17.27986178139541
      vertex 14.050220489501953 -63.639129638671875 18.083940937893857
      vertex 13.904825210571289 -63.69520568847656 18.027837568993974
    endloop
  endfacet
  facet normal 0.3599968081200445 -1.0151973975101328e-14 -0.9329535348254917
    outer loop
      vertex 14.050220489501953 -63.639129638671875 18.083940937893857
      vertex 11.966400648842264 -61.975799560546875 17.27986178139541
      vertex 14.19268798828125 -63.57597351074219 18.138914570456368
    endloop
  endfacet
  facet normal 0.35999680812004714 -5.914197111760194e-15 -0.9329535348254906
    outer loop
      vertex 14.19268798828125 -63.57597351074219 18.138914570456368
      vertex 11.966400648842264 -61.975799560546875 17.27986178139541
      vertex 14.331884384155273 -63.50590515136719 18.192625989456282
    endloop
  endfacet
  facet normal 0.3599968081200491 -2.528459697051392e-15 -0.9329535348254898
    outer loop
      vertex 14.331884384155273 -63.50590515136719 18.192625989456282
      vertex 11.966400648842264 -61.975799560546875 17.27986178139541
      vertex 14.467475891113281 -63.42909240722656 18.244946397591292
    endloop
  endfacet
  facet normal 0.35999680812005824 1.567152412384073e-14 -0.9329535348254864
    outer loop
      vertex 14.599136352539062 -63.34571838378906 18.295749941497434
      vertex 14.467475891113281 -63.42909240722656 18.244946397591292
      vertex 11.966400648842264 -61.975799560546875 17.27986178139541
    endloop
  endfacet
  facet normal 0.35999680812004997 -2.647758331949988e-15 -0.9329535348254895
    outer loop
      vertex 14.726545333862305 -63.25599670410156 18.344912975764487
      vertex 14.599136352539062 -63.34571838378906 18.295749941497434
      vertex 11.966400648842264 -61.975799560546875 17.27986178139541
    endloop
  endfacet
  facet normal 0.3599968081200512 4.2959593196365136e-16 -0.932953534825489
    outer loop
      vertex 14.84939956665039 -63.16011047363281 18.392318478843503
      vertex 14.726545333862305 -63.25599670410156 18.344912975764487
      vertex 11.966400648842264 -61.975799560546875 17.27986178139541
    endloop
  endfacet
  facet normal 0.35999680812004725 -1.0760320636120676e-14 -0.9329535348254906
    outer loop
      vertex 14.84939956665039 -63.16011047363281 18.392318478843503
      vertex 11.966400648842264 -61.975799560546875 17.27986178139541
      vertex 14.967399597167969 -63.05833435058594 18.437850901154697
    endloop
  endfacet
  facet normal 0.3599968081200512 1.863390285461685e-15 -0.9329535348254892
    outer loop
      vertex 14.967399597167969 -63.05833435058594 18.437850901154697
      vertex 11.966400648842264 -61.975799560546875 17.27986178139541
      vertex 15.080263137817383 -62.95086669921875 18.48140131697955
    endloop
  endfacet
  facet normal 0.3599968081200557 1.861827390627638e-14 -0.9329535348254874
    outer loop
      vertex 15.187719345092773 -62.8380126953125 18.52286521650705
      vertex 15.080263137817383 -62.95086669921875 18.48140131697955
      vertex 11.966400648842264 -61.975799560546875 17.27986178139541
    endloop
  endfacet
  facet normal 0.3599968081200506 -3.209738239137435e-15 -0.9329535348254893
    outer loop
      vertex 15.187719345092773 -62.8380126953125 18.52286521650705
      vertex 11.966400648842264 -61.975799560546875 17.27986178139541
      vertex 15.289508819580078 -62.720001220703125 18.562142505833684
    endloop
  endfacet
  facet normal 0.3599968081200486 -1.4092287282737775e-14 -0.9329535348254901
    outer loop
      vertex 15.289508819580078 -62.720001220703125 18.562142505833684
      vertex 11.966400648842264 -61.975799560546875 17.27986178139541
      vertex 15.385383605957031 -62.59715270996094 18.599137506963455
    endloop
  endfacet
  facet normal 0.3599968081200524 1.051339755304278e-14 -0.9329535348254885
    outer loop
      vertex 15.385383605957031 -62.59715270996094 18.599137506963455
      vertex 11.966400648842264 -61.975799560546875 17.27986178139541
      vertex 15.475116729736328 -62.46974182128906 18.6337626377308
    endloop
  endfacet
  facet normal 0.3599968081200505 -4.966742723960359e-15 -0.9329535348254894
    outer loop
      vertex 15.475116729736328 -62.46974182128906 18.6337626377308
      vertex 11.966400648842264 -61.975799560546875 17.27986178139541
      vertex 15.558488845825195 -62.33808898925781 18.665933259908485
    endloop
  endfacet
  facet normal 0.35999680812005164 7.065394037122108e-15 -0.932953534825489
    outer loop
      vertex 15.635299682617188 -62.202484130859375 18.69557209511513
      vertex 15.558488845825195 -62.33808898925781 18.665933259908485
      vertex 11.966400648842264 -61.975799560546875 17.27986178139541
    endloop
  endfacet
  facet normal 0.3599968081200508 -7.130677459465056e-15 -0.932953534825489
    outer loop
      vertex 15.705366134643555 -62.06329345703125 18.722608488830605
      vertex 15.635299682617188 -62.202484130859375 18.69557209511513
      vertex 11.966400648842264 -61.975799560546875 17.27986178139541
    endloop
  endfacet
  facet normal 0.35999680812005114 6.519121847245752e-15 -0.9329535348254893
    outer loop
      vertex 15.705366134643555 -62.06329345703125 18.722608488830605
      vertex 11.966400648842264 -61.975799560546875 17.27986178139541
      vertex 15.768518447875977 -61.92082214355469 18.74697693842689
    endloop
  endfacet
  facet normal 0.35999680812005136 -9.774852566874351e-15 -0.932953534825489
    outer loop
      vertex 15.768518447875977 -61.92082214355469 18.74697693842689
      vertex 11.966400648842264 -61.975799560546875 17.27986178139541
      vertex 15.824602127075195 -61.77543640136719 18.768617829152625
    endloop
  endfacet
  facet normal 0.35999680812005 1.928920729134372e-14 -0.9329535348254895
    outer loop
      vertex 15.824602127075195 -61.77543640136719 18.768617829152625
      vertex 11.966400648842264 -61.975799560546875 17.27986178139541
      vertex 15.873485565185547 -61.62745666503906 18.78748037807148
    endloop
  endfacet
  facet normal 0.35999680812005286 -1.789393612073216e-14 -0.9329535348254883
    outer loop
      vertex 15.915048599243164 -61.477264404296875 18.80351821815461
      vertex 15.873485565185547 -61.62745666503906 18.78748037807148
      vertex 11.966400648842264 -61.975799560546875 17.27986178139541
    endloop
  endfacet
  facet normal 0.35999680812005097 -8.767330940926221e-16 -0.9329535348254892
    outer loop
      vertex 15.949193954467773 -61.325225830078125 18.816693814188216
      vertex 15.915048599243164 -61.477264404296875 18.80351821815461
      vertex 11.966400648842264 -61.975799560546875 17.27986178139541
    endloop
  endfacet
  facet normal 0.35999680812005025 4.619204950180507e-15 -0.9329535348254895
    outer loop
      vertex 15.975835800170898 -61.17167663574219 18.826974046865985
      vertex 15.949193954467773 -61.325225830078125 18.816693814188216
      vertex 11.966400648842264 -61.975799560546875 17.27986178139541
    endloop
  endfacet
  facet normal 0.3599968081200502 4.9079198036019566e-15 -0.9329535348254895
    outer loop
      vertex 15.994911193847656 -61.01701354980469 18.834334628696624
      vertex 15.975835800170898 -61.17167663574219 18.826974046865985
      vertex 11.966400648842264 -61.975799560546875 17.27986178139541
    endloop
  endfacet
  facet normal 0.35999680812005164 -2.241802238991744e-15 -0.9329535348254889
    outer loop
      vertex 16.006376266479492 -60.861602783203125 18.838758632034686
      vertex 15.994911193847656 -61.01701354980469 18.834334628696624
      vertex 11.966400648842264 -61.975799560546875 17.27986178139541
    endloop
  endfacet
  facet normal 0.35999680812005347 -9.622953792763139e-15 -0.9329535348254882
    outer loop
      vertex 16.01020050048828 -60.705810546875 18.84023428112682
      vertex 16.006376266479492 -60.861602783203125 18.838758632034686
      vertex 11.966400648842264 -61.975799560546875 17.27986178139541
    endloop
  endfacet
  facet normal 0.35999680812005075 0 -0.9329535348254893
    outer loop
      vertex 16.01020050048828 54.864192962646484 18.84023428112682
      vertex 16.01020050048828 -60.705810546875 18.84023428112682
      vertex 11.966400648842264 -61.975799560546875 17.27986178139541
    endloop
  endfacet
  facet normal 0.35999680812005164 -9.459550634839776e-16 -0.9329535348254889
    outer loop
      vertex 11.966400648842264 56.134193420410156 17.27986178139541
      vertex -13.834800720214844 58.03919219970703 7.3240067556028645
      vertex 12.835199356079102 58.03919219970703 17.61510330182396
    endloop
  endfacet
  facet normal 0.35999680812005014 0 -0.9329535348254895
    outer loop
      vertex 11.966400648842264 56.134193420410156 17.27986178139541
      vertex 13.454610824584961 57.978187561035156 17.854114295674552
      vertex 11.966400648842264 -61.975799560546875 17.27986178139541
    endloop
  endfacet
  facet normal 0.35999680812005524 -7.220471060560296e-17 -0.9329535348254876
    outer loop
      vertex 13.454610824584961 57.978187561035156 17.854114295674552
      vertex 13.60666275024414 57.94404220581055 17.912786250774708
      vertex 11.966400648842264 -61.975799560546875 17.27986178139541
    endloop
  endfacet
  facet normal 0.35999680812005014 8.593845853734718e-18 -0.9329535348254895
    outer loop
      vertex 13.60666275024414 57.94404220581055 17.912786250774708
      vertex 13.756853103637695 57.9024772644043 17.970739884920288
      vertex 11.966400648842264 -61.975799560546875 17.27986178139541
    endloop
  endfacet
  facet normal 0.35999680812005824 -1.3146223194889989e-16 -0.9329535348254864
    outer loop
      vertex 13.756853103637695 57.9024772644043 17.970739884920288
      vertex 13.904825210571289 57.85359573364258 18.027837568993974
      vertex 11.966400648842264 -61.975799560546875 17.27986178139541
    endloop
  endfacet
  facet normal 0.3599968081200569 -1.0708609682534497e-16 -0.9329535348254869
    outer loop
      vertex 14.050220489501953 57.79751205444336 18.083940937893857
      vertex 11.966400648842264 -61.975799560546875 17.27986178139541
      vertex 13.904825210571289 57.85359573364258 18.027837568993974
    endloop
  endfacet
  facet normal 0.3599968081200407 2.1760344290019986e-16 -0.9329535348254933
    outer loop
      vertex 14.050220489501953 57.79751205444336 18.083940937893857
      vertex 14.19268798828125 57.73435974121094 18.138914570456368
      vertex 11.966400648842264 -61.975799560546875 17.27986178139541
    endloop
  endfacet
  facet normal 0.35999680812004453 1.3317436590223699e-16 -0.9329535348254916
    outer loop
      vertex 14.19268798828125 57.73435974121094 18.138914570456368
      vertex 14.331884384155273 57.66429138183594 18.192625989456282
      vertex 11.966400648842264 -61.975799560546875 17.27986178139541
    endloop
  endfacet
  facet normal 0.35999680812004786 5.998567049754847e-17 -0.9329535348254905
    outer loop
      vertex 14.331884384155273 57.66429138183594 18.192625989456282
      vertex 14.467475891113281 57.58748245239258 18.244946397591292
      vertex 11.966400648842264 -61.975799560546875 17.27986178139541
    endloop
  endfacet
  facet normal 0.3599968081200667 -3.928775967291777e-16 -0.932953534825483
    outer loop
      vertex 14.467475891113281 57.58748245239258 18.244946397591292
      vertex 14.599136352539062 57.50410842895508 18.295749941497434
      vertex 11.966400648842264 -61.975799560546875 17.27986178139541
    endloop
  endfacet
  facet normal 0.35999680812004836 7.035201581458833e-17 -0.93295353482549
    outer loop
      vertex 14.599136352539062 57.50410842895508 18.295749941497434
      vertex 14.726545333862305 57.41437530517578 18.344912975764487
      vertex 11.966400648842264 -61.975799560546875 17.27986178139541
    endloop
  endfacet
  facet normal 0.3599968081200394 3.243548633670947e-16 -0.9329535348254936
    outer loop
      vertex 14.84939956665039 57.31850051879883 18.392318478843503
      vertex 14.967399597167969 57.216712951660156 18.437850901154697
      vertex 11.966400648842264 -61.975799560546875 17.27986178139541
    endloop
  endfacet
  facet normal 0.35999680812005147 -1.2139030749008627e-17 -0.9329535348254889
    outer loop
      vertex 14.726545333862305 57.41437530517578 18.344912975764487
      vertex 14.84939956665039 57.31850051879883 18.392318478843503
      vertex 11.966400648842264 -61.975799560546875 17.27986178139541
    endloop
  endfacet
  facet normal 0.35999680811991036 5.5858477042135375e-15 -0.9329535348255434
    outer loop
      vertex 16.006376266479492 55.019981384277344 18.838758632034686
      vertex 16.01020050048828 54.864192962646484 18.84023428112682
      vertex 11.966400648842264 -61.975799560546875 17.27986178139541
    endloop
  endfacet
  facet normal 0.35999680812003354 7.00216022923172e-16 -0.932953534825496
    outer loop
      vertex 16.006376266479492 55.019981384277344 18.838758632034686
      vertex 11.966400648842264 -61.975799560546875 17.27986178139541
      vertex 15.994911193847656 55.17539596557617 18.834334628696624
    endloop
  endfacet
  facet normal 0.3599968081200527 -6.015472267698595e-17 -0.9329535348254885
    outer loop
      vertex 14.967399597167969 57.216712951660156 18.437850901154697
      vertex 15.080263137817383 57.109256744384766 18.48140131697955
      vertex 11.966400648842264 -61.975799560546875 17.27986178139541
    endloop
  endfacet
  facet normal 0.3599968081200722 -6.440245262923615e-16 -0.9329535348254809
    outer loop
      vertex 15.080263137817383 57.109256744384766 18.48140131697955
      vertex 15.187719345092773 56.99639129638672 18.52286521650705
      vertex 11.966400648842264 -61.975799560546875 17.27986178139541
    endloop
  endfacet
  facet normal 0.3599968081200476 1.2024519313748186e-16 -0.9329535348254905
    outer loop
      vertex 15.187719345092773 56.99639129638672 18.52286521650705
      vertex 15.289508819580078 56.87839126586914 18.562142505833684
      vertex 11.966400648842264 -61.975799560546875 17.27986178139541
    endloop
  endfacet
  facet normal 0.35999680812004403 2.414282031180698e-16 -0.9329535348254918
    outer loop
      vertex 15.475116729736328 56.62812805175781 18.6337626377308
      vertex 15.558488845825195 56.49646759033203 18.665933259908485
      vertex 11.966400648842264 -61.975799560546875 17.27986178139541
    endloop
  endfacet
  facet normal 0.35999680812006185 -3.7949292076006383e-16 -0.9329535348254849
    outer loop
      vertex 15.558488845825195 56.49646759033203 18.665933259908485
      vertex 15.635299682617188 56.360877990722656 18.69557209511513
      vertex 11.966400648842264 -61.975799560546875 17.27986178139541
    endloop
  endfacet
  facet normal 0.3599968081200392 4.265698905402596e-16 -0.9329535348254937
    outer loop
      vertex 15.705366134643555 56.2216796875 18.722608488830605
      vertex 11.966400648842264 -61.975799560546875 17.27986178139541
      vertex 15.635299682617188 56.360877990722656 18.69557209511513
    endloop
  endfacet
  facet normal 0.35999680812003343 5.725912087526403e-16 -0.9329535348254959
    outer loop
      vertex 15.289508819580078 56.87839126586914 18.562142505833684
      vertex 15.385383605957031 56.75553894042969 18.599137506963455
      vertex 11.966400648842264 -61.975799560546875 17.27986178139541
    endloop
  endfacet
  facet normal 0.3599968081200648 -4.658342482257048e-16 -0.9329535348254838
    outer loop
      vertex 15.385383605957031 56.75553894042969 18.599137506963455
      vertex 15.475116729736328 56.62812805175781 18.6337626377308
      vertex 11.966400648842264 -61.975799560546875 17.27986178139541
    endloop
  endfacet
  facet normal 0.35999680812009627 -1.7086699030408567e-15 -0.9329535348254716
    outer loop
      vertex 15.824602127075195 55.93381881713867 18.768617829152625
      vertex 15.873485565185547 55.78584671020508 18.78748037807148
      vertex 11.966400648842264 -61.975799560546875 17.27986178139541
    endloop
  endfacet
  facet normal 0.3599968081200025 1.8683988218451874e-15 -0.9329535348255078
    outer loop
      vertex 15.915048599243164 55.63565444946289 18.80351821815461
      vertex 11.966400648842264 -61.975799560546875 17.27986178139541
      vertex 15.873485565185547 55.78584671020508 18.78748037807148
    endloop
  endfacet
  facet normal 0.35999680812006307 -4.3874850323492614e-16 -0.9329535348254844
    outer loop
      vertex 15.768518447875977 56.0792121887207 18.74697693842689
      vertex 11.966400648842264 -61.975799560546875 17.27986178139541
      vertex 15.705366134643555 56.2216796875 18.722608488830605
    endloop
  endfacet
  facet normal 0.35999680812003093 7.489992482005392e-16 -0.9329535348254969
    outer loop
      vertex 15.768518447875977 56.0792121887207 18.74697693842689
      vertex 15.824602127075195 55.93381881713867 18.768617829152625
      vertex 11.966400648842264 -61.975799560546875 17.27986178139541
    endloop
  endfacet
  facet normal 0.3599968081200775 -1.0386289944289594e-15 -0.9329535348254789
    outer loop
      vertex 15.994911193847656 55.17539596557617 18.834334628696624
      vertex 11.966400648842264 -61.975799560546875 17.27986178139541
      vertex 15.975835800170898 55.33006286621094 18.826974046865985
    endloop
  endfacet
  facet normal 0.35999680812006973 -7.3374424079940925e-16 -0.9329535348254818
    outer loop
      vertex 15.949193954467773 55.483604431152344 18.816693814188216
      vertex 15.975835800170898 55.33006286621094 18.826974046865985
      vertex 11.966400648842264 -61.975799560546875 17.27986178139541
    endloop
  endfacet
  facet normal 0.35999680812004803 1.1078615875355871e-16 -0.9329535348254903
    outer loop
      vertex 15.915048599243164 55.63565444946289 18.80351821815461
      vertex 15.949193954467773 55.483604431152344 18.816693814188216
      vertex 11.966400648842264 -61.975799560546875 17.27986178139541
    endloop
  endfacet
  facet normal 0.3599968081200561 -3.3220274980582182e-15 -0.9329535348254872
    outer loop
      vertex 12.835199356079102 58.03919219970703 17.61510330182396
      vertex 12.990989685058594 58.035369873046875 17.675217786709943
      vertex 11.966400648842264 56.134193420410156 17.27986178139541
    endloop
  endfacet
  facet normal 0.35999680812005247 -1.0957332725767906e-15 -0.9329535348254886
    outer loop
      vertex 12.990989685058594 58.035369873046875 17.675217786709943
      vertex 13.146404266357422 58.023902893066406 17.735187282632758
      vertex 11.966400648842264 56.134193420410156 17.27986178139541
    endloop
  endfacet
  facet normal 0.359996808120049 1.4396037983828845e-15 -0.9329535348254899
    outer loop
      vertex 13.146404266357422 58.023902893066406 17.735187282632758
      vertex 13.301069259643555 58.00482940673828 17.794867536613822
      vertex 11.966400648842264 56.134193420410156 17.27986178139541
    endloop
  endfacet
  facet normal 0.35999680812004564 4.211774160302976e-15 -0.9329535348254913
    outer loop
      vertex 13.301069259643555 58.00482940673828 17.794867536613822
      vertex 13.454610824584961 57.978187561035156 17.854114295674552
      vertex 11.966400648842264 56.134193420410156 17.27986178139541
    endloop
  endfacet
  facet normal -0.9088010654826832 -0.41722969576837515 0.00006592851112516812
    outer loop
      vertex -16.749134063720703 -61.96568298339844 8.910136962890647
      vertex -16.73572169992424 -61.9953250256185 6.204634510018073
      vertex -16.694472571197043 -62.08517050678257 6.220551224114989
    endloop
  endfacet
  facet normal -0.8932097064789204 -0.44964031705236107 -0.00007438342034897731
    outer loop
      vertex -16.689895629882812 -62.09471130371094 8.932964111328147
      vertex -16.694472571197043 -62.08517050678257 6.220551224114989
      vertex -16.67324503581046 -62.12734032387686 6.2287422483173405
    endloop
  endfacet
  facet normal -0.8892345502671917 -0.45745154130776 0.00004434252836004112
    outer loop
      vertex -16.689895629882812 -62.09471130371094 8.932964111328147
      vertex -16.67324503581046 -62.12734032387686 6.2287422483173405
      vertex -16.627959795582388 -62.21536806396529 6.24621636822633
    endloop
  endfacet
  facet normal -0.870115260816558 -0.4928482833505564 -0.00004992537115223253
    outer loop
      vertex -16.62494659423828 -62.22096252441406 8.958019042968772
      vertex -16.627959795582388 -62.21536806396529 6.24621636822633
      vertex -16.60477214938163 -62.25630636527213 6.255163736244663
    endloop
  endfacet
  facet normal -0.8679139032015489 -0.496714662898385 0.000017064478729358287
    outer loop
      vertex -16.62494659423828 -62.22096252441406 8.958019042968772
      vertex -16.60477214938163 -62.25630636527213 6.255163736244663
      vertex -16.55552784626359 -62.34235071682097 6.274165531381125
    endloop
  endfacet
  facet normal -0.8448367793988122 -0.5350241264064107 -0.000018387486781854112
    outer loop
      vertex -16.554420471191406 -62.34419250488281 8.985240722656272
      vertex -16.55552784626359 -62.34235071682097 6.274165531381125
      vertex -16.530454852409125 -62.38194288515287 6.2838403945127705
    endloop
  endfacet
  facet normal -0.8448235676606934 -0.5350449880167295 -0.000017978750175775137
    outer loop
      vertex -16.554420471191406 -62.34419250488281 8.985240722656272
      vertex -16.530454852409125 -62.38194288515287 6.2838403945127705
      vertex -16.47733052504287 -62.46582564889464 6.304339366403104
    endloop
  endfacet
  facet normal -0.9637741714775162 -0.26671958174380267 -0.00010539088216546525
    outer loop
      vertex -16.891468048095703 -61.56452941894531 8.855235839843772
      vertex -16.898572292205607 -61.53778650496503 6.141795696257945
      vertex -16.885844650346144 -61.58377896641922 6.146706884514667
    endloop
  endfacet
  facet normal -0.9852751015937751 -0.1709765125865021 -0.00007951813604007509
    outer loop
      vertex -16.955951690673828 -61.28807067871094 8.830364013671897
      vertex -16.961939029840018 -61.25230605603303 6.117344507170983
      vertex -16.953754127456186 -61.29947412343115 6.120502798150077
    endloop
  endfacet
  facet normal -0.9786971956672634 -0.20530902136070875 0.00007029183492850368
    outer loop
      vertex -16.955951690673828 -61.28807067871094 8.830364013671897
      vertex -16.953754127456186 -61.29947412343115 6.120502798150077
      vertex -16.933549317381246 -61.3957867102133 6.128299185498575
    endloop
  endfacet
  facet normal -0.9924813929744464 -0.122395594042815 -0.000056199722497322334
    outer loop
      vertex -16.978862762451172 -61.14794921875 8.821513916015647
      vertex -16.98367492236625 -61.107682866501044 6.108957324273874
      vertex -16.977810174826722 -61.15523997044719 6.111220342008251
    endloop
  endfacet
  facet normal -0.9931202481582003 -0.11709898438150222 0.000023558769661990625
    outer loop
      vertex -16.995487213134766 -61.0069580078125 8.815105224609397
      vertex -16.995186892590212 -61.01005037091969 6.1045152246610845
      vertex -16.98367492236625 -61.107682866501044 6.108957324273874
    endloop
  endfacet
  facet normal -0.986895170571379 -0.16136269619414484 0.00005079217590597759
    outer loop
      vertex -16.978862762451172 -61.14794921875 8.821513916015647
      vertex -16.977810174826722 -61.15523997044719 6.111220342008251
      vertex -16.961939029840018 -61.25230605603303 6.117344507170983
    endloop
  endfacet
  facet normal -0.9757019376173475 -0.21910207601550002 -0.00009599714449733597
    outer loop
      vertex -16.926799774169922 -61.427032470703125 8.841594482421897
      vertex -16.933549317381246 -61.3957867102133 6.128299185498575
      vertex -16.923076395644667 -61.44242633205966 6.132340349668198
    endloop
  endfacet
  facet normal -0.9685367497992589 -0.24887056354739032 0.00008299332762130817
    outer loop
      vertex -16.926799774169922 -61.427032470703125 8.841594482421897
      vertex -16.923076395644667 -61.44242633205966 6.132340349668198
      vertex -16.898572292205607 -61.53778650496503 6.141795696257945
    endloop
  endfacet
  facet normal -0.9424342836445269 -0.3343914072328118 0.00008820593629145969
    outer loop
      vertex -16.850021362304688 -61.70033264160156 8.871196533203147
      vertex -16.84214047347496 -61.72325801679064 6.1635709228486695
      vertex -16.809155331462136 -61.81621855744583 6.1762988298630574
    endloop
  endfacet
  facet normal -0.9495365283343185 -0.3136564516931111 -0.00010802822329334573
    outer loop
      vertex -16.850021362304688 -61.70033264160156 8.871196533203147
      vertex -16.85707651524463 -61.67803994531235 6.15780758398739
      vertex -16.84214047347496 -61.72325801679064 6.1635709228486695
    endloop
  endfacet
  facet normal -0.956450365645832 -0.2918949985555775 0.00008873665458882122
    outer loop
      vertex -16.891468048095703 -61.56452941894531 8.855235839843772
      vertex -16.885844650346144 -61.58377896641922 6.146706884514667
      vertex -16.85707651524463 -61.67803994531235 6.15780758398739
    endloop
  endfacet
  facet normal -0.932979811482957 -0.35992868829329017 -0.0001034828357215862
    outer loop
      vertex -16.80254364013672 -61.834136962890625 8.889537597656272
      vertex -16.809155331462136 -61.81621855744583 6.1762988298630574
      vertex -16.792060117459297 -61.86053336946367 6.182895323949231
    endloop
  endfacet
  facet normal -0.9265470413556577 -0.37617891191435443 0.00007991251206214426
    outer loop
      vertex -16.80254364013672 -61.834136962890625 8.889537597656272
      vertex -16.792060117459297 -61.86053336946367 6.182895323949231
      vertex -16.754914216556937 -61.95202249357647 6.197228734200038
    endloop
  endfacet
  facet normal -0.9972907489490448 -0.07356059647993365 -0.00002657385517784928
    outer loop
      vertex -16.995487213134766 -61.0069580078125 8.815105224609397
      vertex -16.998713758744337 -60.96223472883574 6.1031543202743626
      vertex -16.995186892590212 -61.01005037091969 6.1045152246610845
    endloop
  endfacet
  facet normal -0.9996985519503419 -0.02455185229201272 -0.00010852382591612316
    outer loop
      vertex -17.00879669189453 -60.78559875488281 8.809978271484397
      vertex -17.009105431661634 -60.761045139032085 6.099144507414867
      vertex -17.00792814002649 -60.80898392707046 6.0995987864492
    endloop
  endfacet
  facet normal -0.9992902596399523 -0.037669310662987864 0.000004784530870832099
    outer loop
      vertex -17.00879669189453 -60.78559875488281 8.809978271484397
      vertex -17.00792814002649 -60.80898392707046 6.0995987864492
      vertex -17.00584704894526 -60.86419094222926 6.100401812665067
    endloop
  endfacet
  facet normal -0.9973637111505661 -0.07256464413689229 -0.000010062615876268008
    outer loop
      vertex -17.00579071044922 -60.86534118652344 8.811137939453147
      vertex -17.00584704894526 -60.86419094222926 6.100401812665067
      vertex -16.998713758744337 -60.96223472883574 6.1031543202743626
    endloop
  endfacet
  facet normal -0.9999209553028933 -0.012573112031215031 0
    outer loop
      vertex -17.00979995727539 -60.705810546875 8.809581542968772
      vertex -17.00979995727539 -60.705810546875 6.098876512284589
      vertex -17.009105431661634 -60.761045139032085 6.099144507414867
    endloop
  endfacet
  facet normal -0.914220904128709 -0.40521615205492595 -0.00009256286896948143
    outer loop
      vertex -16.749134063720703 -61.96568298339844 8.910136962890647
      vertex -16.754914216556937 -61.95202249357647 6.197228734200038
      vertex -16.73572169992424 -61.9953250256185 6.204634510018073
    endloop
  endfacet
  facet normal -0.8200409297331753 -0.5723048779485286 0.000015448919984687503
    outer loop
      vertex -16.47845458984375 -62.464141845703125 9.014537597656272
      vertex -16.47733052504287 -62.46582564889464 6.304339366403104
      vertex -16.42050860913866 -62.54724371785316 6.326265118965484
    endloop
  endfacet
  facet normal -0.8175840515332325 -0.5758092707849535 -0.00004854487592444402
    outer loop
      vertex -16.397201538085938 -62.58056640625 9.045879150390647
      vertex -16.42050860913866 -62.54724371785316 6.326265118965484
      vertex -16.393541748868707 -62.58553448727295 6.336670764327039
    endloop
  endfacet
  facet normal -0.793668769974327 -0.6083501308300244 0.000043434212918861285
    outer loop
      vertex -16.397201538085938 -62.58056640625 9.045879150390647
      vertex -16.393541748868707 -62.58553448727295 6.336670764327039
      vertex -16.33303754168162 -62.66446811976582 6.360017394841988
    endloop
  endfacet
  facet normal -0.7883375002145254 -0.6152430254902955 -0.0000730825609899819
    outer loop
      vertex -16.31082534790039 -62.69325256347656 9.079173828125022
      vertex -16.33303754168162 -62.66446811976582 6.360017394841988
      vertex -16.304346995281655 -62.701231872902625 6.371088155326473
    endloop
  endfacet
  facet normal -0.7656573371968641 -0.6432486594933626 0.00006369144013664077
    outer loop
      vertex -16.31082534790039 -62.69325256347656 9.079173828125022
      vertex -16.304346995281655 -62.701231872902625 6.371088155326473
      vertex -16.240263042460576 -62.77750839985973 6.395816094721248
    endloop
  endfacet
  facet normal -0.7052131648492603 -0.7089953348810363 0.00008508946664916406
    outer loop
      vertex -16.123401641845703 -62.906463623046875 9.151469970703147
      vertex -16.110528680325732 -62.919592622616875 6.445876418765971
      vertex -16.03962453459463 -62.990115243197714 6.473236051580322
    endloop
  endfacet
  facet normal -0.689576930129948 -0.7242124319095234 -0.00010440426530405153
    outer loop
      vertex -16.02273178100586 -63.006591796875 9.190288330078147
      vertex -16.03962453459463 -62.990115243197714 6.473236051580322
      vertex -16.00633088771675 -63.02181847152069 6.4860830007147765
    endloop
  endfacet
  facet normal -0.6727124029385649 -0.7399040583050925 0.0000862338474998895
    outer loop
      vertex -16.02273178100586 -63.006591796875 9.190288330078147
      vertex -16.00633088771675 -63.02181847152069 6.4860830007147765
      vertex -15.932195332234622 -63.08921834622154 6.514689530778212
    endloop
  endfacet
  facet normal -0.7572400421276618 -0.6531366706779156 -0.00008952242753460867
    outer loop
      vertex -16.219497680664062 -62.80195617675781 9.114421630859397
      vertex -16.240263042460576 -62.77750839985973 6.395816094721248
      vertex -16.20994036055903 -62.81266581394012 6.40751664388122
    endloop
  endfacet
  facet normal -0.7361232389555971 -0.676847524079821 0.00007884502049926722
    outer loop
      vertex -16.219497680664062 -62.80195617675781 9.114421630859397
      vertex -16.20994036055903 -62.81266581394012 6.40751664388122
      vertex -16.142386956033807 -62.88613225053606 6.433583333270282
    endloop
  endfacet
  facet normal -0.724214186289639 -0.6895750883449966 -0.00009955313271888005
    outer loop
      vertex -16.123401641845703 -62.906463623046875 9.151469970703147
      vertex -16.142386956033807 -62.88613225053606 6.433583333270282
      vertex -16.110528680325732 -62.919592622616875 6.445876418765971
    endloop
  endfacet
  facet normal -0.6531308805640136 -0.7572450348008768 -0.00010061359301683312
    outer loop
      vertex -15.917682647705078 -63.10209655761719 9.230815673828147
      vertex -15.932195332234622 -63.08921834622154 6.514689530778212
      vertex -15.897570060228851 -63.11908474036301 6.528050311285568
    endloop
  endfacet
  facet normal -0.6390363100966082 -0.7691765649673399 0.00007926635627825165
    outer loop
      vertex -15.917682647705078 -63.10209655761719 9.230815673828147
      vertex -15.897570060228851 -63.11908474036301 6.528050311285568
      vertex -15.820339196390137 -63.183245514743334 6.557851221440748
    endloop
  endfacet
  facet normal -0.6152767890090447 -0.7883111469618992 -0.00009209959002193108
    outer loop
      vertex -15.8084716796875 -63.19282531738281 9.272929931640647
      vertex -15.820339196390137 -63.183245514743334 6.557851221440748
      vertex -15.784487500699285 -63.21122937669632 6.571685239462677
    endloop
  endfacet
  facet normal -0.6039302510943049 -0.7970371680015286 0.00006809752439759486
    outer loop
      vertex -15.8084716796875 -63.19282531738281 9.272929931640647
      vertex -15.784487500699285 -63.21122937669632 6.571685239462677
      vertex -15.704295606947388 -63.27198965902618 6.602628715970523
    endloop
  endfacet
  facet normal -0.575760179104979 -0.8176186216882527 -0.00007500402869470127
    outer loop
      vertex -15.6953125 -63.278564453125 9.316600585937522
      vertex -15.704295606947388 -63.27198965902618 6.602628715970523
      vertex -15.667324148081638 -63.29802595911587 6.6168948146414515
    endloop
  endfacet
  facet normal -0.567775606221635 -0.8231833688105925 0.000047888398607347175
    outer loop
      vertex -15.6953125 -63.278564453125 9.316600585937522
      vertex -15.667324148081638 -63.29802595911587 6.6168948146414515
      vertex -15.584317508485164 -63.355276400581076 6.648924411177673
    endloop
  endfacet
  facet normal -0.5350019965687351 -0.84485079198291 -0.00005434442898432557
    outer loop
      vertex -15.578433990478516 -63.35917663574219 9.361675048828147
      vertex -15.584317508485164 -63.355276400581076 6.648924411177673
      vertex -15.546336327179679 -63.3793289368158 6.663580129311761
    endloop
  endfacet
  facet normal -0.5303794307935402 -0.847760378226229 0.000022379490662300846
    outer loop
      vertex -15.578433990478516 -63.35917663574219 9.361675048828147
      vertex -15.546336327179679 -63.3793289368158 6.663580129311761
      vertex -15.4606648338745 -63.43292622586466 6.696638007314776
    endloop
  endfacet
  facet normal -0.4929088054151459 -0.8700809783312091 -0.000026275844041583206
    outer loop
      vertex -15.45806884765625 -63.434478759765625 9.408092285156272
      vertex -15.4606648338745 -63.43292622586466 6.696638007314776
      vertex -15.421785076177732 -63.45495241607047 6.711640457221283
    endloop
  endfacet
  facet normal -0.4918945854515414 -0.8706547632299697 -0.000008271739649446623
    outer loop
      vertex -15.45806884765625 -63.434478759765625 9.408092285156272
      vertex -15.421785076177732 -63.45495241607047 6.711640457221283
      vertex -15.333602889755348 -63.50477310657392 6.745667131069562
    endloop
  endfacet
  facet normal -0.4524744933818796 -0.8917773448458579 0.000007647418937596387
    outer loop
      vertex -15.334453582763672 -63.50431823730469 9.455760742187522
      vertex -15.333602889755348 -63.50477310657392 6.745667131069562
      vertex -15.243284257009618 -63.55059913176968 6.780518190943956
    endloop
  endfacet
  facet normal -0.4496206556025248 -0.8932196059958672 -0.00003898901766514566
    outer loop
      vertex -15.207843780517578 -63.56855773925781 9.504619384765647
      vertex -15.243284257009618 -63.55059913176968 6.780518190943956
      vertex -15.20340993032791 -63.57067137456157 6.795904413082056
    endloop
  endfacet
  facet normal -0.4122633231285408 -0.9110647348574435 0.000036085293276778125
    outer loop
      vertex -15.207843780517578 -63.56855773925781 9.504619384765647
      vertex -15.20340993032791 -63.57067137456157 6.795904413082056
      vertex -15.110922409147056 -63.61252122733328 6.831592377351649
    endloop
  endfacet
  facet normal -0.4052661388536261 -0.9141987489591484 -0.00006403281495337
    outer loop
      vertex -15.078487396240234 -63.62709045410156 9.554515625000022
      vertex -15.110922409147056 -63.61252122733328 6.831592377351649
      vertex -15.07036363167457 -63.63050211091716 6.847242707069386
    endloop
  endfacet
  facet normal -0.37102043642077726 -0.9286246994989901 0.000056908230281654874
    outer loop
      vertex -15.078487396240234 -63.62709045410156 9.554515625000022
      vertex -15.07036363167457 -63.63050211091716 6.847242707069386
      vertex -14.975881568032667 -63.66824900884924 6.883700301221749
    endloop
  endfacet
  facet normal -0.3598483223816366 -0.9330108135545546 -0.0000816663319179687
    outer loop
      vertex -14.946643829345703 -63.67976379394531 9.605357910156272
      vertex -14.975881568032667 -63.66824900884924 6.883700301221749
      vertex -14.9347501945507 -63.68411415390286 6.899571577351135
    endloop
  endfacet
  facet normal -0.32920775611897607 -0.9442575116226517 0.00007110067889834034
    outer loop
      vertex -14.946643829345703 -63.67976379394531 9.605357910156272
      vertex -14.9347501945507 -63.68411415390286 6.899571577351135
      vertex -14.83845252403575 -63.71768476114486 6.936729755889215
    endloop
  endfacet
  facet normal -0.31371517268802807 -0.9495171308184823 -0.00009331429681830588
    outer loop
      vertex -14.812576293945312 -63.72650146484375 9.657054687500022
      vertex -14.83845252403575 -63.71768476114486 6.936729755889215
      vertex -14.796858831773072 -63.73142866274603 6.952779425989123
    endloop
  endfacet
  facet normal -0.2866586385021382 -0.958032785795376 0.00007945597422885689
    outer loop
      vertex -14.812576293945312 -63.72650146484375 9.657054687500022
      vertex -14.796858831773072 -63.73142866274603 6.952779425989123
      vertex -14.698932102758128 -63.76072676281437 6.990566205886592
    endloop
  endfacet
  facet normal -0.9088010654826778 -0.4172296957683872 0.00006592851112581252
    outer loop
      vertex -16.689895629882812 -62.09471130371094 8.932964111328147
      vertex -16.749134063720703 -61.96568298339844 8.910136962890647
      vertex -16.694472571197043 -62.08517050678257 6.220551224114989
    endloop
  endfacet
  facet normal -0.8892345502671758 -0.45745154130779114 0.000044342528361800346
    outer loop
      vertex -16.689895629882812 -62.09471130371094 8.932964111328147
      vertex -16.627959795582388 -62.21536806396529 6.24621636822633
      vertex -16.62494659423828 -62.22096252441406 8.958019042968772
    endloop
  endfacet
  facet normal -0.8679139032015409 -0.49671466289839866 0.000017064478730180502
    outer loop
      vertex -16.62494659423828 -62.22096252441406 8.958019042968772
      vertex -16.55552784626359 -62.34235071682097 6.274165531381125
      vertex -16.554420471191406 -62.34419250488281 8.985240722656272
    endloop
  endfacet
  facet normal -0.8448235676607168 -0.5350449880166926 -0.000017978750178121987
    outer loop
      vertex -16.554420471191406 -62.34419250488281 8.985240722656272
      vertex -16.47733052504287 -62.46582564889464 6.304339366403104
      vertex -16.47845458984375 -62.464141845703125 9.014537597656272
    endloop
  endfacet
  facet normal -0.9685367497992653 -0.24887056354736506 0.0000829933276202033
    outer loop
      vertex -16.891468048095703 -61.56452941894531 8.855235839843772
      vertex -16.926799774169922 -61.427032470703125 8.841594482421897
      vertex -16.898572292205607 -61.53778650496503 6.141795696257945
    endloop
  endfacet
  facet normal -0.9931202481582 -0.11709898438150441 0.0000235587696620741
    outer loop
      vertex -16.978862762451172 -61.14794921875 8.821513916015647
      vertex -16.995487213134766 -61.0069580078125 8.815105224609397
      vertex -16.98367492236625 -61.107682866501044 6.108957324273874
    endloop
  endfacet
  facet normal -0.9868951705713777 -0.16136269619415203 0.00005079217590626198
    outer loop
      vertex -16.955951690673828 -61.28807067871094 8.830364013671897
      vertex -16.978862762451172 -61.14794921875 8.821513916015647
      vertex -16.961939029840018 -61.25230605603303 6.117344507170983
    endloop
  endfacet
  facet normal -0.9786971956672674 -0.20530902136069043 0.00007029183492774061
    outer loop
      vertex -16.955951690673828 -61.28807067871094 8.830364013671897
      vertex -16.933549317381246 -61.3957867102133 6.128299185498575
      vertex -16.926799774169922 -61.427032470703125 8.841594482421897
    endloop
  endfacet
  facet normal -0.9424342836445271 -0.3343914072328114 0.00008820593629144039
    outer loop
      vertex -16.850021362304688 -61.70033264160156 8.871196533203147
      vertex -16.809155331462136 -61.81621855744583 6.1762988298630574
      vertex -16.80254364013672 -61.834136962890625 8.889537597656272
    endloop
  endfacet
  facet normal -0.9564503656458272 -0.291894998555593 0.0000887366545895364
    outer loop
      vertex -16.891468048095703 -61.56452941894531 8.855235839843772
      vertex -16.85707651524463 -61.67803994531235 6.15780758398739
      vertex -16.850021362304688 -61.70033264160156 8.871196533203147
    endloop
  endfacet
  facet normal -0.9265470413556494 -0.37617891191437497 0.00007991251206318964
    outer loop
      vertex -16.80254364013672 -61.834136962890625 8.889537597656272
      vertex -16.754914216556937 -61.95202249357647 6.197228734200038
      vertex -16.749134063720703 -61.96568298339844 8.910136962890647
    endloop
  endfacet
  facet normal -0.9973637111505657 -0.07256464413689767 -0.000010062615876074463
    outer loop
      vertex -17.00579071044922 -60.86534118652344 8.811137939453147
      vertex -16.998713758744337 -60.96223472883574 6.1031543202743626
      vertex -16.995487213134766 -61.0069580078125 8.815105224609397
    endloop
  endfacet
  facet normal -0.9992902596399528 -0.037669310662978295 0.00000478453087055399
    outer loop
      vertex -17.00579071044922 -60.86534118652344 8.811137939453147
      vertex -17.00879669189453 -60.78559875488281 8.809978271484397
      vertex -17.00584704894526 -60.86419094222926 6.100401812665067
    endloop
  endfacet
  facet normal -0.9999209553028934 -0.01257311203120391 -2.266900618087918e-16
    outer loop
      vertex -17.00879669189453 -60.78559875488281 8.809978271484397
      vertex -17.00979995727539 -60.705810546875 8.809581542968772
      vertex -17.009105431661634 -60.761045139032085 6.099144507414867
    endloop
  endfacet
  facet normal -0.8200409297331609 -0.5723048779485493 0.000015448919985639293
    outer loop
      vertex -16.47845458984375 -62.464141845703125 9.014537597656272
      vertex -16.42050860913866 -62.54724371785316 6.326265118965484
      vertex -16.397201538085938 -62.58056640625 9.045879150390647
    endloop
  endfacet
  facet normal -0.7936687699743367 -0.6083501308300119 0.00004343421291824097
    outer loop
      vertex -16.397201538085938 -62.58056640625 9.045879150390647
      vertex -16.33303754168162 -62.66446811976582 6.360017394841988
      vertex -16.31082534790039 -62.69325256347656 9.079173828125022
    endloop
  endfacet
  facet normal -0.7656573371968572 -0.6432486594933707 0.00006369144013707717
    outer loop
      vertex -16.31082534790039 -62.69325256347656 9.079173828125022
      vertex -16.240263042460576 -62.77750839985973 6.395816094721248
      vertex -16.219497680664062 -62.80195617675781 9.114421630859397
    endloop
  endfacet
  facet normal -0.7052131648492241 -0.7089953348810721 0.00008508946665141532
    outer loop
      vertex -16.02273178100586 -63.006591796875 9.190288330078147
      vertex -16.123401641845703 -62.906463623046875 9.151469970703147
      vertex -16.03962453459463 -62.990115243197714 6.473236051580322
    endloop
  endfacet
  facet normal -0.7361232389555865 -0.6768475240798323 0.00007884502049992922
    outer loop
      vertex -16.219497680664062 -62.80195617675781 9.114421630859397
      vertex -16.142386956033807 -62.88613225053606 6.433583333270282
      vertex -16.123401641845703 -62.906463623046875 9.151469970703147
    endloop
  endfacet
  facet normal -0.6727124029385636 -0.7399040583050935 0.00008623384749996737
    outer loop
      vertex -16.02273178100586 -63.006591796875 9.190288330078147
      vertex -15.932195332234622 -63.08921834622154 6.514689530778212
      vertex -15.917682647705078 -63.10209655761719 9.230815673828147
    endloop
  endfacet
  facet normal -0.6390363100966231 -0.7691765649673276 0.0000792663562773396
    outer loop
      vertex -15.917682647705078 -63.10209655761719 9.230815673828147
      vertex -15.820339196390137 -63.183245514743334 6.557851221440748
      vertex -15.8084716796875 -63.19282531738281 9.272929931640647
    endloop
  endfacet
  facet normal -0.6039302510943093 -0.7970371680015255 0.00006809752439732717
    outer loop
      vertex -15.8084716796875 -63.19282531738281 9.272929931640647
      vertex -15.704295606947388 -63.27198965902618 6.602628715970523
      vertex -15.6953125 -63.278564453125 9.316600585937522
    endloop
  endfacet
  facet normal -0.5677756062216069 -0.8231833688106119 0.000047888398609076634
    outer loop
      vertex -15.6953125 -63.278564453125 9.316600585937522
      vertex -15.584317508485164 -63.355276400581076 6.648924411177673
      vertex -15.578433990478516 -63.35917663574219 9.361675048828147
    endloop
  endfacet
  facet normal -0.5303794307935303 -0.8477603782262351 0.000022379490662904855
    outer loop
      vertex -15.578433990478516 -63.35917663574219 9.361675048828147
      vertex -15.4606648338745 -63.43292622586466 6.696638007314776
      vertex -15.45806884765625 -63.434478759765625 9.408092285156272
    endloop
  endfacet
  facet normal -0.49189458545150533 -0.8706547632299901 -0.000008271739647217486
    outer loop
      vertex -15.45806884765625 -63.434478759765625 9.408092285156272
      vertex -15.333602889755348 -63.50477310657392 6.745667131069562
      vertex -15.334453582763672 -63.50431823730469 9.455760742187522
    endloop
  endfacet
  facet normal -0.45247449338191315 -0.891777344845841 0.000007647418936161652
    outer loop
      vertex -15.334453582763672 -63.50431823730469 9.455760742187522
      vertex -15.243284257009618 -63.55059913176968 6.780518190943956
      vertex -15.207843780517578 -63.56855773925781 9.504619384765647
    endloop
  endfacet
  facet normal -0.41226332312853725 -0.9110647348574451 0.00003608529327693047
    outer loop
      vertex -15.207843780517578 -63.56855773925781 9.504619384765647
      vertex -15.110922409147056 -63.61252122733328 6.831592377351649
      vertex -15.078487396240234 -63.62709045410156 9.554515625000022
    endloop
  endfacet
  facet normal -0.37102043642078564 -0.9286246994989865 0.00005690823028127657
    outer loop
      vertex -15.078487396240234 -63.62709045410156 9.554515625000022
      vertex -14.975881568032667 -63.66824900884924 6.883700301221749
      vertex -14.946643829345703 -63.67976379394531 9.605357910156272
    endloop
  endfacet
  facet normal -0.3598700334466654 0.00008674284004948573 0.9330024391730043
    outer loop
      vertex -16.955951690673828 -61.28807067871094 8.830364013671897
      vertex -15.006889343261719 -60.89215087890625 9.582103515625022
      vertex -16.978862762451172 -61.14794921875 8.821513916015647
    endloop
  endfacet
  facet normal -0.35988358934090775 0.00008756574216285138 0.9329972103148785
    outer loop
      vertex -16.891468048095703 -61.56452941894531 8.855235839843772
      vertex -14.9969482421875 -60.95356750488281 9.585948730468772
      vertex -16.926799774169922 -61.427032470703125 8.841594482421897
    endloop
  endfacet
  facet normal -0.35984636315912893 -0.00008674231087581869 0.9330115687369155
    outer loop
      vertex -16.955951690673828 -61.28807067871094 8.830364013671897
      vertex -16.926799774169922 -61.427032470703125 8.841594482421897
      vertex -14.9969482421875 -60.95356750488281 9.585948730468772
    endloop
  endfacet
  facet normal -0.35981809633196776 -0.00015892249431926546 0.9330224607669847
    outer loop
      vertex -16.891468048095703 -61.56452941894531 8.855235839843772
      vertex -16.850021362304688 -61.70033264160156 8.871196533203147
      vertex -14.984203338623047 -61.01438903808594 9.590862060546897
    endloop
  endfacet
  facet normal -0.359854955155508 -0.00004416672946742184 0.9330082578944987
    outer loop
      vertex -17.00579071044922 -60.86534118652344 8.811137939453147
      vertex -16.995487213134766 -61.0069580078125 8.815105224609397
      vertex -15.018287658691406 -60.76812744140625 9.577708984375022
    endloop
  endfacet
  facet normal -0.3598569724861334 0.0000032041648829370358 0.9330074808611384
    outer loop
      vertex -17.00579071044922 -60.86534118652344 8.811137939453147
      vertex -15.018287658691406 -60.76812744140625 9.577708984375022
      vertex -17.00879669189453 -60.78559875488281 8.809978271484397
    endloop
  endfacet
  facet normal -0.35985673420463055 -0.000021724183815043086 0.9330075725178428
    outer loop
      vertex -16.978862762451172 -61.14794921875 8.821513916015647
      vertex -15.014007568359375 -60.830291748046875 9.579356933593772
      vertex -16.995487213134766 -61.0069580078125 8.815105224609397
    endloop
  endfacet
  facet normal -0.35986132381928804 0.00011422234533802798 0.9330057955727207
    outer loop
      vertex -17.00879669189453 -60.78559875488281 8.809978271484397
      vertex -15.01971435546875 -60.705810546875 9.577159667968772
      vertex -17.00979995727539 -60.705810546875 8.809581542968772
    endloop
  endfacet
  facet normal -0.35991982525196703 0.00017736271057579178 0.9329832195345544
    outer loop
      vertex -16.850021362304688 -61.70033264160156 8.871196533203147
      vertex -16.80254364013672 -61.834136962890625 8.889537597656272
      vertex -14.968692779541016 -61.074462890625 9.596843505859397
    endloop
  endfacet
  facet normal -0.35980848787015174 -0.0001252778789019156 0.9330261713167793
    outer loop
      vertex -16.689895629882812 -62.09471130371094 8.932964111328147
      vertex -14.929519653320312 -61.19181823730469 9.611949707031272
      vertex -16.749134063720703 -61.96568298339844 8.910136962890647
    endloop
  endfacet
  facet normal -0.3598602853673405 -0.000004940226805655739 0.9330062030827718
    outer loop
      vertex -16.80254364013672 -61.834136962890625 8.889537597656272
      vertex -16.749134063720703 -61.96568298339844 8.910136962890647
      vertex -14.950450897216797 -61.13365173339844 9.603893066406272
    endloop
  endfacet
  facet normal -0.3598752316826018 0.000021488446735117155 0.9330004379203904
    outer loop
      vertex -16.689895629882812 -62.09471130371094 8.932964111328147
      vertex -16.62494659423828 -62.22096252441406 8.958019042968772
      vertex -14.905952453613281 -61.24879455566406 9.621043945312522
    endloop
  endfacet
  facet normal -0.3599192510280285 0.00011090873018271054 0.93298345132091
    outer loop
      vertex -16.62494659423828 -62.22096252441406 8.958019042968772
      vertex -16.554420471191406 -62.34419250488281 8.985240722656272
      vertex -14.905952453613281 -61.24879455566406 9.621043945312522
    endloop
  endfacet
  facet normal -0.3598524694855061 -0.000018804455480985778 0.9330092174526333
    outer loop
      vertex -16.554420471191406 -62.34419250488281 8.985240722656272
      vertex -16.47845458984375 -62.464141845703125 9.014537597656272
      vertex -14.879802703857422 -61.304473876953125 9.631145263671897
    endloop
  endfacet
  facet normal -0.3598670107211219 0.00001278909862485206 0.9330036090128928
    outer loop
      vertex -16.47845458984375 -62.464141845703125 9.014537597656272
      vertex -16.397201538085938 -62.58056640625 9.045879150390647
      vertex -14.85113525390625 -61.35871887207031 9.642192626953147
    endloop
  endfacet
  facet normal -0.35978658678079045 -0.00010567120025143945 0.9330346192967472
    outer loop
      vertex -16.397201538085938 -62.58056640625 9.045879150390647
      vertex -16.31082534790039 -62.69325256347656 9.079173828125022
      vertex -14.820022583007812 -61.411376953125 9.654186035156272
    endloop
  endfacet
  facet normal -0.3599523690948631 0.00010630859925727194 0.9329706751455145
    outer loop
      vertex -16.31082534790039 -62.69325256347656 9.079173828125022
      vertex -16.219497680664062 -62.80195617675781 9.114421630859397
      vertex -14.78653335571289 -61.46234130859375 9.667125488281272
    endloop
  endfacet
  facet normal -0.3598011352289428 -0.00007930483545854726 0.9330290117668941
    outer loop
      vertex -16.219497680664062 -62.80195617675781 9.114421630859397
      vertex -16.123401641845703 -62.906463623046875 9.151469970703147
      vertex -14.750751495361328 -61.51148986816406 9.680919433593772
    endloop
  endfacet
  facet normal -0.35982539005265013 -0.00005272720282058766 0.9330196599714822
    outer loop
      vertex -16.02273178100586 -63.006591796875 9.190288330078147
      vertex -14.712764739990234 -61.558685302734375 9.695567871093772
      vertex -16.123401641845703 -62.906463623046875 9.151469970703147
    endloop
  endfacet
  facet normal -0.35990956345190606 0.000034605971524867856 0.9329871944128092
    outer loop
      vertex -16.02273178100586 -63.006591796875 9.190288330078147
      vertex -15.917682647705078 -63.10209655761719 9.230815673828147
      vertex -14.672660827636719 -61.60383605957031 9.711040283203147
    endloop
  endfacet
  facet normal -0.3598637877250408 -0.000016164135977858943 0.9330048520896916
    outer loop
      vertex -16.850021362304688 -61.70033264160156 8.871196533203147
      vertex -14.968692779541016 -61.074462890625 9.596843505859397
      vertex -14.984203338623047 -61.01438903808594 9.590862060546897
    endloop
  endfacet
  facet normal -0.35984950342532257 -0.000033858879371987907 0.9330103610025587
    outer loop
      vertex -16.891468048095703 -61.56452941894531 8.855235839843772
      vertex -14.984203338623047 -61.01438903808594 9.590862060546897
      vertex -14.9969482421875 -60.95356750488281 9.585948730468772
    endloop
  endfacet
  facet normal -0.3598833067310404 0.0001618254990532455 0.9329973094006434
    outer loop
      vertex -16.955951690673828 -61.28807067871094 8.830364013671897
      vertex -14.9969482421875 -60.95356750488281 9.585948730468772
      vertex -15.006889343261719 -60.89215087890625 9.582103515625022
    endloop
  endfacet
  facet normal -0.359890085121723 0.00005747426715672919 0.9329947070202422
    outer loop
      vertex -16.689895629882812 -62.09471130371094 8.932964111328147
      vertex -14.905952453613281 -61.24879455566406 9.621043945312522
      vertex -14.929519653320312 -61.19181823730469 9.611949707031272
    endloop
  endfacet
  facet normal -0.35992527367019805 0.00019247494297922906 0.9329811146678315
    outer loop
      vertex -16.80254364013672 -61.834136962890625 8.889537597656272
      vertex -14.950450897216797 -61.13365173339844 9.603893066406272
      vertex -14.968692779541016 -61.074462890625 9.596843505859397
    endloop
  endfacet
  facet normal -0.35977041481155847 -0.00022809720288168332 0.9330408332961561
    outer loop
      vertex -16.749134063720703 -61.96568298339844 8.910136962890647
      vertex -14.929519653320312 -61.19181823730469 9.611949707031272
      vertex -14.950450897216797 -61.13365173339844 9.603893066406272
    endloop
  endfacet
  facet normal -0.35986205991044956 0.000016118003024309814 0.9330055185138071
    outer loop
      vertex -16.978862762451172 -61.14794921875 8.821513916015647
      vertex -15.006889343261719 -60.89215087890625 9.582103515625022
      vertex -15.014007568359375 -60.830291748046875 9.579356933593772
    endloop
  endfacet
  facet normal -0.35985509627303847 -0.00004282487075569761 0.9330082035289683
    outer loop
      vertex -16.995487213134766 -61.0069580078125 8.815105224609397
      vertex -15.014007568359375 -60.830291748046875 9.579356933593772
      vertex -15.018287658691406 -60.76812744140625 9.577708984375022
    endloop
  endfacet
  facet normal -0.35985683881602976 -0.00001428581440303325 0.9330075323132443
    outer loop
      vertex -17.00879669189453 -60.78559875488281 8.809978271484397
      vertex -15.018287658691406 -60.76812744140625 9.577708984375022
      vertex -15.01971435546875 -60.705810546875 9.577159667968772
    endloop
  endfacet
  facet normal -0.35982670839541714 -0.000039833272866824726 0.9330191521821134
    outer loop
      vertex -15.917682647705078 -63.10209655761719 9.230815673828147
      vertex -15.8084716796875 -63.19282531738281 9.272929931640647
      vertex -14.630538940429688 -61.646820068359375 9.727275634765647
    endloop
  endfacet
  facet normal -0.3599799337938472 0.00009262310421959934 0.932960041312991
    outer loop
      vertex -15.8084716796875 -63.19282531738281 9.272929931640647
      vertex -15.6953125 -63.278564453125 9.316600585937522
      vertex -14.586502075195312 -61.687530517578125 9.744273925781272
    endloop
  endfacet
  facet normal -0.35983551264592495 -0.000023002275404902897 0.9330157572676572
    outer loop
      vertex -15.6953125 -63.278564453125 9.316600585937522
      vertex -15.578433990478516 -63.35917663574219 9.361675048828147
      vertex -14.586502075195312 -61.687530517578125 9.744273925781272
    endloop
  endfacet
  facet normal -0.3599915200493187 0.00006985894119078203 0.9329555726894551
    outer loop
      vertex -15.334453582763672 -63.50431823730469 9.455760742187522
      vertex -15.207843780517578 -63.56855773925781 9.504619384765647
      vertex -14.4439697265625 -61.79512023925781 9.799236083984397
    endloop
  endfacet
  facet normal -0.3598229970556339 -0.000025357655527678958 0.9330205839888478
    outer loop
      vertex -15.578433990478516 -63.35917663574219 9.361675048828147
      vertex -15.45806884765625 -63.434478759765625 9.408092285156272
      vertex -14.540653228759766 -61.72587585449219 9.761943603515647
    endloop
  endfacet
  facet normal -0.3598370418327493 -0.00003871818171548706 0.9330151669860243
    outer loop
      vertex -16.123401641845703 -62.906463623046875 9.151469970703147
      vertex -14.712764739990234 -61.558685302734375 9.695567871093772
      vertex -14.750751495361328 -61.51148986816406 9.680919433593772
    endloop
  endfacet
  facet normal -0.3599118374380006 0.00003712024063323393 0.9329863170990719
    outer loop
      vertex -16.02273178100586 -63.006591796875 9.190288330078147
      vertex -14.672660827636719 -61.60383605957031 9.711040283203147
      vertex -14.712764739990234 -61.558685302734375 9.695567871093772
    endloop
  endfacet
  facet normal -0.35981220475056896 -0.00003480842212297439 0.9330247457066229
    outer loop
      vertex -15.45806884765625 -63.434478759765625 9.408092285156272
      vertex -15.334453582763672 -63.50431823730469 9.455760742187522
      vertex -14.49310302734375 -61.76177978515625 9.780284667968772
    endloop
  endfacet
  facet normal -0.3597509483627882 -0.00011680449124069728 0.9330483596838833
    outer loop
      vertex -15.917682647705078 -63.10209655761719 9.230815673828147
      vertex -14.630538940429688 -61.646820068359375 9.727275634765647
      vertex -14.672660827636719 -61.60383605957031 9.711040283203147
    endloop
  endfacet
  facet normal -0.36000892611372143 0.00011966243606872839 0.9329488511163656
    outer loop
      vertex -15.8084716796875 -63.19282531738281 9.272929931640647
      vertex -14.586502075195312 -61.687530517578125 9.744273925781272
      vertex -14.630538940429688 -61.646820068359375 9.727275634765647
    endloop
  endfacet
  facet normal -0.359969830706903 0.00019836110086908496 0.9329639230075927
    outer loop
      vertex -16.554420471191406 -62.34419250488281 8.985240722656272
      vertex -14.879802703857422 -61.304473876953125 9.631145263671897
      vertex -14.905952453613281 -61.24879455566406 9.621043945312522
    endloop
  endfacet
  facet normal -0.35978732476829667 -0.00012196329360631203 0.9330343327343465
    outer loop
      vertex -16.47845458984375 -62.464141845703125 9.014537597656272
      vertex -14.85113525390625 -61.35871887207031 9.642192626953147
      vertex -14.879802703857422 -61.304473876953125 9.631145263671897
    endloop
  endfacet
  facet normal -0.35980284724811556 -0.00008047559783261812 0.933028351464106
    outer loop
      vertex -16.397201538085938 -62.58056640625 9.045879150390647
      vertex -14.820022583007812 -61.411376953125 9.654186035156272
      vertex -14.85113525390625 -61.35871887207031 9.642192626953147
    endloop
  endfacet
  facet normal -0.360062151962186 0.00026250731034232946 0.9329282811739988
    outer loop
      vertex -16.31082534790039 -62.69325256347656 9.079173828125022
      vertex -14.78653335571289 -61.46234130859375 9.667125488281272
      vertex -14.820022583007812 -61.411376953125 9.654186035156272
    endloop
  endfacet
  facet normal -0.3597982393883 -0.00008309081687843576 0.933030128146458
    outer loop
      vertex -16.219497680664062 -62.80195617675781 9.114421630859397
      vertex -14.750751495361328 -61.51148986816406 9.680919433593772
      vertex -14.78653335571289 -61.46234130859375 9.667125488281272
    endloop
  endfacet
  facet normal -0.26671958193651824 -0.9637741721736097 -0.00009829894344335823
    outer loop
      vertex -14.676555633544922 -63.76719665527344 9.709544921875022
      vertex -14.698932102758128 -63.76072676281437 6.990566205886592
      vertex -14.656986443705739 -63.77233666063631 7.00675168866755
    endloop
  endfacet
  facet normal -0.24345659303319736 -0.9699117901214102 0.00008180556076438421
    outer loop
      vertex -14.676555633544922 -63.76719665527344 9.709544921875022
      vertex -14.656986443705739 -63.77233666063631 7.00675168866755
      vertex -14.557616088409059 -63.79727628056564 7.045095517586374
    endloop
  endfacet
  facet normal -0.2190397681090903 -0.9757159272535556 -0.00009638698181463141
    outer loop
      vertex -14.538848876953125 -63.8017578125 9.762645507812522
      vertex -14.557616088409059 -63.79727628056564 7.045095517586374
      vertex -14.515427995505316 -63.80674874987257 7.061374547805023
    endloop
  endfacet
  facet normal -0.19993056323742242 -0.9798100652555333 0.00007686035810510956
    outer loop
      vertex -14.538848876953125 -63.8017578125 9.762645507812522
      vertex -14.515427995505316 -63.80674874987257 7.061374547805023
      vertex -14.414812348480465 -63.82727635990658 7.100198894810316
    endloop
  endfacet
  facet normal -0.17096099645380106 -0.9852777931369978 -0.00008968060368891927
    outer loop
      vertex -14.399738311767578 -63.83013916015625 9.816295410156272
      vertex -14.414812348480465 -63.82727635990658 7.100198894810316
      vertex -14.372489088448846 -63.83462158919043 7.116530081682841
    endloop
  endfacet
  facet normal -0.15596526681785058 -0.9877625378687268 0.00006579945718093036
    outer loop
      vertex -14.399738311767578 -63.83013916015625 9.816295410156272
      vertex -14.372489088448846 -63.83462158919043 7.116530081682841
      vertex -14.270820445806079 -63.85067220359679 7.155760745881076
    endloop
  endfacet
  facet normal -0.12248906595221233 -0.992469859918424 -0.00007665284256507448
    outer loop
      vertex -14.25949478149414 -63.85227966308594 9.870403076171897
      vertex -14.270820445806079 -63.85067220359679 7.155760745881076
      vertex -14.228466313579533 -63.855900746094896 7.17210384534219
    endloop
  endfacet
  facet normal -0.11157425244860082 -0.9937560986638664 0.00005058564675241701
    outer loop
      vertex -14.25949478149414 -63.85227966308594 9.870403076171897
      vertex -14.228466313579533 -63.855900746094896 7.17210384534219
      vertex -14.125947215355026 -63.867409093719225 7.211662673037797
    endloop
  endfacet
  facet normal -0.07353445417742113 -0.9972926756456163 -0.00005614656202878071
    outer loop
      vertex -14.118400573730469 -63.86811828613281 9.924815917968772
      vertex -14.125947215355026 -63.867409093719225 7.211662673037797
      vertex -14.083667321282546 -63.8705274811392 7.227977126379349
    endloop
  endfacet
  facet normal -0.06707344885777171 -0.9977480401902835 0.000027473115767735848
    outer loop
      vertex -14.118400573730469 -63.86811828613281 9.924815917968772
      vertex -14.083667321282546 -63.8705274811392 7.227977126379349
      vertex -13.980504826643864 -63.8774614668797 7.2677842200890845
    endloop
  endfacet
  facet normal -0.02457691748597524 -0.9996979414435739 -0.0000316285987007345
    outer loop
      vertex -13.976741790771484 -63.87763977050781 9.979442382812522
      vertex -13.980504826643864 -63.8774614668797 7.2677842200890845
      vertex -13.938400225047083 -63.87849709488317 7.284031033693626
    endloop
  endfacet
  facet normal -0.022354593975285705 -0.9997501048403045 1.0452259758782479e-15
    outer loop
      vertex -13.976741790771484 -63.87763977050781 9.979442382812522
      vertex -13.938400225047083 -63.87849709488317 7.284031033693626
      vertex -13.834800720214844 -63.88081359863281 7.324006755602864
    endloop
  endfacet
  facet normal 0.899209006459859 0.26670170744376653 0.3468333345398808
    outer loop
      vertex -14.968692779541016 -61.074462890625 9.596843505859397
      vertex -14.058712874987526 -61.074462890625 7.237606245814853
      vertex -14.074222231673298 -61.01438903808594 7.231621683138945
    endloop
  endfacet
  facet normal 0.8704944292190832 0.3598723040262897 0.3357549307059424
    outer loop
      vertex -14.950450897216797 -61.13365173339844 9.603893066406272
      vertex -14.019636364442336 -61.19155848240801 7.252684616327024
      vertex -14.040474327003194 -61.13365173339844 7.244643915767337
    endloop
  endfacet
  facet normal 0.8859312384650815 0.313622012614786 0.3417119750830778
    outer loop
      vertex -14.968692779541016 -61.074462890625 9.596843505859397
      vertex -14.040555885854207 -61.13338715368135 7.24461244482592
      vertex -14.058712874987526 -61.074462890625 7.237606245814853
    endloop
  endfacet
  facet normal 0.8858991445914555 0.31372938043616017 0.34169662196643175
    outer loop
      vertex -14.950450897216797 -61.13365173339844 9.603893066406272
      vertex -14.040474327003194 -61.13365173339844 7.244643915767337
      vertex -14.040555885854207 -61.13338715368135 7.24461244482592
    endloop
  endfacet
  facet normal 0.8705307443622664 0.35976864921625634 0.33577186028788714
    outer loop
      vertex -14.929519653320312 -61.19181823730469 9.611949707031272
      vertex -14.019542921587771 -61.19181823730469 7.252720672923767
      vertex -14.019636364442336 -61.19155848240801 7.252684616327024
    endloop
  endfacet
  facet normal 0.8529321531084205 0.4053101569666732 0.32898391883720474
    outer loop
      vertex -14.929519653320312 -61.19181823730469 9.611949707031272
      vertex -14.019437675866008 -61.19207267901026 7.2527612838679225
      vertex -14.019542921587771 -61.19181823730469 7.252720672923767
    endloop
  endfacet
  facet normal 0.8529119498183787 0.4053578800188366 0.3289774991753172
    outer loop
      vertex -14.905952453613281 -61.24879455566406 9.621043945312522
      vertex -13.995972277634408 -61.24879455566406 7.261815827475202
      vertex -14.019437675866008 -61.19207267901026 7.2527612838679225
    endloop
  endfacet
  facet normal 0.8334318946291837 0.44950618262666153 0.3214583469054981
    outer loop
      vertex -14.879802703857422 -61.304473876953125 9.631145263671897
      vertex -13.969832350726266 -61.304473876953125 7.271902385808659
      vertex -13.995855473415308 -61.24904322587527 7.261860898472289
    endloop
  endfacet
  facet normal 0.811840189339962 0.49281325331296943 0.3131303312225467
    outer loop
      vertex -14.85113525390625 -61.35871887207031 9.642192626953147
      vertex -13.941169763925787 -61.35871887207031 7.2829623575816
      vertex -13.969832350726266 -61.304473876953125 7.271902385808659
    endloop
  endfacet
  facet normal 0.7882598090181496 0.5349850700190378 0.3040352748340156
    outer loop
      vertex -14.85113525390625 -61.35871887207031 9.642192626953147
      vertex -13.941030457393094 -61.35895467832909 7.283016111498862
      vertex -13.941169763925787 -61.35871887207031 7.2829623575816
    endloop
  endfacet
  facet normal 0.8333426470304902 0.44969230666328897 0.3214294043301987
    outer loop
      vertex -14.905952453613281 -61.24879455566406 9.621043945312522
      vertex -13.995855473415308 -61.24904322587527 7.261860898472289
      vertex -13.995972277634408 -61.24879455566406 7.261815827475202
    endloop
  endfacet
  facet normal 0.788159678411392 0.5351515711781141 0.30400183748136644
    outer loop
      vertex -14.820022583007812 -61.411376953125 9.654186035156272
      vertex -13.910047606878413 -61.411376953125 7.294971398525918
      vertex -13.941030457393094 -61.35895467832909 7.283016111498862
    endloop
  endfacet
  facet normal 0.7627460979922863 0.5759036553958871 0.29419954061690295
    outer loop
      vertex -14.820022583007812 -61.411376953125 9.654186035156272
      vertex -13.909897824409098 -61.41160485517329 7.295029194770698
      vertex -13.910047606878413 -61.411376953125 7.294971398525918
    endloop
  endfacet
  facet normal 0.7628502454788174 0.575747729100187 0.29423469443436784
    outer loop
      vertex -14.78653335571289 -61.46234130859375 9.667125488281272
      vertex -13.876566165748631 -61.46234130859375 7.307890811431338
      vertex -13.909897824409098 -61.41160485517329 7.295029194770698
    endloop
  endfacet
  facet normal 0.93047423461634 0.07357840608716244 0.3588926258267348
    outer loop
      vertex -15.014007568359375 -60.830291748046875 9.579356933593772
      vertex -14.104028016502493 -60.830291748046875 7.220120587959505
      vertex -14.10830689810634 -60.76812744140625 7.218469504961039
    endloop
  endfacet
  facet normal 0.9259863309248116 0.12241285428186431 0.35716159934541186
    outer loop
      vertex -15.006889343261719 -60.89215087890625 9.582103515625022
      vertex -14.096909829154958 -60.89215087890625 7.222867267862692
      vertex -14.104028016502493 -60.830291748046875 7.220120587959505
    endloop
  endfacet
  facet normal 0.9192620150621706 0.17099387097765348 0.35456796774654536
    outer loop
      vertex -14.9969482421875 -60.95356750488281 9.585948730468772
      vertex -14.086965618055954 -60.95356750488281 7.226704419576345
      vertex -14.096909829154958 -60.89215087890625 7.222867267862692
    endloop
  endfacet
  facet normal 0.9103291956573268 0.2191203974591091 0.35112249564966125
    outer loop
      vertex -14.984203338623047 -61.01438903808594 9.590862060546897
      vertex -14.074222231673298 -61.01438903808594 7.231621683138945
      vertex -14.086965618055954 -60.95356750488281 7.226704419576345
    endloop
  endfacet
  facet normal 0.9327225638642501 0.024525199194515162 0.35975982747239743
    outer loop
      vertex -15.018287658691406 -60.76812744140625 9.577708984375022
      vertex -14.10830689810634 -60.76812744140625 7.218469504961039
      vertex -14.109733191974291 -60.705810546875 7.21791914396155
    endloop
  endfacet
  facet normal 0.7064631120692513 0.6531931488649338 0.2724859291070661
    outer loop
      vertex -14.712764739990234 -61.558685302734375 9.695567871093772
      vertex -13.802805123226461 -61.558685302734375 7.336352828970674
      vertex -13.84078871210379 -61.51148986816406 7.321696181831929
    endloop
  endfacet
  facet normal 0.6757408342336206 0.6895238141177831 0.26063621143984467
    outer loop
      vertex -14.672660827636719 -61.60383605957031 9.711040283203147
      vertex -13.762702016561994 -61.60383605957031 7.3518273299570565
      vertex -13.802805123226461 -61.558685302734375 7.336352828970674
    endloop
  endfacet
  facet normal 0.7355841107968963 0.6151585953637604 0.283718026380462
    outer loop
      vertex -14.750751495361328 -61.51148986816406 9.680919433593772
      vertex -13.84078871210379 -61.51148986816406 7.321696181831929
      vertex -13.876566165748631 -61.46234130859375 7.307890811431338
    endloop
  endfacet
  facet normal 0.6433825498285711 0.724208362900961 0.2481554788442038
    outer loop
      vertex -14.630538940429688 -61.646820068359375 9.727275634765647
      vertex -13.720586216929213 -61.646820068359375 7.368078464524075
      vertex -13.762702016561994 -61.60383605957031 7.3518273299570565
    endloop
  endfacet
  facet normal 0.6093470808762338 0.7572701270480374 0.23502784879299257
    outer loop
      vertex -14.586502075195312 -61.687530517578125 9.744273925781272
      vertex -13.67654737792513 -61.687530517578125 7.385071638227788
      vertex -13.720586216929213 -61.646820068359375 7.368078464524075
    endloop
  endfacet
  facet normal 0.5739279931021267 0.7884183590495242 0.22136655087754495
    outer loop
      vertex -14.586502075195312 -61.687530517578125 9.744273925781272
      vertex -13.630901368207196 -61.72570381016436 7.402684967497125
      vertex -13.67654737792513 -61.687530517578125 7.385071638227788
    endloop
  endfacet
  facet normal 0.5740067632901883 0.7883516800019589 0.22139978395475196
    outer loop
      vertex -14.540653228759766 -61.72587585449219 9.761943603515647
      vertex -13.630695690842728 -61.72587585449219 7.402764331786928
      vertex -13.630901368207196 -61.72570381016436 7.402684967497125
    endloop
  endfacet
  facet normal -0.32920775611896963 -0.9442575116226538 0.00007110067889862874
    outer loop
      vertex -14.946643829345703 -63.67976379394531 9.605357910156272
      vertex -14.83845252403575 -63.71768476114486 6.936729755889215
      vertex -14.812576293945312 -63.72650146484375 9.657054687500022
    endloop
  endfacet
  facet normal 0.5373352313856717 0.8175060357365556 0.2072552306843138
    outer loop
      vertex -14.49310302734375 -61.76177978515625 9.780284667968772
      vertex -13.58314785009695 -61.76177978515625 7.421111516574307
      vertex -13.630695690842728 -61.72587585449219 7.402764331786928
    endloop
  endfacet
  facet normal 0.49907867034682246 0.8449050205931172 0.19249931683357224
    outer loop
      vertex -14.49310302734375 -61.76177978515625 9.780284667968772
      vertex -13.58292728542179 -61.76192946176175 7.4211966253992125
      vertex -13.58314785009695 -61.76177978515625 7.421111516574307
    endloop
  endfacet
  facet normal 0.49905432277654826 0.8449213585518827 0.1924907290777444
    outer loop
      vertex -14.4439697265625 -61.79512023925781 9.799236083984397
      vertex -13.534013777527662 -61.79512023925781 7.44007077728196
      vertex -13.58292728542179 -61.76192946176175 7.4211966253992125
    endloop
  endfacet
  facet normal 0.45999522460011366 0.870014189267783 0.17742520626397346
    outer loop
      vertex -14.4439697265625 -61.79512023925781 9.799236083984397
      vertex -13.483647951195028 -61.82571309606541 7.459505332210216
      vertex -13.534013777527662 -61.79512023925781 7.44007077728196
    endloop
  endfacet
  facet normal 0.45990289261431494 0.8700708791791953 0.17738656817619466
    outer loop
      vertex -14.393363952636719 -61.82585144042969 9.818767333984397
      vertex -13.483420130149485 -61.82585144042969 7.459593241035421
      vertex -13.483647951195028 -61.82571309606541 7.459505332210216
    endloop
  endfacet
  facet normal 0.41939311156871845 0.8932763002290155 0.1617617674788142
    outer loop
      vertex -14.393363952636719 -61.82585144042969 9.818767333984397
      vertex -13.483186307525695 -61.825977558737314 7.459683465676937
      vertex -13.483420130149485 -61.82585144042969 7.459593241035421
    endloop
  endfacet
  facet normal 0.4193264063609419 0.8933118967619427 0.16173812176477873
    outer loop
      vertex -14.341415405273438 -61.85386657714844 9.838786865234397
      vertex -13.431470026529913 -61.85386657714844 7.4796391176910575
      vertex -13.483186307525695 -61.825977558737314 7.459683465676937
    endloop
  endfacet
  facet normal 0.3781899065252237 0.9141629682965582 0.14587138855055992
    outer loop
      vertex -14.288246154785156 -61.87913513183594 9.859294677734397
      vertex -13.378303627745119 -61.87913513183594 7.5001543235907215
      vertex -13.431470026529913 -61.85386657714844 7.4796391176910575
    endloop
  endfacet
  facet normal 0.3357320941486181 0.9330139348586041 0.12949501271573435
    outer loop
      vertex -14.288246154785156 -61.87913513183594 9.859294677734397
      vertex -13.378059287971228 -61.879236139829665 7.500248606462713
      vertex -13.378303627745119 -61.87913513183594 7.5001543235907215
    endloop
  endfacet
  facet normal 0.3357878503091167 0.9329911162885764 0.12951485054378184
    outer loop
      vertex -14.233985900878906 -61.90156555175781 9.880229736328147
      vertex -13.324054322546777 -61.90156555175781 7.521087388298802
      vertex -13.378059287971228 -61.879236139829665 7.500248606462713
    endloop
  endfacet
  facet normal 0.2927859329428484 0.94948590229306 0.11292882190795933
    outer loop
      vertex -14.233985900878906 -61.90156555175781 9.880229736328147
      vertex -13.323804999146963 -61.901653876189165 7.521183594191991
      vertex -13.324054322546777 -61.90156555175781 7.521087388298802
    endloop
  endfacet
  facet normal 0.2927699031918652 0.9494915244044851 0.11292311042949892
    outer loop
      vertex -14.178764343261719 -61.92112731933594 9.901531005859397
      vertex -13.268831794865894 -61.92112731933594 7.542395988308723
      vertex -13.323804999146963 -61.901653876189165 7.521183594191991
    endloop
  endfacet
  facet normal 0.2487372723482872 0.9638077553757238 0.09593946019413936
    outer loop
      vertex -14.178764343261719 -61.92112731933594 9.901531005859397
      vertex -13.268578565640544 -61.92120239870871 7.542493701334555
      vertex -13.268831794865894 -61.92112731933594 7.542395988308723
    endloop
  endfacet
  facet normal 0.2487084436940916 0.9638162186159175 0.09592917579223187
    outer loop
      vertex -14.122711181640625 -61.937744140625 9.923137451171897
      vertex -13.212779350172234 -61.937744140625 7.564024826641832
      vertex -13.268578565640544 -61.92120239870871 7.542493701334555
    endloop
  endfacet
  facet normal 0.20437366092121295 0.9757138010247747 0.07882883489845416
    outer loop
      vertex -14.122711181640625 -61.937744140625 9.923137451171897
      vertex -13.21252312224849 -61.93780579810661 7.564123696769074
      vertex -13.212779350172234 -61.937744140625 7.564024826641832
    endloop
  endfacet
  facet normal 0.2044091344879256 0.9757053465496637 0.07884150209311104
    outer loop
      vertex -14.065963745117188 -61.95140075683594 9.945049072265647
      vertex -13.156037208904818 -61.95140075683594 7.585919796733764
      vertex -13.21252312224849 -61.93780579810661 7.564123696769074
    endloop
  endfacet
  facet normal 0.1596501023480664 0.9852512501634326 0.06157774656192759
    outer loop
      vertex -14.008663177490234 -61.962066650390625 9.967143798828147
      vertex -13.098741919836199 -61.962066650390625 7.608028208798334
      vertex -13.156037208904818 -61.95140075683594 7.585919796733764
    endloop
  endfacet
  facet normal 0.11420661733807527 0.9924799476747376 0.04404999454874588
    outer loop
      vertex -14.008663177490234 -61.962066650390625 9.967143798828147
      vertex -13.098480688813051 -61.96210118467035 7.608129009460966
      vertex -13.098741919836199 -61.962066650390625 7.608028208798334
    endloop
  endfacet
  facet normal 0.1141864584029303 0.9924825870969718 0.04404278631850606
    outer loop
      vertex -13.950942993164062 -61.969696044921875 9.989391113281272
      vertex -13.041019946553302 -61.969696044921875 7.630301264598611
      vertex -13.098480688813051 -61.96210118467035 7.608129009460966
    endloop
  endfacet
  facet normal 0.06851626598438315 0.9972999125902793 0.026427365418793553
    outer loop
      vertex -13.892940521240234 -61.974273681640625 10.011760498046897
      vertex -12.983021472104037 -61.974273681640625 7.652681013319402
      vertex -13.041019946553302 -61.969696044921875 7.630301264598611
    endloop
  endfacet
  facet normal 0.022838586030232137 0.9997003548621984 0.00880905650648079
    outer loop
      vertex -13.834800720214844 -61.975799560546875 10.034190917968772
      vertex -12.924882967769738 -61.975799560546875 7.675114795075891
      vertex -12.983021472104037 -61.974273681640625 7.652681013319402
    endloop
  endfacet
  facet normal -0.28665863850213097 -0.958032785795378 0.00007945597422918734
    outer loop
      vertex -14.812576293945312 -63.72650146484375 9.657054687500022
      vertex -14.698932102758128 -63.76072676281437 6.990566205886592
      vertex -14.676555633544922 -63.76719665527344 9.709544921875022
    endloop
  endfacet
  facet normal -0.24345659303320827 -0.9699117901214075 0.00008180556076386566
    outer loop
      vertex -14.676555633544922 -63.76719665527344 9.709544921875022
      vertex -14.557616088409059 -63.79727628056564 7.045095517586374
      vertex -14.538848876953125 -63.8017578125 9.762645507812522
    endloop
  endfacet
  facet normal -0.19993056323738292 -0.9798100652555413 0.00007686035810702616
    outer loop
      vertex -14.538848876953125 -63.8017578125 9.762645507812522
      vertex -14.414812348480465 -63.82727635990658 7.100198894810316
      vertex -14.399738311767578 -63.83013916015625 9.816295410156272
    endloop
  endfacet
  facet normal 0.9304742346163387 0.07357840608717978 0.3588926258267348
    outer loop
      vertex -15.014007568359375 -60.830291748046875 9.579356933593772
      vertex -14.10830689810634 -60.76812744140625 7.218469504961039
      vertex -15.018287658691406 -60.76812744140625 9.577708984375022
    endloop
  endfacet
  facet normal 0.9192620150621674 0.17099387097767238 0.3545679677465446
    outer loop
      vertex -14.9969482421875 -60.95356750488281 9.585948730468772
      vertex -14.096909829154958 -60.89215087890625 7.222867267862692
      vertex -15.006889343261719 -60.89215087890625 9.582103515625022
    endloop
  endfacet
  facet normal 0.9103291956573287 0.21912039745910059 0.3511224956496618
    outer loop
      vertex -14.984203338623047 -61.01438903808594 9.590862060546897
      vertex -14.086965618055954 -60.95356750488281 7.226704419576345
      vertex -14.9969482421875 -60.95356750488281 9.585948730468772
    endloop
  endfacet
  facet normal 0.925986330924814 0.12241285428184503 0.35716159934541214
    outer loop
      vertex -15.014007568359375 -60.830291748046875 9.579356933593772
      vertex -15.006889343261719 -60.89215087890625 9.582103515625022
      vertex -14.104028016502493 -60.830291748046875 7.220120587959505
    endloop
  endfacet
  facet normal 0.9327225638642507 0.02452519919449406 0.35975982747239715
    outer loop
      vertex -15.018287658691406 -60.76812744140625 9.577708984375022
      vertex -14.109733191974291 -60.705810546875 7.21791914396155
      vertex -15.01971435546875 -60.705810546875 9.577159667968772
    endloop
  endfacet
  facet normal 0.8992090064598608 0.2667017074437597 0.3468333345398813
    outer loop
      vertex -14.968692779541016 -61.074462890625 9.596843505859397
      vertex -14.074222231673298 -61.01438903808594 7.231621683138945
      vertex -14.984203338623047 -61.01438903808594 9.590862060546897
    endloop
  endfacet
  facet normal 0.8858991445917629 0.3137293804351634 0.34169662196655015
    outer loop
      vertex -14.950450897216797 -61.13365173339844 9.603893066406272
      vertex -14.040555885854207 -61.13338715368135 7.24461244482592
      vertex -14.968692779541016 -61.074462890625 9.596843505859397
    endloop
  endfacet
  facet normal 0.8705307443623838 0.35976864921593077 0.33577186028793227
    outer loop
      vertex -14.950450897216797 -61.13365173339844 9.603893066406272
      vertex -14.929519653320312 -61.19181823730469 9.611949707031272
      vertex -14.019636364442336 -61.19155848240801 7.252684616327024
    endloop
  endfacet
  facet normal 0.833342647030413 0.4496923066634535 0.32142940433016876
    outer loop
      vertex -14.905952453613281 -61.24879455566406 9.621043945312522
      vertex -14.879802703857422 -61.304473876953125 9.631145263671897
      vertex -13.995855473415308 -61.24904322587527 7.261860898472289
    endloop
  endfacet
  facet normal 0.8118401893399653 0.49281325331296316 0.31313033122254774
    outer loop
      vertex -14.85113525390625 -61.35871887207031 9.642192626953147
      vertex -13.969832350726266 -61.304473876953125 7.271902385808659
      vertex -14.879802703857422 -61.304473876953125 9.631145263671897
    endloop
  endfacet
  facet normal 0.8529321531094044 0.40531015696429457 0.32898391883758465
    outer loop
      vertex -14.929519653320312 -61.19181823730469 9.611949707031272
      vertex -14.905952453613281 -61.24879455566406 9.621043945312522
      vertex -14.019437675866008 -61.19207267901026 7.2527612838679225
    endloop
  endfacet
  facet normal 0.78825980902159 0.5349850700132142 0.30403527483534337
    outer loop
      vertex -14.85113525390625 -61.35871887207031 9.642192626953147
      vertex -14.820022583007812 -61.411376953125 9.654186035156272
      vertex -13.941030457393094 -61.35895467832909 7.283016111498862
    endloop
  endfacet
  facet normal 0.7627460979936751 0.5759036553937744 0.29419954061743886
    outer loop
      vertex -14.820022583007812 -61.411376953125 9.654186035156272
      vertex -14.78653335571289 -61.46234130859375 9.667125488281272
      vertex -13.909897824409098 -61.41160485517329 7.295029194770698
    endloop
  endfacet
  facet normal 0.7064631120692597 0.6531931488649234 0.272485929107069
    outer loop
      vertex -14.750751495361328 -61.51148986816406 9.680919433593772
      vertex -14.712764739990234 -61.558685302734375 9.695567871093772
      vertex -13.84078871210379 -61.51148986816406 7.321696181831929
    endloop
  endfacet
  facet normal 0.7355841107968982 0.6151585953637579 0.2837180263804627
    outer loop
      vertex -14.750751495361328 -61.51148986816406 9.680919433593772
      vertex -13.876566165748631 -61.46234130859375 7.307890811431338
      vertex -14.78653335571289 -61.46234130859375 9.667125488281272
    endloop
  endfacet
  facet normal -0.15596526681783196 -0.9877625378687298 0.00006579945718185509
    outer loop
      vertex -14.399738311767578 -63.83013916015625 9.816295410156272
      vertex -14.270820445806079 -63.85067220359679 7.155760745881076
      vertex -14.25949478149414 -63.85227966308594 9.870403076171897
    endloop
  endfacet
  facet normal -0.1115742524486336 -0.9937560986638627 0.00005058564675074971
    outer loop
      vertex -14.25949478149414 -63.85227966308594 9.870403076171897
      vertex -14.125947215355026 -63.867409093719225 7.211662673037797
      vertex -14.118400573730469 -63.86811828613281 9.924815917968772
    endloop
  endfacet
  facet normal -0.06707344885775567 -0.9977480401902848 0.000027473115768573123
    outer loop
      vertex -14.118400573730469 -63.86811828613281 9.924815917968772
      vertex -13.980504826643864 -63.8774614668797 7.2677842200890845
      vertex -13.976741790771484 -63.87763977050781 9.979442382812522
    endloop
  endfacet
  facet normal 0.6757408342336213 0.6895238141177823 0.2606362114398449
    outer loop
      vertex -14.712764739990234 -61.558685302734375 9.695567871093772
      vertex -14.672660827636719 -61.60383605957031 9.711040283203147
      vertex -13.802805123226461 -61.558685302734375 7.336352828970674
    endloop
  endfacet
  facet normal 0.6433825498285718 0.7242083629009605 0.24815547884420405
    outer loop
      vertex -14.672660827636719 -61.60383605957031 9.711040283203147
      vertex -14.630538940429688 -61.646820068359375 9.727275634765647
      vertex -13.762702016561994 -61.60383605957031 7.3518273299570565
    endloop
  endfacet
  facet normal 0.6093470808762267 0.7572701270480439 0.2350278487929901
    outer loop
      vertex -14.630538940429688 -61.646820068359375 9.727275634765647
      vertex -14.586502075195312 -61.687530517578125 9.744273925781272
      vertex -13.720586216929213 -61.646820068359375 7.368078464524075
    endloop
  endfacet
  facet normal 0.5740067632954333 0.7883516799975718 0.2213997839567742
    outer loop
      vertex -14.586502075195312 -61.687530517578125 9.744273925781272
      vertex -14.540653228759766 -61.72587585449219 9.761943603515647
      vertex -13.630901368207196 -61.72570381016436 7.402684967497125
    endloop
  endfacet
  facet normal 0.5373352313856663 0.8175060357365599 0.20725523068431187
    outer loop
      vertex -14.540653228759766 -61.72587585449219 9.761943603515647
      vertex -14.49310302734375 -61.76177978515625 9.780284667968772
      vertex -13.630695690842728 -61.72587585449219 7.402764331786928
    endloop
  endfacet
  facet normal 0.4990786703413991 0.8449050205967975 0.19249931683147958
    outer loop
      vertex -14.49310302734375 -61.76177978515625 9.780284667968772
      vertex -14.4439697265625 -61.79512023925781 9.799236083984397
      vertex -13.58292728542179 -61.76192946176175 7.4211966253992125
    endloop
  endfacet
  facet normal 0.45990289262345385 0.8700708791736464 0.17738656817971818
    outer loop
      vertex -14.4439697265625 -61.79512023925781 9.799236083984397
      vertex -14.393363952636719 -61.82585144042969 9.818767333984397
      vertex -13.483647951195028 -61.82571309606541 7.459505332210216
    endloop
  endfacet
  facet normal 0.41939311155904013 0.8932763002342359 0.16176176747507987
    outer loop
      vertex -14.393363952636719 -61.82585144042969 9.818767333984397
      vertex -14.341415405273438 -61.85386657714844 9.838786865234397
      vertex -13.483186307525695 -61.825977558737314 7.459683465676937
    endloop
  endfacet
  facet normal 0.378189906525225 0.9141629682965575 0.1458713885505604
    outer loop
      vertex -14.341415405273438 -61.85386657714844 9.838786865234397
      vertex -14.288246154785156 -61.87913513183594 9.859294677734397
      vertex -13.431470026529913 -61.85386657714844 7.4796391176910575
    endloop
  endfacet
  facet normal 0.3357320941494011 0.9330139348582803 0.12949501271603645
    outer loop
      vertex -14.288246154785156 -61.87913513183594 9.859294677734397
      vertex -14.233985900878906 -61.90156555175781 9.880229736328147
      vertex -13.378059287971228 -61.879236139829665 7.500248606462713
    endloop
  endfacet
  facet normal -0.3598790516897345 0.000008329976298369948 0.9329989646754755
    outer loop
      vertex -15.207843780517578 -63.56855773925781 9.504619384765647
      vertex -15.078487396240234 -63.62709045410156 9.554515625000022
      vertex -14.393363952636719 -61.82585144042969 9.818767333984397
    endloop
  endfacet
  facet normal -0.35969498430207436 -0.00011878989520490583 0.9330699352979344
    outer loop
      vertex -15.578433990478516 -63.35917663574219 9.361675048828147
      vertex -14.540653228759766 -61.72587585449219 9.761943603515647
      vertex -14.586502075195312 -61.687530517578125 9.744273925781272
    endloop
  endfacet
  facet normal -0.359873083346661 0.000005536215700013055 0.9330012668008107
    outer loop
      vertex -15.45806884765625 -63.434478759765625 9.408092285156272
      vertex -14.49310302734375 -61.76177978515625 9.780284667968772
      vertex -14.540653228759766 -61.72587585449219 9.761943603515647
    endloop
  endfacet
  facet normal -0.022354593975305252 -0.9997501048403042 0
    outer loop
      vertex -13.976741790771484 -63.87763977050781 9.979442382812522
      vertex -13.834800720214844 -63.88081359863281 7.324006755602864
      vertex -13.834800720214844 -63.88081359863281 10.034190917968772
    endloop
  endfacet
  facet normal 0.2927859329506595 0.9494859022902927 0.11292882191097318
    outer loop
      vertex -14.233985900878906 -61.90156555175781 9.880229736328147
      vertex -14.178764343261719 -61.92112731933594 9.901531005859397
      vertex -13.323804999146963 -61.901653876189165 7.521183594191991
    endloop
  endfacet
  facet normal 0.24873727234780924 0.9638077553758655 0.09593946019395495
    outer loop
      vertex -14.178764343261719 -61.92112731933594 9.901531005859397
      vertex -14.122711181640625 -61.937744140625 9.923137451171897
      vertex -13.268578565640544 -61.92120239870871 7.542493701334555
    endloop
  endfacet
  facet normal 0.20437366092945683 0.9757138010227908 0.07882883490163498
    outer loop
      vertex -14.122711181640625 -61.937744140625 9.923137451171897
      vertex -14.065963745117188 -61.95140075683594 9.945049072265647
      vertex -13.21252312224849 -61.93780579810661 7.564123696769074
    endloop
  endfacet
  facet normal 0.15965010234806457 0.9852512501634328 0.061577746561926945
    outer loop
      vertex -14.065963745117188 -61.95140075683594 9.945049072265647
      vertex -14.008663177490234 -61.962066650390625 9.967143798828147
      vertex -13.156037208904818 -61.95140075683594 7.585919796733764
    endloop
  endfacet
  facet normal 0.11420661734934 0.9924799476732485 0.04404999455309218
    outer loop
      vertex -14.008663177490234 -61.962066650390625 9.967143798828147
      vertex -13.950942993164062 -61.969696044921875 9.989391113281272
      vertex -13.098480688813051 -61.96210118467035 7.608129009460966
    endloop
  endfacet
  facet normal 0.06851626598438222 0.9972999125902794 0.026427365418793227
    outer loop
      vertex -13.950942993164062 -61.969696044921875 9.989391113281272
      vertex -13.892940521240234 -61.974273681640625 10.011760498046897
      vertex -13.041019946553302 -61.969696044921875 7.630301264598611
    endloop
  endfacet
  facet normal 0.022838586030232384 0.9997003548621983 0.008809056506480879
    outer loop
      vertex -13.892940521240234 -61.974273681640625 10.011760498046897
      vertex -13.834800720214844 -61.975799560546875 10.034190917968772
      vertex -12.983021472104037 -61.974273681640625 7.652681013319402
    endloop
  endfacet
  facet normal -0.35980606982914554 -0.000016804457666331523 0.9330271120560828
    outer loop
      vertex -15.078487396240234 -63.62709045410156 9.554515625000022
      vertex -14.946643829345703 -63.67976379394531 9.605357910156272
      vertex -14.341415405273438 -61.85386657714844 9.838786865234397
    endloop
  endfacet
  facet normal -0.35987278223929564 -0.0000012087764142713192 0.9330013829581858
    outer loop
      vertex -15.334453582763672 -63.50431823730469 9.455760742187522
      vertex -14.4439697265625 -61.79512023925781 9.799236083984397
      vertex -14.49310302734375 -61.76177978515625 9.780284667968772
    endloop
  endfacet
  facet normal -0.3597892240068255 -0.000026185316717250595 0.9330336079707395
    outer loop
      vertex -14.946643829345703 -63.67976379394531 9.605357910156272
      vertex -14.812576293945312 -63.72650146484375 9.657054687500022
      vertex -14.288246154785156 -61.87913513183594 9.859294677734397
    endloop
  endfacet
  facet normal -0.360009608367629 0.00004781139247778857 0.9329485942950219
    outer loop
      vertex -14.812576293945312 -63.72650146484375 9.657054687500022
      vertex -14.676555633544922 -63.76719665527344 9.709544921875022
      vertex -14.233985900878906 -61.90156555175781 9.880229736328147
    endloop
  endfacet
  facet normal -0.35978790350033235 -0.00001640334436678997 0.9330341173964465
    outer loop
      vertex -14.676555633544922 -63.76719665527344 9.709544921875022
      vertex -14.538848876953125 -63.8017578125 9.762645507812522
      vertex -14.178764343261719 -61.92112731933594 9.901531005859397
    endloop
  endfacet
  facet normal -0.3600186801249913 0.00008329889950121813 0.9329450911079132
    outer loop
      vertex -15.207843780517578 -63.56855773925781 9.504619384765647
      vertex -14.393363952636719 -61.82585144042969 9.818767333984397
      vertex -14.4439697265625 -61.79512023925781 9.799236083984397
    endloop
  endfacet
  facet normal -0.35963950295819525 -0.00009633493399884202 0.9330913238432575
    outer loop
      vertex -15.078487396240234 -63.62709045410156 9.554515625000022
      vertex -14.341415405273438 -61.85386657714844 9.838786865234397
      vertex -14.393363952636719 -61.82585144042969 9.818767333984397
    endloop
  endfacet
  facet normal -0.35986477759863444 0.000005549936224944563 0.9330044704143082
    outer loop
      vertex -14.946643829345703 -63.67976379394531 9.605357910156272
      vertex -14.288246154785156 -61.87913513183594 9.859294677734397
      vertex -14.341415405273438 -61.85386657714844 9.838786865234397
    endloop
  endfacet
  facet normal -0.35995356244224724 0.000027397503680042073 0.9329702203899716
    outer loop
      vertex -14.812576293945312 -63.72650146484375 9.657054687500022
      vertex -14.233985900878906 -61.90156555175781 9.880229736328147
      vertex -14.288246154785156 -61.87913513183594 9.859294677734397
    endloop
  endfacet
  facet normal -0.35983125538133204 -0.000001301657668157129 0.9330173994352946
    outer loop
      vertex -14.538848876953125 -63.8017578125 9.762645507812522
      vertex -14.399738311767578 -63.83013916015625 9.816295410156272
      vertex -14.122711181640625 -61.937744140625 9.923137451171897
    endloop
  endfacet
  facet normal -0.3598898319669699 0.000015169837510355145 0.9329948063181607
    outer loop
      vertex -14.676555633544922 -63.76719665527344 9.709544921875022
      vertex -14.178764343261719 -61.92112731933594 9.901531005859397
      vertex -14.233985900878906 -61.90156555175781 9.880229736328147
    endloop
  endfacet
  facet normal -0.35967875416302236 -0.000040409889355780086 0.9330761984804762
    outer loop
      vertex -14.538848876953125 -63.8017578125 9.762645507812522
      vertex -14.122711181640625 -61.937744140625 9.923137451171897
      vertex -14.178764343261719 -61.92112731933594 9.901531005859397
    endloop
  endfacet
  facet normal -0.3599502234754957 0.000009970219712920229 0.9329715089543386
    outer loop
      vertex -14.399738311767578 -63.83013916015625 9.816295410156272
      vertex -14.25949478149414 -63.85227966308594 9.870403076171897
      vertex -14.065963745117188 -61.95140075683594 9.945049072265647
    endloop
  endfacet
  facet normal -0.36019333385358693 0.000059591484463525936 0.9328776761699753
    outer loop
      vertex -14.399738311767578 -63.83013916015625 9.816295410156272
      vertex -14.065963745117188 -61.95140075683594 9.945049072265647
      vertex -14.122711181640625 -61.937744140625 9.923137451171897
    endloop
  endfacet
  facet normal -0.359819421875954 -0.0000037753541403968036 0.9330219630997981
    outer loop
      vertex -14.25949478149414 -63.85227966308594 9.870403076171897
      vertex -14.118400573730469 -63.86811828613281 9.924815917968772
      vertex -14.008663177490234 -61.962066650390625 9.967143798828147
    endloop
  endfacet
  facet normal -0.35979552258116015 -9.636380552773204e-8 0.933031179506098
    outer loop
      vertex -14.118400573730469 -63.86811828613281 9.924815917968772
      vertex -13.976741790771484 -63.87763977050781 9.979442382812522
      vertex -13.950942993164062 -61.969696044921875 9.989391113281272
    endloop
  endfacet
  facet normal -0.35977565842219245 -0.000010446488837362682 0.933038839222542
    outer loop
      vertex -14.25949478149414 -63.85227966308594 9.870403076171897
      vertex -14.008663177490234 -61.962066650390625 9.967143798828147
      vertex -14.065963745117188 -61.95140075683594 9.945049072265647
    endloop
  endfacet
  facet normal -0.35964605070014266 -0.000015241243232947984 0.9330888049824062
    outer loop
      vertex -14.118400573730469 -63.86811828613281 9.924815917968772
      vertex -13.950942993164062 -61.969696044921875 9.989391113281272
      vertex -14.008663177490234 -61.962066650390625 9.967143798828147
    endloop
  endfacet
  facet normal -0.35983006819383584 4.4022141218157363e-7 0.9330178572907518
    outer loop
      vertex -13.976741790771484 -63.87763977050781 9.979442382812522
      vertex -13.892940521240234 -61.974273681640625 10.011760498046897
      vertex -13.950942993164062 -61.969696044921875 9.989391113281272
    endloop
  endfacet
  facet normal -0.35987108382427485 0.00000251465664770401 0.933002038058234
    outer loop
      vertex -13.976741790771484 -63.87763977050781 9.979442382812522
      vertex -13.834800720214844 -63.88081359863281 10.034190917968772
      vertex -13.892940521240234 -61.974273681640625 10.011760498046897
    endloop
  endfacet
  facet normal -0.3599428627435137 0 0.9329743488220906
    outer loop
      vertex -13.834800720214844 -63.88081359863281 10.034190917968772
      vertex -13.834800720214844 -61.975799560546875 10.034190917968772
      vertex -13.892940521240234 -61.974273681640625 10.011760498046897
    endloop
  endfacet
  facet normal -1 0 0
    outer loop
      vertex -17.00979995727539 -60.705810546875 8.809581542968772
      vertex -17.00979995727539 54.864192962646484 8.809581542968772
      vertex -17.00979995727539 -60.705810546875 6.098876512284589
    endloop
  endfacet
  facet normal -0.3598613261667974 0 0.9330058016590647
    outer loop
      vertex -17.00979995727539 -60.705810546875 8.809581542968772
      vertex -15.01971435546875 -60.705810546875 9.577159667968772
      vertex -15.01971435546875 54.864192962646484 9.577159667968772
    endloop
  endfacet
  facet normal 0.9330031999696101 0 0.35986807144628397
    outer loop
      vertex -15.01971435546875 -60.705810546875 9.577159667968772
      vertex -14.109733191974291 -60.705810546875 7.21791914396155
      vertex -14.109733191974291 54.864192962646484 7.21791914396155
    endloop
  endfacet
  facet normal 0 1 0
    outer loop
      vertex -13.834800720214844 -61.975799560546875 10.034190917968772
      vertex 11.05782699584961 -61.975799560546875 19.635448242187522
      vertex -12.924882967769738 -61.975799560546875 7.675114795075891
    endloop
  endfacet
  facet normal 0 -1 0
    outer loop
      vertex -13.834800720214844 -63.88081359863281 10.034190917968772
      vertex -13.834800720214844 -63.88081359863281 7.324006755602864
      vertex 12.835199356079102 -63.88081359863281 20.320995117187522
    endloop
  endfacet
  facet normal -0.3598660389115077 0 0.933003983934764
    outer loop
      vertex -13.834800720214844 -63.88081359863281 10.034190917968772
      vertex 11.05782699584961 -61.975799560546875 19.635448242187522
      vertex -13.834800720214844 -61.975799560546875 10.034190917968772
    endloop
  endfacet
  facet normal -1 0 0
    outer loop
      vertex -17.00979995727539 54.864192962646484 8.809581542968772
      vertex -17.00979995727539 54.864192962646484 6.098876512284589
      vertex -17.00979995727539 -60.705810546875 6.098876512284589
    endloop
  endfacet
  facet normal -0.3598613261667974 0 0.9330058016590647
    outer loop
      vertex -17.00979995727539 -60.705810546875 8.809581542968772
      vertex -15.01971435546875 54.864192962646484 9.577159667968772
      vertex -17.00979995727539 54.864192962646484 8.809581542968772
    endloop
  endfacet
  facet normal 0.9330031999696101 0 0.35986807144628397
    outer loop
      vertex -15.01971435546875 -60.705810546875 9.577159667968772
      vertex -14.109733191974291 54.864192962646484 7.21791914396155
      vertex -15.01971435546875 54.864192962646484 9.577159667968772
    endloop
  endfacet
  facet normal -0.9997670100612803 0.02158530966022534 0
    outer loop
      vertex -17.00979995727539 54.864192962646484 8.809581542968772
      vertex -17.00775070531696 54.95910818673147 6.099667252805452
      vertex -17.00979995727539 54.864192962646484 6.098876512284589
    endloop
  endfacet
  facet normal -0.9996985420143435 0.024552453234413553 -0.00004620137972056911
    outer loop
      vertex -17.006839752197266 55.00130081176758 8.810710693359397
      vertex -17.006573319587712 55.007048479119916 6.100121568147678
      vertex -17.00775070531696 54.95910818673147 6.099667252805452
    endloop
  endfacet
  facet normal -0.9979012045227257 0.06475480270760686 0.00003922233821544197
    outer loop
      vertex -17.006839752197266 55.00130081176758 8.810710693359397
      vertex -17.000425119434652 55.10179362590521 6.102493961142789
      vertex -17.006573319587712 55.007048479119916 6.100121568147678
    endloop
  endfacet
  facet normal -0.9972908786161401 0.0735588004771965 -0.00007938137799567582
    outer loop
      vertex -16.99795913696289 55.138153076171875 8.814159179687522
      vertex -16.996898627929212 55.149606339109695 6.103854720964615
      vertex -17.000425119434652 55.10179362590521 6.102493961142789
    endloop
  endfacet
  facet normal -0.9941746019081343 0.1077815220910181 0.00006645709687347451
    outer loop
      vertex -16.99795913696289 55.138153076171875 8.814159179687522
      vertex -16.986662555278198 55.244021232916545 6.107804492678315
      vertex -16.996898627929212 55.149606339109695 6.103854720964615
    endloop
  endfacet
  facet normal -0.9924817562887769 0.12239262008735115 -0.0000999104510551194
    outer loop
      vertex -16.983177185058594 55.274497985839844 8.819865966796897
      vertex -16.980798889417905 55.2915715463634 6.110067093027413
      vertex -16.986662555278198 55.244021232916545 6.107804492678315
    endloop
  endfacet
  facet normal -0.9885916483051522 0.1506205373847391 0.00008135867782560423
    outer loop
      vertex -16.983177185058594 55.274497985839844 8.819865966796897
      vertex -16.96648949905137 55.3854876538849 6.115588627236574
      vertex -16.980798889417905 55.2915715463634 6.110067093027413
    endloop
  endfacet
  facet normal -0.9852736677403033 0.17098475948241643 -0.00010808473748936144
    outer loop
      vertex -16.962520599365234 55.410072326660156 8.827831054687522
      vertex -16.95830694267716 55.432640386209826 6.118746012965894
      vertex -16.96648949905137 55.3854876538849 6.115588627236574
    endloop
  endfacet
  facet normal -0.9811700716899601 0.19314575725549066 0.00008291032335106644
    outer loop
      vertex -16.962520599365234 55.410072326660156 8.827831054687522
      vertex -16.939947590226062 55.52590186943505 6.125830297482576
      vertex -16.95830694267716 55.432640386209826 6.118746012965894
    endloop
  endfacet
  facet normal -0.9757054620829384 0.21908637661867303 -0.00010412310344122277
    outer loop
      vertex -16.936031341552734 55.54463195800781 8.838023925781272
      vertex -16.929478910837425 55.572526257614946 6.1298698246663665
      vertex -16.939947590226062 55.52590186943505 6.125830297482576
    endloop
  endfacet
  facet normal -0.9719108748819276 0.23534920016920893 0.00007256693133465188
    outer loop
      vertex -16.936031341552734 55.54463195800781 8.838023925781272
      vertex -16.90709394391982 55.66496577284777 6.138507464526661
      vertex -16.929478910837425 55.572526257614946 6.1298698246663665
    endloop
  endfacet
  facet normal -0.963774173160044 0.2667195822095068 -0.00008726774810116405
    outer loop
      vertex -16.90375518798828 55.67791748046875 8.850475097656272
      vertex -16.89437318097152 55.710933043220635 6.143415998432474
      vertex -16.90709394391982 55.66496577284777 6.138507464526661
    endloop
  endfacet
  facet normal -0.960834894983725 0.277121457313266 0.000049781379790520454
    outer loop
      vertex -16.90375518798828 55.67791748046875 8.850475097656272
      vertex -16.86799334705437 55.80239531563373 6.15359512917631
      vertex -16.89437318097152 55.710933043220635 6.143415998432474
    endloop
  endfacet
  facet normal -0.9495317157103739 0.31367103390343354 -0.00005787974658577177
    outer loop
      vertex -16.86574935913086 55.809688568115234 8.865154052734397
      vertex -16.85306742324552 55.8475795050089 6.159354563841439
      vertex -16.86799334705437 55.80239531563373 6.15359512917631
    endloop
  endfacet
  facet normal -0.9479833797556527 0.3183198258001924 0.000014477047959533348
    outer loop
      vertex -16.86574935913086 55.809688568115234 8.865154052734397
      vertex -16.822737894994592 55.937902874587834 6.171057754787773
      vertex -16.85306742324552 55.8475795050089 6.159354563841439
    endloop
  endfacet
  facet normal -0.9333390780882612 0.3589960515935083 -0.000015925634219274565
    outer loop
      vertex -16.822093963623047 55.939697265625 8.881969238281272
      vertex -16.78853364369874 56.02682968707258 6.184256076923875
      vertex -16.822737894994592 55.937902874587834 6.171057754787773
    endloop
  endfacet
  facet normal -0.9329861582631397 0.3599122496967139 -0.00003174331743632933
    outer loop
      vertex -16.77286148071289 56.06769561767578 8.900981689453147
      vertex -16.771416442364874 56.07120250736442 6.19086105521499
      vertex -16.78853364369874 56.02682968707258 6.184256076923875
    endloop
  endfacet
  facet normal -0.9169704339439694 0.39895516355394006 0.00002731771689940495
    outer loop
      vertex -16.77286148071289 56.06769561767578 8.900981689453147
      vertex -16.73336306307429 56.15866452261567 6.205544632232954
      vertex -16.771416442364874 56.07120250736442 6.19086105521499
    endloop
  endfacet
  facet normal -0.9142168864082258 0.40522522123871013 -0.00006839654417214929
    outer loop
      vertex -16.71814727783203 56.193450927734375 8.922069335937522
      vertex -16.714144909022586 56.202023295083116 6.212960300707662
      vertex -16.73336306307429 56.15866452261567 6.205544632232954
    endloop
  endfacet
  facet normal -0.8988978530634916 0.4381582434943784 0.00005844456168998593
    outer loop
      vertex -16.71814727783203 56.193450927734375 8.922069335937522
      vertex -16.672303381120443 56.28786058458631 6.229105602621819
      vertex -16.714144909022586 56.202023295083116 6.212960300707662
    endloop
  endfacet
  facet normal -0.8932196028006953 0.4496206539940891 -0.00009313697115412786
    outer loop
      vertex -16.658058166503906 56.31672286987305 8.945262695312522
      vertex -16.651046575438023 56.33009120566412 6.237307921291345
      vertex -16.672303381120443 56.28786058458631 6.229105602621819
    endloop
  endfacet
  facet normal -0.8791282384262277 0.4765852857093508 0.00007646524680474238
    outer loop
      vertex -16.658058166503906 56.31672286987305 8.945262695312522
      vertex -16.6054741108721 56.41415317118907 6.254892871848358
      vertex -16.651046575438023 56.33009120566412 6.237307921291345
    endloop
  endfacet
  facet normal -0.8700914720846017 0.4928902709437469 -0.00010495070434821566
    outer loop
      vertex -16.592697143554688 56.437286376953125 8.970470214843772
      vertex -16.582254207313103 56.45514481090947 6.263852686945321
      vertex -16.6054741108721 56.41415317118907 6.254892871848358
    endloop
  endfacet
  facet normal -0.8577417660967882 0.51408078731316 0.00008251450789067733
    outer loop
      vertex -16.592697143554688 56.437286376953125 8.970470214843772
      vertex -16.533025884156483 56.53727902497346 6.282848315927851
      vertex -16.582254207313103 56.45514481090947 6.263852686945321
    endloop
  endfacet
  facet normal -0.8448507885874584 0.5350019944186654 -0.00010483892543319744
    outer loop
      vertex -16.522193908691406 56.55491638183594 8.997661376953147
      vertex -16.507918280645853 56.576929707679604 6.292536533814352
      vertex -16.533025884156483 56.53727902497346 6.282848315927851
    endloop
  endfacet
  facet normal -0.8347325880632153 0.5506555190483334 0.00007594008988268004
    outer loop
      vertex -16.522193908691406 56.55491638183594 8.997661376953147
      vertex -16.45510592462559 56.656984561477444 6.31291512598095
      vertex -16.507918280645853 56.576929707679604 6.292536533814352
    endloop
  endfacet
  facet normal -0.8175840490114072 0.575809269008809 -0.00009233446654885183
    outer loop
      vertex -16.446674346923828 56.66939163208008 9.026775146484397
      vertex -16.428196077630037 56.695195166303535 6.323298771750844
      vertex -16.45510592462559 56.656984561477444 6.31291512598095
    endloop
  endfacet
  facet normal -0.8101643027395334 0.5862028652701048 0.000057581985588207994
    outer loop
      vertex -16.446674346923828 56.66939163208008 9.026775146484397
      vertex -16.37188178992502 56.77302244604982 6.345028646893182
      vertex -16.428196077630037 56.695195166303535 6.323298771750844
    endloop
  endfacet
  facet normal -0.7883467663311307 0.6152311528707306 -0.00006747296667417125
    outer loop
      vertex -16.36627960205078 56.78049850463867 9.057781005859397
      vertex -16.34325883098491 56.80970063153399 6.35607332754742
      vertex -16.37188178992502 56.77302244604982 6.345028646893182
    endloop
  endfacet
  facet normal -0.7841079200969112 0.6206244991260684 0.00002694090812354237
    outer loop
      vertex -16.36627960205078 56.78049850463867 9.057781005859397
      vertex -16.283535289468237 56.885155405107206 6.379118724250537
      vertex -16.34325883098491 56.80970063153399 6.35607332754742
    endloop
  endfacet
  facet normal -0.7572087166258079 0.6531729927820554 -0.000031081019553815994
    outer loop
      vertex -16.281166076660156 56.888031005859375 9.090617919921897
      vertex -16.253291843964636 56.920216504576864 6.390788698629148
      vertex -16.283535289468237 56.885155405107206 6.379118724250537
    endloop
  endfacet
  facet normal -0.75655959314222 0.6539247523888263 -0.000015417222541873667
    outer loop
      vertex -16.281166076660156 56.888031005859375 9.090617919921897
      vertex -16.19024906417766 56.993154552409045 6.415114882786403
      vertex -16.253291843964636 56.920216504576864 6.390788698629148
    endloop
  endfacet
  facet normal -0.7276232790827085 0.6859769409694628 0.00001396799608620734
    outer loop
      vertex -16.191486358642578 56.99178695678711 9.125224853515647
      vertex -16.12411694552427 57.06330109774378 6.44063314360085
      vertex -16.19024906417766 56.993154552409045 6.415114882786403
    endloop
  endfacet
  facet normal -0.7242491075820923 0.6895384159082952 -0.00005615355476401383
    outer loop
      vertex -16.097412109375 57.09157180786133 9.161510253906272
      vertex -16.09222365726791 57.09680086524578 6.4529397393145285
      vertex -16.12411694552427 57.06330109774378 6.44063314360085
    endloop
  endfacet
  facet normal -0.6973138776962218 0.7167658987895462 0.000048007004895324587
    outer loop
      vertex -16.097412109375 57.09157180786133 9.161510253906272
      vertex -16.022988030710486 57.16415574466351 6.479655544162756
      vertex -16.09222365726791 57.09680086524578 6.4529397393145285
    endloop
  endfacet
  facet normal -0.6895384145821563 0.7242491061890471 -0.00008366536079682404
    outer loop
      vertex -15.99911117553711 57.18720245361328 9.199413085937522
      vertex -15.989661271993402 57.195886755563166 6.4925152700926025
      vertex -16.022988030710486 57.16415574466351 6.479655544162756
    endloop
  endfacet
  facet normal -0.6657399433914934 0.7461838398831762 0.00006978746087902043
    outer loop
      vertex -15.99911117553711 57.18720245361328 9.199413085937522
      vertex -15.917442464565234 57.2603172583935 6.520382188636666
      vertex -15.989661271993402 57.195886755563166 6.4925152700926025
    endloop
  endfacet
  facet normal -0.6531729898656436 0.7572087132449897 -0.00009947784944678393
    outer loop
      vertex -15.896778106689453 57.278499603271484 9.238872314453147
      vertex -15.882787019918348 57.29021301930995 6.533754611797261
      vertex -15.917442464565234 57.2603172583935 6.520382188636666
    endloop
  endfacet
  facet normal -0.6328879489231485 0.7742433970239849 0.00007919981241407652
    outer loop
      vertex -15.896778106689453 57.278499603271484 9.238872314453147
      vertex -15.807698008369126 57.351589888545966 6.562729049937599
      vertex -15.882787019918348 57.29021301930995 6.533754611797261
    endloop
  endfacet
  facet normal -0.615231151004057 0.7883467639393803 -0.00010305595669112086
    outer loop
      vertex -15.790596008300781 57.365291595458984 9.279826904296897
      vertex -15.77181964796031 57.37959141365968 6.576573357017876
      vertex -15.807698008369126 57.351589888545966 6.562729049937599
    endloop
  endfacet
  facet normal -0.5988612387820051 0.8008528021964755 0.00007680192034743834
    outer loop
      vertex -15.790596008300781 57.365291595458984 9.279826904296897
      vertex -15.693984969557667 57.43779170357458 6.606607259822311
      vertex -15.77181964796031 57.37959141365968 6.576573357017876
    endloop
  endfacet
  facet normal -0.5758092688790533 0.8175840488269494 -0.00009474546268430188
    outer loop
      vertex -15.680763244628906 57.447418212890625 9.322185302734397
      vertex -15.656991514196314 57.46384716168655 6.620881846234495
      vertex -15.693984969557667 57.43779170357458 6.606607259822311
    endloop
  endfacet
  facet normal -0.5637028736334219 0.825977642741301 0.00006284064186754206
    outer loop
      vertex -15.680763244628906 57.447418212890625 9.322185302734397
      vertex -15.576542106535639 57.51874890379395 6.65192468908991
      vertex -15.656991514196314 57.46384716168655 6.620881846234495
    endloop
  endfacet
  facet normal -0.5350019958751145 0.8448507908872601 -0.00007447694445638929
    outer loop
      vertex -15.567485809326172 57.524723052978516 9.365886474609397
      vertex -15.538543914928546 57.542812561626405 6.666586970953118
      vertex -15.576542106535639 57.51874890379395 6.65192468908991
    endloop
  endfacet
  facet normal -0.5275117269948548 0.8495477482112589 0.00003731065846237319
    outer loop
      vertex -15.567485809326172 57.524723052978516 9.365886474609397
      vertex -15.455617347108006 57.594302949546716 6.698585670362439
      vertex -15.538543914928546 57.542812561626405 6.666586970953118
    endloop
  endfacet
  facet normal -0.49289027320601275 0.8700914760780677 -0.00004283913437846728
    outer loop
      vertex -15.450977325439453 57.59706497192383 9.410838867187522
      vertex -15.416726175564412 57.616334797432955 6.7135925245058905
      vertex -15.455617347108006 57.594302949546716 6.698585670362439
    endloop
  endfacet
  facet normal -0.4903193990967732 0.8715428198713752 1.760453032176704e-7
    outer loop
      vertex -15.450977325439453 57.59706497192383 9.410838867187522
      vertex -15.331463978205054 57.66430226687892 6.746492468347587
      vertex -15.416726175564412 57.616334797432955 6.7135925245058905
    endloop
  endfacet
  facet normal -0.4522357001999341 0.8918984647731347 2.028861519233141e-8
    outer loop
      vertex -15.33145523071289 57.664306640625 9.456920410156272
      vertex -15.244209316361006 57.708544603837865 6.780161240247709
      vertex -15.331463978205054 57.66430226687892 6.746492468347587
    endloop
  endfacet
  facet normal -0.44962065554255887 0.8932196058767885 -0.0000422704891357935
    outer loop
      vertex -15.20914077758789 57.72632598876953 9.504100585937522
      vertex -15.204337281897672 57.72861574927737 6.7955465778923525
      vertex -15.244209316361006 57.708544603837865 6.780161240247709
    endloop
  endfacet
  facet normal -0.41332007337379634 0.91058580902237 0.00003678798099175001
    outer loop
      vertex -15.20914077758789 57.72632598876953 9.504100585937522
      vertex -15.115049022556459 57.769142805665695 6.830000049759463
      vertex -15.204337281897672 57.72861574927737 6.7955465778923525
    endloop
  endfacet
  facet normal -0.40524568016065976 0.9142078173940431 -0.00007298454788871478
    outer loop
      vertex -15.084259033203125 57.78300857543945 9.552287841796897
      vertex -15.074499707448732 57.78711856176181 6.845646728254515
      vertex -15.115049022556459 57.769142805665695 6.830000049759463
    endloop
  endfacet
  facet normal -0.3735873628453162 0.9275949970438497 0.0000614939224747318
    outer loop
      vertex -15.084259033203125 57.78300857543945 9.552287841796897
      vertex -14.983336268239045 57.82383215527665 6.880823771813144
      vertex -15.074499707448732 57.78711856176181 6.845646728254515
    endloop
  endfacet
  facet normal -0.3598909401685803 0.9329943744787158 -0.00009151855012532852
    outer loop
      vertex -14.957046508789062 57.8342399597168 9.601329589843772
      vertex -14.942222240391779 57.839692934767385 6.896688354819138
      vertex -14.983336268239045 57.82383215527665 6.880823771813144
    endloop
  endfacet
  facet normal -0.3332094352565731 0.9428528340577866 0.00007460023796482404
    outer loop
      vertex -14.957046508789062 57.8342399597168 9.601329589843772
      vertex -14.84934695427997 57.87251274187203 6.932525945122864
      vertex -14.942222240391779 57.839692934767385 6.896688354819138
    endloop
  endfacet
  facet normal -0.3136710328952392 0.9495317126586139 -0.00009888393840008008
    outer loop
      vertex -14.827743530273438 57.87993240356445 9.651225830078147
      vertex -14.807778210699567 57.88624635041171 6.948565988327485
      vertex -14.84934695427997 57.87251274187203 6.932525945122864
    endloop
  endfacet
  facet normal -0.29217885164511787 0.9563636927961852 0.00007584579234637826
    outer loop
      vertex -14.827743530273438 57.87993240356445 9.651225830078147
      vertex -14.713353104049915 57.91509129292361 6.985001604605662
      vertex -14.807778210699567 57.88624635041171 6.948565988327485
    endloop
  endfacet
  facet normal -0.9997670100612804 0.02158530966021795 -2.588417395723804e-16
    outer loop
      vertex -17.00979995727539 54.864192962646484 8.809581542968772
      vertex -17.006839752197266 55.00130081176758 8.810710693359397
      vertex -17.00775070531696 54.95910818673147 6.099667252805452
    endloop
  endfacet
  facet normal -0.9979012045227261 0.06475480270760027 0.00003922233821519693
    outer loop
      vertex -17.006839752197266 55.00130081176758 8.810710693359397
      vertex -16.99795913696289 55.138153076171875 8.814159179687522
      vertex -17.000425119434652 55.10179362590521 6.102493961142789
    endloop
  endfacet
  facet normal -0.9941746019081348 0.10778152209101616 0.00006645709687339736
    outer loop
      vertex -16.99795913696289 55.138153076171875 8.814159179687522
      vertex -16.983177185058594 55.274497985839844 8.819865966796897
      vertex -16.986662555278198 55.244021232916545 6.107804492678315
    endloop
  endfacet
  facet normal -0.9885916483051546 0.1506205373847246 0.00008135867782499617
    outer loop
      vertex -16.983177185058594 55.274497985839844 8.819865966796897
      vertex -16.962520599365234 55.410072326660156 8.827831054687522
      vertex -16.96648949905137 55.3854876538849 6.115588627236574
    endloop
  endfacet
  facet normal -0.9811700716899552 0.19314575725551544 0.00008291032335217143
    outer loop
      vertex -16.962520599365234 55.410072326660156 8.827831054687522
      vertex -16.936031341552734 55.54463195800781 8.838023925781272
      vertex -16.939947590226062 55.52590186943505 6.125830297482576
    endloop
  endfacet
  facet normal -0.9719108748819281 0.23534920016920768 0.0000725669313345939
    outer loop
      vertex -16.936031341552734 55.54463195800781 8.838023925781272
      vertex -16.90375518798828 55.67791748046875 8.850475097656272
      vertex -16.90709394391982 55.66496577284777 6.138507464526661
    endloop
  endfacet
  facet normal -0.9608348949837153 0.2771214573132998 0.00004978137979220779
    outer loop
      vertex -16.90375518798828 55.67791748046875 8.850475097656272
      vertex -16.86574935913086 55.809688568115234 8.865154052734397
      vertex -16.86799334705437 55.80239531563373 6.15359512917631
    endloop
  endfacet
  facet normal -0.9479833797556534 0.3183198258001905 0.000014477047959435042
    outer loop
      vertex -16.86574935913086 55.809688568115234 8.865154052734397
      vertex -16.822093963623047 55.939697265625 8.881969238281272
      vertex -16.822737894994592 55.937902874587834 6.171057754787773
    endloop
  endfacet
  facet normal -0.9333390780882663 0.3589960515934946 -0.000015925634219779807
    outer loop
      vertex -16.822093963623047 55.939697265625 8.881969238281272
      vertex -16.77286148071289 56.06769561767578 8.900981689453147
      vertex -16.78853364369874 56.02682968707258 6.184256076923875
    endloop
  endfacet
  facet normal -0.9169704339439676 0.39895516355394367 0.00002731771689955515
    outer loop
      vertex -16.77286148071289 56.06769561767578 8.900981689453147
      vertex -16.71814727783203 56.193450927734375 8.922069335937522
      vertex -16.73336306307429 56.15866452261567 6.205544632232954
    endloop
  endfacet
  facet normal -0.898897853063489 0.4381582434943835 0.000058444561690209384
    outer loop
      vertex -16.71814727783203 56.193450927734375 8.922069335937522
      vertex -16.658058166503906 56.31672286987305 8.945262695312522
      vertex -16.672303381120443 56.28786058458631 6.229105602621819
    endloop
  endfacet
  facet normal -0.8791282384262269 0.4765852857093525 0.00007646524680481544
    outer loop
      vertex -16.658058166503906 56.31672286987305 8.945262695312522
      vertex -16.592697143554688 56.437286376953125 8.970470214843772
      vertex -16.6054741108721 56.41415317118907 6.254892871848358
    endloop
  endfacet
  facet normal -0.8577417660967884 0.5140807873131599 0.00008251450789067064
    outer loop
      vertex -16.592697143554688 56.437286376953125 8.970470214843772
      vertex -16.522193908691406 56.55491638183594 8.997661376953147
      vertex -16.533025884156483 56.53727902497346 6.282848315927851
    endloop
  endfacet
  facet normal -0.8347325880632145 0.5506555190483347 0.00007594008988274503
    outer loop
      vertex -16.522193908691406 56.55491638183594 8.997661376953147
      vertex -16.446674346923828 56.66939163208008 9.026775146484397
      vertex -16.45510592462559 56.656984561477444 6.31291512598095
    endloop
  endfacet
  facet normal -0.8101643027395377 0.5862028652700988 0.000057581985587866125
    outer loop
      vertex -16.446674346923828 56.66939163208008 9.026775146484397
      vertex -16.36627960205078 56.78049850463867 9.057781005859397
      vertex -16.37188178992502 56.77302244604982 6.345028646893182
    endloop
  endfacet
  facet normal -0.7841079200969042 0.6206244991260773 0.000026940908124105668
    outer loop
      vertex -16.36627960205078 56.78049850463867 9.057781005859397
      vertex -16.281166076660156 56.888031005859375 9.090617919921897
      vertex -16.283535289468237 56.885155405107206 6.379118724250537
    endloop
  endfacet
  facet normal -0.7565595931422261 0.6539247523888194 -0.000015417222542353857
    outer loop
      vertex -16.281166076660156 56.888031005859375 9.090617919921897
      vertex -16.191486358642578 56.99178695678711 9.125224853515647
      vertex -16.19024906417766 56.993154552409045 6.415114882786403
    endloop
  endfacet
  facet normal -0.7276232790826955 0.6859769409694768 0.000013967996086908115
    outer loop
      vertex -16.191486358642578 56.99178695678711 9.125224853515647
      vertex -16.097412109375 57.09157180786133 9.161510253906272
      vertex -16.12411694552427 57.06330109774378 6.44063314360085
    endloop
  endfacet
  facet normal -0.6973138776962581 0.7167658987895111 0.00004800700489336604
    outer loop
      vertex -16.097412109375 57.09157180786133 9.161510253906272
      vertex -15.99911117553711 57.18720245361328 9.199413085937522
      vertex -16.022988030710486 57.16415574466351 6.479655544162756
    endloop
  endfacet
  facet normal -0.6657399433914767 0.7461838398831911 0.00006978746087993749
    outer loop
      vertex -15.99911117553711 57.18720245361328 9.199413085937522
      vertex -15.896778106689453 57.278499603271484 9.238872314453147
      vertex -15.917442464565234 57.2603172583935 6.520382188636666
    endloop
  endfacet
  facet normal -0.6328879489231473 0.7742433970239859 0.00007919981241414496
    outer loop
      vertex -15.896778106689453 57.278499603271484 9.238872314453147
      vertex -15.790596008300781 57.365291595458984 9.279826904296897
      vertex -15.807698008369126 57.351589888545966 6.562729049937599
    endloop
  endfacet
  facet normal -0.5988612387820045 0.800852802196476 0.00007680192034747915
    outer loop
      vertex -15.790596008300781 57.365291595458984 9.279826904296897
      vertex -15.680763244628906 57.447418212890625 9.322185302734397
      vertex -15.693984969557667 57.43779170357458 6.606607259822311
    endloop
  endfacet
  facet normal -0.5637028736334497 0.8259776427412819 0.0000628406418659393
    outer loop
      vertex -15.680763244628906 57.447418212890625 9.322185302734397
      vertex -15.567485809326172 57.524723052978516 9.365886474609397
      vertex -15.576542106535639 57.51874890379395 6.65192468908991
    endloop
  endfacet
  facet normal -0.5275117269948729 0.8495477482112476 0.000037310658461321926
    outer loop
      vertex -15.567485809326172 57.524723052978516 9.365886474609397
      vertex -15.450977325439453 57.59706497192383 9.410838867187522
      vertex -15.455617347108006 57.594302949546716 6.698585670362439
    endloop
  endfacet
  facet normal -0.4903193990967706 0.8715428198713765 1.7604530336737944e-7
    outer loop
      vertex -15.450977325439453 57.59706497192383 9.410838867187522
      vertex -15.33145523071289 57.664306640625 9.456920410156272
      vertex -15.331463978205054 57.66430226687892 6.746492468347587
    endloop
  endfacet
  facet normal -0.4522357001999472 0.8918984647731283 2.0288614658815245e-8
    outer loop
      vertex -15.33145523071289 57.664306640625 9.456920410156272
      vertex -15.20914077758789 57.72632598876953 9.504100585937522
      vertex -15.244209316361006 57.708544603837865 6.780161240247709
    endloop
  endfacet
  facet normal -0.41332007337382914 0.9105858090223551 0.000036787980990355854
    outer loop
      vertex -15.20914077758789 57.72632598876953 9.504100585937522
      vertex -15.084259033203125 57.78300857543945 9.552287841796897
      vertex -15.115049022556459 57.769142805665695 6.830000049759463
    endloop
  endfacet
  facet normal -0.3735873628453323 0.9275949970438433 0.00006149392247402606
    outer loop
      vertex -15.084259033203125 57.78300857543945 9.552287841796897
      vertex -14.957046508789062 57.8342399597168 9.601329589843772
      vertex -14.983336268239045 57.82383215527665 6.880823771813144
    endloop
  endfacet
  facet normal -0.3598613248432018 0.00008576795400960814 0.933005798227403
    outer loop
      vertex -17.00979995727539 54.864192962646484 8.809581542968772
      vertex -15.01971435546875 54.864192962646484 9.577159667968772
      vertex -17.006839752197266 55.00130081176758 8.810710693359397
    endloop
  endfacet
  facet normal -0.35987123601874377 -0.0001575899611672968 0.9330019660492392
    outer loop
      vertex -17.006839752197266 55.00130081176758 8.810710693359397
      vertex -15.018287658691406 54.926509857177734 9.577708984375022
      vertex -16.99795913696289 55.138153076171875 8.814159179687522
    endloop
  endfacet
  facet normal -0.35985784279907346 -0.00003719845696405977 0.9330071444486758
    outer loop
      vertex -16.99795913696289 55.138153076171875 8.814159179687522
      vertex -15.014007568359375 54.98867416381836 9.579356933593772
      vertex -16.983177185058594 55.274497985839844 8.819865966796897
    endloop
  endfacet
  facet normal -0.359852290817874 0.000013414875031528837 0.9330092864560188
    outer loop
      vertex -16.983177185058594 55.274497985839844 8.819865966796897
      vertex -15.006889343261719 55.050540924072266 9.582103515625022
      vertex -16.962520599365234 55.410072326660156 8.827831054687522
    endloop
  endfacet
  facet normal -0.3598289033443471 0.00015952333778015442 0.9330182928915751
    outer loop
      vertex -16.962520599365234 55.410072326660156 8.827831054687522
      vertex -15.006889343261719 55.050540924072266 9.582103515625022
      vertex -16.936031341552734 55.54463195800781 8.838023925781272
    endloop
  endfacet
  facet normal -0.35987150788051425 -0.000012744416102702104 0.9330018744104348
    outer loop
      vertex -16.936031341552734 55.54463195800781 8.838023925781272
      vertex -14.9969482421875 55.11195755004883 9.585948730468772
      vertex -16.90375518798828 55.67791748046875 8.850475097656272
    endloop
  endfacet
  facet normal -0.35989699326348945 -0.00013026102500050024 0.9329920349456179
    outer loop
      vertex -16.90375518798828 55.67791748046875 8.850475097656272
      vertex -14.984203338623047 55.17277908325195 9.590862060546897
      vertex -16.86574935913086 55.809688568115234 8.865154052734397
    endloop
  endfacet
  facet normal -0.35981928763381577 0.00014703022698939774 0.9330220032929587
    outer loop
      vertex -16.86574935913086 55.809688568115234 8.865154052734397
      vertex -14.968692779541016 55.232852935791016 9.596843505859397
      vertex -16.822093963623047 55.939697265625 8.881969238281272
    endloop
  endfacet
  facet normal -0.359917872969017 -0.0001457971776084419 0.9329839781371604
    outer loop
      vertex -16.822093963623047 55.939697265625 8.881969238281272
      vertex -14.950450897216797 55.29204177856445 9.603893066406272
      vertex -16.77286148071289 56.06769561767578 8.900981689453147
    endloop
  endfacet
  facet normal -0.3598270949571724 0.00009922339054342958 0.9330189986754829
    outer loop
      vertex -16.77286148071289 56.06769561767578 8.900981689453147
      vertex -14.950450897216797 55.29204177856445 9.603893066406272
      vertex -16.71814727783203 56.193450927734375 8.922069335937522
    endloop
  endfacet
  facet normal -0.35990584505946227 -0.0001031706955394717 0.9329886237504946
    outer loop
      vertex -16.71814727783203 56.193450927734375 8.922069335937522
      vertex -14.929519653320312 55.35020065307617 9.611949707031272
      vertex -16.658058166503906 56.31672286987305 8.945262695312522
    endloop
  endfacet
  facet normal -0.35985224532927007 0.000012114871659140476 0.9330093040183001
    outer loop
      vertex -16.658058166503906 56.31672286987305 8.945262695312522
      vertex -14.905952453613281 55.407188415527344 9.621043945312522
      vertex -16.592697143554688 56.437286376953125 8.970470214843772
    endloop
  endfacet
  facet normal -0.35985892030795685 0.000014288407652499736 0.933006729488396
    outer loop
      vertex -16.592697143554688 56.437286376953125 8.970470214843772
      vertex -14.879802703857422 55.462867736816406 9.631145263671897
      vertex -16.522193908691406 56.55491638183594 8.997661376953147
    endloop
  endfacet
  facet normal -0.3598656056894979 0.000014516331759263585 0.9330041509184227
    outer loop
      vertex -17.006839752197266 55.00130081176758 8.810710693359397
      vertex -15.01971435546875 54.864192962646484 9.577159667968772
      vertex -15.018287658691406 54.926509857177734 9.577708984375022
    endloop
  endfacet
  facet normal -0.3598526071172899 0.00004262803858876981 0.9330091635850849
    outer loop
      vertex -16.99795913696289 55.138153076171875 8.814159179687522
      vertex -15.018287658691406 54.926509857177734 9.577708984375022
      vertex -15.014007568359375 54.98867416381836 9.579356933593772
    endloop
  endfacet
  facet normal -0.359855292192079 -0.000017010574660114336 0.9330081287920238
    outer loop
      vertex -16.983177185058594 55.274497985839844 8.819865966796897
      vertex -15.014007568359375 54.98867416381836 9.579356933593772
      vertex -15.006889343261719 55.050540924072266 9.582103515625022
    endloop
  endfacet
  facet normal -0.3598998620116576 -0.00015874601941263602 0.9329909239235348
    outer loop
      vertex -16.936031341552734 55.54463195800781 8.838023925781272
      vertex -15.006889343261719 55.050540924072266 9.582103515625022
      vertex -14.9969482421875 55.11195755004883 9.585948730468772
    endloop
  endfacet
  facet normal -0.3598588833332548 0.000036116659968129325 0.9330067431598389
    outer loop
      vertex -16.90375518798828 55.67791748046875 8.850475097656272
      vertex -14.9969482421875 55.11195755004883 9.585948730468772
      vertex -14.984203338623047 55.17277908325195 9.590862060546897
    endloop
  endfacet
  facet normal -0.3598546485561446 0.00001345350155999027 0.9330083770961206
    outer loop
      vertex -16.86574935913086 55.809688568115234 8.865154052734397
      vertex -14.984203338623047 55.17277908325195 9.590862060546897
      vertex -14.968692779541016 55.232852935791016 9.596843505859397
    endloop
  endfacet
  facet normal -0.3599312886727516 -0.00019034480648179007 0.9329787946160549
    outer loop
      vertex -16.822093963623047 55.939697265625 8.881969238281272
      vertex -14.968692779541016 55.232852935791016 9.596843505859397
      vertex -14.950450897216797 55.29204177856445 9.603893066406272
    endloop
  endfacet
  facet normal -0.35976995112153987 0.00022793547072211975 0.9330410121293843
    outer loop
      vertex -16.71814727783203 56.193450927734375 8.922069335937522
      vertex -14.950450897216797 55.29204177856445 9.603893066406272
      vertex -14.929519653320312 55.35020065307617 9.611949707031272
    endloop
  endfacet
  facet normal -0.35988481676894 -0.00005996571912386749 0.9329967390421572
    outer loop
      vertex -16.658058166503906 56.31672286987305 8.945262695312522
      vertex -14.929519653320312 55.35020065307617 9.611949707031272
      vertex -14.905952453613281 55.407188415527344 9.621043945312522
    endloop
  endfacet
  facet normal -0.35981766611731447 0.00008269432463137849 0.9330226365482981
    outer loop
      vertex -16.522193908691406 56.55491638183594 8.997661376953147
      vertex -14.85113525390625 55.51710510253906 9.642192626953147
      vertex -16.446674346923828 56.66939163208008 9.026775146484397
    endloop
  endfacet
  facet normal -0.3598582012709112 0.000018218804975735785 0.933007006750828
    outer loop
      vertex -16.446674346923828 56.66939163208008 9.026775146484397
      vertex -14.85113525390625 55.51710510253906 9.642192626953147
      vertex -16.36627960205078 56.78049850463867 9.057781005859397
    endloop
  endfacet
  facet normal -0.3598964058344597 -0.0000421742685182091 0.9329922696832857
    outer loop
      vertex -16.36627960205078 56.78049850463867 9.057781005859397
      vertex -14.820022583007812 55.569766998291016 9.654186035156272
      vertex -16.281166076660156 56.888031005859375 9.090617919921897
    endloop
  endfacet
  facet normal -0.35993605532683914 -0.00008200157285054736 0.932976971501171
    outer loop
      vertex -16.281166076660156 56.888031005859375 9.090617919921897
      vertex -14.78653335571289 55.620731353759766 9.667125488281272
      vertex -16.191486358642578 56.99178695678711 9.125224853515647
    endloop
  endfacet
  facet normal -0.35986526971552785 -0.000003796189147447869 0.9330042806108444
    outer loop
      vertex -16.191486358642578 56.99178695678711 9.125224853515647
      vertex -14.750751495361328 55.66987228393555 9.680919433593772
      vertex -16.097412109375 57.09157180786133 9.161510253906272
    endloop
  endfacet
  facet normal -0.35981081194209236 0.0000568675860940078 0.9330252817451679
    outer loop
      vertex -16.097412109375 57.09157180786133 9.161510253906272
      vertex -14.712764739990234 55.717071533203125 9.695567871093772
      vertex -15.99911117553711 57.18720245361328 9.199413085937522
    endloop
  endfacet
  facet normal -0.35981859694182416 0.00005478715700577318 0.9330222796338705
    outer loop
      vertex -15.99911117553711 57.18720245361328 9.199413085937522
      vertex -14.672660827636719 55.7622184753418 9.711040283203147
      vertex -15.896778106689453 57.278499603271484 9.238872314453147
    endloop
  endfacet
  facet normal -0.35996539953908935 -0.0002007522730945983 0.9329656321822304
    outer loop
      vertex -16.592697143554688 56.437286376953125 8.970470214843772
      vertex -14.905952453613281 55.407188415527344 9.621043945312522
      vertex -14.879802703857422 55.462867736816406 9.631145263671897
    endloop
  endfacet
  facet normal -0.3597941761586952 0.00012614003759377378 0.9330316901858032
    outer loop
      vertex -16.522193908691406 56.55491638183594 8.997661376953147
      vertex -14.879802703857422 55.462867736816406 9.631145263671897
      vertex -14.85113525390625 55.51710510253906 9.642192626953147
    endloop
  endfacet
  facet normal -0.359809658798088 0.00008509235609861452 0.9330257242942953
    outer loop
      vertex -16.36627960205078 56.78049850463867 9.057781005859397
      vertex -14.85113525390625 55.51710510253906 9.642192626953147
      vertex -14.820022583007812 55.569766998291016 9.654186035156272
    endloop
  endfacet
  facet normal -0.36006672072824825 -0.0002590576763479457 0.9329265188176002
    outer loop
      vertex -16.281166076660156 56.888031005859375 9.090617919921897
      vertex -14.820022583007812 55.569766998291016 9.654186035156272
      vertex -14.78653335571289 55.620731353759766 9.667125488281272
    endloop
  endfacet
  facet normal -0.35979681295568905 0.00008191063003453062 0.9330306783153369
    outer loop
      vertex -16.191486358642578 56.99178695678711 9.125224853515647
      vertex -14.78653335571289 55.620731353759766 9.667125488281272
      vertex -14.750751495361328 55.66987228393555 9.680919433593772
    endloop
  endfacet
  facet normal -0.35986509643732834 0.0000048472755394817115 0.9330043474403837
    outer loop
      vertex -15.896778106689453 57.278499603271484 9.238872314453147
      vertex -14.630538940429688 55.80520248413086 9.727275634765647
      vertex -15.790596008300781 57.365291595458984 9.279826904296897
    endloop
  endfacet
  facet normal -0.3598484604520812 0.00002811816393315283 0.9330107634532605
    outer loop
      vertex -15.790596008300781 57.365291595458984 9.279826904296897
      vertex -14.586502075195312 55.845916748046875 9.744273925781272
      vertex -15.680763244628906 57.447418212890625 9.322185302734397
    endloop
  endfacet
  facet normal -0.3599128762842928 -0.00003324935170057768 0.9329859164956605
    outer loop
      vertex -15.680763244628906 57.447418212890625 9.322185302734397
      vertex -14.540653228759766 55.8842658996582 9.761943603515647
      vertex -15.567485809326172 57.524723052978516 9.365886474609397
    endloop
  endfacet
  facet normal -0.35983118092167093 0.00003329651607587678 0.9330174275584876
    outer loop
      vertex -16.097412109375 57.09157180786133 9.161510253906272
      vertex -14.750751495361328 55.66987228393555 9.680919433593772
      vertex -14.712764739990234 55.717071533203125 9.695567871093772
    endloop
  endfacet
  facet normal -0.35990810763229153 -0.0000409295983540457 0.9329877557531561
    outer loop
      vertex -15.99911117553711 57.18720245361328 9.199413085937522
      vertex -14.712764739990234 55.717071533203125 9.695567871093772
      vertex -14.672660827636719 55.7622184753418 9.711040283203147
    endloop
  endfacet
  facet normal -0.3599378414129012 -0.00005120152628726485 0.9329762846382671
    outer loop
      vertex -15.567485809326172 57.524723052978516 9.365886474609397
      vertex -14.540653228759766 55.8842658996582 9.761943603515647
      vertex -15.450977325439453 57.59706497192383 9.410838867187522
    endloop
  endfacet
  facet normal -0.3597659266883861 0.000058519827220668836 0.9330425899011667
    outer loop
      vertex -15.450977325439453 57.59706497192383 9.410838867187522
      vertex -14.49310302734375 55.92015838623047 9.780284667968772
      vertex -15.33145523071289 57.664306640625 9.456920410156272
    endloop
  endfacet
  facet normal -0.35975129794334065 0.00011719798861036455 0.9330482248483801
    outer loop
      vertex -15.896778106689453 57.278499603271484 9.238872314453147
      vertex -14.672660827636719 55.7622184753418 9.711040283203147
      vertex -14.630538940429688 55.80520248413086 9.727275634765647
    endloop
  endfacet
  facet normal -0.3600097045106293 -0.00011868395113354226 0.9329485508709948
    outer loop
      vertex -15.790596008300781 57.365291595458984 9.279826904296897
      vertex -14.630538940429688 55.80520248413086 9.727275634765647
      vertex -14.586502075195312 55.845916748046875 9.744273925781272
    endloop
  endfacet
  facet normal -0.3598812048411032 -0.000005533979236733445 0.9329981341736387
    outer loop
      vertex -15.33145523071289 57.664306640625 9.456920410156272
      vertex -14.4439697265625 55.95350646972656 9.799236083984397
      vertex -15.20914077758789 57.72632598876953 9.504100585937522
    endloop
  endfacet
  facet normal -0.2667195820301206 0.9637741725121199 -0.00009465863023913211
    outer loop
      vertex -14.696586608886719 57.91999816894531 9.701793457031272
      vertex -14.671441086345183 57.92669181826448 7.001174106270921
      vertex -14.713353104049915 57.91509129292361 6.985001604605662
    endloop
  endfacet
  facet normal -0.2506143439304673 0.9680870034568133 0.00006598718808625057
    outer loop
      vertex -14.696586608886719 57.91999816894531 9.701793457031272
      vertex -14.57563538703286 57.95149108006146 7.038142448921123
      vertex -14.671441086345183 57.92669181826448 7.001174106270921
    endloop
  endfacet
  facet normal -0.21910968089675395 0.9757002313554572 -0.00007918478425816075
    outer loop
      vertex -14.563819885253906 57.95436477661133 9.753001953125022
      vertex -14.533489027455875 57.96095706446671 7.054405375589205
      vertex -14.57563538703286 57.95149108006146 7.038142448921123
    endloop
  endfacet
  facet normal -0.20855401731053247 0.9780108485234839 0.000045100033815321804
    outer loop
      vertex -14.563819885253906 57.95436477661133 9.753001953125022
      vertex -14.436479544482347 57.981641936418136 7.091838219695829
      vertex -14.533489027455875 57.96095706446671 7.054405375589205
    endloop
  endfacet
  facet normal 0.9327225638642502 -0.024525199194516942 0.35975982747239693
    outer loop
      vertex -15.01971435546875 54.864192962646484 9.577159667968772
      vertex -14.109733191974291 54.864192962646484 7.21791914396155
      vertex -14.10830689810634 54.926509857177734 7.218469504961039
    endloop
  endfacet
  facet normal 0.92598804198682 -0.12239798452687028 0.35716225931805134
    outer loop
      vertex -15.014007568359375 54.98867416381836 9.579356933593772
      vertex -14.104028016502493 54.98867416381836 7.220120587959505
      vertex -14.096909829154958 55.050540924072266 7.222867267862692
    endloop
  endfacet
  facet normal 0.93047423461634 -0.07357840608716151 0.3588926258267353
    outer loop
      vertex -15.018287658691406 54.926509857177734 9.577708984375022
      vertex -14.10830689810634 54.926509857177734 7.218469504961039
      vertex -14.104028016502493 54.98867416381836 7.220120587959505
    endloop
  endfacet
  facet normal 0.910329195657327 -0.21912039745910927 0.35112249564966114
    outer loop
      vertex -14.9969482421875 55.11195755004883 9.585948730468772
      vertex -14.086965618055954 55.11195755004883 7.226704419576345
      vertex -14.074222231673298 55.17277908325195 7.231621683138945
    endloop
  endfacet
  facet normal 0.9192620150621706 -0.17099387097765262 0.35456796774654586
    outer loop
      vertex -15.006889343261719 55.050540924072266 9.582103515625022
      vertex -14.096909829154958 55.050540924072266 7.222867267862692
      vertex -14.086965618055954 55.11195755004883 7.226704419576345
    endloop
  endfacet
  facet normal 0.8992090064598589 -0.26670170744376687 0.3468333345398806
    outer loop
      vertex -14.984203338623047 55.17277908325195 9.590862060546897
      vertex -14.074222231673298 55.17277908325195 7.231621683138945
      vertex -14.058712874987526 55.232852935791016 7.237606245814853
    endloop
  endfacet
  facet normal 0.8859322368888667 -0.31362201334298095 0.3417093858643399
    outer loop
      vertex -14.950450897216797 55.29204177856445 9.603893066406272
      vertex -14.05863145913207 55.233117051625214 7.2376376615788764
      vertex -14.040474327003194 55.29204177856445 7.244643915767337
    endloop
  endfacet
  facet normal 0.8858981458169257 -0.31372938096701325 0.3416992109387842
    outer loop
      vertex -14.968692779541016 55.232852935791016 9.596843505859397
      vertex -14.058712874987526 55.232852935791016 7.237606245814853
      vertex -14.05863145913207 55.233117051625214 7.2376376615788764
    endloop
  endfacet
  facet normal 0.8704796396901318 -0.35991339781497933 0.33574922629578013
    outer loop
      vertex -14.950450897216797 55.29204177856445 9.603893066406272
      vertex -14.040474327003194 55.29204177856445 7.244643915767337
      vertex -14.019636364442336 55.349940932250185 7.252684616327024
    endloop
  endfacet
  facet normal 0.8529405530933506 -0.4052898496632456 0.32898715879005497
    outer loop
      vertex -14.929519653320312 55.35020065307617 9.611949707031272
      vertex -14.019542921587771 55.35020065307617 7.252720672923767
      vertex -13.996077532500223 55.40693390060431 7.26177521300265
    endloop
  endfacet
  facet normal 0.8705159627334954 -0.3598097346936832 0.3357661588752458
    outer loop
      vertex -14.929519653320312 55.35020065307617 9.611949707031272
      vertex -14.019636364442336 55.349940932250185 7.252684616327024
      vertex -14.019542921587771 55.35020065307617 7.252720672923767
    endloop
  endfacet
  facet normal 0.852959828384406 -0.4052421315868838 0.3289959664636687
    outer loop
      vertex -14.905952453613281 55.407188415527344 9.621043945312522
      vertex -13.996077532500223 55.40693390060431 7.26177521300265
      vertex -13.995972277634408 55.407188415527344 7.261815827475202
    endloop
  endfacet
  facet normal 0.8333426470304902 -0.44969230666328897 0.3214294043301987
    outer loop
      vertex -14.905952453613281 55.407188415527344 9.621043945312522
      vertex -13.995972277634408 55.407188415527344 7.261815827475202
      vertex -13.995855473415308 55.40743708573855 7.261860898472289
    endloop
  endfacet
  facet normal 0.8334318946291837 -0.44950618262666153 0.3214583469054981
    outer loop
      vertex -14.879802703857422 55.462867736816406 9.631145263671897
      vertex -13.995855473415308 55.40743708573855 7.261860898472289
      vertex -13.969832350726266 55.462867736816406 7.271902385808659
    endloop
  endfacet
  facet normal 0.8118124538987744 -0.49286573707862524 0.31311963354090955
    outer loop
      vertex -14.879802703857422 55.462867736816406 9.631145263671897
      vertex -13.969832350726266 55.462867736816406 7.271902385808659
      vertex -13.941169763925787 55.51710510253906 7.2829623575816
    endloop
  endfacet
  facet normal 0.7881777700610068 -0.5351239057298853 0.30400363204746644
    outer loop
      vertex -14.85113525390625 55.51710510253906 9.642192626953147
      vertex -13.941169763925787 55.51710510253906 7.2829623575816
      vertex -13.910186718586361 55.569531504755986 7.2949177197852695
    endloop
  endfacet
  facet normal 0.7882744109657288 -0.534957407193825 0.3040460910866862
    outer loop
      vertex -14.820022583007812 55.569766998291016 9.654186035156272
      vertex -13.910186718586361 55.569531504755986 7.2949177197852695
      vertex -13.910047606878413 55.569766998291016 7.294971398525918
    endloop
  endfacet
  facet normal 0.7628485612343058 -0.575747728719511 0.29423906181381443
    outer loop
      vertex -14.820022583007812 55.569766998291016 9.654186035156272
      vertex -13.910047606878413 55.569766998291016 7.294971398525918
      vertex -13.876716096249321 55.62050322647323 7.3078329580660055
    endloop
  endfacet
  facet normal 0.7627477831070582 -0.5759036541080927 0.294195174246986
    outer loop
      vertex -14.78653335571289 55.620731353759766 9.667125488281272
      vertex -13.876716096249321 55.62050322647323 7.3078329580660055
      vertex -13.876566165748631 55.620731353759766 7.307890811431338
    endloop
  endfacet
  facet normal 0.7355408943884633 -0.6152179551718528 0.2837013576216784
    outer loop
      vertex -14.78653335571289 55.620731353759766 9.667125488281272
      vertex -13.876566165748631 55.620731353759766 7.307890811431338
      vertex -13.84078871210379 55.66987228393555 7.321696181831929
    endloop
  endfacet
  facet normal 0.7064874734911003 -0.6531628797071598 0.2724953254146061
    outer loop
      vertex -14.750751495361328 55.66987228393555 9.680919433593772
      vertex -13.84078871210379 55.66987228393555 7.321696181831929
      vertex -13.802805123226461 55.717071533203125 7.336352828970674
    endloop
  endfacet
  facet normal 0.6757136884352728 -0.6895543737026285 0.26062574118604404
    outer loop
      vertex -14.712764739990234 55.717071533203125 9.695567871093772
      vertex -13.802805123226461 55.717071533203125 7.336352828970674
      vertex -13.762702016561994 55.7622184753418 7.3518273299570565
    endloop
  endfacet
  facet normal 0.6433825498285713 -0.7242083629009607 0.2481554788442039
    outer loop
      vertex -14.672660827636719 55.7622184753418 9.711040283203147
      vertex -13.762702016561994 55.7622184753418 7.3518273299570565
      vertex -13.720586216929213 55.80520248413086 7.368078464524075
    endloop
  endfacet
  facet normal 0.6093798220716199 -0.7572398606267489 0.23504047721603777
    outer loop
      vertex -14.630538940429688 55.80520248413086 9.727275634765647
      vertex -13.720586216929213 55.80520248413086 7.368078464524075
      vertex -13.67654737792513 55.845916748046875 7.385071638227788
    endloop
  endfacet
  facet normal 0.5739634821103277 -0.7883886801066459 0.22138023914407656
    outer loop
      vertex -14.586502075195312 55.845916748046875 9.744273925781272
      vertex -13.67654737792513 55.845916748046875 7.385071638227788
      vertex -13.630901368207196 55.884093838214945 7.402684967497125
    endloop
  endfacet
  facet normal 0.5740422511653982 -0.7883219953238247 0.22141347196055083
    outer loop
      vertex -14.540653228759766 55.8842658996582 9.761943603515647
      vertex -13.630901368207196 55.884093838214945 7.402684967497125
      vertex -13.630695690842728 55.8842658996582 7.402764331786928
    endloop
  endfacet
  facet normal 0.5372207498465851 -0.8175924637078078 0.2072110740826125
    outer loop
      vertex -14.540653228759766 55.8842658996582 9.761943603515647
      vertex -13.630695690842728 55.8842658996582 7.402764331786928
      vertex -13.58314785009695 55.92015838623047 7.421111516574307
    endloop
  endfacet
  facet normal -0.17096099690630323 0.985277795743717 -0.000052451935080207346
    outer loop
      vertex -14.429695129394531 57.98296356201172 9.804759765625022
      vertex -14.39420585984851 57.988977945509276 7.10815027701442
      vertex -14.436479544482347 57.981641936418136 7.091838219695829
    endloop
  endfacet
  facet normal -0.1661222205840675 0.9861051706878231 0.000013075086214187493
    outer loop
      vertex -14.429695129394531 57.98296356201172 9.804759765625022
      vertex -14.296168486159699 58.00549311252987 7.145979751138279
      vertex -14.39420585984851 57.988977945509276 7.10815027701442
    endloop
  endfacet
  facet normal -0.12335821082921836 0.9923622078717769 -0.000014452207036375767
    outer loop
      vertex -14.29446029663086 58.00574493408203 9.856914306640647
      vertex -14.19750837171668 58.017757873615636 7.184049520920426
      vertex -14.296168486159699 58.00549311252987 7.145979751138279
    endloop
  endfacet
  facet normal -0.12239262064838856 0.9924817608382379 -0.000028535072813571484
    outer loop
      vertex -14.158367156982422 58.02266311645508 9.909404541015647
      vertex -14.154987011323326 58.023002069660635 7.200457148360728
      vertex -14.19750837171668 58.017757873615636 7.184049520920426
    endloop
  endfacet
  facet normal -0.08039577166221668 0.9967630206339556 0.00002440305877093506
    outer loop
      vertex -14.158367156982422 58.02266311645508 9.909404541015647
      vertex -14.055660712412056 58.03101247834372 7.238783977335253
      vertex -14.154987011323326 58.023002069660635 7.200457148360728
    endloop
  endfacet
  facet normal -0.07358314685564228 0.9972890838465748 -0.00006114965804031792
    outer loop
      vertex -14.02166748046875 58.033687591552734 9.962138916015647
      vertex -14.013221828635464 58.03414475768241 7.255159779697811
      vertex -14.055660712412056 58.03101247834372 7.238783977335253
    endloop
  endfacet
  facet normal -0.044164538101476566 0.9990242702846288 0.000030928109416931474
    outer loop
      vertex -14.02166748046875 58.033687591552734 9.962138916015647
      vertex -13.945209750315744 58.03715060092999 7.281403456574269
      vertex -14.013221828635464 58.03414475768241 7.255159779697811
    endloop
  endfacet
  facet normal -0.02452798887587482 0.9996991394239986 -0.0000916330814729774
    outer loop
      vertex -13.928276062011719 58.03781509399414 9.998149658203147
      vertex -13.90302617028873 58.03818708268627 7.297680745418716
      vertex -13.945209750315744 58.03715060092999 7.281403456574269
    endloop
  endfacet
  facet normal -0.3332094352565717 0.9428528340577872 0.00007460023796488457
    outer loop
      vertex -14.957046508789062 57.8342399597168 9.601329589843772
      vertex -14.827743530273438 57.87993240356445 9.651225830078147
      vertex -14.84934695427997 57.87251274187203 6.932525945122864
    endloop
  endfacet
  facet normal 0.4991361110590908 -0.8448660398890943 0.19252147225420443
    outer loop
      vertex -14.49310302734375 55.92015838623047 9.780284667968772
      vertex -13.58314785009695 55.92015838623047 7.421111516574307
      vertex -13.534234503615084 55.95335664930963 7.439985606173245
    endloop
  endfacet
  facet normal 0.45995200246731355 -0.8700404399399163 0.17740853501301884
    outer loop
      vertex -14.4439697265625 55.95350646972656 9.799236083984397
      vertex -13.534013777527662 55.95350646972656 7.44007077728196
      vertex -13.483647951195028 55.98409552900972 7.459505332210216
    endloop
  endfacet
  facet normal 0.4991599198994711 -0.844849697664159 0.19253145904691257
    outer loop
      vertex -14.4439697265625 55.95350646972656 9.799236083984397
      vertex -13.534234503615084 55.95335664930963 7.439985606173245
      vertex -13.534013777527662 55.95350646972656 7.44007077728196
    endloop
  endfacet
  facet normal 0.4598596735399728 -0.87009712089923 0.1773698983891582
    outer loop
      vertex -14.393363952636719 55.98423385620117 9.818767333984397
      vertex -13.483647951195028 55.98409552900972 7.459505332210216
      vertex -13.483420130149485 55.98423385620117 7.459593241035421
    endloop
  endfacet
  facet normal 0.41946378253453054 -0.893238180074798 0.16178902558111455
    outer loop
      vertex -14.393363952636719 55.98423385620117 9.818767333984397
      vertex -13.483420130149485 55.98423385620117 7.459593241035421
      vertex -13.431703756300243 56.01213431728833 7.47954892887871
    endloop
  endfacet
  facet normal 0.41952909950014106 -0.8932025632229345 0.16181630240671158
    outer loop
      vertex -14.341415405273438 56.01226043701172 9.838786865234397
      vertex -13.431703756300243 56.01213431728833 7.47954892887871
      vertex -13.431470026529913 56.01226043701172 7.4796391176910575
    endloop
  endfacet
  facet normal 0.37809447339465474 -0.9142083158272024 0.14583457909840472
    outer loop
      vertex -14.341415405273438 56.01226043701172 9.838786865234397
      vertex -13.431470026529913 56.01226043701172 7.4796391176910575
      vertex -13.378303627745119 56.03752136230469 7.5001543235907215
    endloop
  endfacet
  facet normal 0.33583699895605595 -0.9329705626244323 0.12953547548235655
    outer loop
      vertex -14.288246154785156 56.03752136230469 9.859294677734397
      vertex -13.378303627745119 56.03752136230469 7.5001543235907215
      vertex -13.3242993118468 56.05985430319762 7.5209928547955345
    endloop
  endfacet
  facet normal 0.33578235667095296 -0.9329933875949767 0.129512731623383
    outer loop
      vertex -14.233985900878906 56.05995559692383 9.880229736328147
      vertex -13.3242993118468 56.05985430319762 7.5209928547955345
      vertex -13.324054322546777 56.05995559692383 7.521087388298802
    endloop
  endfacet
  facet normal 0.29261563571524635 -0.9495462084198288 0.11286313751836455
    outer loop
      vertex -14.233985900878906 56.05995559692383 9.880229736328147
      vertex -13.324054322546777 56.05995559692383 7.521087388298802
      vertex -13.269081287797189 56.07941758762816 7.542299716998779
    endloop
  endfacet
  facet normal -0.01473069011579013 0.9998914974979598 -7.958171900242853e-16
    outer loop
      vertex -13.928276062011719 58.03781509399414 9.998149658203147
      vertex -13.834800720214844 58.03919219970703 7.3240067556028645
      vertex -13.90302617028873 58.03818708268627 7.297680745418716
    endloop
  endfacet
  facet normal 0.29263134252283696 -0.9495405919188955 0.11286966674707373
    outer loop
      vertex -14.178764343261719 56.079505920410156 9.901531005859397
      vertex -13.269081287797189 56.07941758762816 7.542299716998779
      vertex -13.268831794865894 56.079505920410156 7.542395988308724
    endloop
  endfacet
  facet normal 0.24886782819328726 -0.9637690383302542 0.0959898163678493
    outer loop
      vertex -14.178764343261719 56.079505920410156 9.901531005859397
      vertex -13.268831794865894 56.079505920410156 7.542395988308724
      vertex -13.213032386298723 56.0960591120015 7.56392718812665
    endloop
  endfacet
  facet normal 0.24889611133913658 -0.9637605646909558 0.0960015609603614
    outer loop
      vertex -14.122711181640625 56.096134185791016 9.923137451171897
      vertex -13.213032386298723 56.0960591120015 7.56392718812665
      vertex -13.212779350172234 56.096134185791016 7.564024826641832
    endloop
  endfacet
  facet normal 0.20437366092220835 -0.9757138010245351 0.07882883489883809
    outer loop
      vertex -14.122711181640625 56.096134185791016 9.923137451171897
      vertex -13.212779350172234 56.096134185791016 7.564024826641832
      vertex -13.212523122248491 56.096195843272625 7.564123696769075
    endloop
  endfacet
  facet normal 0.20440913448792042 -0.9757053465496648 0.07884150209310907
    outer loop
      vertex -14.065963745117188 56.10979080200195 9.945049072265647
      vertex -13.212523122248491 56.096195843272625 7.564123696769075
      vertex -13.156037208904818 56.10979080200195 7.585919796733765
    endloop
  endfacet
  facet normal 0.15948381173390627 -0.985282187945233 0.06151360754075716
    outer loop
      vertex -14.065963745117188 56.10979080200195 9.945049072265647
      vertex -13.156037208904818 56.10979080200195 7.585919796733765
      vertex -13.098741919836199 56.120445251464844 7.608028208798335
    endloop
  endfacet
  facet normal 0.11424288646966693 -0.9924751524499145 0.04406398371229996
    outer loop
      vertex -14.008663177490234 56.120445251464844 9.967143798828147
      vertex -13.098741919836199 56.120445251464844 7.608028208798335
      vertex -13.041281059818713 56.12804392472158 7.630200509374909
    endloop
  endfacet
  facet normal 0.11426267397492666 -0.9924725104446794 0.04407218337835472
    outer loop
      vertex -13.950942993164062 56.12807846069336 9.989391113281272
      vertex -13.041281059818713 56.12804392472158 7.630200509374909
      vertex -13.041019946553302 56.12807846069336 7.630301264598611
    endloop
  endfacet
  facet normal 0.06862984239508362 -0.9972909413696249 0.026471172904000383
    outer loop
      vertex -13.950942993164062 56.12807846069336 9.989391113281272
      vertex -13.041019946553302 56.12807846069336 7.630301264598611
      vertex -12.983021472104037 56.13266372680664 7.652681013319402
    endloop
  endfacet
  facet normal 0.02289564815475232 -0.9996988554412791 0.008831065902273182
    outer loop
      vertex -13.892940521240234 56.13266372680664 10.011760498046897
      vertex -12.983021472104037 56.13266372680664 7.652681013319402
      vertex -12.924882967769738 56.134193420410156 7.675114795075892
    endloop
  endfacet
  facet normal 0.9327225638642508 -0.02452519919449406 0.35975982747239765
    outer loop
      vertex -15.01971435546875 54.864192962646484 9.577159667968772
      vertex -14.10830689810634 54.926509857177734 7.218469504961039
      vertex -15.018287658691406 54.926509857177734 9.577708984375022
    endloop
  endfacet
  facet normal 0.9304742346163389 -0.07357840608717976 0.35889262582673437
    outer loop
      vertex -15.018287658691406 54.926509857177734 9.577708984375022
      vertex -14.104028016502493 54.98867416381836 7.220120587959505
      vertex -15.014007568359375 54.98867416381836 9.579356933593772
    endloop
  endfacet
  facet normal 0.9259880419868226 -0.12239798452684726 0.35716225931805295
    outer loop
      vertex -15.014007568359375 54.98867416381836 9.579356933593772
      vertex -14.096909829154958 55.050540924072266 7.222867267862692
      vertex -15.006889343261719 55.050540924072266 9.582103515625022
    endloop
  endfacet
  facet normal 0.9192620150621675 -0.17099387097767238 0.35456796774654414
    outer loop
      vertex -15.006889343261719 55.050540924072266 9.582103515625022
      vertex -14.086965618055954 55.11195755004883 7.226704419576345
      vertex -14.9969482421875 55.11195755004883 9.585948730468772
    endloop
  endfacet
  facet normal 0.9103291956573286 -0.21912039745910053 0.3511224956496619
    outer loop
      vertex -14.9969482421875 55.11195755004883 9.585948730468772
      vertex -14.074222231673298 55.17277908325195 7.231621683138945
      vertex -14.984203338623047 55.17277908325195 9.590862060546897
    endloop
  endfacet
  facet normal 0.8858981458164379 -0.31372938096859576 0.34169921093859584
    outer loop
      vertex -14.968692779541016 55.232852935791016 9.596843505859397
      vertex -14.05863145913207 55.233117051625214 7.2376376615788764
      vertex -14.950450897216797 55.29204177856445 9.603893066406272
    endloop
  endfacet
  facet normal 0.8992090064598608 -0.26670170744375976 0.3468333345398815
    outer loop
      vertex -14.984203338623047 55.17277908325195 9.590862060546897
      vertex -14.058712874987526 55.232852935791016 7.237606245814853
      vertex -14.968692779541016 55.232852935791016 9.596843505859397
    endloop
  endfacet
  facet normal 0.8705159627350711 -0.35980973468930455 0.33576615887585304
    outer loop
      vertex -14.950450897216797 55.29204177856445 9.603893066406272
      vertex -14.019636364442336 55.349940932250185 7.252684616327024
      vertex -14.929519653320312 55.35020065307617 9.611949707031272
    endloop
  endfacet
  facet normal 0.8529598283836705 -0.40524213158866224 0.3289959664633852
    outer loop
      vertex -14.929519653320312 55.35020065307617 9.611949707031272
      vertex -13.996077532500223 55.40693390060431 7.26177521300265
      vertex -14.905952453613281 55.407188415527344 9.621043945312522
    endloop
  endfacet
  facet normal 0.833342647030413 -0.4496923066634535 0.32142940433016876
    outer loop
      vertex -14.905952453613281 55.407188415527344 9.621043945312522
      vertex -13.995855473415308 55.40743708573855 7.261860898472289
      vertex -14.879802703857422 55.462867736816406 9.631145263671897
    endloop
  endfacet
  facet normal 0.8118124538987781 -0.4928657370786184 0.3131196335409111
    outer loop
      vertex -14.879802703857422 55.462867736816406 9.631145263671897
      vertex -13.941169763925787 55.51710510253906 7.2829623575816
      vertex -14.85113525390625 55.51710510253906 9.642192626953147
    endloop
  endfacet
  facet normal 0.7882744109687142 -0.5349574071887717 0.304046091087837
    outer loop
      vertex -14.85113525390625 55.51710510253906 9.642192626953147
      vertex -13.910186718586361 55.569531504755986 7.2949177197852695
      vertex -14.820022583007812 55.569766998291016 9.654186035156272
    endloop
  endfacet
  facet normal 0.7627477831051338 -0.5759036541110202 0.2941951742462442
    outer loop
      vertex -14.820022583007812 55.569766998291016 9.654186035156272
      vertex -13.876716096249321 55.62050322647323 7.3078329580660055
      vertex -14.78653335571289 55.620731353759766 9.667125488281272
    endloop
  endfacet
  facet normal 0.7355408943884644 -0.6152179551718512 0.2837013576216789
    outer loop
      vertex -14.78653335571289 55.620731353759766 9.667125488281272
      vertex -13.84078871210379 55.66987228393555 7.321696181831929
      vertex -14.750751495361328 55.66987228393555 9.680919433593772
    endloop
  endfacet
  facet normal -0.2921788516450979 0.9563636927961914 0.00007584579234732217
    outer loop
      vertex -14.827743530273438 57.87993240356445 9.651225830078147
      vertex -14.696586608886719 57.91999816894531 9.701793457031272
      vertex -14.713353104049915 57.91509129292361 6.985001604605662
    endloop
  endfacet
  facet normal -0.2506143439304493 0.9680870034568182 0.00006598718808712686
    outer loop
      vertex -14.696586608886719 57.91999816894531 9.701793457031272
      vertex -14.563819885253906 57.95436477661133 9.753001953125022
      vertex -14.57563538703286 57.95149108006146 7.038142448921123
    endloop
  endfacet
  facet normal -0.20855401731056036 0.978010848523478 0.00004510003381392701
    outer loop
      vertex -14.563819885253906 57.95436477661133 9.753001953125022
      vertex -14.429695129394531 57.98296356201172 9.804759765625022
      vertex -14.436479544482347 57.981641936418136 7.091838219695829
    endloop
  endfacet
  facet normal 0.7064874734911086 -0.6531628797071495 0.27249532541460963
    outer loop
      vertex -14.750751495361328 55.66987228393555 9.680919433593772
      vertex -13.802805123226461 55.717071533203125 7.336352828970674
      vertex -14.712764739990234 55.717071533203125 9.695567871093772
    endloop
  endfacet
  facet normal 0.6757136884352724 -0.689554373702629 0.26062574118604387
    outer loop
      vertex -14.712764739990234 55.717071533203125 9.695567871093772
      vertex -13.762702016561994 55.7622184753418 7.3518273299570565
      vertex -14.672660827636719 55.7622184753418 9.711040283203147
    endloop
  endfacet
  facet normal 0.6433825498285717 -0.7242083629009604 0.24815547884420402
    outer loop
      vertex -14.672660827636719 55.7622184753418 9.711040283203147
      vertex -13.720586216929213 55.80520248413086 7.368078464524075
      vertex -14.630538940429688 55.80520248413086 9.727275634765647
    endloop
  endfacet
  facet normal 0.6093798220716133 -0.7572398606267551 0.235040477216035
    outer loop
      vertex -14.630538940429688 55.80520248413086 9.727275634765647
      vertex -13.67654737792513 55.845916748046875 7.385071638227788
      vertex -14.586502075195312 55.845916748046875 9.744273925781272
    endloop
  endfacet
  facet normal 0.5740422511704498 -0.788321995319599 0.22141347196249847
    outer loop
      vertex -14.586502075195312 55.845916748046875 9.744273925781272
      vertex -13.630901368207196 55.884093838214945 7.402684967497125
      vertex -14.540653228759766 55.8842658996582 9.761943603515647
    endloop
  endfacet
  facet normal 0.5372207498465795 -0.817592463707812 0.2072110740826101
    outer loop
      vertex -14.540653228759766 55.8842658996582 9.761943603515647
      vertex -13.58314785009695 55.92015838623047 7.421111516574307
      vertex -14.49310302734375 55.92015838623047 9.780284667968772
    endloop
  endfacet
  facet normal 0.49915991990573433 -0.844849697659908 0.1925314590493274
    outer loop
      vertex -14.49310302734375 55.92015838623047 9.780284667968772
      vertex -13.534234503615084 55.95335664930963 7.439985606173245
      vertex -14.4439697265625 55.95350646972656 9.799236083984397
    endloop
  endfacet
  facet normal 0.4598596735354785 -0.8700971209019585 0.17736989838742542
    outer loop
      vertex -14.4439697265625 55.95350646972656 9.799236083984397
      vertex -13.483647951195028 55.98409552900972 7.459505332210216
      vertex -14.393363952636719 55.98423385620117 9.818767333984397
    endloop
  endfacet
  facet normal 0.4195290994988944 -0.8932025632236072 0.16181630240623088
    outer loop
      vertex -14.393363952636719 55.98423385620117 9.818767333984397
      vertex -13.431703756300243 56.01213431728833 7.47954892887871
      vertex -14.341415405273438 56.01226043701172 9.838786865234397
    endloop
  endfacet
  facet normal 0.37809447339465546 -0.9142083158272022 0.14583457909840497
    outer loop
      vertex -14.341415405273438 56.01226043701172 9.838786865234397
      vertex -13.378303627745119 56.03752136230469 7.5001543235907215
      vertex -14.288246154785156 56.03752136230469 9.859294677734397
    endloop
  endfacet
  facet normal 0.33578235667144823 -0.9329933875947719 0.12951273162357393
    outer loop
      vertex -14.288246154785156 56.03752136230469 9.859294677734397
      vertex -13.3242993118468 56.05985430319762 7.5209928547955345
      vertex -14.233985900878906 56.05995559692383 9.880229736328147
    endloop
  endfacet
  facet normal -0.16612222058408424 0.9861051706878202 0.000013075086213322354
    outer loop
      vertex -14.429695129394531 57.98296356201172 9.804759765625022
      vertex -14.29446029663086 58.00574493408203 9.856914306640647
      vertex -14.296168486159699 58.00549311252987 7.145979751138279
    endloop
  endfacet
  facet normal -0.12335821082919973 0.9923622078717791 -0.000014452207035690099
    outer loop
      vertex -14.29446029663086 58.00574493408203 9.856914306640647
      vertex -14.158367156982422 58.02266311645508 9.909404541015647
      vertex -14.19750837171668 58.017757873615636 7.184049520920426
    endloop
  endfacet
  facet normal -0.08039577166224528 0.9967630206339533 0.00002440305876982781
    outer loop
      vertex -14.158367156982422 58.02266311645508 9.909404541015647
      vertex -14.02166748046875 58.033687591552734 9.962138916015647
      vertex -14.055660712412056 58.03101247834372 7.238783977335253
    endloop
  endfacet
  facet normal -0.04416453810149733 0.9990242702846279 0.000030928109416338
    outer loop
      vertex -14.02166748046875 58.033687591552734 9.962138916015647
      vertex -13.928276062011719 58.03781509399414 9.998149658203147
      vertex -13.945209750315744 58.03715060092999 7.281403456574269
    endloop
  endfacet
  facet normal -0.3597087926935864 0.00013774079552637272 0.9330646094919665
    outer loop
      vertex -15.680763244628906 57.447418212890625 9.322185302734397
      vertex -14.586502075195312 55.845916748046875 9.744273925781272
      vertex -14.540653228759766 55.8842658996582 9.761943603515647
    endloop
  endfacet
  facet normal -0.3598702112096397 -0.000009909053894533406 0.933002374587407
    outer loop
      vertex -15.450977325439453 57.59706497192383 9.410838867187522
      vertex -14.540653228759766 55.8842658996582 9.761943603515647
      vertex -14.49310302734375 55.92015838623047 9.780284667968772
    endloop
  endfacet
  facet normal -0.3599734723296706 -0.000049210100215207956 0.9329625377244715
    outer loop
      vertex -15.20914077758789 57.72632598876953 9.504100585937522
      vertex -14.393363952636719 55.98423385620117 9.818767333984397
      vertex -15.084259033203125 57.78300857543945 9.552287841796897
    endloop
  endfacet
  facet normal 0.29263134252869777 -0.9495405919168207 0.11286966674933346
    outer loop
      vertex -14.233985900878906 56.05995559692383 9.880229736328147
      vertex -13.269081287797189 56.07941758762816 7.542299716998779
      vertex -14.178764343261719 56.079505920410156 9.901531005859397
    endloop
  endfacet
  facet normal 0.24889611134965428 -0.9637605646878357 0.09600156096441677
    outer loop
      vertex -14.178764343261719 56.079505920410156 9.901531005859397
      vertex -13.213032386298723 56.0960591120015 7.56392718812665
      vertex -14.122711181640625 56.096134185791016 9.923137451171897
    endloop
  endfacet
  facet normal 0.20437366092945689 -0.9757138010227908 0.07882883490163485
    outer loop
      vertex -14.122711181640625 56.096134185791016 9.923137451171897
      vertex -13.212523122248491 56.096195843272625 7.564123696769075
      vertex -14.065963745117188 56.10979080200195 9.945049072265647
    endloop
  endfacet
  facet normal 0.15948381173390427 -0.9852821879452334 0.06151360754075631
    outer loop
      vertex -14.065963745117188 56.10979080200195 9.945049072265647
      vertex -13.098741919836199 56.120445251464844 7.608028208798335
      vertex -14.008663177490234 56.120445251464844 9.967143798828147
    endloop
  endfacet
  facet normal 0.11426267397620885 -0.9924725104445099 0.044072183378849106
    outer loop
      vertex -14.008663177490234 56.120445251464844 9.967143798828147
      vertex -13.041281059818713 56.12804392472158 7.630200509374909
      vertex -13.950942993164062 56.12807846069336 9.989391113281272
    endloop
  endfacet
  facet normal -0.014730690115767369 0.99989149749796 0
    outer loop
      vertex -13.928276062011719 58.03781509399414 9.998149658203147
      vertex -13.834800720214844 58.03919219970703 10.034190917968772
      vertex -13.834800720214844 58.03919219970703 7.3240067556028645
    endloop
  endfacet
  facet normal 0.06862984239508274 -0.9972909413696249 0.02647117290400002
    outer loop
      vertex -13.950942993164062 56.12807846069336 9.989391113281272
      vertex -12.983021472104037 56.13266372680664 7.652681013319402
      vertex -13.892940521240234 56.13266372680664 10.011760498046897
    endloop
  endfacet
  facet normal 0.022895648154752687 -0.9996988554412791 0.008831065902273335
    outer loop
      vertex -13.892940521240234 56.13266372680664 10.011760498046897
      vertex -12.924882967769738 56.134193420410156 7.675114795075892
      vertex -13.834800720214844 56.134193420410156 10.034190917968772
    endloop
  endfacet
  facet normal -0.35987202926616374 -6.594167705435571e-8 0.9330016733917732
    outer loop
      vertex -15.33145523071289 57.664306640625 9.456920410156272
      vertex -14.49310302734375 55.92015838623047 9.780284667968772
      vertex -14.4439697265625 55.95350646972656 9.799236083984397
    endloop
  endfacet
  facet normal -0.35972621201122695 0.000056390545524526946 0.9330579023898571
    outer loop
      vertex -15.084259033203125 57.78300857543945 9.552287841796897
      vertex -14.341415405273438 56.01226043701172 9.838786865234397
      vertex -14.957046508789062 57.8342399597168 9.601329589843772
    endloop
  endfacet
  facet normal -0.3599953723227733 -0.00005312424040801268 0.9329540873397806
    outer loop
      vertex -14.957046508789062 57.8342399597168 9.601329589843772
      vertex -14.288246154785156 56.03752136230469 9.859294677734397
      vertex -14.827743530273438 57.87993240356445 9.651225830078147
    endloop
  endfacet
  facet normal -0.3600227039691177 -0.00007569567319177649 0.9329435389652099
    outer loop
      vertex -15.20914077758789 57.72632598876953 9.504100585937522
      vertex -14.4439697265625 55.95350646972656 9.799236083984397
      vertex -14.393363952636719 55.98423385620117 9.818767333984397
    endloop
  endfacet
  facet normal -0.3596402220768811 0.000097826610832204 0.9330910465192803
    outer loop
      vertex -15.084259033203125 57.78300857543945 9.552287841796897
      vertex -14.393363952636719 55.98423385620117 9.818767333984397
      vertex -14.341415405273438 56.01226043701172 9.838786865234397
    endloop
  endfacet
  facet normal -0.3598676849523048 0.00000147816546357181 0.9330033490426943
    outer loop
      vertex -14.957046508789062 57.8342399597168 9.601329589843772
      vertex -14.341415405273438 56.01226043701172 9.838786865234397
      vertex -14.288246154785156 56.03752136230469 9.859294677734397
    endloop
  endfacet
  facet normal -0.3599498170890858 -0.00003779959345562267 0.9329716650299323
    outer loop
      vertex -14.827743530273438 57.87993240356445 9.651225830078147
      vertex -14.288246154785156 56.03752136230469 9.859294677734397
      vertex -14.233985900878906 56.05995559692383 9.880229736328147
    endloop
  endfacet
  facet normal -0.359749056230589 0.0000374405060773023 0.9330490957818935
    outer loop
      vertex -14.827743530273438 57.87993240356445 9.651225830078147
      vertex -14.233985900878906 56.05995559692383 9.880229736328147
      vertex -14.696586608886719 57.91999816894531 9.701793457031272
    endloop
  endfacet
  facet normal -0.3598640174457002 0.000005696137762160515 0.9330047636080937
    outer loop
      vertex -14.696586608886719 57.91999816894531 9.701793457031272
      vertex -14.178764343261719 56.079505920410156 9.901531005859397
      vertex -14.563819885253906 57.95436477661133 9.753001953125022
    endloop
  endfacet
  facet normal -0.35989334407089635 -0.0000037825200024895047 0.93299345168075
    outer loop
      vertex -14.696586608886719 57.91999816894531 9.701793457031272
      vertex -14.233985900878906 56.05995559692383 9.880229736328147
      vertex -14.178764343261719 56.079505920410156 9.901531005859397
    endloop
  endfacet
  facet normal -0.3596809504366973 0.0000488862226870059 0.9330753514604763
    outer loop
      vertex -14.563819885253906 57.95436477661133 9.753001953125022
      vertex -14.178764343261719 56.079505920410156 9.901531005859397
      vertex -14.122711181640625 56.096134185791016 9.923137451171897
    endloop
  endfacet
  facet normal -0.3600096861262062 -0.00004075771935698006 0.9329485646240735
    outer loop
      vertex -14.563819885253906 57.95436477661133 9.753001953125022
      vertex -14.122711181640625 56.096134185791016 9.923137451171897
      vertex -14.429695129394531 57.98296356201172 9.804759765625022
    endloop
  endfacet
  facet normal -0.3598281487003985 0.000006268243805677376 0.9330185975443109
    outer loop
      vertex -14.065963745117188 56.10979080200195 9.945049072265647
      vertex -14.29446029663086 58.00574493408203 9.856914306640647
      vertex -14.429695129394531 57.98296356201172 9.804759765625022
    endloop
  endfacet
  facet normal -0.3601902110175986 -0.00007450070029337514 0.9328788808504261
    outer loop
      vertex -14.122711181640625 56.096134185791016 9.923137451171897
      vertex -14.065963745117188 56.10979080200195 9.945049072265647
      vertex -14.429695129394531 57.98296356201172 9.804759765625022
    endloop
  endfacet
  facet normal -0.3597761456520374 0.000013467759303771143 0.9330386513099999
    outer loop
      vertex -14.065963745117188 56.10979080200195 9.945049072265647
      vertex -14.008663177490234 56.120445251464844 9.967143798828147
      vertex -14.29446029663086 58.00574493408203 9.856914306640647
    endloop
  endfacet
  facet normal -0.3596464360173946 0.000018580317663203998 0.933088656406645
    outer loop
      vertex -14.008663177490234 56.120445251464844 9.967143798828147
      vertex -13.950942993164062 56.12807846069336 9.989391113281272
      vertex -14.158367156982422 58.02266311645508 9.909404541015647
    endloop
  endfacet
  facet normal -0.3598293057886379 -0.00001151781782459537 0.9330181512505568
    outer loop
      vertex -13.950942993164062 56.12807846069336 9.989391113281272
      vertex -13.892940521240234 56.13266372680664 10.011760498046897
      vertex -14.02166748046875 58.033687591552734 9.962138916015647
    endloop
  endfacet
  facet normal -0.35985512583735024 -2.858639004851516e-7 0.9330081931089903
    outer loop
      vertex -14.008663177490234 56.120445251464844 9.967143798828147
      vertex -14.158367156982422 58.02266311645508 9.909404541015647
      vertex -14.29446029663086 58.00574493408203 9.856914306640647
    endloop
  endfacet
  facet normal -0.3599147123260395 -0.000015158696116035659 0.9329852086831164
    outer loop
      vertex -13.950942993164062 56.12807846069336 9.989391113281272
      vertex -14.02166748046875 58.033687591552734 9.962138916015647
      vertex -14.158367156982422 58.02266311645508 9.909404541015647
    endloop
  endfacet
  facet normal -0.3597703767964821 -0.000006934299066513239 0.9330408758096468
    outer loop
      vertex -14.02166748046875 58.033687591552734 9.962138916015647
      vertex -13.892940521240234 56.13266372680664 10.011760498046897
      vertex -13.928276062011719 58.03781509399414 9.998149658203147
    endloop
  endfacet
  facet normal -0.3599426198820393 -0.000010603569866084404 0.9329744424581083
    outer loop
      vertex -13.928276062011719 58.03781509399414 9.998149658203147
      vertex -13.892940521240234 56.13266372680664 10.011760498046897
      vertex -13.834800720214844 56.134193420410156 10.034190917968772
    endloop
  endfacet
  facet normal -0.3597546337741191 0 0.933046946020429
    outer loop
      vertex -13.928276062011719 58.03781509399414 9.998149658203147
      vertex -13.834800720214844 56.134193420410156 10.034190917968772
      vertex -13.834800720214844 58.03919219970703 10.034190917968772
    endloop
  endfacet
  facet normal 0 -1 0
    outer loop
      vertex -13.834800720214844 56.134193420410156 10.034190917968772
      vertex -12.924882967769738 56.134193420410156 7.675114795075892
      vertex 11.966400648842264 56.134193420410156 17.27986178139541
    endloop
  endfacet
  facet normal 0 1 0
    outer loop
      vertex -13.834800720214844 58.03919219970703 10.034190917968772
      vertex 12.835199356079102 58.03919219970703 20.320995117187522
      vertex -13.834800720214844 58.03919219970703 7.3240067556028645
    endloop
  endfacet
  facet normal -0.35986603891150765 0 0.9330039839347639
    outer loop
      vertex -13.834800720214844 56.134193420410156 10.034190917968772
      vertex 11.05782699584961 56.134193420410156 19.635448242187522
      vertex -13.834800720214844 58.03919219970703 10.034190917968772
    endloop
  endfacet
  facet normal 0 1 0
    outer loop
      vertex 11.05782699584961 -61.975799560546875 19.635448242187522
      vertex 11.966400648842264 -61.975799560546875 17.27986178139541
      vertex -12.924882967769738 -61.975799560546875 7.675114795075891
    endloop
  endfacet
  facet normal -0.3598661046670191 9.870494053176782e-7 0.9330039585718871
    outer loop
      vertex -13.834800720214844 -63.88081359863281 10.034190917968772
      vertex 12.835199356079102 -63.88081359863281 20.320995117187522
      vertex 11.05782699584961 -61.975799560546875 19.635448242187522
    endloop
  endfacet
  facet normal 0 -1 0
    outer loop
      vertex 12.835199356079102 -63.88081359863281 20.320995117187522
      vertex -13.834800720214844 -63.88081359863281 7.324006755602864
      vertex 12.835199356079102 -63.88081359863281 17.61510330182396
    endloop
  endfacet
  facet normal 0.024576616783598723 -0.9996979493364343 0
    outer loop
      vertex 12.835199356079102 -63.88081359863281 20.320995117187522
      vertex 12.835199356079102 -63.88081359863281 17.61510330182396
      vertex 12.990989685058594 -63.876983642578125 17.675217786709943
    endloop
  endfacet
  facet normal 0.0735344542932571 -0.9972926772175723 0
    outer loop
      vertex 12.990989685058594 -63.876983642578125 20.320995117187522
      vertex 12.990989685058594 -63.876983642578125 17.675217786709943
      vertex 13.146404266357422 -63.86552429199219 17.735187282632758
    endloop
  endfacet
  facet normal 0.12249055419893042 -0.9924696792003467 0
    outer loop
      vertex 13.146404266357422 -63.86552429199219 20.320995117187522
      vertex 13.146404266357422 -63.86552429199219 17.735187282632758
      vertex 13.301069259643555 -63.846435546875 17.794867536613822
    endloop
  endfacet
  facet normal 0.17096099714136703 -0.9852777970990869 0
    outer loop
      vertex 13.301069259643555 -63.846435546875 20.320995117187522
      vertex 13.301069259643555 -63.846435546875 17.794867536613822
      vertex 13.454610824584961 -63.819793701171875 17.854114295674552
    endloop
  endfacet
  facet normal 0.2190371533039209 -0.9757165190118054 0
    outer loop
      vertex 13.454610824584961 -63.819793701171875 20.320995117187522
      vertex 13.454610824584961 -63.819793701171875 17.854114295674552
      vertex 13.60666275024414 -63.78565979003906 17.912786250774708
    endloop
  endfacet
  facet normal 0.2667227294729461 -0.963773306116382 0
    outer loop
      vertex 13.60666275024414 -63.78565979003906 20.320995117187522
      vertex 13.60666275024414 -63.78565979003906 17.912786250774708
      vertex 13.756853103637695 -63.74409484863281 17.970739884920288
    endloop
  endfacet
  facet normal 0.3137151740538992 -0.9495171349524618 0
    outer loop
      vertex 13.756853103637695 -63.74409484863281 20.320995117187522
      vertex 13.756853103637695 -63.74409484863281 17.970739884920288
      vertex 13.904825210571289 -63.69520568847656 18.027837568993974
    endloop
  endfacet
  facet normal 0.024576616783598723 -0.9996979493364344 0
    outer loop
      vertex 12.835199356079102 -63.88081359863281 20.320995117187522
      vertex 12.990989685058594 -63.876983642578125 17.675217786709943
      vertex 12.990989685058594 -63.876983642578125 20.320995117187522
    endloop
  endfacet
  facet normal 0.0735344542932571 -0.9972926772175723 0
    outer loop
      vertex 12.990989685058594 -63.876983642578125 20.320995117187522
      vertex 13.146404266357422 -63.86552429199219 17.735187282632758
      vertex 13.146404266357422 -63.86552429199219 20.320995117187522
    endloop
  endfacet
  facet normal 0.12249055419893043 -0.9924696792003466 0
    outer loop
      vertex 13.146404266357422 -63.86552429199219 20.320995117187522
      vertex 13.301069259643555 -63.846435546875 17.794867536613822
      vertex 13.301069259643555 -63.846435546875 20.320995117187522
    endloop
  endfacet
  facet normal 0.170960997141367 -0.9852777970990868 0
    outer loop
      vertex 13.301069259643555 -63.846435546875 20.320995117187522
      vertex 13.454610824584961 -63.819793701171875 17.854114295674552
      vertex 13.454610824584961 -63.819793701171875 20.320995117187522
    endloop
  endfacet
  facet normal 0.21903715330392087 -0.9757165190118053 0
    outer loop
      vertex 13.454610824584961 -63.819793701171875 20.320995117187522
      vertex 13.60666275024414 -63.78565979003906 17.912786250774708
      vertex 13.60666275024414 -63.78565979003906 20.320995117187522
    endloop
  endfacet
  facet normal 0.2667227294729462 -0.9637733061163821 0
    outer loop
      vertex 13.60666275024414 -63.78565979003906 20.320995117187522
      vertex 13.756853103637695 -63.74409484863281 17.970739884920288
      vertex 13.756853103637695 -63.74409484863281 20.320995117187522
    endloop
  endfacet
  facet normal 0.3137151740538992 -0.9495171349524618 0
    outer loop
      vertex 13.756853103637695 -63.74409484863281 20.320995117187522
      vertex 13.904825210571289 -63.69520568847656 18.027837568993974
      vertex 13.904825210571289 -63.69520568847656 20.320995117187522
    endloop
  endfacet
  facet normal 0 0 1
    outer loop
      vertex 12.835199356079102 -63.88081359863281 20.320995117187522
      vertex 12.990989685058594 -63.876983642578125 20.320995117187522
      vertex 13.146404266357422 -63.86552429199219 20.320995117187522
    endloop
  endfacet
  facet normal 0 0 1
    outer loop
      vertex 13.146404266357422 -63.86552429199219 20.320995117187522
      vertex 13.301069259643555 -63.846435546875 20.320995117187522
      vertex 13.60666275024414 -63.78565979003906 20.320995117187522
    endloop
  endfacet
  facet normal 0 0 1
    outer loop
      vertex 13.301069259643555 -63.846435546875 20.320995117187522
      vertex 13.454610824584961 -63.819793701171875 20.320995117187522
      vertex 13.60666275024414 -63.78565979003906 20.320995117187522
    endloop
  endfacet
  facet normal 0 0 1
    outer loop
      vertex 13.146404266357422 -63.86552429199219 20.320995117187522
      vertex 13.60666275024414 -63.78565979003906 20.320995117187522
      vertex 13.904825210571289 -63.69520568847656 20.320995117187522
    endloop
  endfacet
  facet normal 0 0 1
    outer loop
      vertex 13.146404266357422 -63.86552429199219 20.320995117187522
      vertex 13.904825210571289 -63.69520568847656 20.320995117187522
      vertex 14.050220489501953 -63.639129638671875 20.320995117187522
    endloop
  endfacet
  facet normal 0 0 1
    outer loop
      vertex 13.60666275024414 -63.78565979003906 20.320995117187522
      vertex 13.756853103637695 -63.74409484863281 20.320995117187522
      vertex 13.904825210571289 -63.69520568847656 20.320995117187522
    endloop
  endfacet
  facet normal 0.3598442142259722 -0.9330124015725046 0
    outer loop
      vertex 13.904825210571289 -63.69520568847656 20.320995117187522
      vertex 13.904825210571289 -63.69520568847656 18.027837568993974
      vertex 14.050220489501953 -63.639129638671875 18.083940937893857
    endloop
  endfacet
  facet normal 0.4052661396844913 -0.9141987508333352 0
    outer loop
      vertex 14.050220489501953 -63.639129638671875 20.320995117187522
      vertex 14.050220489501953 -63.639129638671875 18.083940937893857
      vertex 14.19268798828125 -63.57597351074219 18.138914570456368
    endloop
  endfacet
  facet normal 0.4496255713914007 -0.8932171323653373 0
    outer loop
      vertex 14.19268798828125 -63.57597351074219 20.320995117187522
      vertex 14.19268798828125 -63.57597351074219 18.138914570456368
      vertex 14.331884384155273 -63.50590515136719 18.192625989456282
    endloop
  endfacet
  facet normal 0.4929035564744496 -0.8700839522798011 0
    outer loop
      vertex 14.331884384155273 -63.50590515136719 20.320995117187522
      vertex 14.331884384155273 -63.50590515136719 18.192625989456282
      vertex 14.467475891113281 -63.42909240722656 18.244946397591292
    endloop
  endfacet
  facet normal 0.5350019973588569 -0.8448507932303985 0
    outer loop
      vertex 14.467475891113281 -63.42909240722656 20.320995117187522
      vertex 14.467475891113281 -63.42909240722656 18.244946397591292
      vertex 14.599136352539062 -63.34571838378906 18.295749941497434
    endloop
  endfacet
  facet normal 0.5757659426811086 -0.8176145664361261 0
    outer loop
      vertex 14.599136352539062 -63.34571838378906 20.320995117187522
      vertex 14.599136352539062 -63.34571838378906 18.295749941497434
      vertex 14.726545333862305 -63.25599670410156 18.344912975764487
    endloop
  endfacet
  facet normal 0.6152708554029827 -0.7883157834850715 0
    outer loop
      vertex 14.726545333862305 -63.25599670410156 20.320995117187522
      vertex 14.726545333862305 -63.25599670410156 18.344912975764487
      vertex 14.84939956665039 -63.16011047363281 18.392318478843503
    endloop
  endfacet
  facet normal 0.6531308838698807 -0.7572450386336964 0
    outer loop
      vertex 14.84939956665039 -63.16011047363281 20.320995117187522
      vertex 14.84939956665039 -63.16011047363281 18.392318478843503
      vertex 14.967399597167969 -63.05833435058594 18.437850901154697
    endloop
  endfacet
  facet normal 0.689583045923609 -0.7242066160804649 0
    outer loop
      vertex 14.967399597167969 -63.05833435058594 20.320995117187522
      vertex 14.967399597167969 -63.05833435058594 18.437850901154697
      vertex 15.080263137817383 -62.95086669921875 18.48140131697955
    endloop
  endfacet
  facet normal 0.724214189878513 -0.6895750917620279 0
    outer loop
      vertex 15.080263137817383 -62.95086669921875 20.320995117187522
      vertex 15.080263137817383 -62.95086669921875 18.48140131697955
      vertex 15.187719345092773 -62.8380126953125 18.52286521650705
    endloop
  endfacet
  facet normal 0.7572339920888682 -0.6531436911010898 0
    outer loop
      vertex 15.187719345092773 -62.8380126953125 20.320995117187522
      vertex 15.187719345092773 -62.8380126953125 18.52286521650705
      vertex 15.289508819580078 -62.720001220703125 18.562142505833684
    endloop
  endfacet
  facet normal 0.7883375023197717 -0.615243027133363 0
    outer loop
      vertex 15.289508819580078 -62.720001220703125 20.320995117187522
      vertex 15.289508819580078 -62.720001220703125 18.562142505833684
      vertex 15.385383605957031 -62.59715270996094 18.599137506963455
    endloop
  endfacet
  facet normal 0.8175840524966108 -0.5758092714634064 0
    outer loop
      vertex 15.385383605957031 -62.59715270996094 20.320995117187522
      vertex 15.385383605957031 -62.59715270996094 18.599137506963455
      vertex 15.475116729736328 -62.46974182128906 18.6337626377308
    endloop
  endfacet
  facet normal 0.8448423120001181 -0.5350153902966672 0
    outer loop
      vertex 15.475116729736328 -62.46974182128906 20.320995117187522
      vertex 15.475116729736328 -62.46974182128906 18.6337626377308
      vertex 15.558488845825195 -62.33808898925781 18.665933259908485
    endloop
  endfacet
  facet normal 0.870110013547049 -0.4928575497292845 0
    outer loop
      vertex 15.558488845825195 -62.33808898925781 20.320995117187522
      vertex 15.558488845825195 -62.33808898925781 18.665933259908485
      vertex 15.635299682617188 -62.202484130859375 18.69557209511513
    endloop
  endfacet
  facet normal 0.8932146246993687 -0.44963055303567356 0
    outer loop
      vertex 15.635299682617188 -62.202484130859375 20.320995117187522
      vertex 15.635299682617188 -62.202484130859375 18.69557209511513
      vertex 15.705366134643555 -62.06329345703125 18.722608488830605
    endloop
  endfacet
  facet normal 0.9142118396935105 -0.40523661256629717 0
    outer loop
      vertex 15.705366134643555 -62.06329345703125 20.320995117187522
      vertex 15.705366134643555 -62.06329345703125 18.722608488830605
      vertex 15.768518447875977 -61.92082214355469 18.74697693842689
    endloop
  endfacet
  facet normal 0.9329880368262782 -0.3599073813344863 0
    outer loop
      vertex 15.768518447875977 -61.92082214355469 20.320995117187522
      vertex 15.768518447875977 -61.92082214355469 18.74697693842689
      vertex 15.824602127075195 -61.77543640136719 18.768617829152625
    endloop
  endfacet
  facet normal 0.9495328887586193 -0.3136674882191515 0
    outer loop
      vertex 15.824602127075195 -61.77543640136719 20.320995117187522
      vertex 15.824602127075195 -61.77543640136719 18.768617829152625
      vertex 15.873485565185547 -61.62745666503906 18.78748037807148
    endloop
  endfacet
  facet normal 0.9637773229853009 -0.266708214532824 0
    outer loop
      vertex 15.873485565185547 -61.62745666503906 20.320995117187522
      vertex 15.873485565185547 -61.62745666503906 18.78748037807148
      vertex 15.915048599243164 -61.477264404296875 18.80351821815461
    endloop
  endfacet
  facet normal 0.9756967084243672 -0.21912538230395703 0
    outer loop
      vertex 15.915048599243164 -61.477264404296875 20.320995117187522
      vertex 15.915048599243164 -61.477264404296875 18.80351821815461
      vertex 15.949193954467773 -61.325225830078125 18.816693814188216
    endloop
  endfacet
  facet normal 0.9852792279206245 -0.1709527508644947 0
    outer loop
      vertex 15.949193954467773 -61.325225830078125 20.320995117187522
      vertex 15.949193954467773 -61.325225830078125 18.816693814188216
      vertex 15.975835800170898 -61.17167663574219 18.826974046865985
    endloop
  endfacet
  facet normal 0.992479907666012 -0.12240765041150092 0
    outer loop
      vertex 15.975835800170898 -61.17167663574219 20.320995117187522
      vertex 15.975835800170898 -61.17167663574219 18.826974046865985
      vertex 15.994911193847656 -61.01701354980469 18.834334628696624
    endloop
  endfacet
  facet normal 0.9972898513073578 -0.07357276995837662 0
    outer loop
      vertex 15.994911193847656 -61.01701354980469 20.320995117187522
      vertex 15.994911193847656 -61.01701354980469 18.834334628696624
      vertex 16.006376266479492 -60.861602783203125 18.838758632034686
    endloop
  endfacet
  facet normal 0.9996988581671972 -0.02453962060021095 0
    outer loop
      vertex 16.006376266479492 -60.861602783203125 20.320995117187522
      vertex 16.006376266479492 -60.861602783203125 18.838758632034686
      vertex 16.01020050048828 -60.705810546875 18.84023428112682
    endloop
  endfacet
  facet normal 0.35984421422597224 -0.9330124015725046 0
    outer loop
      vertex 13.904825210571289 -63.69520568847656 20.320995117187522
      vertex 14.050220489501953 -63.639129638671875 18.083940937893857
      vertex 14.050220489501953 -63.639129638671875 20.320995117187522
    endloop
  endfacet
  facet normal 0.40526613968449127 -0.9141987508333352 0
    outer loop
      vertex 14.050220489501953 -63.639129638671875 20.320995117187522
      vertex 14.19268798828125 -63.57597351074219 18.138914570456368
      vertex 14.19268798828125 -63.57597351074219 20.320995117187522
    endloop
  endfacet
  facet normal 0.44962557139140064 -0.8932171323653373 0
    outer loop
      vertex 14.19268798828125 -63.57597351074219 20.320995117187522
      vertex 14.331884384155273 -63.50590515136719 18.192625989456282
      vertex 14.331884384155273 -63.50590515136719 20.320995117187522
    endloop
  endfacet
  facet normal 0.49290355647444967 -0.8700839522798011 0
    outer loop
      vertex 14.331884384155273 -63.50590515136719 20.320995117187522
      vertex 14.467475891113281 -63.42909240722656 18.244946397591292
      vertex 14.467475891113281 -63.42909240722656 20.320995117187522
    endloop
  endfacet
  facet normal 0.535001997358857 -0.8448507932303986 0
    outer loop
      vertex 14.467475891113281 -63.42909240722656 20.320995117187522
      vertex 14.599136352539062 -63.34571838378906 18.295749941497434
      vertex 14.599136352539062 -63.34571838378906 20.320995117187522
    endloop
  endfacet
  facet normal 0.5757659426811086 -0.817614566436126 0
    outer loop
      vertex 14.599136352539062 -63.34571838378906 20.320995117187522
      vertex 14.726545333862305 -63.25599670410156 18.344912975764487
      vertex 14.726545333862305 -63.25599670410156 20.320995117187522
    endloop
  endfacet
  facet normal 0.6152708554029827 -0.7883157834850715 0
    outer loop
      vertex 14.726545333862305 -63.25599670410156 20.320995117187522
      vertex 14.84939956665039 -63.16011047363281 18.392318478843503
      vertex 14.84939956665039 -63.16011047363281 20.320995117187522
    endloop
  endfacet
  facet normal 0.6531308838698807 -0.7572450386336964 0
    outer loop
      vertex 14.84939956665039 -63.16011047363281 20.320995117187522
      vertex 14.967399597167969 -63.05833435058594 18.437850901154697
      vertex 14.967399597167969 -63.05833435058594 20.320995117187522
    endloop
  endfacet
  facet normal 0 0 1
    outer loop
      vertex 13.146404266357422 -63.86552429199219 20.320995117187522
      vertex 14.050220489501953 -63.639129638671875 20.320995117187522
      vertex 15.187719345092773 -62.8380126953125 20.320995117187522
    endloop
  endfacet
  facet normal 0 0 1
    outer loop
      vertex 14.050220489501953 -63.639129638671875 20.320995117187522
      vertex 14.19268798828125 -63.57597351074219 20.320995117187522
      vertex 14.331884384155273 -63.50590515136719 20.320995117187522
    endloop
  endfacet
  facet normal 0 0 1
    outer loop
      vertex 12.835199356079102 -63.88081359863281 20.320995117187522
      vertex 13.146404266357422 -63.86552429199219 20.320995117187522
      vertex 16.01020050048828 -60.705810546875 20.320995117187522
    endloop
  endfacet
  facet normal 0 0 1
    outer loop
      vertex 14.050220489501953 -63.639129638671875 20.320995117187522
      vertex 14.331884384155273 -63.50590515136719 20.320995117187522
      vertex 14.467475891113281 -63.42909240722656 20.320995117187522
    endloop
  endfacet
  facet normal 0 0 1
    outer loop
      vertex 14.050220489501953 -63.639129638671875 20.320995117187522
      vertex 14.467475891113281 -63.42909240722656 20.320995117187522
      vertex 14.599136352539062 -63.34571838378906 20.320995117187522
    endloop
  endfacet
  facet normal 0 0 1
    outer loop
      vertex 14.050220489501953 -63.639129638671875 20.320995117187522
      vertex 14.599136352539062 -63.34571838378906 20.320995117187522
      vertex 14.967399597167969 -63.05833435058594 20.320995117187522
    endloop
  endfacet
  facet normal 0 0 1
    outer loop
      vertex 14.050220489501953 -63.639129638671875 20.320995117187522
      vertex 14.967399597167969 -63.05833435058594 20.320995117187522
      vertex 15.187719345092773 -62.8380126953125 20.320995117187522
    endloop
  endfacet
  facet normal 0 0 1
    outer loop
      vertex 14.599136352539062 -63.34571838378906 20.320995117187522
      vertex 14.726545333862305 -63.25599670410156 20.320995117187522
      vertex 14.967399597167969 -63.05833435058594 20.320995117187522
    endloop
  endfacet
  facet normal 0 0 1
    outer loop
      vertex 14.726545333862305 -63.25599670410156 20.320995117187522
      vertex 14.84939956665039 -63.16011047363281 20.320995117187522
      vertex 14.967399597167969 -63.05833435058594 20.320995117187522
    endloop
  endfacet
  facet normal 0 0 1
    outer loop
      vertex 13.146404266357422 -63.86552429199219 20.320995117187522
      vertex 15.187719345092773 -62.8380126953125 20.320995117187522
      vertex 16.01020050048828 -60.705810546875 20.320995117187522
    endloop
  endfacet
  facet normal 0.689583045923609 -0.7242066160804649 0
    outer loop
      vertex 14.967399597167969 -63.05833435058594 20.320995117187522
      vertex 15.080263137817383 -62.95086669921875 18.48140131697955
      vertex 15.080263137817383 -62.95086669921875 20.320995117187522
    endloop
  endfacet
  facet normal 0.7242141898785129 -0.6895750917620278 0
    outer loop
      vertex 15.080263137817383 -62.95086669921875 20.320995117187522
      vertex 15.187719345092773 -62.8380126953125 18.52286521650705
      vertex 15.187719345092773 -62.8380126953125 20.320995117187522
    endloop
  endfacet
  facet normal 0.7572339920888683 -0.6531436911010899 0
    outer loop
      vertex 15.187719345092773 -62.8380126953125 20.320995117187522
      vertex 15.289508819580078 -62.720001220703125 18.562142505833684
      vertex 15.289508819580078 -62.720001220703125 20.320995117187522
    endloop
  endfacet
  facet normal 0.7883375023197716 -0.615243027133363 0
    outer loop
      vertex 15.289508819580078 -62.720001220703125 20.320995117187522
      vertex 15.385383605957031 -62.59715270996094 18.599137506963455
      vertex 15.385383605957031 -62.59715270996094 20.320995117187522
    endloop
  endfacet
  facet normal 0.8175840524966109 -0.5758092714634065 0
    outer loop
      vertex 15.385383605957031 -62.59715270996094 20.320995117187522
      vertex 15.475116729736328 -62.46974182128906 18.6337626377308
      vertex 15.475116729736328 -62.46974182128906 20.320995117187522
    endloop
  endfacet
  facet normal 0.8448423120001181 -0.5350153902966672 0
    outer loop
      vertex 15.475116729736328 -62.46974182128906 20.320995117187522
      vertex 15.558488845825195 -62.33808898925781 18.665933259908485
      vertex 15.558488845825195 -62.33808898925781 20.320995117187522
    endloop
  endfacet
  facet normal 0.870110013547049 -0.49285754972928447 0
    outer loop
      vertex 15.558488845825195 -62.33808898925781 20.320995117187522
      vertex 15.635299682617188 -62.202484130859375 18.69557209511513
      vertex 15.635299682617188 -62.202484130859375 20.320995117187522
    endloop
  endfacet
  facet normal 0.8932146246993689 -0.44963055303567356 0
    outer loop
      vertex 15.635299682617188 -62.202484130859375 20.320995117187522
      vertex 15.705366134643555 -62.06329345703125 18.722608488830605
      vertex 15.705366134643555 -62.06329345703125 20.320995117187522
    endloop
  endfacet
  facet normal 0.9142118396935104 -0.4052366125662971 0
    outer loop
      vertex 15.705366134643555 -62.06329345703125 20.320995117187522
      vertex 15.768518447875977 -61.92082214355469 18.74697693842689
      vertex 15.768518447875977 -61.92082214355469 20.320995117187522
    endloop
  endfacet
  facet normal 0.9329880368262782 -0.3599073813344863 0
    outer loop
      vertex 15.768518447875977 -61.92082214355469 20.320995117187522
      vertex 15.824602127075195 -61.77543640136719 18.768617829152625
      vertex 15.824602127075195 -61.77543640136719 20.320995117187522
    endloop
  endfacet
  facet normal 0.9495328887586193 -0.3136674882191516 0
    outer loop
      vertex 15.824602127075195 -61.77543640136719 20.320995117187522
      vertex 15.873485565185547 -61.62745666503906 18.78748037807148
      vertex 15.873485565185547 -61.62745666503906 20.320995117187522
    endloop
  endfacet
  facet normal 0.9637773229853009 -0.266708214532824 0
    outer loop
      vertex 15.873485565185547 -61.62745666503906 20.320995117187522
      vertex 15.915048599243164 -61.477264404296875 18.80351821815461
      vertex 15.915048599243164 -61.477264404296875 20.320995117187522
    endloop
  endfacet
  facet normal 0.9756967084243673 -0.21912538230395703 0
    outer loop
      vertex 15.915048599243164 -61.477264404296875 20.320995117187522
      vertex 15.949193954467773 -61.325225830078125 18.816693814188216
      vertex 15.949193954467773 -61.325225830078125 20.320995117187522
    endloop
  endfacet
  facet normal 0.9852792279206245 -0.17095275086449474 0
    outer loop
      vertex 15.949193954467773 -61.325225830078125 20.320995117187522
      vertex 15.975835800170898 -61.17167663574219 18.826974046865985
      vertex 15.975835800170898 -61.17167663574219 20.320995117187522
    endloop
  endfacet
  facet normal 0.992479907666012 -0.12240765041150092 0
    outer loop
      vertex 15.975835800170898 -61.17167663574219 20.320995117187522
      vertex 15.994911193847656 -61.01701354980469 18.834334628696624
      vertex 15.994911193847656 -61.01701354980469 20.320995117187522
    endloop
  endfacet
  facet normal 0.9972898513073577 -0.07357276995837662 0
    outer loop
      vertex 15.994911193847656 -61.01701354980469 20.320995117187522
      vertex 16.006376266479492 -60.861602783203125 18.838758632034686
      vertex 16.006376266479492 -60.861602783203125 20.320995117187522
    endloop
  endfacet
  facet normal 0.9996988581671971 -0.02453962060021095 0
    outer loop
      vertex 16.006376266479492 -60.861602783203125 20.320995117187522
      vertex 16.01020050048828 -60.705810546875 18.84023428112682
      vertex 16.01020050048828 -60.705810546875 20.320995117187522
    endloop
  endfacet
  facet normal 0 0 1
    outer loop
      vertex 14.967399597167969 -63.05833435058594 20.320995117187522
      vertex 15.080263137817383 -62.95086669921875 20.320995117187522
      vertex 15.187719345092773 -62.8380126953125 20.320995117187522
    endloop
  endfacet
  facet normal 0 0 1
    outer loop
      vertex 15.187719345092773 -62.8380126953125 20.320995117187522
      vertex 15.289508819580078 -62.720001220703125 20.320995117187522
      vertex 15.385383605957031 -62.59715270996094 20.320995117187522
    endloop
  endfacet
  facet normal 0 0 1
    outer loop
      vertex 15.187719345092773 -62.8380126953125 20.320995117187522
      vertex 15.385383605957031 -62.59715270996094 20.320995117187522
      vertex 15.635299682617188 -62.202484130859375 20.320995117187522
    endloop
  endfacet
  facet normal 0 0 1
    outer loop
      vertex 15.385383605957031 -62.59715270996094 20.320995117187522
      vertex 15.475116729736328 -62.46974182128906 20.320995117187522
      vertex 15.635299682617188 -62.202484130859375 20.320995117187522
    endloop
  endfacet
  facet normal 0 0 1
    outer loop
      vertex 15.475116729736328 -62.46974182128906 20.320995117187522
      vertex 15.558488845825195 -62.33808898925781 20.320995117187522
      vertex 15.635299682617188 -62.202484130859375 20.320995117187522
    endloop
  endfacet
  facet normal 0 0 1
    outer loop
      vertex 15.187719345092773 -62.8380126953125 20.320995117187522
      vertex 15.635299682617188 -62.202484130859375 20.320995117187522
      vertex 16.01020050048828 -60.705810546875 20.320995117187522
    endloop
  endfacet
  facet normal 0 0 1
    outer loop
      vertex 15.635299682617188 -62.202484130859375 20.320995117187522
      vertex 15.705366134643555 -62.06329345703125 20.320995117187522
      vertex 15.873485565185547 -61.62745666503906 20.320995117187522
    endloop
  endfacet
  facet normal 0 0 1
    outer loop
      vertex 15.705366134643555 -62.06329345703125 20.320995117187522
      vertex 15.768518447875977 -61.92082214355469 20.320995117187522
      vertex 15.873485565185547 -61.62745666503906 20.320995117187522
    endloop
  endfacet
  facet normal 0 0 1
    outer loop
      vertex 15.768518447875977 -61.92082214355469 20.320995117187522
      vertex 15.824602127075195 -61.77543640136719 20.320995117187522
      vertex 15.873485565185547 -61.62745666503906 20.320995117187522
    endloop
  endfacet
  facet normal 0 0 1
    outer loop
      vertex 15.635299682617188 -62.202484130859375 20.320995117187522
      vertex 15.873485565185547 -61.62745666503906 20.320995117187522
      vertex 16.01020050048828 -60.705810546875 20.320995117187522
    endloop
  endfacet
  facet normal 0 0 1
    outer loop
      vertex 15.873485565185547 -61.62745666503906 20.320995117187522
      vertex 15.915048599243164 -61.477264404296875 20.320995117187522
      vertex 15.949193954467773 -61.325225830078125 20.320995117187522
    endloop
  endfacet
  facet normal 0 0 1
    outer loop
      vertex 15.873485565185547 -61.62745666503906 20.320995117187522
      vertex 15.949193954467773 -61.325225830078125 20.320995117187522
      vertex 16.01020050048828 -60.705810546875 20.320995117187522
    endloop
  endfacet
  facet normal 0 0 1
    outer loop
      vertex 15.949193954467773 -61.325225830078125 20.320995117187522
      vertex 15.975835800170898 -61.17167663574219 20.320995117187522
      vertex 16.01020050048828 -60.705810546875 20.320995117187522
    endloop
  endfacet
  facet normal 0 0 1
    outer loop
      vertex 15.975835800170898 -61.17167663574219 20.320995117187522
      vertex 15.994911193847656 -61.01701354980469 20.320995117187522
      vertex 16.01020050048828 -60.705810546875 20.320995117187522
    endloop
  endfacet
  facet normal 0 0 1
    outer loop
      vertex 15.994911193847656 -61.01701354980469 20.320995117187522
      vertex 16.006376266479492 -60.861602783203125 20.320995117187522
      vertex 16.01020050048828 -60.705810546875 20.320995117187522
    endloop
  endfacet
  facet normal -0.9330029478387262 0 -0.35986872512660406
    outer loop
      vertex 11.05782699584961 -61.975799560546875 19.635448242187522
      vertex 11.05782699584961 56.134193420410156 19.635448242187522
      vertex 11.966400648842264 -61.975799560546875 17.27986178139541
    endloop
  endfacet
  facet normal -0.359867025594551 0 0.9330036033637441
    outer loop
      vertex 11.05782699584961 -61.975799560546875 19.635448242187522
      vertex 12.835199356079102 -63.88081359863281 20.320995117187522
      vertex 12.835199356079102 58.03919219970703 20.320995117187522
    endloop
  endfacet
  facet normal 1 0 0
    outer loop
      vertex 16.01020050048828 -60.705810546875 20.320995117187522
      vertex 16.01020050048828 -60.705810546875 18.84023428112682
      vertex 16.01020050048828 54.864192962646484 18.84023428112682
    endloop
  endfacet
  facet normal 0 0 1
    outer loop
      vertex 12.835199356079102 -63.88081359863281 20.320995117187522
      vertex 16.01020050048828 -60.705810546875 20.320995117187522
      vertex 16.01020050048828 54.864192962646484 20.320995117187522
    endloop
  endfacet
  facet normal 0 -1 0
    outer loop
      vertex -13.834800720214844 56.134193420410156 10.034190917968772
      vertex 11.966400648842264 56.134193420410156 17.27986178139541
      vertex 11.05782699584961 56.134193420410156 19.635448242187522
    endloop
  endfacet
  facet normal -0.3598661046670192 -9.870573114532798e-7 0.9330039585718872
    outer loop
      vertex -13.834800720214844 58.03919219970703 10.034190917968772
      vertex 11.05782699584961 56.134193420410156 19.635448242187522
      vertex 12.835199356079102 58.03919219970703 20.320995117187522
    endloop
  endfacet
  facet normal 0 1 0
    outer loop
      vertex 12.835199356079102 58.03919219970703 20.320995117187522
      vertex 12.835199356079102 58.03919219970703 17.61510330182396
      vertex -13.834800720214844 58.03919219970703 7.3240067556028645
    endloop
  endfacet
  facet normal -0.9330029478387262 0 -0.35986872512660406
    outer loop
      vertex 11.05782699584961 56.134193420410156 19.635448242187522
      vertex 11.966400648842264 56.134193420410156 17.27986178139541
      vertex 11.966400648842264 -61.975799560546875 17.27986178139541
    endloop
  endfacet
  facet normal -0.359867025594551 0 0.9330036033637441
    outer loop
      vertex 11.05782699584961 -61.975799560546875 19.635448242187522
      vertex 12.835199356079102 58.03919219970703 20.320995117187522
      vertex 11.05782699584961 56.134193420410156 19.635448242187522
    endloop
  endfacet
  facet normal 0 0 1
    outer loop
      vertex 12.835199356079102 -63.88081359863281 20.320995117187522
      vertex 16.01020050048828 54.864192962646484 20.320995117187522
      vertex 12.835199356079102 58.03919219970703 20.320995117187522
    endloop
  endfacet
  facet normal 1 0 0
    outer loop
      vertex 16.01020050048828 -60.705810546875 20.320995117187522
      vertex 16.01020050048828 54.864192962646484 18.84023428112682
      vertex 16.01020050048828 54.864192962646484 20.320995117187522
    endloop
  endfacet
  facet normal 0.024527688862166386 0.9996991509844753 0
    outer loop
      vertex 12.990989685058594 58.035369873046875 20.320995117187522
      vertex 12.990989685058594 58.035369873046875 17.675217786709943
      vertex 12.835199356079102 58.03919219970703 17.61510330182396
    endloop
  endfacet
  facet normal 0.02452768886216639 0.9996991509844753 0
    outer loop
      vertex 12.835199356079102 58.03919219970703 20.320995117187522
      vertex 12.990989685058594 58.035369873046875 20.320995117187522
      vertex 12.835199356079102 58.03919219970703 17.61510330182396
    endloop
  endfacet
  facet normal 0.07358314699314504 0.9972890857111518 0
    outer loop
      vertex 13.146404266357422 58.023902893066406 20.320995117187522
      vertex 13.146404266357422 58.023902893066406 17.735187282632758
      vertex 12.990989685058594 58.035369873046875 17.675217786709943
    endloop
  endfacet
  facet normal 0.12239410744926894 0.9924815778953768 0
    outer loop
      vertex 13.301069259643555 58.00482940673828 20.320995117187522
      vertex 13.301069259643555 58.00482940673828 17.794867536613822
      vertex 13.146404266357422 58.023902893066406 17.735187282632758
    endloop
  endfacet
  facet normal 0.170960997141367 0.9852777970990868 0
    outer loop
      vertex 13.454610824584961 57.978187561035156 20.320995117187522
      vertex 13.454610824584961 57.978187561035156 17.854114295674552
      vertex 13.301069259643555 58.00482940673828 17.794867536613822
    endloop
  endfacet
  facet normal 0.21910706501017693 0.9757008220057142 0
    outer loop
      vertex 13.60666275024414 57.94404220581055 20.320995117187522
      vertex 13.60666275024414 57.94404220581055 17.912786250774708
      vertex 13.454610824584961 57.978187561035156 17.854114295674552
    endloop
  endfacet
  facet normal 0.2667227294729462 0.9637733061163821 0
    outer loop
      vertex 13.756853103637695 57.9024772644043 20.320995117187522
      vertex 13.756853103637695 57.9024772644043 17.970739884920288
      vertex 13.60666275024414 57.94404220581055 17.912786250774708
    endloop
  endfacet
  facet normal 0.3136710344288088 0.9495317173008814 0
    outer loop
      vertex 13.904825210571289 57.85359573364258 20.320995117187522
      vertex 13.904825210571289 57.85359573364258 18.027837568993974
      vertex 13.756853103637695 57.9024772644043 17.970739884920288
    endloop
  endfacet
  facet normal 0.07358314699314504 0.9972890857111518 0
    outer loop
      vertex 12.990989685058594 58.035369873046875 20.320995117187522
      vertex 13.146404266357422 58.023902893066406 20.320995117187522
      vertex 12.990989685058594 58.035369873046875 17.675217786709943
    endloop
  endfacet
  facet normal 0.12239410744926892 0.9924815778953767 0
    outer loop
      vertex 13.146404266357422 58.023902893066406 20.320995117187522
      vertex 13.301069259643555 58.00482940673828 20.320995117187522
      vertex 13.146404266357422 58.023902893066406 17.735187282632758
    endloop
  endfacet
  facet normal 0.17096099714136703 0.9852777970990869 0
    outer loop
      vertex 13.301069259643555 58.00482940673828 20.320995117187522
      vertex 13.454610824584961 57.978187561035156 20.320995117187522
      vertex 13.301069259643555 58.00482940673828 17.794867536613822
    endloop
  endfacet
  facet normal 0.2191070650101769 0.9757008220057141 0
    outer loop
      vertex 13.454610824584961 57.978187561035156 20.320995117187522
      vertex 13.60666275024414 57.94404220581055 20.320995117187522
      vertex 13.454610824584961 57.978187561035156 17.854114295674552
    endloop
  endfacet
  facet normal 0.2667227294729461 0.963773306116382 0
    outer loop
      vertex 13.60666275024414 57.94404220581055 20.320995117187522
      vertex 13.756853103637695 57.9024772644043 20.320995117187522
      vertex 13.60666275024414 57.94404220581055 17.912786250774708
    endloop
  endfacet
  facet normal 0.3136710344288088 0.9495317173008814 0
    outer loop
      vertex 13.756853103637695 57.9024772644043 20.320995117187522
      vertex 13.904825210571289 57.85359573364258 20.320995117187522
      vertex 13.756853103637695 57.9024772644043 17.970739884920288
    endloop
  endfacet
  facet normal 0 0 1
    outer loop
      vertex 12.835199356079102 58.03919219970703 20.320995117187522
      vertex 13.146404266357422 58.023902893066406 20.320995117187522
      vertex 12.990989685058594 58.035369873046875 20.320995117187522
    endloop
  endfacet
  facet normal 0 0 1
    outer loop
      vertex 12.835199356079102 58.03919219970703 20.320995117187522
      vertex 13.454610824584961 57.978187561035156 20.320995117187522
      vertex 13.146404266357422 58.023902893066406 20.320995117187522
    endloop
  endfacet
  facet normal 0 0 1
    outer loop
      vertex 13.146404266357422 58.023902893066406 20.320995117187522
      vertex 13.454610824584961 57.978187561035156 20.320995117187522
      vertex 13.301069259643555 58.00482940673828 20.320995117187522
    endloop
  endfacet
  facet normal 0 0 1
    outer loop
      vertex 13.454610824584961 57.978187561035156 20.320995117187522
      vertex 13.756853103637695 57.9024772644043 20.320995117187522
      vertex 13.60666275024414 57.94404220581055 20.320995117187522
    endloop
  endfacet
  facet normal 0.359886831978279 0.9329959636400567 0
    outer loop
      vertex 13.904825210571289 57.85359573364258 20.320995117187522
      vertex 14.050220489501953 57.79751205444336 18.083940937893857
      vertex 13.904825210571289 57.85359573364258 18.027837568993974
    endloop
  endfacet
  facet normal 0.4052456812399401 0.9142078198289364 0
    outer loop
      vertex 14.050220489501953 57.79751205444336 20.320995117187522
      vertex 14.19268798828125 57.73435974121094 18.138914570456368
      vertex 14.050220489501953 57.79751205444336 18.083940937893857
    endloop
  endfacet
  facet normal 0.44962557139140064 0.8932171323653373 0
    outer loop
      vertex 14.331884384155273 57.66429138183594 20.320995117187522
      vertex 14.331884384155273 57.66429138183594 18.192625989456282
      vertex 14.19268798828125 57.73435974121094 18.138914570456368
    endloop
  endfacet
  facet normal 0.4928850246180378 0.8700944503370174 0
    outer loop
      vertex 14.467475891113281 57.58748245239258 20.320995117187522
      vertex 14.467475891113281 57.58748245239258 18.244946397591292
      vertex 14.331884384155273 57.66429138183594 18.192625989456282
    endloop
  endfacet
  facet normal 0.535001997358857 0.8448507932303986 0
    outer loop
      vertex 14.599136352539062 57.50410842895508 20.320995117187522
      vertex 14.599136352539062 57.50410842895508 18.295749941497434
      vertex 14.467475891113281 57.58748245239258 18.244946397591292
    endloop
  endfacet
  facet normal 0.5758150334239812 0.8175799944243617 0
    outer loop
      vertex 14.599136352539062 57.50410842895508 20.320995117187522
      vertex 14.726545333862305 57.41437530517578 18.344912975764487
      vertex 14.599136352539062 57.50410842895508 18.295749941497434
    endloop
  endfacet
  facet normal 0.6152252179595568 0.7883514008274581 0
    outer loop
      vertex 14.84939956665039 57.31850051879883 20.320995117187522
      vertex 14.84939956665039 57.31850051879883 18.392318478843503
      vertex 14.726545333862305 57.41437530517578 18.344912975764487
    endloop
  endfacet
  facet normal 0.6531729930975313 0.7572087169915652 0
    outer loop
      vertex 14.84939956665039 57.31850051879883 20.320995117187522
      vertex 14.967399597167969 57.216712951660156 18.437850901154697
      vertex 14.84939956665039 57.31850051879883 18.392318478843503
    endloop
  endfacet
  facet normal 0.7242491087239306 0.6895384169954508 0
    outer loop
      vertex 15.187719345092773 56.99639129638672 20.320995117187522
      vertex 15.187719345092773 56.99639129638672 18.52286521650705
      vertex 15.080263137817383 57.109256744384766 18.48140131697955
    endloop
  endfacet
  facet normal 0.757202663495657 0.6531800107130367 0
    outer loop
      vertex 15.187719345092773 56.99639129638672 20.320995117187522
      vertex 15.289508819580078 56.87839126586914 18.562142505833684
      vertex 15.187719345092773 56.99639129638672 18.52286521650705
    endloop
  endfacet
  facet normal 0.6895445293084276 0.7242432893032693 0
    outer loop
      vertex 15.080263137817383 57.109256744384766 20.320995117187522
      vertex 15.080263137817383 57.109256744384766 18.48140131697955
      vertex 14.967399597167969 57.216712951660156 18.437850901154697
    endloop
  endfacet
  facet normal 0.7883467681256686 0.6152311542711514 0
    outer loop
      vertex 15.385383605957031 56.75553894042969 20.320995117187522
      vertex 15.385383605957031 56.75553894042969 18.599137506963455
      vertex 15.289508819580078 56.87839126586914 18.562142505833684
    endloop
  endfacet
  facet normal 0.8175840524966109 0.5758092714634065 0
    outer loop
      vertex 15.475116729736328 56.62812805175781 20.320995117187522
      vertex 15.475116729736328 56.62812805175781 18.6337626377308
      vertex 15.385383605957031 56.75553894042969 18.599137506963455
    endloop
  endfacet
  facet normal 0.9996988434259206 0.02454022112525981 0
    outer loop
      vertex 16.01020050048828 54.864192962646484 20.320995117187522
      vertex 16.01020050048828 54.864192962646484 18.84023428112682
      vertex 16.006376266479492 55.019981384277344 18.838758632034686
    endloop
  endfacet
  facet normal 0.9972899838082144 0.07357097386749438 0
    outer loop
      vertex 15.994911193847656 55.17539596557617 20.320995117187522
      vertex 16.006376266479492 55.019981384277344 18.838758632034686
      vertex 15.994911193847656 55.17539596557617 18.834334628696624
    endloop
  endfacet
  facet normal 0.9329943783859236 0.3598909416757582 0
    outer loop
      vertex 15.768518447875977 56.0792121887207 20.320995117187522
      vertex 15.824602127075195 55.93381881713867 18.768617829152625
      vertex 15.768518447875977 56.0792121887207 18.74697693842689
    endloop
  endfacet
  facet normal 0.9495280718641516 0.3136820695257327 0
    outer loop
      vertex 15.873485565185547 55.78584671020508 20.320995117187522
      vertex 15.873485565185547 55.78584671020508 18.78748037807148
      vertex 15.824602127075195 55.93381881713867 18.768617829152625
    endloop
  endfacet
  facet normal 0.9757002344143951 0.2191096815836637 0
    outer loop
      vertex 15.915048599243164 55.63565444946289 20.320995117187522
      vertex 15.949193954467773 55.483604431152344 18.816693814188216
      vertex 15.915048599243164 55.63565444946289 18.80351821815461
    endloop
  endfacet
  facet normal 0.9637773229853009 0.266708214532824 0
    outer loop
      vertex 15.915048599243164 55.63565444946289 20.320995117187522
      vertex 15.915048599243164 55.63565444946289 18.80351821815461
      vertex 15.873485565185547 55.78584671020508 18.78748037807148
    endloop
  endfacet
  facet normal 0.9852777970990869 0.17096099714136706 0
    outer loop
      vertex 15.975835800170898 55.33006286621094 20.320995117187522
      vertex 15.975835800170898 55.33006286621094 18.826974046865985
      vertex 15.949193954467773 55.483604431152344 18.816693814188216
    endloop
  endfacet
  facet normal 0.9924802744382264 0.12240467658967445 0
    outer loop
      vertex 15.975835800170898 55.33006286621094 20.320995117187522
      vertex 15.994911193847656 55.17539596557617 18.834334628696624
      vertex 15.975835800170898 55.33006286621094 18.826974046865985
    endloop
  endfacet
  facet normal 0.8448563253230268 0.5349932612301505 0
    outer loop
      vertex 15.558488845825195 56.49646759033203 20.320995117187522
      vertex 15.558488845825195 56.49646759033203 18.665933259908485
      vertex 15.475116729736328 56.62812805175781 18.6337626377308
    endloop
  endfacet
  facet normal 0.8700862277716944 0.4928995397056311 0
    outer loop
      vertex 15.635299682617188 56.360877990722656 20.320995117187522
      vertex 15.635299682617188 56.360877990722656 18.69557209511513
      vertex 15.558488845825195 56.49646759033203 18.665933259908485
    endloop
  endfacet
  facet normal 0.8932245220487856 0.44961089089424694 0
    outer loop
      vertex 15.635299682617188 56.360877990722656 20.320995117187522
      vertex 15.705366134643555 56.2216796875 18.722608488830605
      vertex 15.635299682617188 56.360877990722656 18.69557209511513
    endloop
  endfacet
  facet normal 0.9142078198289363 0.4052456812399401 0
    outer loop
      vertex 15.705366134643555 56.2216796875 20.320995117187522
      vertex 15.768518447875977 56.0792121887207 18.74697693842689
      vertex 15.705366134643555 56.2216796875 18.722608488830605
    endloop
  endfacet
  facet normal 0.3598868319782789 0.9329959636400568 0
    outer loop
      vertex 13.904825210571289 57.85359573364258 20.320995117187522
      vertex 14.050220489501953 57.79751205444336 20.320995117187522
      vertex 14.050220489501953 57.79751205444336 18.083940937893857
    endloop
  endfacet
  facet normal 0.4052456812399401 0.9142078198289364 0
    outer loop
      vertex 14.050220489501953 57.79751205444336 20.320995117187522
      vertex 14.19268798828125 57.73435974121094 20.320995117187522
      vertex 14.19268798828125 57.73435974121094 18.138914570456368
    endloop
  endfacet
  facet normal 0.4496255713914007 0.8932171323653373 0
    outer loop
      vertex 14.19268798828125 57.73435974121094 20.320995117187522
      vertex 14.331884384155273 57.66429138183594 20.320995117187522
      vertex 14.19268798828125 57.73435974121094 18.138914570456368
    endloop
  endfacet
  facet normal 0.49288502461803774 0.8700944503370174 0
    outer loop
      vertex 14.331884384155273 57.66429138183594 20.320995117187522
      vertex 14.467475891113281 57.58748245239258 20.320995117187522
      vertex 14.331884384155273 57.66429138183594 18.192625989456282
    endloop
  endfacet
  facet normal 0.5350019973588569 0.8448507932303985 0
    outer loop
      vertex 14.467475891113281 57.58748245239258 20.320995117187522
      vertex 14.599136352539062 57.50410842895508 20.320995117187522
      vertex 14.467475891113281 57.58748245239258 18.244946397591292
    endloop
  endfacet
  facet normal 0.5758150334239813 0.8175799944243618 0
    outer loop
      vertex 14.599136352539062 57.50410842895508 20.320995117187522
      vertex 14.726545333862305 57.41437530517578 20.320995117187522
      vertex 14.726545333862305 57.41437530517578 18.344912975764487
    endloop
  endfacet
  facet normal 0.6152252179595569 0.7883514008274582 0
    outer loop
      vertex 14.726545333862305 57.41437530517578 20.320995117187522
      vertex 14.84939956665039 57.31850051879883 20.320995117187522
      vertex 14.726545333862305 57.41437530517578 18.344912975764487
    endloop
  endfacet
  facet normal 0.6531729930975313 0.7572087169915652 0
    outer loop
      vertex 14.84939956665039 57.31850051879883 20.320995117187522
      vertex 14.967399597167969 57.216712951660156 20.320995117187522
      vertex 14.967399597167969 57.216712951660156 18.437850901154697
    endloop
  endfacet
  facet normal 0 0 1
    outer loop
      vertex 12.835199356079102 58.03919219970703 20.320995117187522
      vertex 16.01020050048828 54.864192962646484 20.320995117187522
      vertex 13.454610824584961 57.978187561035156 20.320995117187522
    endloop
  endfacet
  facet normal 0 0 1
    outer loop
      vertex 13.454610824584961 57.978187561035156 20.320995117187522
      vertex 14.84939956665039 57.31850051879883 20.320995117187522
      vertex 13.756853103637695 57.9024772644043 20.320995117187522
    endloop
  endfacet
  facet normal 0 0 1
    outer loop
      vertex 13.756853103637695 57.9024772644043 20.320995117187522
      vertex 14.84939956665039 57.31850051879883 20.320995117187522
      vertex 13.904825210571289 57.85359573364258 20.320995117187522
    endloop
  endfacet
  facet normal 0 0 1
    outer loop
      vertex 13.904825210571289 57.85359573364258 20.320995117187522
      vertex 14.84939956665039 57.31850051879883 20.320995117187522
      vertex 14.050220489501953 57.79751205444336 20.320995117187522
    endloop
  endfacet
  facet normal 0 0 1
    outer loop
      vertex 14.050220489501953 57.79751205444336 20.320995117187522
      vertex 14.467475891113281 57.58748245239258 20.320995117187522
      vertex 14.19268798828125 57.73435974121094 20.320995117187522
    endloop
  endfacet
  facet normal 0 0 1
    outer loop
      vertex 14.19268798828125 57.73435974121094 20.320995117187522
      vertex 14.467475891113281 57.58748245239258 20.320995117187522
      vertex 14.331884384155273 57.66429138183594 20.320995117187522
    endloop
  endfacet
  facet normal 0 0 1
    outer loop
      vertex 14.050220489501953 57.79751205444336 20.320995117187522
      vertex 14.84939956665039 57.31850051879883 20.320995117187522
      vertex 14.467475891113281 57.58748245239258 20.320995117187522
    endloop
  endfacet
  facet normal 0 0 1
    outer loop
      vertex 14.467475891113281 57.58748245239258 20.320995117187522
      vertex 14.84939956665039 57.31850051879883 20.320995117187522
      vertex 14.599136352539062 57.50410842895508 20.320995117187522
    endloop
  endfacet
  facet normal 0 0 1
    outer loop
      vertex 13.454610824584961 57.978187561035156 20.320995117187522
      vertex 16.01020050048828 54.864192962646484 20.320995117187522
      vertex 14.84939956665039 57.31850051879883 20.320995117187522
    endloop
  endfacet
  facet normal 0 0 1
    outer loop
      vertex 14.599136352539062 57.50410842895508 20.320995117187522
      vertex 14.84939956665039 57.31850051879883 20.320995117187522
      vertex 14.726545333862305 57.41437530517578 20.320995117187522
    endloop
  endfacet
  facet normal 0.7242491087239306 0.6895384169954508 0
    outer loop
      vertex 15.187719345092773 56.99639129638672 20.320995117187522
      vertex 15.080263137817383 57.109256744384766 18.48140131697955
      vertex 15.080263137817383 57.109256744384766 20.320995117187522
    endloop
  endfacet
  facet normal 0.6895445293084276 0.7242432893032693 0
    outer loop
      vertex 14.967399597167969 57.216712951660156 20.320995117187522
      vertex 15.080263137817383 57.109256744384766 20.320995117187522
      vertex 14.967399597167969 57.216712951660156 18.437850901154697
    endloop
  endfacet
  facet normal 0.7572026634956571 0.6531800107130368 0
    outer loop
      vertex 15.187719345092773 56.99639129638672 20.320995117187522
      vertex 15.289508819580078 56.87839126586914 20.320995117187522
      vertex 15.289508819580078 56.87839126586914 18.562142505833684
    endloop
  endfacet
  facet normal 0.7883467681256685 0.6152311542711513 0
    outer loop
      vertex 15.289508819580078 56.87839126586914 20.320995117187522
      vertex 15.385383605957031 56.75553894042969 20.320995117187522
      vertex 15.289508819580078 56.87839126586914 18.562142505833684
    endloop
  endfacet
  facet normal 0.8175840524966108 0.5758092714634064 0
    outer loop
      vertex 15.385383605957031 56.75553894042969 20.320995117187522
      vertex 15.475116729736328 56.62812805175781 20.320995117187522
      vertex 15.385383605957031 56.75553894042969 18.599137506963455
    endloop
  endfacet
  facet normal 0.9142078198289363 0.40524568123994004 0
    outer loop
      vertex 15.768518447875977 56.0792121887207 20.320995117187522
      vertex 15.768518447875977 56.0792121887207 18.74697693842689
      vertex 15.705366134643555 56.2216796875 20.320995117187522
    endloop
  endfacet
  facet normal 0.9996988434259206 0.02454022112525981 0
    outer loop
      vertex 16.01020050048828 54.864192962646484 20.320995117187522
      vertex 16.006376266479492 55.019981384277344 18.838758632034686
      vertex 16.006376266479492 55.019981384277344 20.320995117187522
    endloop
  endfacet
  facet normal 0.9972899838082143 0.07357097386749438 0
    outer loop
      vertex 16.006376266479492 55.019981384277344 20.320995117187522
      vertex 16.006376266479492 55.019981384277344 18.838758632034686
      vertex 15.994911193847656 55.17539596557617 20.320995117187522
    endloop
  endfacet
  facet normal 0.9329943783859236 0.3598909416757582 0
    outer loop
      vertex 15.768518447875977 56.0792121887207 20.320995117187522
      vertex 15.824602127075195 55.93381881713867 20.320995117187522
      vertex 15.824602127075195 55.93381881713867 18.768617829152625
    endloop
  endfacet
  facet normal 0.9495280718641517 0.3136820695257327 0
    outer loop
      vertex 15.873485565185547 55.78584671020508 20.320995117187522
      vertex 15.824602127075195 55.93381881713867 18.768617829152625
      vertex 15.824602127075195 55.93381881713867 20.320995117187522
    endloop
  endfacet
  facet normal 0.9757002344143951 0.21910968158366367 0
    outer loop
      vertex 15.915048599243164 55.63565444946289 20.320995117187522
      vertex 15.949193954467773 55.483604431152344 20.320995117187522
      vertex 15.949193954467773 55.483604431152344 18.816693814188216
    endloop
  endfacet
  facet normal 0.9852777970990869 0.170960997141367 0
    outer loop
      vertex 15.975835800170898 55.33006286621094 20.320995117187522
      vertex 15.949193954467773 55.483604431152344 18.816693814188216
      vertex 15.949193954467773 55.483604431152344 20.320995117187522
    endloop
  endfacet
  facet normal 0.9924802744382264 0.12240467658967447 0
    outer loop
      vertex 15.994911193847656 55.17539596557617 20.320995117187522
      vertex 15.994911193847656 55.17539596557617 18.834334628696624
      vertex 15.975835800170898 55.33006286621094 20.320995117187522
    endloop
  endfacet
  facet normal 0.9637773229853009 0.266708214532824 0
    outer loop
      vertex 15.873485565185547 55.78584671020508 20.320995117187522
      vertex 15.915048599243164 55.63565444946289 20.320995117187522
      vertex 15.873485565185547 55.78584671020508 18.78748037807148
    endloop
  endfacet
  facet normal 0.8448563253230268 0.5349932612301505 0
    outer loop
      vertex 15.475116729736328 56.62812805175781 20.320995117187522
      vertex 15.558488845825195 56.49646759033203 20.320995117187522
      vertex 15.475116729736328 56.62812805175781 18.6337626377308
    endloop
  endfacet
  facet normal 0.8700862277716944 0.49289953970563116 0
    outer loop
      vertex 15.558488845825195 56.49646759033203 20.320995117187522
      vertex 15.635299682617188 56.360877990722656 20.320995117187522
      vertex 15.558488845825195 56.49646759033203 18.665933259908485
    endloop
  endfacet
  facet normal 0.8932245220487857 0.44961089089424694 0
    outer loop
      vertex 15.635299682617188 56.360877990722656 20.320995117187522
      vertex 15.705366134643555 56.2216796875 20.320995117187522
      vertex 15.705366134643555 56.2216796875 18.722608488830605
    endloop
  endfacet
  facet normal 0 0 1
    outer loop
      vertex 14.967399597167969 57.216712951660156 20.320995117187522
      vertex 15.558488845825195 56.49646759033203 20.320995117187522
      vertex 15.080263137817383 57.109256744384766 20.320995117187522
    endloop
  endfacet
  facet normal 0 0 1
    outer loop
      vertex 14.84939956665039 57.31850051879883 20.320995117187522
      vertex 16.01020050048828 54.864192962646484 20.320995117187522
      vertex 14.967399597167969 57.216712951660156 20.320995117187522
    endloop
  endfacet
  facet normal 0 0 1
    outer loop
      vertex 15.187719345092773 56.99639129638672 20.320995117187522
      vertex 15.080263137817383 57.109256744384766 20.320995117187522
      vertex 15.558488845825195 56.49646759033203 20.320995117187522
    endloop
  endfacet
  facet normal 0 0 1
    outer loop
      vertex 15.187719345092773 56.99639129638672 20.320995117187522
      vertex 15.558488845825195 56.49646759033203 20.320995117187522
      vertex 15.289508819580078 56.87839126586914 20.320995117187522
    endloop
  endfacet
  facet normal 0 0 1
    outer loop
      vertex 15.289508819580078 56.87839126586914 20.320995117187522
      vertex 15.558488845825195 56.49646759033203 20.320995117187522
      vertex 15.385383605957031 56.75553894042969 20.320995117187522
    endloop
  endfacet
  facet normal 0 0 1
    outer loop
      vertex 15.385383605957031 56.75553894042969 20.320995117187522
      vertex 15.558488845825195 56.49646759033203 20.320995117187522
      vertex 15.475116729736328 56.62812805175781 20.320995117187522
    endloop
  endfacet
  facet normal 0 0 1
    outer loop
      vertex 16.01020050048828 54.864192962646484 20.320995117187522
      vertex 15.635299682617188 56.360877990722656 20.320995117187522
      vertex 15.558488845825195 56.49646759033203 20.320995117187522
    endloop
  endfacet
  facet normal 0 0 1
    outer loop
      vertex 15.768518447875977 56.0792121887207 20.320995117187522
      vertex 15.635299682617188 56.360877990722656 20.320995117187522
      vertex 15.824602127075195 55.93381881713867 20.320995117187522
    endloop
  endfacet
  facet normal 0 0 1
    outer loop
      vertex 16.01020050048828 54.864192962646484 20.320995117187522
      vertex 16.006376266479492 55.019981384277344 20.320995117187522
      vertex 15.994911193847656 55.17539596557617 20.320995117187522
    endloop
  endfacet
  facet normal 0 0 1
    outer loop
      vertex 16.01020050048828 54.864192962646484 20.320995117187522
      vertex 15.824602127075195 55.93381881713867 20.320995117187522
      vertex 15.635299682617188 56.360877990722656 20.320995117187522
    endloop
  endfacet
  facet normal 0 0 1
    outer loop
      vertex 16.01020050048828 54.864192962646484 20.320995117187522
      vertex 15.873485565185547 55.78584671020508 20.320995117187522
      vertex 15.824602127075195 55.93381881713867 20.320995117187522
    endloop
  endfacet
  facet normal 0 0 1
    outer loop
      vertex 16.01020050048828 54.864192962646484 20.320995117187522
      vertex 15.915048599243164 55.63565444946289 20.320995117187522
      vertex 15.873485565185547 55.78584671020508 20.320995117187522
    endloop
  endfacet
  facet normal 0 0 1
    outer loop
      vertex 16.01020050048828 54.864192962646484 20.320995117187522
      vertex 15.994911193847656 55.17539596557617 20.320995117187522
      vertex 15.915048599243164 55.63565444946289 20.320995117187522
    endloop
  endfacet
  facet normal 0 0 1
    outer loop
      vertex 15.994911193847656 55.17539596557617 20.320995117187522
      vertex 15.975835800170898 55.33006286621094 20.320995117187522
      vertex 15.915048599243164 55.63565444946289 20.320995117187522
    endloop
  endfacet
  facet normal 0 0 1
    outer loop
      vertex 15.915048599243164 55.63565444946289 20.320995117187522
      vertex 15.975835800170898 55.33006286621094 20.320995117187522
      vertex 15.949193954467773 55.483604431152344 20.320995117187522
    endloop
  endfacet
  facet normal 0 0 1
    outer loop
      vertex 14.967399597167969 57.216712951660156 20.320995117187522
      vertex 16.01020050048828 54.864192962646484 20.320995117187522
      vertex 15.558488845825195 56.49646759033203 20.320995117187522
    endloop
  endfacet
  facet normal 0 0 1
    outer loop
      vertex 15.768518447875977 56.0792121887207 20.320995117187522
      vertex 15.705366134643555 56.2216796875 20.320995117187522
      vertex 15.635299682617188 56.360877990722656 20.320995117187522
    endloop
  endfacet
endsolid OpenSCAD_Model
