solid OpenSCAD_Model
  facet normal 0 1 0
    outer loop
      vertex 0 -80 2.121320343559643
      vertex 2.1175169377979275 -80 0.0038034057617153394
      vertex -2.1175169377979275 -80 0.0038034057617153394
    endloop
  endfacet
  facet normal -0.7071067811865475 0 -0.7071067811865475
    outer loop
      vertex 0 -80 2.121320343559643
      vertex 2.1175169377979275 -46.57883728135757 0.0038034057617153394
      vertex 2.1175169377979275 -80 0.0038034057617153394
    endloop
  endfacet
  facet normal 0.7071067811865476 0 -0.7071067811865476
    outer loop
      vertex 0 -80 2.121320343559643
      vertex -2.1175169377979275 -80 0.0038034057617153394
      vertex 0 -44.46132034355964 2.121320343559643
    endloop
  endfacet
  facet normal 0.7071067811865476 0 -0.7071067811865476
    outer loop
      vertex 0 -44.46132034355964 2.121320343559643
      vertex -2.1175169377979275 -80 0.0038034057617153394
      vertex -2.1175169377979275 -46.57883728135757 0.0038034057617153394
    endloop
  endfacet
  facet normal -0.7071067811865476 0 -0.7071067811865476
    outer loop
      vertex 0 -80 2.121320343559643
      vertex 0 -44.46132034355964 2.121320343559643
      vertex 2.1175169377979275 -46.57883728135757 0.0038034057617153394
    endloop
  endfacet
  facet normal -0.7071067811865476 0 -0.7071067811865476
    outer loop
      vertex 0 -40.21867965644036 2.121320343559643
      vertex 2.1175169377979275 -4.23883728135757 0.0038034057617153394
      vertex 2.1175169377979275 -38.101162718642435 0.0038034057617153394
    endloop
  endfacet
  facet normal 0.7071067811865476 0 -0.7071067811865476
    outer loop
      vertex 0 -40.21867965644036 2.121320343559643
      vertex -2.1175169377979275 -38.101162718642435 0.0038034057617153394
      vertex 0 -2.121320343559643 2.121320343559643
    endloop
  endfacet
  facet normal 0.7071067811865475 0 -0.7071067811865475
    outer loop
      vertex 0 -2.121320343559643 2.121320343559643
      vertex -2.1175169377979275 -38.101162718642435 0.0038034057617153394
      vertex -2.1175169377979275 -4.23883728135757 0.0038034057617153394
    endloop
  endfacet
  facet normal -0.7071067811865476 0 -0.7071067811865476
    outer loop
      vertex 0 -40.21867965644036 2.121320343559643
      vertex 0 -2.121320343559643 2.121320343559643
      vertex 2.1175169377979275 -4.23883728135757 0.0038034057617153394
    endloop
  endfacet
  facet normal -0.7071067811865475 0 -0.7071067811865475
    outer loop
      vertex 0 2.121320343559643 2.121320343559643
      vertex 2.1175169377979275 38.101162718642435 0.0038034057617153394
      vertex 2.1175169377979275 4.23883728135757 0.0038034057617153394
    endloop
  endfacet
  facet normal 0.7071067811865475 0 -0.7071067811865475
    outer loop
      vertex 0 2.121320343559643 2.121320343559643
      vertex -2.1175169377979275 4.23883728135757 0.0038034057617153394
      vertex 0 40.218679656440365 2.121320343559643
    endloop
  endfacet
  facet normal 0.7071067811865476 0 -0.7071067811865476
    outer loop
      vertex 0 40.218679656440365 2.121320343559643
      vertex -2.1175169377979275 4.23883728135757 0.0038034057617153394
      vertex -2.1175169377979275 38.101162718642435 0.0038034057617153394
    endloop
  endfacet
  facet normal -0.7071067811865475 0 -0.7071067811865475
    outer loop
      vertex 0 2.121320343559643 2.121320343559643
      vertex 0 40.218679656440365 2.121320343559643
      vertex 2.1175169377979275 38.101162718642435 0.0038034057617153394
    endloop
  endfacet
  facet normal -0.7071067811865476 0 -0.7071067811865476
    outer loop
      vertex 0 44.46132034355965 2.121320343559643
      vertex 2.1175169377979275 80 0.0038034057617153394
      vertex 2.1175169377979275 46.57883728135757 0.0038034057617153394
    endloop
  endfacet
  facet normal 0.7071067811865476 0 -0.7071067811865476
    outer loop
      vertex 0 44.46132034355965 2.121320343559643
      vertex -2.1175169377979275 46.57883728135757 0.0038034057617153394
      vertex 0 80 2.121320343559643
    endloop
  endfacet
  facet normal 0.7071067811865475 0 -0.7071067811865475
    outer loop
      vertex 0 80 2.121320343559643
      vertex -2.1175169377979275 46.57883728135757 0.0038034057617153394
      vertex -2.1175169377979275 80 0.0038034057617153394
    endloop
  endfacet
  facet normal -0.7071067811865476 0 -0.7071067811865476
    outer loop
      vertex 0 44.46132034355965 2.121320343559643
      vertex 0 80 2.121320343559643
      vertex 2.1175169377979275 80 0.0038034057617153394
    endloop
  endfacet
  facet normal 0 -1 0
    outer loop
      vertex 0 80 2.121320343559643
      vertex -2.1175169377979275 80 0.0038034057617153394
      vertex 2.1175169377979275 80 0.0038034057617153394
    endloop
  endfacet
  facet normal 0 1 0
    outer loop
      vertex -42.34 -80 2.121320343559643
      vertex -40.22248306220207 -80 0.0038034057617153394
      vertex -44.457516937797934 -80 0.0038034057617153394
    endloop
  endfacet
  facet normal -0.707106781186547 0 -0.707106781186548
    outer loop
      vertex -42.34 -80 2.121320343559643
      vertex -40.22248306220207 -46.57883728135757 0.0038034057617153394
      vertex -40.22248306220207 -80 0.0038034057617153394
    endloop
  endfacet
  facet normal 0.7071067811865471 0 -0.7071067811865479
    outer loop
      vertex -42.34 -80 2.121320343559643
      vertex -44.457516937797934 -80 0.0038034057617153394
      vertex -42.34 -44.46132034355964 2.121320343559643
    endloop
  endfacet
  facet normal 0.7071067811865471 0 -0.7071067811865479
    outer loop
      vertex -42.34 -44.46132034355964 2.121320343559643
      vertex -44.457516937797934 -80 0.0038034057617153394
      vertex -44.457516937797934 -46.57883728135757 0.0038034057617153394
    endloop
  endfacet
  facet normal -0.7071067811865471 0 -0.7071067811865479
    outer loop
      vertex -42.34 -80 2.121320343559643
      vertex -42.34 -44.46132034355964 2.121320343559643
      vertex -40.22248306220207 -46.57883728135757 0.0038034057617153394
    endloop
  endfacet
  facet normal -0.7071067811865471 0 -0.707106781186548
    outer loop
      vertex -42.34 -40.21867965644036 2.121320343559643
      vertex -40.22248306220207 -4.23883728135757 0.0038034057617153394
      vertex -40.22248306220207 -38.101162718642435 0.0038034057617153394
    endloop
  endfacet
  facet normal 0.707106781186547 0 -0.707106781186548
    outer loop
      vertex -42.34 -40.21867965644036 2.121320343559643
      vertex -44.457516937797934 -38.101162718642435 0.0038034057617153394
      vertex -42.34 -2.121320343559643 2.121320343559643
    endloop
  endfacet
  facet normal 0.707106781186547 0 -0.707106781186548
    outer loop
      vertex -42.34 -2.121320343559643 2.121320343559643
      vertex -44.457516937797934 -38.101162718642435 0.0038034057617153394
      vertex -44.457516937797934 -4.23883728135757 0.0038034057617153394
    endloop
  endfacet
  facet normal -0.707106781186547 0 -0.707106781186548
    outer loop
      vertex -42.34 -40.21867965644036 2.121320343559643
      vertex -42.34 -2.121320343559643 2.121320343559643
      vertex -40.22248306220207 -4.23883728135757 0.0038034057617153394
    endloop
  endfacet
  facet normal -0.707106781186547 0 -0.707106781186548
    outer loop
      vertex -42.34 2.121320343559643 2.121320343559643
      vertex -40.22248306220207 38.101162718642435 0.0038034057617153394
      vertex -40.22248306220207 4.23883728135757 0.0038034057617153394
    endloop
  endfacet
  facet normal 0.707106781186547 0 -0.7071067811865479
    outer loop
      vertex -42.34 2.121320343559643 2.121320343559643
      vertex -44.457516937797934 4.23883728135757 0.0038034057617153394
      vertex -42.34 40.218679656440365 2.121320343559643
    endloop
  endfacet
  facet normal 0.7071067811865471 0 -0.707106781186548
    outer loop
      vertex -42.34 40.218679656440365 2.121320343559643
      vertex -44.457516937797934 4.23883728135757 0.0038034057617153394
      vertex -44.457516937797934 38.101162718642435 0.0038034057617153394
    endloop
  endfacet
  facet normal -0.707106781186547 0 -0.7071067811865479
    outer loop
      vertex -42.34 2.121320343559643 2.121320343559643
      vertex -42.34 40.218679656440365 2.121320343559643
      vertex -40.22248306220207 38.101162718642435 0.0038034057617153394
    endloop
  endfacet
  facet normal -0.7071067811865471 0 -0.7071067811865479
    outer loop
      vertex -42.34 44.46132034355965 2.121320343559643
      vertex -40.22248306220207 80 0.0038034057617153394
      vertex -40.22248306220207 46.57883728135757 0.0038034057617153394
    endloop
  endfacet
  facet normal 0.7071067811865471 0 -0.7071067811865479
    outer loop
      vertex -42.34 44.46132034355965 2.121320343559643
      vertex -44.457516937797934 46.57883728135757 0.0038034057617153394
      vertex -42.34 80 2.121320343559643
    endloop
  endfacet
  facet normal 0.707106781186547 0 -0.707106781186548
    outer loop
      vertex -42.34 80 2.121320343559643
      vertex -44.457516937797934 46.57883728135757 0.0038034057617153394
      vertex -44.457516937797934 80 0.0038034057617153394
    endloop
  endfacet
  facet normal -0.7071067811865471 0 -0.7071067811865479
    outer loop
      vertex -42.34 44.46132034355965 2.121320343559643
      vertex -42.34 80 2.121320343559643
      vertex -40.22248306220207 80 0.0038034057617153394
    endloop
  endfacet
  facet normal 0 -1 0
    outer loop
      vertex -42.34 80 2.121320343559643
      vertex -44.457516937797934 80 0.0038034057617153394
      vertex -40.22248306220207 80 0.0038034057617153394
    endloop
  endfacet
  facet normal 0 1 0
    outer loop
      vertex -84.68 -80 2.121320343559643
      vertex -82.56248306220208 -80 0.0038034057617153394
      vertex -86.79751693779794 -80 0.0038034057617153394
    endloop
  endfacet
  facet normal -0.707106781186547 0 -0.707106781186548
    outer loop
      vertex -84.68 -80 2.121320343559643
      vertex -82.56248306220208 -46.57883728135757 0.0038034057617153394
      vertex -82.56248306220208 -80 0.0038034057617153394
    endloop
  endfacet
  facet normal 0.7071067811865471 0 -0.7071067811865479
    outer loop
      vertex -84.68 -80 2.121320343559643
      vertex -86.79751693779794 -80 0.0038034057617153394
      vertex -84.68 -44.46132034355964 2.121320343559643
    endloop
  endfacet
  facet normal 0.7071067811865471 0 -0.7071067811865479
    outer loop
      vertex -84.68 -44.46132034355964 2.121320343559643
      vertex -86.79751693779794 -80 0.0038034057617153394
      vertex -86.79751693779794 -46.57883728135757 0.0038034057617153394
    endloop
  endfacet
  facet normal -0.7071067811865471 0 -0.7071067811865479
    outer loop
      vertex -84.68 -80 2.121320343559643
      vertex -84.68 -44.46132034355964 2.121320343559643
      vertex -82.56248306220208 -46.57883728135757 0.0038034057617153394
    endloop
  endfacet
  facet normal -0.7071067811865471 0 -0.707106781186548
    outer loop
      vertex -84.68 -40.21867965644036 2.121320343559643
      vertex -82.56248306220208 -4.23883728135757 0.0038034057617153394
      vertex -82.56248306220208 -38.101162718642435 0.0038034057617153394
    endloop
  endfacet
  facet normal 0.707106781186547 0 -0.707106781186548
    outer loop
      vertex -84.68 -40.21867965644036 2.121320343559643
      vertex -86.79751693779794 -38.101162718642435 0.0038034057617153394
      vertex -84.68 -2.121320343559643 2.121320343559643
    endloop
  endfacet
  facet normal 0.707106781186547 0 -0.707106781186548
    outer loop
      vertex -84.68 -2.121320343559643 2.121320343559643
      vertex -86.79751693779794 -38.101162718642435 0.0038034057617153394
      vertex -86.79751693779794 -4.23883728135757 0.0038034057617153394
    endloop
  endfacet
  facet normal -0.707106781186547 0 -0.707106781186548
    outer loop
      vertex -84.68 -40.21867965644036 2.121320343559643
      vertex -84.68 -2.121320343559643 2.121320343559643
      vertex -82.56248306220208 -4.23883728135757 0.0038034057617153394
    endloop
  endfacet
  facet normal -0.707106781186547 0 -0.707106781186548
    outer loop
      vertex -84.68 2.121320343559643 2.121320343559643
      vertex -82.56248306220208 38.101162718642435 0.0038034057617153394
      vertex -82.56248306220208 4.23883728135757 0.0038034057617153394
    endloop
  endfacet
  facet normal 0.707106781186547 0 -0.7071067811865479
    outer loop
      vertex -84.68 2.121320343559643 2.121320343559643
      vertex -86.79751693779794 4.23883728135757 0.0038034057617153394
      vertex -84.68 40.218679656440365 2.121320343559643
    endloop
  endfacet
  facet normal 0.7071067811865471 0 -0.707106781186548
    outer loop
      vertex -84.68 40.218679656440365 2.121320343559643
      vertex -86.79751693779794 4.23883728135757 0.0038034057617153394
      vertex -86.79751693779794 38.101162718642435 0.0038034057617153394
    endloop
  endfacet
  facet normal -0.707106781186547 0 -0.7071067811865479
    outer loop
      vertex -84.68 2.121320343559643 2.121320343559643
      vertex -84.68 40.218679656440365 2.121320343559643
      vertex -82.56248306220208 38.101162718642435 0.0038034057617153394
    endloop
  endfacet
  facet normal -0.7071067811865471 0 -0.7071067811865479
    outer loop
      vertex -84.68 44.46132034355965 2.121320343559643
      vertex -82.56248306220208 80 0.0038034057617153394
      vertex -82.56248306220208 46.57883728135757 0.0038034057617153394
    endloop
  endfacet
  facet normal 0.7071067811865471 0 -0.7071067811865479
    outer loop
      vertex -84.68 44.46132034355965 2.121320343559643
      vertex -86.79751693779794 46.57883728135757 0.0038034057617153394
      vertex -84.68 80 2.121320343559643
    endloop
  endfacet
  facet normal 0.707106781186547 0 -0.707106781186548
    outer loop
      vertex -84.68 80 2.121320343559643
      vertex -86.79751693779794 46.57883728135757 0.0038034057617153394
      vertex -86.79751693779794 80 0.0038034057617153394
    endloop
  endfacet
  facet normal -0.7071067811865471 0 -0.7071067811865479
    outer loop
      vertex -84.68 44.46132034355965 2.121320343559643
      vertex -84.68 80 2.121320343559643
      vertex -82.56248306220208 80 0.0038034057617153394
    endloop
  endfacet
  facet normal 0 -1 0
    outer loop
      vertex -84.68 80 2.121320343559643
      vertex -86.79751693779794 80 0.0038034057617153394
      vertex -82.56248306220208 80 0.0038034057617153394
    endloop
  endfacet
  facet normal 0.7071067811865471 0 -0.7071067811865479
    outer loop
      vertex 42.34 -80 2.121320343559643
      vertex 40.22248306220207 -80 0.0038034057617153394
      vertex 42.34 -44.46132034355964 2.121320343559643
    endloop
  endfacet
  facet normal 0.7071067811865471 0 -0.7071067811865479
    outer loop
      vertex 42.34 -44.46132034355964 2.121320343559643
      vertex 40.22248306220207 -80 0.0038034057617153394
      vertex 40.22248306220207 -46.57883728135757 0.0038034057617153394
    endloop
  endfacet
  facet normal 0.707106781186547 0 -0.707106781186548
    outer loop
      vertex 42.34 -40.21867965644036 2.121320343559643
      vertex 40.22248306220207 -38.101162718642435 0.0038034057617153394
      vertex 42.34 -2.121320343559643 2.121320343559643
    endloop
  endfacet
  facet normal 0.707106781186547 0 -0.707106781186548
    outer loop
      vertex 42.34 -2.121320343559643 2.121320343559643
      vertex 40.22248306220207 -38.101162718642435 0.0038034057617153394
      vertex 40.22248306220207 -4.23883728135757 0.0038034057617153394
    endloop
  endfacet
  facet normal 0 1 0
    outer loop
      vertex 42.34 -80 2.121320343559643
      vertex 44.457516937797934 -80 0.0038034057617153394
      vertex 40.22248306220207 -80 0.0038034057617153394
    endloop
  endfacet
  facet normal -0.707106781186547 0 -0.707106781186548
    outer loop
      vertex 42.34 -80 2.121320343559643
      vertex 44.457516937797934 -46.57883728135757 0.0038034057617153394
      vertex 44.457516937797934 -80 0.0038034057617153394
    endloop
  endfacet
  facet normal -0.7071067811865471 0 -0.7071067811865479
    outer loop
      vertex 42.34 -80 2.121320343559643
      vertex 42.34 -44.46132034355964 2.121320343559643
      vertex 44.457516937797934 -46.57883728135757 0.0038034057617153394
    endloop
  endfacet
  facet normal -0.7071067811865471 0 -0.707106781186548
    outer loop
      vertex 42.34 -40.21867965644036 2.121320343559643
      vertex 44.457516937797934 -4.23883728135757 0.0038034057617153394
      vertex 44.457516937797934 -38.101162718642435 0.0038034057617153394
    endloop
  endfacet
  facet normal -0.707106781186547 0 -0.707106781186548
    outer loop
      vertex 42.34 -40.21867965644036 2.121320343559643
      vertex 42.34 -2.121320343559643 2.121320343559643
      vertex 44.457516937797934 -4.23883728135757 0.0038034057617153394
    endloop
  endfacet
  facet normal 0.707106781186547 0 -0.7071067811865479
    outer loop
      vertex 42.34 2.121320343559643 2.121320343559643
      vertex 40.22248306220207 4.23883728135757 0.0038034057617153394
      vertex 42.34 40.218679656440365 2.121320343559643
    endloop
  endfacet
  facet normal 0.7071067811865471 0 -0.707106781186548
    outer loop
      vertex 42.34 40.218679656440365 2.121320343559643
      vertex 40.22248306220207 4.23883728135757 0.0038034057617153394
      vertex 40.22248306220207 38.101162718642435 0.0038034057617153394
    endloop
  endfacet
  facet normal 0.7071067811865471 0 -0.7071067811865479
    outer loop
      vertex 42.34 44.46132034355965 2.121320343559643
      vertex 40.22248306220207 46.57883728135757 0.0038034057617153394
      vertex 42.34 80 2.121320343559643
    endloop
  endfacet
  facet normal 0.707106781186547 0 -0.707106781186548
    outer loop
      vertex 42.34 80 2.121320343559643
      vertex 40.22248306220207 46.57883728135757 0.0038034057617153394
      vertex 40.22248306220207 80 0.0038034057617153394
    endloop
  endfacet
  facet normal -0.707106781186547 0 -0.707106781186548
    outer loop
      vertex 42.34 2.121320343559643 2.121320343559643
      vertex 44.457516937797934 38.101162718642435 0.0038034057617153394
      vertex 44.457516937797934 4.23883728135757 0.0038034057617153394
    endloop
  endfacet
  facet normal -0.707106781186547 0 -0.7071067811865479
    outer loop
      vertex 42.34 2.121320343559643 2.121320343559643
      vertex 42.34 40.218679656440365 2.121320343559643
      vertex 44.457516937797934 38.101162718642435 0.0038034057617153394
    endloop
  endfacet
  facet normal -0.7071067811865471 0 -0.7071067811865479
    outer loop
      vertex 42.34 44.46132034355965 2.121320343559643
      vertex 44.457516937797934 80 0.0038034057617153394
      vertex 44.457516937797934 46.57883728135757 0.0038034057617153394
    endloop
  endfacet
  facet normal -0.7071067811865471 0 -0.7071067811865479
    outer loop
      vertex 42.34 44.46132034355965 2.121320343559643
      vertex 42.34 80 2.121320343559643
      vertex 44.457516937797934 80 0.0038034057617153394
    endloop
  endfacet
  facet normal 0 -1 0
    outer loop
      vertex 42.34 80 2.121320343559643
      vertex 40.22248306220207 80 0.0038034057617153394
      vertex 44.457516937797934 80 0.0038034057617153394
    endloop
  endfacet
  facet normal 0 1 0
    outer loop
      vertex 84.68 -80 2.121320343559643
      vertex 86.79751693779794 -80 0.0038034057617153394
      vertex 82.56248306220208 -80 0.0038034057617153394
    endloop
  endfacet
  facet normal 0.7071067811865471 0 -0.7071067811865479
    outer loop
      vertex 84.68 -80 2.121320343559643
      vertex 82.56248306220208 -80 0.0038034057617153394
      vertex 84.68 -44.46132034355964 2.121320343559643
    endloop
  endfacet
  facet normal -0.707106781186547 0 -0.707106781186548
    outer loop
      vertex 84.68 -80 2.121320343559643
      vertex 86.79751693779794 -46.57883728135757 0.0038034057617153394
      vertex 86.79751693779794 -80 0.0038034057617153394
    endloop
  endfacet
  facet normal 0.7071067811865471 0 -0.7071067811865479
    outer loop
      vertex 84.68 -44.46132034355964 2.121320343559643
      vertex 82.56248306220208 -80 0.0038034057617153394
      vertex 82.56248306220208 -46.57883728135757 0.0038034057617153394
    endloop
  endfacet
  facet normal -0.7071067811865471 0 -0.7071067811865479
    outer loop
      vertex 84.68 -80 2.121320343559643
      vertex 84.68 -44.46132034355964 2.121320343559643
      vertex 86.79751693779794 -46.57883728135757 0.0038034057617153394
    endloop
  endfacet
  facet normal 0.707106781186547 0 -0.707106781186548
    outer loop
      vertex 84.68 -40.21867965644036 2.121320343559643
      vertex 82.56248306220208 -38.101162718642435 0.0038034057617153394
      vertex 84.68 -2.121320343559643 2.121320343559643
    endloop
  endfacet
  facet normal -0.7071067811865471 0 -0.707106781186548
    outer loop
      vertex 84.68 -40.21867965644036 2.121320343559643
      vertex 86.79751693779794 -4.23883728135757 0.0038034057617153394
      vertex 86.79751693779794 -38.101162718642435 0.0038034057617153394
    endloop
  endfacet
  facet normal 0.707106781186547 0 -0.707106781186548
    outer loop
      vertex 84.68 -2.121320343559643 2.121320343559643
      vertex 82.56248306220208 -38.101162718642435 0.0038034057617153394
      vertex 82.56248306220208 -4.23883728135757 0.0038034057617153394
    endloop
  endfacet
  facet normal -0.707106781186547 0 -0.707106781186548
    outer loop
      vertex 84.68 -40.21867965644036 2.121320343559643
      vertex 84.68 -2.121320343559643 2.121320343559643
      vertex 86.79751693779794 -4.23883728135757 0.0038034057617153394
    endloop
  endfacet
  facet normal 0.707106781186547 0 -0.7071067811865479
    outer loop
      vertex 84.68 2.121320343559643 2.121320343559643
      vertex 82.56248306220208 4.23883728135757 0.0038034057617153394
      vertex 84.68 40.218679656440365 2.121320343559643
    endloop
  endfacet
  facet normal -0.707106781186547 0 -0.707106781186548
    outer loop
      vertex 84.68 2.121320343559643 2.121320343559643
      vertex 86.79751693779794 38.101162718642435 0.0038034057617153394
      vertex 86.79751693779794 4.23883728135757 0.0038034057617153394
    endloop
  endfacet
  facet normal 0.7071067811865471 0 -0.707106781186548
    outer loop
      vertex 84.68 40.218679656440365 2.121320343559643
      vertex 82.56248306220208 4.23883728135757 0.0038034057617153394
      vertex 82.56248306220208 38.101162718642435 0.0038034057617153394
    endloop
  endfacet
  facet normal -0.707106781186547 0 -0.7071067811865479
    outer loop
      vertex 84.68 2.121320343559643 2.121320343559643
      vertex 84.68 40.218679656440365 2.121320343559643
      vertex 86.79751693779794 38.101162718642435 0.0038034057617153394
    endloop
  endfacet
  facet normal 0.7071067811865471 0 -0.7071067811865479
    outer loop
      vertex 84.68 44.46132034355965 2.121320343559643
      vertex 82.56248306220208 46.57883728135757 0.0038034057617153394
      vertex 84.68 80 2.121320343559643
    endloop
  endfacet
  facet normal -0.7071067811865471 0 -0.7071067811865479
    outer loop
      vertex 84.68 44.46132034355965 2.121320343559643
      vertex 86.79751693779794 80 0.0038034057617153394
      vertex 86.79751693779794 46.57883728135757 0.0038034057617153394
    endloop
  endfacet
  facet normal 0.707106781186547 0 -0.707106781186548
    outer loop
      vertex 84.68 80 2.121320343559643
      vertex 82.56248306220208 46.57883728135757 0.0038034057617153394
      vertex 82.56248306220208 80 0.0038034057617153394
    endloop
  endfacet
  facet normal 0 -1 0
    outer loop
      vertex 84.68 80 2.121320343559643
      vertex 82.56248306220208 80 0.0038034057617153394
      vertex 86.79751693779794 80 0.0038034057617153394
    endloop
  endfacet
  facet normal -0.7071067811865471 0 -0.7071067811865479
    outer loop
      vertex 84.68 44.46132034355965 2.121320343559643
      vertex 84.68 80 2.121320343559643
      vertex 86.79751693779794 80 0.0038034057617153394
    endloop
  endfacet
  facet normal 0 -0.7071067811865475 0.7071067811865475
    outer loop
      vertex -84.68 -2.121320343559643 2.121320343559643
      vertex -86.79751693779794 -4.23883728135757 0.0038034057617153394
      vertex -82.56248306220208 -4.23883728135757 0.0038034057617153394
    endloop
  endfacet
  facet normal 0 -0.7071067811865475 0.7071067811865475
    outer loop
      vertex -42.34 -2.121320343559643 2.121320343559643
      vertex -44.457516937797934 -4.23883728135757 0.0038034057617153394
      vertex -40.22248306220207 -4.23883728135757 0.0038034057617153394
    endloop
  endfacet
  facet normal 0 0.7071067811865475 0.7071067811865475
    outer loop
      vertex -84.68 2.121320343559643 2.121320343559643
      vertex -82.56248306220208 4.23883728135757 0.0038034057617153394
      vertex -86.79751693779794 4.23883728135757 0.0038034057617153394
    endloop
  endfacet
  facet normal 0 0.7071067811865475 0.7071067811865475
    outer loop
      vertex -42.34 2.121320343559643 2.121320343559643
      vertex -40.22248306220207 4.23883728135757 0.0038034057617153394
      vertex -44.457516937797934 4.23883728135757 0.0038034057617153394
    endloop
  endfacet
  facet normal 0 -0.7071067811865475 0.7071067811865475
    outer loop
      vertex 0 -2.121320343559643 2.121320343559643
      vertex -2.1175169377979275 -4.23883728135757 0.0038034057617153394
      vertex 2.1175169377979275 -4.23883728135757 0.0038034057617153394
    endloop
  endfacet
  facet normal 0 -0.7071067811865475 0.7071067811865475
    outer loop
      vertex 42.34 -2.121320343559643 2.121320343559643
      vertex 40.22248306220207 -4.23883728135757 0.0038034057617153394
      vertex 44.457516937797934 -4.23883728135757 0.0038034057617153394
    endloop
  endfacet
  facet normal 0 -0.7071067811865475 0.7071067811865475
    outer loop
      vertex 84.68 -2.121320343559643 2.121320343559643
      vertex 82.56248306220208 -4.23883728135757 0.0038034057617153394
      vertex 86.79751693779794 -4.23883728135757 0.0038034057617153394
    endloop
  endfacet
  facet normal 0 0.7071067811865475 0.7071067811865475
    outer loop
      vertex 0 2.121320343559643 2.121320343559643
      vertex 2.1175169377979275 4.23883728135757 0.0038034057617153394
      vertex -2.1175169377979275 4.23883728135757 0.0038034057617153394
    endloop
  endfacet
  facet normal 0 0.7071067811865475 0.7071067811865475
    outer loop
      vertex 42.34 2.121320343559643 2.121320343559643
      vertex 44.457516937797934 4.23883728135757 0.0038034057617153394
      vertex 40.22248306220207 4.23883728135757 0.0038034057617153394
    endloop
  endfacet
  facet normal 0 0.7071067811865475 0.7071067811865475
    outer loop
      vertex 84.68 2.121320343559643 2.121320343559643
      vertex 86.79751693779794 4.23883728135757 0.0038034057617153394
      vertex 82.56248306220208 4.23883728135757 0.0038034057617153394
    endloop
  endfacet
  facet normal 0 -0.707106781186547 0.707106781186548
    outer loop
      vertex -84.68 40.218679656440365 2.121320343559643
      vertex -86.79751693779794 38.101162718642435 0.0038034057617153394
      vertex -82.56248306220208 38.101162718642435 0.0038034057617153394
    endloop
  endfacet
  facet normal 0 0.7071067811865482 0.7071067811865468
    outer loop
      vertex -84.68 44.46132034355965 2.121320343559643
      vertex -82.56248306220208 46.57883728135757 0.0038034057617153394
      vertex -86.79751693779794 46.57883728135757 0.0038034057617153394
    endloop
  endfacet
  facet normal 0 -0.707106781186547 0.707106781186548
    outer loop
      vertex -42.34 40.218679656440365 2.121320343559643
      vertex -44.457516937797934 38.101162718642435 0.0038034057617153394
      vertex -40.22248306220207 38.101162718642435 0.0038034057617153394
    endloop
  endfacet
  facet normal 0 0.7071067811865482 0.7071067811865468
    outer loop
      vertex -42.34 44.46132034355965 2.121320343559643
      vertex -40.22248306220207 46.57883728135757 0.0038034057617153394
      vertex -44.457516937797934 46.57883728135757 0.0038034057617153394
    endloop
  endfacet
  facet normal 0 -0.707106781186547 0.7071067811865479
    outer loop
      vertex 0 40.218679656440365 2.121320343559643
      vertex -2.1175169377979275 38.101162718642435 0.0038034057617153394
      vertex 2.1175169377979275 38.101162718642435 0.0038034057617153394
    endloop
  endfacet
  facet normal 0 0.7071067811865483 0.7071067811865468
    outer loop
      vertex 0 44.46132034355965 2.121320343559643
      vertex 2.1175169377979275 46.57883728135757 0.0038034057617153394
      vertex -2.1175169377979275 46.57883728135757 0.0038034057617153394
    endloop
  endfacet
  facet normal 0 -0.707106781186547 0.707106781186548
    outer loop
      vertex 42.34 40.218679656440365 2.121320343559643
      vertex 40.22248306220207 38.101162718642435 0.0038034057617153394
      vertex 44.457516937797934 38.101162718642435 0.0038034057617153394
    endloop
  endfacet
  facet normal 0 -0.707106781186547 0.707106781186548
    outer loop
      vertex 84.68 40.218679656440365 2.121320343559643
      vertex 82.56248306220208 38.101162718642435 0.0038034057617153394
      vertex 86.79751693779794 38.101162718642435 0.0038034057617153394
    endloop
  endfacet
  facet normal 0 0.7071067811865482 0.7071067811865468
    outer loop
      vertex 42.34 44.46132034355965 2.121320343559643
      vertex 44.457516937797934 46.57883728135757 0.0038034057617153394
      vertex 40.22248306220207 46.57883728135757 0.0038034057617153394
    endloop
  endfacet
  facet normal 0 0.7071067811865482 0.7071067811865468
    outer loop
      vertex 84.68 44.46132034355965 2.121320343559643
      vertex 86.79751693779794 46.57883728135757 0.0038034057617153394
      vertex 82.56248306220208 46.57883728135757 0.0038034057617153394
    endloop
  endfacet
  facet normal 0 -0.707106781186547 0.707106781186548
    outer loop
      vertex -84.68 -44.46132034355964 2.121320343559643
      vertex -86.79751693779794 -46.57883728135757 0.0038034057617153394
      vertex -82.56248306220208 -46.57883728135757 0.0038034057617153394
    endloop
  endfacet
  facet normal 0 0.7071067811865482 0.7071067811865468
    outer loop
      vertex -84.68 -40.21867965644036 2.121320343559643
      vertex -82.56248306220208 -38.101162718642435 0.0038034057617153394
      vertex -86.79751693779794 -38.101162718642435 0.0038034057617153394
    endloop
  endfacet
  facet normal 0 -0.707106781186547 0.707106781186548
    outer loop
      vertex -42.34 -44.46132034355964 2.121320343559643
      vertex -44.457516937797934 -46.57883728135757 0.0038034057617153394
      vertex -40.22248306220207 -46.57883728135757 0.0038034057617153394
    endloop
  endfacet
  facet normal 0 0.7071067811865482 0.7071067811865468
    outer loop
      vertex -42.34 -40.21867965644036 2.121320343559643
      vertex -40.22248306220207 -38.101162718642435 0.0038034057617153394
      vertex -44.457516937797934 -38.101162718642435 0.0038034057617153394
    endloop
  endfacet
  facet normal 0 -0.707106781186547 0.7071067811865479
    outer loop
      vertex 0 -44.46132034355964 2.121320343559643
      vertex -2.1175169377979275 -46.57883728135757 0.0038034057617153394
      vertex 2.1175169377979275 -46.57883728135757 0.0038034057617153394
    endloop
  endfacet
  facet normal 0 0.7071067811865483 0.7071067811865468
    outer loop
      vertex 0 -40.21867965644036 2.121320343559643
      vertex 2.1175169377979275 -38.101162718642435 0.0038034057617153394
      vertex -2.1175169377979275 -38.101162718642435 0.0038034057617153394
    endloop
  endfacet
  facet normal 0 -0.707106781186547 0.707106781186548
    outer loop
      vertex 42.34 -44.46132034355964 2.121320343559643
      vertex 40.22248306220207 -46.57883728135757 0.0038034057617153394
      vertex 44.457516937797934 -46.57883728135757 0.0038034057617153394
    endloop
  endfacet
  facet normal 0 -0.707106781186547 0.707106781186548
    outer loop
      vertex 84.68 -44.46132034355964 2.121320343559643
      vertex 82.56248306220208 -46.57883728135757 0.0038034057617153394
      vertex 86.79751693779794 -46.57883728135757 0.0038034057617153394
    endloop
  endfacet
  facet normal 0 0.7071067811865482 0.7071067811865468
    outer loop
      vertex 42.34 -40.21867965644036 2.121320343559643
      vertex 44.457516937797934 -38.101162718642435 0.0038034057617153394
      vertex 40.22248306220207 -38.101162718642435 0.0038034057617153394
    endloop
  endfacet
  facet normal 0 0.7071067811865482 0.7071067811865468
    outer loop
      vertex 84.68 -40.21867965644036 2.121320343559643
      vertex 86.79751693779794 -38.101162718642435 0.0038034057617153394
      vertex 82.56248306220208 -38.101162718642435 0.0038034057617153394
    endloop
  endfacet
  facet normal 1 0 0
    outer loop
      vertex -126 0 2.121320343559643
      vertex -126 -2.1175169377979275 0.0038034057617153394
      vertex -126 2.1175169377979275 0.0038034057617153394
    endloop
  endfacet
  facet normal 0 0.7071067811865475 -0.7071067811865475
    outer loop
      vertex -126 0 2.121320343559643
      vertex 94 0 2.121320343559643
      vertex -126 -2.1175169377979275 0.0038034057617153394
    endloop
  endfacet
  facet normal 0 -0.7071067811865476 -0.7071067811865476
    outer loop
      vertex -126 0 2.121320343559643
      vertex -126 2.1175169377979275 0.0038034057617153394
      vertex -18.854513375547455 2.1175169377979275 0.0038034057617153394
    endloop
  endfacet
  facet normal 0 -0.7071067811865476 -0.7071067811865476
    outer loop
      vertex -126 0 2.121320343559643
      vertex -18.854513375547455 2.1175169377979275 0.0038034057617153394
      vertex 94 2.1175169377979275 0.0038034057617153394
    endloop
  endfacet
  facet normal 0 0.7071067811865476 -0.7071067811865476
    outer loop
      vertex 94 0 2.121320343559643
      vertex -12.872010750149599 -2.1175169377979275 0.0038034057617153394
      vertex -126 -2.1175169377979275 0.0038034057617153394
    endloop
  endfacet
  facet normal 0 0.7071067811865476 -0.7071067811865476
    outer loop
      vertex 94 0 2.121320343559643
      vertex 94 -2.1175169377979275 0.0038034057617153394
      vertex -12.872010750149599 -2.1175169377979275 0.0038034057617153394
    endloop
  endfacet
  facet normal -1 0 0
    outer loop
      vertex 94 0 2.121320343559643
      vertex 94 2.1175169377979275 0.0038034057617153394
      vertex 94 -2.1175169377979275 0.0038034057617153394
    endloop
  endfacet
  facet normal 0 -0.7071067811865475 -0.7071067811865475
    outer loop
      vertex -126 0 2.121320343559643
      vertex 94 2.1175169377979275 0.0038034057617153394
      vertex 94 0 2.121320343559643
    endloop
  endfacet
  facet normal 1 0 0
    outer loop
      vertex -126 42.34 2.121320343559643
      vertex -126 40.22248306220207 0.0038034057617153394
      vertex -126 44.457516937797934 0.0038034057617153394
    endloop
  endfacet
  facet normal 0 -0.707106781186547 -0.7071067811865479
    outer loop
      vertex -126 42.34 2.121320343559643
      vertex -126 44.457516937797934 0.0038034057617153394
      vertex -78.66493487393652 44.457516937797934 0.0038034057617153394
    endloop
  endfacet
  facet normal 0 0.7071067811865471 -0.707106781186548
    outer loop
      vertex -126 42.34 2.121320343559643
      vertex 94 42.34 2.121320343559643
      vertex -126 40.22248306220207 0.0038034057617153394
    endloop
  endfacet
  facet normal 0 0.7071067811865471 -0.7071067811865479
    outer loop
      vertex 94 42.34 2.121320343559643
      vertex -72.68243224853867 40.22248306220207 0.0038034057617153394
      vertex -126 40.22248306220207 0.0038034057617153394
    endloop
  endfacet
  facet normal 0 -0.7071067811865471 -0.707106781186548
    outer loop
      vertex -126 42.34 2.121320343559643
      vertex -78.66493487393652 44.457516937797934 0.0038034057617153394
      vertex 94 44.457516937797934 0.0038034057617153394
    endloop
  endfacet
  facet normal 0 -0.7071067811865471 -0.707106781186548
    outer loop
      vertex -126 42.34 2.121320343559643
      vertex 94 44.457516937797934 0.0038034057617153394
      vertex 94 42.34 2.121320343559643
    endloop
  endfacet
  facet normal 0 0.707106781186547 -0.707106781186548
    outer loop
      vertex 94 42.34 2.121320343559643
      vertex 94 40.22248306220207 0.0038034057617153394
      vertex -72.68243224853867 40.22248306220207 0.0038034057617153394
    endloop
  endfacet
  facet normal -1 0 0
    outer loop
      vertex 94 42.34 2.121320343559643
      vertex 94 44.457516937797934 0.0038034057617153394
      vertex 94 40.22248306220207 0.0038034057617153394
    endloop
  endfacet
  facet normal 1 0 0
    outer loop
      vertex -126 -42.34 2.121320343559643
      vertex -126 -44.457516937797934 0.0038034057617153394
      vertex -126 -40.22248306220207 0.0038034057617153394
    endloop
  endfacet
  facet normal 0 -0.7071067811865471 -0.707106781186548
    outer loop
      vertex -126 -42.34 2.121320343559643
      vertex -126 -40.22248306220207 0.0038034057617153394
      vertex 40.95590812284163 -40.22248306220207 0.0038034057617153394
    endloop
  endfacet
  facet normal 0 0.7071067811865471 -0.707106781186548
    outer loop
      vertex -126 -42.34 2.121320343559643
      vertex 46.93841074823947 -44.457516937797934 0.0038034057617153394
      vertex -126 -44.457516937797934 0.0038034057617153394
    endloop
  endfacet
  facet normal 0 -0.7071067811865471 -0.7071067811865479
    outer loop
      vertex -126 -42.34 2.121320343559643
      vertex 40.95590812284163 -40.22248306220207 0.0038034057617153394
      vertex 94 -40.22248306220207 0.0038034057617153394
    endloop
  endfacet
  facet normal 0 0.7071067811865471 -0.707106781186548
    outer loop
      vertex -126 -42.34 2.121320343559643
      vertex 94 -42.34 2.121320343559643
      vertex 46.93841074823947 -44.457516937797934 0.0038034057617153394
    endloop
  endfacet
  facet normal 0 -0.7071067811865471 -0.707106781186548
    outer loop
      vertex -126 -42.34 2.121320343559643
      vertex 94 -40.22248306220207 0.0038034057617153394
      vertex 94 -42.34 2.121320343559643
    endloop
  endfacet
  facet normal 0 0.707106781186547 -0.7071067811865479
    outer loop
      vertex 94 -42.34 2.121320343559643
      vertex 94 -44.457516937797934 0.0038034057617153394
      vertex 46.93841074823947 -44.457516937797934 0.0038034057617153394
    endloop
  endfacet
  facet normal -1 0 0
    outer loop
      vertex 94 -42.34 2.121320343559643
      vertex 94 -40.22248306220207 0.0038034057617153394
      vertex 94 -44.457516937797934 0.0038034057617153394
    endloop
  endfacet
  facet normal 0.7071077466103192 0 0.7071058157614578
    outer loop
      vertex -124.38100051879883 -81.86000022888183 2.543796691894528
      vertex -124.38100051879883 -45.0998550415039 2.543796691894528
      vertex -127.17499923706055 -84.65399990081787 5.337803039550778
    endloop
  endfacet
  facet normal 0 0 1
    outer loop
      vertex -124.38100051879883 -81.86000022888183 2.543796691894528
      vertex -87.627197265625 -81.86000022888183 2.543796691894528
      vertex -124.38100051879883 -45.0998550415039 2.543796691894528
    endloop
  endfacet
  facet normal 0 0 1
    outer loop
      vertex -129.0800018310547 -84.65399990081787 5.337803039550778
      vertex -127.17499923706055 -84.65399990081787 5.337803039550778
      vertex -127.17499923706055 -42.305852508544916 5.337803039550778
    endloop
  endfacet
  facet normal 0 0.7071076259322756 0.7071059364398102
    outer loop
      vertex -124.38100051879883 -81.86000022888183 2.543796691894528
      vertex -127.17499923706055 -84.65399990081787 5.337803039550778
      vertex -84.83319854736328 -84.65399990081787 5.337803039550778
    endloop
  endfacet
  facet normal 0 0 -1
    outer loop
      vertex -131.61999893188477 -81.86000022888183 0.0038034057617153394
      vertex -126 -40.22248306220207 0.0038034057617153394
      vertex -126 -44.457516937797934 0.0038034057617153394
    endloop
  endfacet
  facet normal 0 0 -1
    outer loop
      vertex -131.61999893188477 -81.86000022888183 0.0038034057617153394
      vertex -126 -44.457516937797934 0.0038034057617153394
      vertex -86.79751693779794 -46.57883728135757 0.0038034057617153394
    endloop
  endfacet
  facet normal 0 -0.7071072638982686 0.707106298474497
    outer loop
      vertex -124.38100051879883 -45.0998550415039 2.543796691894528
      vertex -87.627197265625 -45.0998550415039 2.543796691894528
      vertex -127.17499923706055 -42.305852508544916 5.337803039550778
    endloop
  endfacet
  facet normal 0.707107746610319 0 0.7071058157614577
    outer loop
      vertex -127.17499923706055 -84.65399990081787 5.337803039550778
      vertex -124.38100051879883 -45.0998550415039 2.543796691894528
      vertex -127.17499923706055 -42.305852508544916 5.337803039550778
    endloop
  endfacet
  facet normal 0 0 -1
    outer loop
      vertex -131.61999893188477 -81.86000022888183 0.0038034057617153394
      vertex -86.79751693779794 -80 0.0038034057617153394
      vertex -82.56248306220208 -80 0.0038034057617153394
    endloop
  endfacet
  facet normal 0 0.7071076259322756 0.7071059364398102
    outer loop
      vertex -124.38100051879883 -81.86000022888183 2.543796691894528
      vertex -84.83319854736328 -84.65399990081787 5.337803039550778
      vertex -87.627197265625 -81.86000022888183 2.543796691894528
    endloop
  endfacet
  facet normal 0 0 -1
    outer loop
      vertex -131.61999893188477 -81.86000022888183 0.0038034057617153394
      vertex -86.79751693779794 -46.57883728135757 0.0038034057617153394
      vertex -86.79751693779794 -80 0.0038034057617153394
    endloop
  endfacet
  facet normal 0 0 -1
    outer loop
      vertex -131.61999893188477 -81.86000022888183 0.0038034057617153394
      vertex -82.56248306220208 -80 0.0038034057617153394
      vertex -44.457516937797934 -80 0.0038034057617153394
    endloop
  endfacet
  facet normal -0.7071077466103192 0 0.7071058157614578
    outer loop
      vertex -87.627197265625 -81.86000022888183 2.543796691894528
      vertex -84.83319854736328 -84.65399990081787 5.337803039550778
      vertex -87.627197265625 -45.0998550415039 2.543796691894528
    endloop
  endfacet
  facet normal 0.7071077466103192 0 0.7071058157614578
    outer loop
      vertex -82.03919982910156 -81.86000022888183 2.543796691894528
      vertex -82.03919982910156 -45.0998550415039 2.543796691894528
      vertex -84.83319854736328 -84.65399990081787 5.337803039550778
    endloop
  endfacet
  facet normal 0 0 1
    outer loop
      vertex -124.38100051879883 -45.0998550415039 2.543796691894528
      vertex -87.627197265625 -81.86000022888183 2.543796691894528
      vertex -87.627197265625 -45.0998550415039 2.543796691894528
    endloop
  endfacet
  facet normal -0.707107746610319 0 0.7071058157614577
    outer loop
      vertex -84.83319854736328 -84.65399990081787 5.337803039550778
      vertex -84.83319854736328 -42.305852508544916 5.337803039550778
      vertex -87.627197265625 -45.0998550415039 2.543796691894528
    endloop
  endfacet
  facet normal 0.707107746610319 0 0.7071058157614577
    outer loop
      vertex -84.83319854736328 -84.65399990081787 5.337803039550778
      vertex -82.03919982910156 -45.0998550415039 2.543796691894528
      vertex -84.83319854736328 -42.305852508544916 5.337803039550778
    endloop
  endfacet
  facet normal 0 -1 0
    outer loop
      vertex -131.61999893188477 -87.19399986267089 5.337803039550778
      vertex -106.98200225830078 -87.19399986267089 9.909801635742184
      vertex -106.98200225830078 -87.19399986267089 13.338802490234372
    endloop
  endfacet
  facet normal -1 0 0
    outer loop
      vertex -131.61999893188477 -81.86000022888183 0.0038034057617153394
      vertex -131.61999893188477 -87.19399986267089 5.337803039550778
      vertex -131.61999893188477 -84.65399990081787 28.68040100097656
    endloop
  endfacet
  facet normal 0 1 0
    outer loop
      vertex -129.0800018310547 -84.65399990081787 5.337803039550778
      vertex -129.0800018310547 -84.65399990081787 28.68040100097656
      vertex -127.17499923706055 -84.65399990081787 5.337803039550778
    endloop
  endfacet
  facet normal 0 -1 0
    outer loop
      vertex -131.61999893188477 -87.19399986267089 5.337803039550778
      vertex -106.98200225830078 -87.19399986267089 13.338802490234372
      vertex -106.98200225830078 -87.19399986267089 19.383999023437497
    endloop
  endfacet
  facet normal -0.7071063387001362 -0.707107223672682 0
    outer loop
      vertex -106.98200225830078 -87.19399986267089 9.909801635742184
      vertex -106.22000122070312 -87.95599994659423 10.671795043945309
      vertex -106.98200225830078 -87.19399986267089 13.338802490234372
    endloop
  endfacet
  facet normal -0.7071063387001362 -0.707107223672682 0
    outer loop
      vertex -106.22000122070312 -87.95599994659423 10.671795043945309
      vertex -106.22000122070312 -87.95599994659423 12.576793823242184
      vertex -106.98200225830078 -87.19399986267089 13.338802490234372
    endloop
  endfacet
  facet normal 0 1 0
    outer loop
      vertex -127.17499923706055 -84.65399990081787 5.337803039550778
      vertex -129.0800018310547 -84.65399990081787 28.68040100097656
      vertex -84.83319854736328 -84.65399990081787 5.337803039550778
    endloop
  endfacet
  facet normal 0 1 0
    outer loop
      vertex -84.83319854736328 -84.65399990081787 5.337803039550778
      vertex -129.0800018310547 -84.65399990081787 28.68040100097656
      vertex -42.49139404296875 -84.65399990081787 5.337803039550778
    endloop
  endfacet
  facet normal 0 0 -1
    outer loop
      vertex -131.61999893188477 -81.86000022888183 0.0038034057617153394
      vertex -126 -2.1175169377979275 0.0038034057617153394
      vertex -126 -40.22248306220207 0.0038034057617153394
    endloop
  endfacet
  facet normal 0 0 -1
    outer loop
      vertex -131.61999893188477 -81.86000022888183 0.0038034057617153394
      vertex -126 2.1175169377979275 0.0038034057617153394
      vertex -126 -2.1175169377979275 0.0038034057617153394
    endloop
  endfacet
  facet normal 0.7071077466103192 0 0.7071058157614578
    outer loop
      vertex -124.38100051879883 -39.5118537902832 2.543796691894528
      vertex -127.17499923706055 0.042295837402349434 5.337803039550778
      vertex -127.17499923706055 -42.305852508544916 5.337803039550778
    endloop
  endfacet
  facet normal 0 0.7071077466103192 0.7071058157614578
    outer loop
      vertex -124.38100051879883 -39.5118537902832 2.543796691894528
      vertex -127.17499923706055 -42.305852508544916 5.337803039550778
      vertex -84.83319854736328 -42.305852508544916 5.337803039550778
    endloop
  endfacet
  facet normal 0 0 -1
    outer loop
      vertex -131.61999893188477 -81.86000022888183 0.0038034057617153394
      vertex -126 40.22248306220207 0.0038034057617153394
      vertex -126 2.1175169377979275 0.0038034057617153394
    endloop
  endfacet
  facet normal 0.707107746610319 0 0.7071058157614577
    outer loop
      vertex -124.38100051879883 -39.5118537902832 2.543796691894528
      vertex -124.38100051879883 -2.7517105102539006 2.543796691894528
      vertex -127.17499923706055 0.042295837402349434 5.337803039550778
    endloop
  endfacet
  facet normal 0 0 -1
    outer loop
      vertex -86.79751693779794 -4.23883728135757 0.0038034057617153394
      vertex -126 -40.22248306220207 0.0038034057617153394
      vertex -126 -2.1175169377979275 0.0038034057617153394
    endloop
  endfacet
  facet normal 0 0 1
    outer loop
      vertex -124.38100051879883 -39.5118537902832 2.543796691894528
      vertex -87.627197265625 -2.7517105102539006 2.543796691894528
      vertex -124.38100051879883 -2.7517105102539006 2.543796691894528
    endloop
  endfacet
  facet normal 0 -0.7071067811865475 0.7071067811865475
    outer loop
      vertex -124.38100051879883 -2.7517105102539006 2.543796691894528
      vertex -87.627197265625 -2.7517105102539006 2.543796691894528
      vertex -127.17499923706055 0.042295837402349434 5.337803039550778
    endloop
  endfacet
  facet normal 0 0 1
    outer loop
      vertex -129.0800018310547 -84.65399990081787 5.337803039550778
      vertex -127.17499923706055 -42.305852508544916 5.337803039550778
      vertex -129.0800018310547 84.73859252929688 5.337803039550778
    endloop
  endfacet
  facet normal 0 0 -1
    outer loop
      vertex -86.79751693779794 -38.101162718642435 0.0038034057617153394
      vertex -82.56248306220208 -38.101162718642435 0.0038034057617153394
      vertex -126 -40.22248306220207 0.0038034057617153394
    endloop
  endfacet
  facet normal 0 0.7071077466103192 0.7071058157614577
    outer loop
      vertex -124.38100051879883 -39.5118537902832 2.543796691894528
      vertex -84.83319854736328 -42.305852508544916 5.337803039550778
      vertex -87.627197265625 -39.5118537902832 2.543796691894528
    endloop
  endfacet
  facet normal 0 0 -1
    outer loop
      vertex -86.79751693779794 -38.101162718642435 0.0038034057617153394
      vertex -126 -40.22248306220207 0.0038034057617153394
      vertex -86.79751693779794 -4.23883728135757 0.0038034057617153394
    endloop
  endfacet
  facet normal 0 0 1
    outer loop
      vertex -124.38100051879883 -39.5118537902832 2.543796691894528
      vertex -87.627197265625 -39.5118537902832 2.543796691894528
      vertex -87.627197265625 -2.7517105102539006 2.543796691894528
    endloop
  endfacet
  facet normal 0 0 -1
    outer loop
      vertex -82.56248306220208 -38.101162718642435 0.0038034057617153394
      vertex -44.457516937797934 -38.101162718642435 0.0038034057617153394
      vertex -126 -40.22248306220207 0.0038034057617153394
    endloop
  endfacet
  facet normal 0 -0.7071072638982686 0.707106298474497
    outer loop
      vertex -87.627197265625 -45.0998550415039 2.543796691894528
      vertex -84.83319854736328 -42.305852508544916 5.337803039550778
      vertex -127.17499923706055 -42.305852508544916 5.337803039550778
    endloop
  endfacet
  facet normal -0.7071077466103192 0 0.7071058157614578
    outer loop
      vertex -87.627197265625 -39.5118537902832 2.543796691894528
      vertex -84.83319854736328 -42.305852508544916 5.337803039550778
      vertex -84.83319854736328 0.042295837402349434 5.337803039550778
    endloop
  endfacet
  facet normal 0.7071077466103192 0 0.7071058157614578
    outer loop
      vertex -82.03919982910156 -39.5118537902832 2.543796691894528
      vertex -84.83319854736328 0.042295837402349434 5.337803039550778
      vertex -84.83319854736328 -42.305852508544916 5.337803039550778
    endloop
  endfacet
  facet normal 0 0 -1
    outer loop
      vertex -82.56248306220208 -4.23883728135757 0.0038034057617153394
      vertex -86.79751693779794 -4.23883728135757 0.0038034057617153394
      vertex -126 -2.1175169377979275 0.0038034057617153394
    endloop
  endfacet
  facet normal -0.707107746610319 0 0.7071058157614577
    outer loop
      vertex -87.627197265625 -39.5118537902832 2.543796691894528
      vertex -84.83319854736328 0.042295837402349434 5.337803039550778
      vertex -87.627197265625 -2.7517105102539006 2.543796691894528
    endloop
  endfacet
  facet normal 0.707107746610319 0 0.7071058157614577
    outer loop
      vertex -82.03919982910156 -39.5118537902832 2.543796691894528
      vertex -82.03919982910156 -2.7517105102539006 2.543796691894528
      vertex -84.83319854736328 0.042295837402349434 5.337803039550778
    endloop
  endfacet
  facet normal 0 0 -1
    outer loop
      vertex -82.56248306220208 -4.23883728135757 0.0038034057617153394
      vertex -126 -2.1175169377979275 0.0038034057617153394
      vertex -44.457516937797934 -4.23883728135757 0.0038034057617153394
    endloop
  endfacet
  facet normal 0 -0.7071067811865475 0.7071067811865475
    outer loop
      vertex -87.627197265625 -2.7517105102539006 2.543796691894528
      vertex -84.83319854736328 0.042295837402349434 5.337803039550778
      vertex -127.17499923706055 0.042295837402349434 5.337803039550778
    endloop
  endfacet
  facet normal -1 0 0
    outer loop
      vertex -131.61999893188477 -81.86000022888183 0.0038034057617153394
      vertex -131.61999893188477 -84.65399990081787 28.68040100097656
      vertex -131.61999893188477 81.94458618164063 0.0038034057617153394
    endloop
  endfacet
  facet normal 0 0 -1
    outer loop
      vertex -131.61999893188477 -81.86000022888183 0.0038034057617153394
      vertex -44.457516937797934 -80 0.0038034057617153394
      vertex -40.22248306220207 -80 0.0038034057617153394
    endloop
  endfacet
  facet normal 0 0 -1
    outer loop
      vertex -82.56248306220208 -80 0.0038034057617153394
      vertex -82.56248306220208 -46.57883728135757 0.0038034057617153394
      vertex -44.457516937797934 -80 0.0038034057617153394
    endloop
  endfacet
  facet normal 0 0 -1
    outer loop
      vertex -131.61999893188477 -81.86000022888183 0.0038034057617153394
      vertex -40.22248306220207 -80 0.0038034057617153394
      vertex -2.1175169377979275 -80 0.0038034057617153394
    endloop
  endfacet
  facet normal 0 0.7071076259322755 0.7071059364398102
    outer loop
      vertex -82.03919982910156 -81.86000022888183 2.543796691894528
      vertex -42.49139404296875 -84.65399990081787 5.337803039550778
      vertex -45.285400390625 -81.86000022888183 2.543796691894528
    endloop
  endfacet
  facet normal 0 -0.7071067811865475 -0.7071067811865475
    outer loop
      vertex -131.61999893188477 -81.86000022888183 0.0038034057617153394
      vertex 98.44049072265625 -87.19399986267089 5.337803039550778
      vertex -131.61999893188477 -87.19399986267089 5.337803039550778
    endloop
  endfacet
  facet normal 0 0 1
    outer loop
      vertex -82.03919982910156 -81.86000022888183 2.543796691894528
      vertex -45.285400390625 -81.86000022888183 2.543796691894528
      vertex -45.285400390625 -45.0998550415039 2.543796691894528
    endloop
  endfacet
  facet normal 0 0.7071076259322756 0.7071059364398103
    outer loop
      vertex -82.03919982910156 -81.86000022888183 2.543796691894528
      vertex -84.83319854736328 -84.65399990081787 5.337803039550778
      vertex -42.49139404296875 -84.65399990081787 5.337803039550778
    endloop
  endfacet
  facet normal 0 -1 0
    outer loop
      vertex -131.61999893188477 -87.19399986267089 5.337803039550778
      vertex 98.44049072265625 -87.19399986267089 5.337803039550778
      vertex -106.98200225830078 -87.19399986267089 9.909801635742184
    endloop
  endfacet
  facet normal 0 0 1
    outer loop
      vertex -82.03919982910156 -81.86000022888183 2.543796691894528
      vertex -45.285400390625 -45.0998550415039 2.543796691894528
      vertex -82.03919982910156 -45.0998550415039 2.543796691894528
    endloop
  endfacet
  facet normal 0 -0.7071072638982686 0.7071062984744969
    outer loop
      vertex -82.03919982910156 -45.0998550415039 2.543796691894528
      vertex -45.285400390625 -45.0998550415039 2.543796691894528
      vertex -84.83319854736328 -42.305852508544916 5.337803039550778
    endloop
  endfacet
  facet normal 0 0 -1
    outer loop
      vertex -82.56248306220208 -46.57883728135757 0.0038034057617153394
      vertex -44.457516937797934 -46.57883728135757 0.0038034057617153394
      vertex -44.457516937797934 -80 0.0038034057617153394
    endloop
  endfacet
  facet normal 0 0 -1
    outer loop
      vertex -126 -44.457516937797934 0.0038034057617153394
      vertex 46.93841074823947 -44.457516937797934 0.0038034057617153394
      vertex -86.79751693779794 -46.57883728135757 0.0038034057617153394
    endloop
  endfacet
  facet normal 0 0 -1
    outer loop
      vertex -131.61999893188477 -81.86000022888183 0.0038034057617153394
      vertex -2.1175169377979275 -80 0.0038034057617153394
      vertex 2.1175169377979275 -80 0.0038034057617153394
    endloop
  endfacet
  facet normal -0.7071067811865475 0 0.7071067811865475
    outer loop
      vertex -45.285400390625 -81.86000022888183 2.543796691894528
      vertex -42.49139404296875 -84.65399990081787 5.337803039550778
      vertex -45.285400390625 -45.0998550415039 2.543796691894528
    endloop
  endfacet
  facet normal 0.7071087120354088 0 0.7071048503324137
    outer loop
      vertex -39.69740295410156 -81.86000022888183 2.543796691894528
      vertex -39.69740295410156 -45.0998550415039 2.543796691894528
      vertex -42.49139404296875 -84.65399990081787 5.337803039550778
    endloop
  endfacet
  facet normal 0 0 -1
    outer loop
      vertex -131.61999893188477 -81.86000022888183 0.0038034057617153394
      vertex 2.1175169377979275 -80 0.0038034057617153394
      vertex 40.22248306220207 -80 0.0038034057617153394
    endloop
  endfacet
  facet normal 0 0 -1
    outer loop
      vertex -40.22248306220207 -80 0.0038034057617153394
      vertex -40.22248306220207 -46.57883728135757 0.0038034057617153394
      vertex -2.1175169377979275 -80 0.0038034057617153394
    endloop
  endfacet
  facet normal 0 0 1
    outer loop
      vertex -39.69740295410156 -81.86000022888183 2.543796691894528
      vertex -2.943603515625 -81.86000022888183 2.543796691894528
      vertex -39.69740295410156 -45.0998550415039 2.543796691894528
    endloop
  endfacet
  facet normal 0 0.7071076259322755 0.7071059364398101
    outer loop
      vertex -39.69740295410156 -81.86000022888183 2.543796691894528
      vertex -42.49139404296875 -84.65399990081787 5.337803039550778
      vertex -0.14959716796875 -84.65399990081787 5.337803039550778
    endloop
  endfacet
  facet normal 0 0 -1
    outer loop
      vertex 46.93841074823947 -44.457516937797934 0.0038034057617153394
      vertex -82.56248306220208 -46.57883728135757 0.0038034057617153394
      vertex -86.79751693779794 -46.57883728135757 0.0038034057617153394
    endloop
  endfacet
  facet normal 0 0 -1
    outer loop
      vertex 46.93841074823947 -44.457516937797934 0.0038034057617153394
      vertex -44.457516937797934 -46.57883728135757 0.0038034057617153394
      vertex -82.56248306220208 -46.57883728135757 0.0038034057617153394
    endloop
  endfacet
  facet normal 0 -0.7071072638982686 0.7071062984744969
    outer loop
      vertex -39.69740295410156 -45.0998550415039 2.543796691894528
      vertex -2.943603515625 -45.0998550415039 2.543796691894528
      vertex -42.49139404296875 -42.305852508544916 5.337803039550778
    endloop
  endfacet
  facet normal -0.7071067811865476 0 0.7071067811865476
    outer loop
      vertex -45.285400390625 -45.0998550415039 2.543796691894528
      vertex -42.49139404296875 -84.65399990081787 5.337803039550778
      vertex -42.49139404296875 -42.305852508544916 5.337803039550778
    endloop
  endfacet
  facet normal 0.7071087120354088 0 0.7071048503324137
    outer loop
      vertex -42.49139404296875 -84.65399990081787 5.337803039550778
      vertex -39.69740295410156 -45.0998550415039 2.543796691894528
      vertex -42.49139404296875 -42.305852508544916 5.337803039550778
    endloop
  endfacet
  facet normal 0 -0.7071036837603469 -0.7071098785991801
    outer loop
      vertex -106.98200225830078 -87.19399986267089 9.909801635742184
      vertex 97.2974853515625 -87.19399986267089 9.909801635742184
      vertex -106.22000122070312 -87.95599994659423 10.671795043945309
    endloop
  endfacet
  facet normal 0 -1 0
    outer loop
      vertex -106.22000122070312 -87.95599994659423 10.671795043945309
      vertex 96.6307373046875 -87.95599994659423 12.576793823242184
      vertex -106.22000122070312 -87.95599994659423 12.576793823242184
    endloop
  endfacet
  facet normal 0 -0.7071107635318532 0.7071027988188135
    outer loop
      vertex -106.22000122070312 -87.95599994659423 12.576793823242184
      vertex 96.44024658203125 -87.19399986267089 13.338802490234372
      vertex -106.98200225830078 -87.19399986267089 13.338802490234372
    endloop
  endfacet
  facet normal 0 0 -1
    outer loop
      vertex -126 -40.22248306220207 0.0038034057617153394
      vertex -44.457516937797934 -38.101162718642435 0.0038034057617153394
      vertex -40.22248306220207 -38.101162718642435 0.0038034057617153394
    endloop
  endfacet
  facet normal 0 0 -1
    outer loop
      vertex -82.56248306220208 -38.101162718642435 0.0038034057617153394
      vertex -82.56248306220208 -4.23883728135757 0.0038034057617153394
      vertex -44.457516937797934 -38.101162718642435 0.0038034057617153394
    endloop
  endfacet
  facet normal 0 0 -1
    outer loop
      vertex -126 -40.22248306220207 0.0038034057617153394
      vertex -40.22248306220207 -38.101162718642435 0.0038034057617153394
      vertex -2.1175169377979275 -38.101162718642435 0.0038034057617153394
    endloop
  endfacet
  facet normal 0 0.707107746610319 0.7071058157614577
    outer loop
      vertex -82.03919982910156 -39.5118537902832 2.543796691894528
      vertex -42.49139404296875 -42.305852508544916 5.337803039550778
      vertex -45.285400390625 -39.5118537902832 2.543796691894528
    endloop
  endfacet
  facet normal 0 0 1
    outer loop
      vertex -82.03919982910156 -39.5118537902832 2.543796691894528
      vertex -45.285400390625 -39.5118537902832 2.543796691894528
      vertex -45.285400390625 -2.7517105102539006 2.543796691894528
    endloop
  endfacet
  facet normal 0 0.7071077466103192 0.7071058157614578
    outer loop
      vertex -82.03919982910156 -39.5118537902832 2.543796691894528
      vertex -84.83319854736328 -42.305852508544916 5.337803039550778
      vertex -42.49139404296875 -42.305852508544916 5.337803039550778
    endloop
  endfacet
  facet normal 0 -0.7071072638982685 0.7071062984744969
    outer loop
      vertex -84.83319854736328 -42.305852508544916 5.337803039550778
      vertex -45.285400390625 -45.0998550415039 2.543796691894528
      vertex -42.49139404296875 -42.305852508544916 5.337803039550778
    endloop
  endfacet
  facet normal 0 0 1
    outer loop
      vertex -82.03919982910156 -39.5118537902832 2.543796691894528
      vertex -45.285400390625 -2.7517105102539006 2.543796691894528
      vertex -82.03919982910156 -2.7517105102539006 2.543796691894528
    endloop
  endfacet
  facet normal 0 0 -1
    outer loop
      vertex -12.872010750149599 -2.1175169377979275 0.0038034057617153394
      vertex -44.457516937797934 -4.23883728135757 0.0038034057617153394
      vertex -126 -2.1175169377979275 0.0038034057617153394
    endloop
  endfacet
  facet normal 0 -0.7071067811865475 0.7071067811865475
    outer loop
      vertex -82.03919982910156 -2.7517105102539006 2.543796691894528
      vertex -45.285400390625 -2.7517105102539006 2.543796691894528
      vertex -84.83319854736328 0.042295837402349434 5.337803039550778
    endloop
  endfacet
  facet normal 0 0 -1
    outer loop
      vertex -82.56248306220208 -4.23883728135757 0.0038034057617153394
      vertex -44.457516937797934 -4.23883728135757 0.0038034057617153394
      vertex -44.457516937797934 -38.101162718642435 0.0038034057617153394
    endloop
  endfacet
  facet normal 0 -0.7071067811865476 0.7071067811865476
    outer loop
      vertex -45.285400390625 -2.7517105102539006 2.543796691894528
      vertex -42.49139404296875 0.042295837402349434 5.337803039550778
      vertex -84.83319854736328 0.042295837402349434 5.337803039550778
    endloop
  endfacet
  facet normal 0 0 -1
    outer loop
      vertex -126 -40.22248306220207 0.0038034057617153394
      vertex -2.1175169377979275 -38.101162718642435 0.0038034057617153394
      vertex 2.1175169377979275 -38.101162718642435 0.0038034057617153394
    endloop
  endfacet
  facet normal 0 0 -1
    outer loop
      vertex 40.95590812284163 -40.22248306220207 0.0038034057617153394
      vertex -126 -40.22248306220207 0.0038034057617153394
      vertex 2.1175169377979275 -38.101162718642435 0.0038034057617153394
    endloop
  endfacet
  facet normal 0 0 -1
    outer loop
      vertex -40.22248306220207 -38.101162718642435 0.0038034057617153394
      vertex -40.22248306220207 -4.23883728135757 0.0038034057617153394
      vertex -2.1175169377979275 -38.101162718642435 0.0038034057617153394
    endloop
  endfacet
  facet normal 0 0 1
    outer loop
      vertex -39.69740295410156 -39.5118537902832 2.543796691894528
      vertex -2.943603515625 -39.5118537902832 2.543796691894528
      vertex -39.69740295410156 -2.7517105102539006 2.543796691894528
    endloop
  endfacet
  facet normal -0.7071067811865475 0 0.7071067811865475
    outer loop
      vertex -45.285400390625 -39.5118537902832 2.543796691894528
      vertex -42.49139404296875 -42.305852508544916 5.337803039550778
      vertex -42.49139404296875 0.042295837402349434 5.337803039550778
    endloop
  endfacet
  facet normal 0.7071087120354089 0 0.7071048503324138
    outer loop
      vertex -39.69740295410156 -39.5118537902832 2.543796691894528
      vertex -42.49139404296875 0.042295837402349434 5.337803039550778
      vertex -42.49139404296875 -42.305852508544916 5.337803039550778
    endloop
  endfacet
  facet normal 0 0.7071077466103192 0.7071058157614578
    outer loop
      vertex -39.69740295410156 -39.5118537902832 2.543796691894528
      vertex -42.49139404296875 -42.305852508544916 5.337803039550778
      vertex -0.14959716796875 -42.305852508544916 5.337803039550778
    endloop
  endfacet
  facet normal -0.7071067811865476 0 0.7071067811865476
    outer loop
      vertex -45.285400390625 -39.5118537902832 2.543796691894528
      vertex -42.49139404296875 0.042295837402349434 5.337803039550778
      vertex -45.285400390625 -2.7517105102539006 2.543796691894528
    endloop
  endfacet
  facet normal 0.7071087120354089 0 0.7071048503324138
    outer loop
      vertex -39.69740295410156 -39.5118537902832 2.543796691894528
      vertex -39.69740295410156 -2.7517105102539006 2.543796691894528
      vertex -42.49139404296875 0.042295837402349434 5.337803039550778
    endloop
  endfacet
  facet normal 0 0 -1
    outer loop
      vertex -12.872010750149599 -2.1175169377979275 0.0038034057617153394
      vertex -40.22248306220207 -4.23883728135757 0.0038034057617153394
      vertex -44.457516937797934 -4.23883728135757 0.0038034057617153394
    endloop
  endfacet
  facet normal 0 0 -1
    outer loop
      vertex -12.872010750149599 -2.1175169377979275 0.0038034057617153394
      vertex -2.1175169377979275 -38.101162718642435 0.0038034057617153394
      vertex -40.22248306220207 -4.23883728135757 0.0038034057617153394
    endloop
  endfacet
  facet normal 0 -0.7071067811865475 0.7071067811865475
    outer loop
      vertex -39.69740295410156 -2.7517105102539006 2.543796691894528
      vertex -2.943603515625 -2.7517105102539006 2.543796691894528
      vertex -42.49139404296875 0.042295837402349434 5.337803039550778
    endloop
  endfacet
  facet normal 0 -1 0
    outer loop
      vertex -131.61999893188477 -87.19399986267089 5.337803039550778
      vertex -106.98200225830078 -87.19399986267089 19.383999023437497
      vertex -131.61999893188477 -87.19399986267089 27.38500610351562
    endloop
  endfacet
  facet normal -1 0 0
    outer loop
      vertex -131.61999893188477 -87.19399986267089 5.337803039550778
      vertex -131.61999893188477 -87.19399986267089 27.38500610351562
      vertex -131.61999893188477 -84.65399990081787 28.68040100097656
    endloop
  endfacet
  facet normal -0.7071063387001362 -0.707107223672682 0
    outer loop
      vertex -106.98200225830078 -87.19399986267089 19.383999023437497
      vertex -106.22000122070312 -87.95599994659423 20.14599243164062
      vertex -106.98200225830078 -87.19399986267089 22.812999877929684
    endloop
  endfacet
  facet normal -0.7071063387001362 -0.707107223672682 0
    outer loop
      vertex -106.22000122070312 -87.95599994659423 20.14599243164062
      vertex -106.22000122070312 -87.95599994659423 22.05100646972656
      vertex -106.98200225830078 -87.19399986267089 22.812999877929684
    endloop
  endfacet
  facet normal 0 -1 0
    outer loop
      vertex -106.98200225830078 -87.19399986267089 19.383999023437497
      vertex -106.98200225830078 -87.19399986267089 22.812999877929684
      vertex -131.61999893188477 -87.19399986267089 27.38500610351562
    endloop
  endfacet
  facet normal -1 0 0
    outer loop
      vertex -131.61999893188477 -87.19399986267089 27.38500610351562
      vertex -131.61999893188477 -87.0963150024414 27.613735351562497
      vertex -131.61999893188477 -84.65399990081787 28.68040100097656
    endloop
  endfacet
  facet normal -1 0 0
    outer loop
      vertex -131.61999893188477 -87.0963150024414 27.613735351562497
      vertex -131.61999893188477 -86.98807392120361 27.837673339843747
      vertex -131.61999893188477 -84.65399990081787 28.68040100097656
    endloop
  endfacet
  facet normal -1 0 0
    outer loop
      vertex -131.61999893188477 -86.98807392120361 27.837673339843747
      vertex -131.61999893188477 -86.86951026916503 28.05631652832031
      vertex -131.61999893188477 -84.65399990081787 28.68040100097656
    endloop
  endfacet
  facet normal -1 0 0
    outer loop
      vertex -131.61999893188477 -86.86951026916503 28.05631652832031
      vertex -131.61999893188477 -86.74088344573974 28.26920715332031
      vertex -131.61999893188477 -84.65399990081787 28.68040100097656
    endloop
  endfacet
  facet normal -1 0 0
    outer loop
      vertex -131.61999893188477 -86.74088344573974 28.26920715332031
      vertex -131.61999893188477 -86.60247192382812 28.475856933593747
      vertex -131.61999893188477 -84.65399990081787 28.68040100097656
    endloop
  endfacet
  facet normal -1 0 0
    outer loop
      vertex -131.61999893188477 -86.60247192382812 28.475856933593747
      vertex -131.61999893188477 -86.45457706451415 28.67583862304687
      vertex -131.61999893188477 -84.65399990081787 28.68040100097656
    endloop
  endfacet
  facet normal -1 0 0
    outer loop
      vertex -131.61999893188477 -86.45457706451415 28.67583862304687
      vertex -131.61999893188477 -86.29752120971679 28.86869445800781
      vertex -131.61999893188477 -84.65399990081787 28.68040100097656
    endloop
  endfacet
  facet normal -1 0 0
    outer loop
      vertex -131.61999893188477 -86.29752120971679 28.86869445800781
      vertex -131.61999893188477 -86.13164482116699 29.054027709960934
      vertex -131.61999893188477 -84.65399990081787 28.68040100097656
    endloop
  endfacet
  facet normal -1 0 0
    outer loop
      vertex -131.61999893188477 -86.13164482116699 29.054027709960934
      vertex -131.61999893188477 -85.95730934143066 29.23142639160156
      vertex -131.61999893188477 -84.65399990081787 28.68040100097656
    endloop
  endfacet
  facet normal -1 0 0
    outer loop
      vertex -131.61999893188477 -85.95730934143066 29.23142639160156
      vertex -131.61999893188477 -85.92920360565185 29.257396850585934
      vertex -131.61999893188477 -84.65399990081787 28.68040100097656
    endloop
  endfacet
  facet normal -1 0 0
    outer loop
      vertex -131.61999893188477 -85.92920360565185 29.257396850585934
      vertex -131.61999893188477 -85.59184226989746 29.42956176757812
      vertex -131.61999893188477 -84.65399990081787 28.68040100097656
    endloop
  endfacet
  facet normal -1 0 0
    outer loop
      vertex -131.61999893188477 -85.59184226989746 29.42956176757812
      vertex -131.61999893188477 -85.4783950805664 29.446483764648434
      vertex -131.61999893188477 -84.65399990081787 28.68040100097656
    endloop
  endfacet
  facet normal -1 0 0
    outer loop
      vertex -131.61999893188477 -85.8998399734497 29.281932983398434
      vertex -131.61999893188477 -85.86928997039794 29.30497375488281
      vertex -131.61999893188477 -85.8376308441162 29.32647338867187
    endloop
  endfacet
  facet normal -1 0 0
    outer loop
      vertex -131.61999893188477 -85.92920360565185 29.257396850585934
      vertex -131.61999893188477 -85.8998399734497 29.281932983398434
      vertex -131.61999893188477 -85.80494079589843 29.34635559082031
    endloop
  endfacet
  facet normal -1 0 0
    outer loop
      vertex -131.61999893188477 -85.8998399734497 29.281932983398434
      vertex -131.61999893188477 -85.8376308441162 29.32647338867187
      vertex -131.61999893188477 -85.80494079589843 29.34635559082031
    endloop
  endfacet
  facet normal -1 0 0
    outer loop
      vertex -131.61999893188477 -85.92920360565185 29.257396850585934
      vertex -131.61999893188477 -85.80494079589843 29.34635559082031
      vertex -131.61999893188477 -85.59184226989746 29.42956176757812
    endloop
  endfacet
  facet normal -1 0 0
    outer loop
      vertex -131.61999893188477 -85.80494079589843 29.34635559082031
      vertex -131.61999893188477 -85.77130088806152 29.36460510253906
      vertex -131.61999893188477 -85.73679409027099 29.38114562988281
    endloop
  endfacet
  facet normal -1 0 0
    outer loop
      vertex -131.61999893188477 -85.80494079589843 29.34635559082031
      vertex -131.61999893188477 -85.73679409027099 29.38114562988281
      vertex -131.61999893188477 -85.59184226989746 29.42956176757812
    endloop
  endfacet
  facet normal -1 0 0
    outer loop
      vertex -131.61999893188477 -85.66552505493163 29.408962402343747
      vertex -131.61999893188477 -85.62894020080566 29.420177612304684
      vertex -131.61999893188477 -85.59184226989746 29.42956176757812
    endloop
  endfacet
  facet normal -1 0 0
    outer loop
      vertex -131.61999893188477 -85.73679409027099 29.38114562988281
      vertex -131.61999893188477 -85.66552505493163 29.408962402343747
      vertex -131.61999893188477 -85.59184226989746 29.42956176757812
    endloop
  endfacet
  facet normal -1 0 0
    outer loop
      vertex -131.61999893188477 -85.73679409027099 29.38114562988281
      vertex -131.61999893188477 -85.70150623321533 29.395946655273434
      vertex -131.61999893188477 -85.66552505493163 29.408962402343747
    endloop
  endfacet
  facet normal -1 0 0
    outer loop
      vertex -131.61999893188477 -85.55432376861572 29.437084350585934
      vertex -131.61999893188477 -85.51647624969482 29.44273010253906
      vertex -131.61999893188477 -85.59184226989746 29.42956176757812
    endloop
  endfacet
  facet normal -1 0 0
    outer loop
      vertex -131.61999893188477 -85.59184226989746 29.42956176757812
      vertex -131.61999893188477 -85.51647624969482 29.44273010253906
      vertex -131.61999893188477 -85.4783950805664 29.446483764648434
    endloop
  endfacet
  facet normal -1 0 0
    outer loop
      vertex -131.61999893188477 -85.40190849304199 29.448269042968747
      vertex -131.61999893188477 -85.25029430389404 29.42907348632812
      vertex -131.61999893188477 -85.2132230758667 29.419582519531247
    endloop
  endfacet
  facet normal -1 0 0
    outer loop
      vertex -131.61999893188477 -85.40190849304199 29.448269042968747
      vertex -131.61999893188477 -85.28779182434081 29.43670288085937
      vertex -131.61999893188477 -85.25029430389404 29.42907348632812
    endloop
  endfacet
  facet normal -1 0 0
    outer loop
      vertex -131.61999893188477 -85.40190849304199 29.448269042968747
      vertex -131.61999893188477 -85.32562217712402 29.442455444335934
      vertex -131.61999893188477 -85.28779182434081 29.43670288085937
    endloop
  endfacet
  facet normal -1 0 0
    outer loop
      vertex -131.61999893188477 -85.40190849304199 29.448269042968747
      vertex -131.61999893188477 -85.36369285583496 29.446315917968747
      vertex -131.61999893188477 -85.32562217712402 29.442455444335934
    endloop
  endfacet
  facet normal -1 0 0
    outer loop
      vertex -131.61999893188477 -84.65399990081787 28.68040100097656
      vertex -131.61999893188477 -84.65780982971191 28.75681701660156
      vertex -131.61999893188477 -84.65495357513427 28.718654785156247
    endloop
  endfacet
  facet normal 0 0.9996893874575308 0.024922451821338523
    outer loop
      vertex -131.61999893188477 -84.65399990081787 28.68040100097656
      vertex -131.61999893188477 -84.65495357513427 28.718654785156247
      vertex -129.0800018310547 -84.65399990081787 28.68040100097656
    endloop
  endfacet
  facet normal -1 0 0
    outer loop
      vertex -131.61999893188477 -85.4783950805664 29.446483764648434
      vertex -131.61999893188477 -84.65780982971191 28.75681701660156
      vertex -131.61999893188477 -84.65399990081787 28.68040100097656
    endloop
  endfacet
  facet normal -1 0 0
    outer loop
      vertex -131.61999893188477 -84.67771015167236 28.869777832031247
      vertex -131.61999893188477 -84.72993335723876 29.013393554687497
      vertex -131.61999893188477 -84.68806419372558 28.90661254882812
    endloop
  endfacet
  facet normal -1 0 0
    outer loop
      vertex -131.61999893188477 -84.68806419372558 28.90661254882812
      vertex -131.61999893188477 -84.72993335723876 29.013393554687497
      vertex -131.61999893188477 -84.70024070739746 28.942882690429684
    endloop
  endfacet
  facet normal -1 0 0
    outer loop
      vertex -131.61999893188477 -84.70024070739746 28.942882690429684
      vertex -131.61999893188477 -84.72993335723876 29.013393554687497
      vertex -131.61999893188477 -84.71420917510986 28.97851196289062
    endloop
  endfacet
  facet normal -1 0 0
    outer loop
      vertex -131.61999893188477 -85.44017372131347 29.448330078124997
      vertex -131.61999893188477 -84.6625638961792 28.79478088378906
      vertex -131.61999893188477 -84.65780982971191 28.75681701660156
    endloop
  endfacet
  facet normal -1 0 0
    outer loop
      vertex -131.61999893188477 -85.44017372131347 29.448330078124997
      vertex -131.61999893188477 -84.6692024230957 28.832470092773434
      vertex -131.61999893188477 -84.6625638961792 28.79478088378906
    endloop
  endfacet
  facet normal -1 0 0
    outer loop
      vertex -131.61999893188477 -85.40190849304199 29.448269042968747
      vertex -131.61999893188477 -84.67771015167236 28.869777832031247
      vertex -131.61999893188477 -84.6692024230957 28.832470092773434
    endloop
  endfacet
  facet normal -1 0 0
    outer loop
      vertex -131.61999893188477 -84.74737606048583 29.04746643066406
      vertex -131.61999893188477 -84.78723678588867 29.112758789062497
      vertex -131.61999893188477 -84.76649341583251 29.08060852050781
    endloop
  endfacet
  facet normal -1 0 0
    outer loop
      vertex -131.61999893188477 -84.74737606048583 29.04746643066406
      vertex -131.61999893188477 -84.80955657958984 29.14384094238281
      vertex -131.61999893188477 -84.78723678588867 29.112758789062497
    endloop
  endfacet
  facet normal -1 0 0
    outer loop
      vertex -131.61999893188477 -84.67771015167236 28.869777832031247
      vertex -131.61999893188477 -85.10548267364501 29.38023010253906
      vertex -131.61999893188477 -84.72993335723876 29.013393554687497
    endloop
  endfacet
  facet normal -1 0 0
    outer loop
      vertex -131.61999893188477 -85.44017372131347 29.448330078124997
      vertex -131.61999893188477 -84.65780982971191 28.75681701660156
      vertex -131.61999893188477 -85.4783950805664 29.446483764648434
    endloop
  endfacet
  facet normal -1 0 0
    outer loop
      vertex -131.61999893188477 -84.74737606048583 29.04746643066406
      vertex -131.61999893188477 -84.94272193908691 29.28055969238281
      vertex -131.61999893188477 -84.91342792510986 29.255947265624997
    endloop
  endfacet
  facet normal -1 0 0
    outer loop
      vertex -131.61999893188477 -84.74737606048583 29.04746643066406
      vertex -131.61999893188477 -84.88539657592773 29.22990051269531
      vertex -131.61999893188477 -84.80955657958984 29.14384094238281
    endloop
  endfacet
  facet normal -1 0 0
    outer loop
      vertex -131.61999893188477 -84.72993335723876 29.013393554687497
      vertex -131.61999893188477 -85.0710235595703 29.363598022460934
      vertex -131.61999893188477 -84.74737606048583 29.04746643066406
    endloop
  endfacet
  facet normal -1 0 0
    outer loop
      vertex -131.61999893188477 -84.80955657958984 29.14384094238281
      vertex -131.61999893188477 -84.85869750976562 29.202480468749997
      vertex -131.61999893188477 -84.83339653015136 29.173778686523434
    endloop
  endfacet
  facet normal -1 0 0
    outer loop
      vertex -131.61999893188477 -84.74737606048583 29.04746643066406
      vertex -131.61999893188477 -84.91342792510986 29.255947265624997
      vertex -131.61999893188477 -84.88539657592773 29.22990051269531
    endloop
  endfacet
  facet normal -1 0 0
    outer loop
      vertex -131.61999893188477 -84.80955657958984 29.14384094238281
      vertex -131.61999893188477 -84.88539657592773 29.22990051269531
      vertex -131.61999893188477 -84.85869750976562 29.202480468749997
    endloop
  endfacet
  facet normal -1 0 0
    outer loop
      vertex -131.61999893188477 -85.40190849304199 29.448269042968747
      vertex -131.61999893188477 -85.2132230758667 29.419582519531247
      vertex -131.61999893188477 -84.67771015167236 28.869777832031247
    endloop
  endfacet
  facet normal -1 0 0
    outer loop
      vertex -131.61999893188477 -85.40190849304199 29.448269042968747
      vertex -131.61999893188477 -84.6692024230957 28.832470092773434
      vertex -131.61999893188477 -85.44017372131347 29.448330078124997
    endloop
  endfacet
  facet normal -1 0 0
    outer loop
      vertex -131.61999893188477 -84.74737606048583 29.04746643066406
      vertex -131.61999893188477 -85.03743515014648 29.34525695800781
      vertex -131.61999893188477 -84.94272193908691 29.28055969238281
    endloop
  endfacet
  facet normal -1 0 0
    outer loop
      vertex -131.61999893188477 -85.2132230758667 29.419582519531247
      vertex -131.61999893188477 -85.17667064666747 29.40826049804687
      vertex -131.61999893188477 -84.67771015167236 28.869777832031247
    endloop
  endfacet
  facet normal -1 0 0
    outer loop
      vertex -131.61999893188477 -84.67771015167236 28.869777832031247
      vertex -131.61999893188477 -85.17667064666747 29.40826049804687
      vertex -131.61999893188477 -85.10548267364501 29.38023010253906
    endloop
  endfacet
  facet normal -1 0 0
    outer loop
      vertex -131.61999893188477 -84.74737606048583 29.04746643066406
      vertex -131.61999893188477 -85.0710235595703 29.363598022460934
      vertex -131.61999893188477 -85.03743515014648 29.34525695800781
    endloop
  endfacet
  facet normal -1 0 0
    outer loop
      vertex -131.61999893188477 -84.72993335723876 29.013393554687497
      vertex -131.61999893188477 -85.10548267364501 29.38023010253906
      vertex -131.61999893188477 -85.0710235595703 29.363598022460934
    endloop
  endfacet
  facet normal -1 0 0
    outer loop
      vertex -131.61999893188477 -84.94272193908691 29.28055969238281
      vertex -131.61999893188477 -85.03743515014648 29.34525695800781
      vertex -131.61999893188477 -84.97320518493652 29.30369201660156
    endloop
  endfacet
  facet normal -1 0 0
    outer loop
      vertex -131.61999893188477 -84.97320518493652 29.30369201660156
      vertex -131.61999893188477 -85.03743515014648 29.34525695800781
      vertex -131.61999893188477 -85.00480232238769 29.325283203124997
    endloop
  endfacet
  facet normal -1 0 0
    outer loop
      vertex -131.61999893188477 -85.10548267364501 29.38023010253906
      vertex -131.61999893188477 -85.17667064666747 29.40826049804687
      vertex -131.61999893188477 -85.14072761535644 29.39513793945312
    endloop
  endfacet
  facet normal 1 0 0
    outer loop
      vertex -129.0800018310547 -84.65399990081787 5.337803039550778
      vertex -129.0800018310547 84.73859252929688 28.68040100097656
      vertex -129.0800018310547 -84.65399990081787 28.68040100097656
    endloop
  endfacet
  facet normal 0 0 1
    outer loop
      vertex -131.61999893188477 -84.65399990081787 28.68040100097656
      vertex -129.0800018310547 -84.65399990081787 28.68040100097656
      vertex -131.61999893188477 84.73859252929688 28.68040100097656
    endloop
  endfacet
  facet normal 0 -1 0
    outer loop
      vertex -106.98200225830078 -87.19399986267089 13.338802490234372
      vertex 96.44024658203125 -87.19399986267089 13.338802490234372
      vertex -106.98200225830078 -87.19399986267089 19.383999023437497
    endloop
  endfacet
  facet normal 0 -0.707103683760347 -0.7071098785991801
    outer loop
      vertex -106.98200225830078 -87.19399986267089 19.383999023437497
      vertex 94.928955078125 -87.19399986267089 19.383999023437497
      vertex -106.22000122070312 -87.95599994659423 20.14599243164062
    endloop
  endfacet
  facet normal 0 -1 0
    outer loop
      vertex -106.22000122070312 -87.95599994659423 20.14599243164062
      vertex 94.26220703125 -87.95599994659423 22.05100646972656
      vertex -106.22000122070312 -87.95599994659423 22.05100646972656
    endloop
  endfacet
  facet normal 0 1 0
    outer loop
      vertex -42.49139404296875 -84.65399990081787 5.337803039550778
      vertex -129.0800018310547 -84.65399990081787 28.68040100097656
      vertex 86.25485229492188 -84.65399990081787 28.68040100097656
    endloop
  endfacet
  facet normal 0 -0.9196421067511005 0.39275742576098743
    outer loop
      vertex -131.61999893188477 -87.19399986267089 27.38500610351562
      vertex 92.9287109375 -87.19399986267089 27.38500610351562
      vertex -131.61999893188477 -87.0963150024414 27.613735351562497
    endloop
  endfacet
  facet normal 0 -1 0
    outer loop
      vertex -106.98200225830078 -87.19399986267089 22.812999877929684
      vertex 92.9287109375 -87.19399986267089 27.38500610351562
      vertex -131.61999893188477 -87.19399986267089 27.38500610351562
    endloop
  endfacet
  facet normal -0.000002187198433492781 -0.9003420422790944 0.43518295796127576
    outer loop
      vertex -131.61999893188477 -87.0963150024414 27.613735351562497
      vertex 92.86624145507812 -87.08663806915283 27.63488403320312
      vertex -131.61999893188477 -86.98807392120361 27.837673339843747
    endloop
  endfacet
  facet normal -0.0000018659839122531422 -0.8790697381367544 0.47669318800324395
    outer loop
      vertex -131.61999893188477 -86.98807392120361 27.837673339843747
      vertex 92.81124877929688 -86.97923336029052 27.85485473632812
      vertex -131.61999893188477 -86.86951026916503 28.05631652832031
    endloop
  endfacet
  facet normal -0.0000032983009853953813 -0.8559059253197315 0.5171315567548505
    outer loop
      vertex -131.61999893188477 -86.86951026916503 28.05631652832031
      vertex 92.715576171875 -86.7609239578247 28.23746887207031
      vertex -131.61999893188477 -86.74088344573974 28.26920715332031
    endloop
  endfacet
  facet normal -0.000005016690710090213 -0.8308514591732601 0.5564942522295241
    outer loop
      vertex -131.61999893188477 -86.74088344573974 28.26920715332031
      vertex 92.66952514648438 -86.64010772705078 28.42168823242187
      vertex -131.61999893188477 -86.60247192382812 28.475856933593747
    endloop
  endfacet
  facet normal -0.000006096995265390195 -0.8040179402073405 0.5946050384814883
    outer loop
      vertex -131.61999893188477 -86.60247192382812 28.475856933593747
      vertex 92.624755859375 -86.51178607940673 28.600780639648434
      vertex -131.61999893188477 -86.45457706451415 28.67583862304687
    endloop
  endfacet
  facet normal -0.0000064487413713911946 -0.7754041573234238 0.6314652743927924
    outer loop
      vertex -131.61999893188477 -86.45457706451415 28.67583862304687
      vertex 92.58135986328125 -86.37618026733398 28.77439514160156
      vertex -131.61999893188477 -86.29752120971679 28.86869445800781
    endloop
  endfacet
  facet normal -0.000006199741440160167 -0.7451376139135582 0.6669107408737487
    outer loop
      vertex -131.61999893188477 -86.29752120971679 28.86869445800781
      vertex 92.53936767578125 -86.23351917266845 28.942287597656247
      vertex -131.61999893188477 -86.13164482116699 29.054027709960934
    endloop
  endfacet
  facet normal -0.000004087324720160835 -0.7132378248480188 0.7009221106438007
    outer loop
      vertex -131.61999893188477 -86.13164482116699 29.054027709960934
      vertex 92.50259399414062 -86.09812507629394 29.089443359374997
      vertex -131.61999893188477 -85.95730934143066 29.23142639160156
    endloop
  endfacet
  facet normal -4.644074458707772e-7 -0.6412085165292059 0.7673666909178424
    outer loop
      vertex -131.61999893188477 -85.92920360565185 29.257396850585934
      vertex 92.45516967773438 -85.90343532562255 29.279064331054684
      vertex -131.61999893188477 -85.8998399734497 29.281932983398434
    endloop
  endfacet
  facet normal -2.7659821744370865e-7 -0.6786567790048561 0.734455564558318
    outer loop
      vertex -131.61999893188477 -85.95730934143066 29.23142639160156
      vertex 92.46096801757812 -85.93092975616455 29.255886230468747
      vertex -131.61999893188477 -85.92920360565185 29.257396850585934
    endloop
  endfacet
  facet normal -6.282453565567715e-7 -0.6021432269698525 0.7983880849649111
    outer loop
      vertex -131.61999893188477 -85.8998399734497 29.281932983398434
      vertex 92.44970703125 -85.8748851776123 29.300930175781247
      vertex -131.61999893188477 -85.86928997039794 29.30497375488281
    endloop
  endfacet
  facet normal -7.99927795597467e-7 -0.5617993787823828 0.8272735085804988
    outer loop
      vertex -131.61999893188477 -85.8376308441162 29.32647338867187
      vertex -131.61999893188477 -85.86928997039794 29.30497375488281
      vertex 92.444580078125 -85.84534225463867 29.32145324707031
    endloop
  endfacet
  facet normal -9.667326387448156e-7 -0.47684658403840036 0.8789865387421893
    outer loop
      vertex -131.61999893188477 -85.80494079589843 29.34635559082031
      vertex 92.43539428710938 -85.78354034423828 29.35821166992187
      vertex -131.61999893188477 -85.77130088806152 29.36460510253906
    endloop
  endfacet
  facet normal -9.208593451407405e-7 -0.5196401102019231 0.8543852502638872
    outer loop
      vertex -131.61999893188477 -85.8376308441162 29.32647338867187
      vertex 92.4398193359375 -85.81487140655517 29.34055725097656
      vertex -131.61999893188477 -85.80494079589843 29.34635559082031
    endloop
  endfacet
  facet normal -0.0000010046316711411806 -0.43224812043958366 0.90175471297656
    outer loop
      vertex -131.61999893188477 -85.73679409027099 29.38114562988281
      vertex -131.61999893188477 -85.77130088806152 29.36460510253906
      vertex 92.43136596679688 -85.75141677856445 29.37438598632812
    endloop
  endfacet
  facet normal -0.0000010103714547343931 -0.3867909434443521 0.922167428436077
    outer loop
      vertex -131.61999893188477 -85.73679409027099 29.38114562988281
      vertex 92.42770385742188 -85.7185712814331 29.38903442382812
      vertex -131.61999893188477 -85.70150623321533 29.395946655273434
    endloop
  endfacet
  facet normal -0.0000010585910413807023 -0.29309093708543915 0.9560845687475865
    outer loop
      vertex -131.61999893188477 -85.66552505493163 29.408962402343747
      vertex 92.42153930664062 -85.65100345611572 29.413662109374997
      vertex -131.61999893188477 -85.62894020080566 29.420177612304684
    endloop
  endfacet
  facet normal -0.0000010552229541093184 -0.3401656253564375 0.9403655392052338
    outer loop
      vertex -131.61999893188477 -85.66552505493163 29.408962402343747
      vertex -131.61999893188477 -85.70150623321533 29.395946655273434
      vertex 92.42440795898438 -85.68507537841796 29.40214172363281
    endloop
  endfacet
  facet normal -8.810920510837609e-7 -0.1965906028768405 0.9804856627507329
    outer loop
      vertex -131.61999893188477 -85.55432376861572 29.437084350585934
      vertex -131.61999893188477 -85.59184226989746 29.42956176757812
      vertex 92.4169921875 -85.58143100738525 29.431850585937497
    endloop
  endfacet
  facet normal -9.645011162849453e-7 -0.24523212360226543 0.9694643910699314
    outer loop
      vertex -131.61999893188477 -85.59184226989746 29.42956176757812
      vertex -131.61999893188477 -85.62894020080566 29.420177612304684
      vertex 92.4190673828125 -85.61642990112304 29.42356506347656
    endloop
  endfacet
  facet normal -0.0000010843263791766623 0.05104138828941324 0.998696538834652
    outer loop
      vertex -131.61999893188477 -85.40190849304199 29.448269042968747
      vertex 92.41302490234375 -85.3855052947998 29.44767395019531
      vertex -131.61999893188477 -85.36369285583496 29.446315917968747
    endloop
  endfacet
  facet normal -0.000001081916947724507 0.0015950532994135646 0.9999987279010916
    outer loop
      vertex -131.61999893188477 -85.40190849304199 29.448269042968747
      vertex -131.61999893188477 -85.44017372131347 29.448330078124997
      vertex 92.41281127929688 -85.42214164733886 29.44854370117187
    endloop
  endfacet
  facet normal -6.854780563452921e-7 -0.048249542520697096 0.9988353125746375
    outer loop
      vertex -131.61999893188477 -85.44017372131347 29.448330078124997
      vertex -131.61999893188477 -85.4783950805664 29.446483764648434
      vertex 92.41293334960938 -85.44841060638427 29.448085937499997
    endloop
  endfacet
  facet normal -5.520690714005706e-7 -0.09809463897464003 0.9951770906748859
    outer loop
      vertex -131.61999893188477 -85.4783950805664 29.446483764648434
      vertex -131.61999893188477 -85.51647624969482 29.44273010253906
      vertex 92.41409301757812 -85.51046142578124 29.443447265624997
    endloop
  endfacet
  facet normal -7.025349904898662e-7 -0.14753851144100041 0.9890563116634363
    outer loop
      vertex -131.61999893188477 -85.55432376861572 29.437084350585934
      vertex 92.41534423828125 -85.54608211517333 29.43847290039062
      vertex -131.61999893188477 -85.51647624969482 29.44273010253906
    endloop
  endfacet
  facet normal -8.08420366716217e-7 0.24802037287892792 0.9687548165745263
    outer loop
      vertex -131.61999893188477 -85.2132230758667 29.419582519531247
      vertex -131.61999893188477 -85.25029430389404 29.42907348632812
      vertex 92.41824340820312 -85.24062404632568 29.426784667968747
    endloop
  endfacet
  facet normal -9.021447849725458e-7 0.19937892001547491 0.9799224695110572
    outer loop
      vertex -131.61999893188477 -85.25029430389404 29.42907348632812
      vertex -131.61999893188477 -85.28779182434081 29.43670288085937
      vertex 92.41629028320312 -85.27642879486083 29.434597167968747
    endloop
  endfacet
  facet normal -9.499718846244994e-7 0.1503339706855818 0.9886352700854872
    outer loop
      vertex -131.61999893188477 -85.28779182434081 29.43670288085937
      vertex -131.61999893188477 -85.32562217712402 29.442455444335934
      vertex 92.41476440429688 -85.31256637573242 29.440685424804684
    endloop
  endfacet
  facet normal -0.0000010133860555106222 0.10088545333326787 0.9948980476936891
    outer loop
      vertex -131.61999893188477 -85.32562217712402 29.442455444335934
      vertex -131.61999893188477 -85.36369285583496 29.446315917968747
      vertex 92.4136962890625 -85.34895286560058 29.44504943847656
    endloop
  endfacet
  facet normal -5.649449417069763e-7 0.9972108211753241 0.07463630571321711
    outer loop
      vertex -131.61999893188477 -84.65495357513427 28.718654785156247
      vertex -131.61999893188477 -84.65780982971191 28.75681701660156
      vertex 92.5872802734375 -84.65722713470458 28.75072875976562
    endloop
  endfacet
  facet normal -3.158872397120391e-7 0.9996899098104572 0.024901490378289613
    outer loop
      vertex -131.61999893188477 -84.65495357513427 28.718654785156247
      vertex 92.59603881835938 -84.65480670928955 28.715603027343747
      vertex -129.0800018310547 -84.65399990081787 28.68040100097656
    endloop
  endfacet
  facet normal -6.845531678979393e-7 0.9922502419011008 0.1242556133409613
    outer loop
      vertex -131.61999893188477 -84.65780982971191 28.75681701660156
      vertex -131.61999893188477 -84.6625638961792 28.79478088378906
      vertex 92.57815551757812 -84.66145191192626 28.787136230468747
    endloop
  endfacet
  facet normal -7.844661798901414e-7 0.9848394524140303 0.17346830537080124
    outer loop
      vertex -131.61999893188477 -84.6625638961792 28.79478088378906
      vertex -131.61999893188477 -84.6692024230957 28.832470092773434
      vertex 92.56912231445312 -84.66740856170654 28.82329956054687
    endloop
  endfacet
  facet normal -8.636406901868261e-7 0.9749705249633299 0.222334152689107
    outer loop
      vertex -131.61999893188477 -84.6692024230957 28.832470092773434
      vertex -131.61999893188477 -84.67771015167236 28.869777832031247
      vertex 92.5601806640625 -84.67508277893066 28.85912719726562
    endloop
  endfacet
  facet normal -0.0000010010937176569278 0.9480031178710885 0.3182610383092674
    outer loop
      vertex -131.61999893188477 -84.68806419372558 28.90661254882812
      vertex -131.61999893188477 -84.70024070739746 28.942882690429684
      vertex 92.54257202148438 -84.6955114364624 28.92950073242187
    endloop
  endfacet
  facet normal -9.336237714323223e-7 0.962689907377285 0.2706069885147883
    outer loop
      vertex -131.61999893188477 -84.67771015167236 28.869777832031247
      vertex -131.61999893188477 -84.68806419372558 28.90661254882812
      vertex 92.55130004882812 -84.68445835113525 28.894558105468747
    endloop
  endfacet
  facet normal -0.000001051173697012812 0.9310069081904532 0.36500155739468865
    outer loop
      vertex -131.61999893188477 -84.70024070739746 28.942882690429684
      vertex -131.61999893188477 -84.71420917510986 28.97851196289062
      vertex 92.53399658203125 -84.70821914672851 28.963878784179684
    endloop
  endfacet
  facet normal -0.0000010665222204221072 0.9116526806488078 0.4109615430483799
    outer loop
      vertex -131.61999893188477 -84.71420917510986 28.97851196289062
      vertex -131.61999893188477 -84.72993335723876 29.013393554687497
      vertex 92.52554321289062 -84.72255191802978 28.99760070800781
    endloop
  endfacet
  facet normal -0.0000010612157187682504 0.8901414754847256 0.45568426966568604
    outer loop
      vertex -131.61999893188477 -84.72993335723876 29.013393554687497
      vertex -131.61999893188477 -84.74737606048583 29.04746643066406
      vertex 92.51730346679688 -84.73847732543945 29.030605468749997
    endloop
  endfacet
  facet normal -0.0000010528719442139203 0.8662204412918139 0.49966203286532285
    outer loop
      vertex -131.61999893188477 -84.74737606048583 29.04746643066406
      vertex -131.61999893188477 -84.76649341583251 29.08060852050781
      vertex 92.50924682617188 -84.75595817565917 29.062816772460934
    endloop
  endfacet
  facet normal -0.0000010512409621896565 0.8402816304554024 0.5421501466550622
    outer loop
      vertex -131.61999893188477 -84.76649341583251 29.08060852050781
      vertex -131.61999893188477 -84.78723678588867 29.112758789062497
      vertex 92.50140380859375 -84.77495536804199 29.09415832519531
    endloop
  endfacet
  facet normal -7.958108025881421e-7 0.7164633217838117 0.6976247619873258
    outer loop
      vertex -131.61999893188477 -84.85869750976562 29.202480468749997
      vertex -131.61999893188477 -84.88539657592773 29.22990051269531
      vertex 92.47259521484375 -84.86519393920898 29.20940795898437
    endloop
  endfacet
  facet normal -0.000001017378424457057 0.8122692360560226 0.5832826828870629
    outer loop
      vertex -131.61999893188477 -84.78723678588867 29.112758789062497
      vertex -131.61999893188477 -84.80955657958984 29.14384094238281
      vertex 92.49380493164062 -84.79542598724365 29.12455383300781
    endloop
  endfacet
  facet normal -9.673688267224963e-7 0.7822720489218947 0.6229369482336112
    outer loop
      vertex -131.61999893188477 -84.80955657958984 29.14384094238281
      vertex -131.61999893188477 -84.83339653015136 29.173778686523434
      vertex 92.48648071289062 -84.81732330322265 29.153942260742184
    endloop
  endfacet
  facet normal -8.869281425454707e-7 0.7501505496118024 0.6612670813796224
    outer loop
      vertex -131.61999893188477 -84.83339653015136 29.173778686523434
      vertex -131.61999893188477 -84.85869750976562 29.202480468749997
      vertex 92.47940063476562 -84.84059677124023 29.18224731445312
    endloop
  endfacet
  facet normal -6.588722782201899e-7 0.6806986523645293 0.732563543092802
    outer loop
      vertex -131.61999893188477 -84.88539657592773 29.22990051269531
      vertex -131.61999893188477 -84.91342792510986 29.255947265624997
      vertex 92.46609497070312 -84.89105854034423 29.235363159179684
    endloop
  endfacet
  facet normal -5.71416396441756e-7 0.6432756739944528 0.7656346434472879
    outer loop
      vertex -131.61999893188477 -84.91342792510986 29.255947265624997
      vertex -131.61999893188477 -84.94272193908691 29.28055969238281
      vertex 92.45993041992188 -84.91813240051269 29.26006713867187
    endloop
  endfacet
  facet normal -4.578516708150067e-7 0.6045042939671679 0.7966018821061409
    outer loop
      vertex -131.61999893188477 -84.94272193908691 29.28055969238281
      vertex -131.61999893188477 -84.97320518493652 29.30369201660156
      vertex 92.4541015625 -84.94635257720947 29.28344360351562
    endloop
  endfacet
  facet normal -3.4847707378554257e-7 0.5641871074925925 0.8256469631380113
    outer loop
      vertex -131.61999893188477 -84.97320518493652 29.30369201660156
      vertex -131.61999893188477 -85.00480232238769 29.325283203124997
      vertex 92.44857788085938 -84.975657081604 29.30546203613281
    endloop
  endfacet
  facet normal -1.0862749390075396e-7 0.5220487756064732 0.852915632338727
    outer loop
      vertex -131.61999893188477 -85.00480232238769 29.325283203124997
      vertex -131.61999893188477 -85.03743515014648 29.34525695800781
      vertex 92.44345092773438 -85.0059772491455 29.32603088378906
    endloop
  endfacet
  facet normal -2.130421076694455e-7 0.4792571451226277 0.8776745346931648
    outer loop
      vertex -131.61999893188477 -85.03743515014648 29.34525695800781
      vertex -131.61999893188477 -85.0710235595703 29.363598022460934
      vertex 92.43426513671875 -85.06938705444335 29.362758789062497
    endloop
  endfacet
  facet normal -3.440348382326691e-7 0.43467796923022545 0.9005859554011316
    outer loop
      vertex -131.61999893188477 -85.0710235595703 29.363598022460934
      vertex -131.61999893188477 -85.10548267364501 29.38023010253906
      vertex 92.43023681640625 -85.10233364105224 29.378795776367184
    endloop
  endfacet
  facet normal -4.912879215308597e-7 0.3895627567135357 0.9209999232255719
    outer loop
      vertex -131.61999893188477 -85.10548267364501 29.38023010253906
      vertex -131.61999893188477 -85.14072761535644 29.39513793945312
      vertex 92.4266357421875 -85.13600788116455 29.393261108398434
    endloop
  endfacet
  facet normal -6.174072021392833e-7 0.34295149379249634 0.939353114065799
    outer loop
      vertex -131.61999893188477 -85.14072761535644 29.39513793945312
      vertex -131.61999893188477 -85.17667064666747 29.40826049804687
      vertex 92.42343139648438 -85.17033252716064 29.406093749999997
    endloop
  endfacet
  facet normal -7.306133660966756e-7 0.2958786658370932 0.955225531014497
    outer loop
      vertex -131.61999893188477 -85.2132230758667 29.419582519531247
      vertex 92.42062377929688 -85.20523128509521 29.41727844238281
      vertex -131.61999893188477 -85.17667064666747 29.40826049804687
    endloop
  endfacet
  facet normal 0 -0.707103683760347 0.7071098785991801
    outer loop
      vertex -106.22000122070312 -87.95599994659423 22.05100646972656
      vertex 94.07168579101562 -87.19399986267089 22.812999877929684
      vertex -106.98200225830078 -87.19399986267089 22.812999877929684
    endloop
  endfacet
  facet normal 0 0 -1
    outer loop
      vertex -131.61999893188477 -81.86000022888183 0.0038034057617153394
      vertex -126 44.457516937797934 0.0038034057617153394
      vertex -126 40.22248306220207 0.0038034057617153394
    endloop
  endfacet
  facet normal 0 0 -1
    outer loop
      vertex -131.61999893188477 -81.86000022888183 0.0038034057617153394
      vertex -131.61999893188477 81.94458618164063 0.0038034057617153394
      vertex -126 44.457516937797934 0.0038034057617153394
    endloop
  endfacet
  facet normal 0 0 -1
    outer loop
      vertex -86.79751693779794 4.23883728135757 0.0038034057617153394
      vertex -126 2.1175169377979275 0.0038034057617153394
      vertex -126 40.22248306220207 0.0038034057617153394
    endloop
  endfacet
  facet normal 0 0 1
    outer loop
      vertex -124.38100051879883 2.836294555664068 2.543796691894528
      vertex -87.627197265625 2.836294555664068 2.543796691894528
      vertex -124.38100051879883 39.59644165039063 2.543796691894528
    endloop
  endfacet
  facet normal 0.7071077466103193 0 0.7071058157614579
    outer loop
      vertex -124.38100051879883 2.836294555664068 2.543796691894528
      vertex -127.17499923706055 42.39043273925782 5.337803039550778
      vertex -127.17499923706055 0.042295837402349434 5.337803039550778
    endloop
  endfacet
  facet normal 0 0 1
    outer loop
      vertex -127.17499923706055 -42.305852508544916 5.337803039550778
      vertex -127.17499923706055 0.042295837402349434 5.337803039550778
      vertex -129.0800018310547 84.73859252929688 5.337803039550778
    endloop
  endfacet
  facet normal 0 0.7071077466103192 0.7071058157614578
    outer loop
      vertex -124.38100051879883 2.836294555664068 2.543796691894528
      vertex -127.17499923706055 0.042295837402349434 5.337803039550778
      vertex -84.83319854736328 0.042295837402349434 5.337803039550778
    endloop
  endfacet
  facet normal 0.7071077466103193 0 0.7071058157614579
    outer loop
      vertex -124.38100051879883 2.836294555664068 2.543796691894528
      vertex -124.38100051879883 39.59644165039063 2.543796691894528
      vertex -127.17499923706055 42.39043273925782 5.337803039550778
    endloop
  endfacet
  facet normal 0 -0.7071087120354088 0.7071048503324137
    outer loop
      vertex -124.38100051879883 39.59644165039063 2.543796691894528
      vertex -87.627197265625 39.59644165039063 2.543796691894528
      vertex -127.17499923706055 42.39043273925782 5.337803039550778
    endloop
  endfacet
  facet normal 0 0 1
    outer loop
      vertex -127.17499923706055 0.042295837402349434 5.337803039550778
      vertex -127.17499923706055 42.39043273925782 5.337803039550778
      vertex -129.0800018310547 84.73859252929688 5.337803039550778
    endloop
  endfacet
  facet normal 0 0.7071067811865475 0.7071067811865475
    outer loop
      vertex -127.17499923706055 42.39043273925782 5.337803039550778
      vertex -84.83319854736328 42.39043273925782 5.337803039550778
      vertex -124.38100051879883 45.18443908691407 2.543796691894528
    endloop
  endfacet
  facet normal 0 0 -1
    outer loop
      vertex -86.79751693779794 4.23883728135757 0.0038034057617153394
      vertex -82.56248306220208 4.23883728135757 0.0038034057617153394
      vertex -126 2.1175169377979275 0.0038034057617153394
    endloop
  endfacet
  facet normal 0 0.7071077466103192 0.7071058157614577
    outer loop
      vertex -124.38100051879883 2.836294555664068 2.543796691894528
      vertex -84.83319854736328 0.042295837402349434 5.337803039550778
      vertex -87.627197265625 2.836294555664068 2.543796691894528
    endloop
  endfacet
  facet normal 0 0 -1
    outer loop
      vertex -18.854513375547455 2.1175169377979275 0.0038034057617153394
      vertex -126 2.1175169377979275 0.0038034057617153394
      vertex -82.56248306220208 4.23883728135757 0.0038034057617153394
    endloop
  endfacet
  facet normal -0.7071077466103193 0 0.7071058157614579
    outer loop
      vertex -87.627197265625 2.836294555664068 2.543796691894528
      vertex -84.83319854736328 0.042295837402349434 5.337803039550778
      vertex -84.83319854736328 42.39043273925782 5.337803039550778
    endloop
  endfacet
  facet normal 0.7071077466103193 0 0.7071058157614579
    outer loop
      vertex -82.03919982910156 2.836294555664068 2.543796691894528
      vertex -84.83319854736328 42.39043273925782 5.337803039550778
      vertex -84.83319854736328 0.042295837402349434 5.337803039550778
    endloop
  endfacet
  facet normal 0 0 -1
    outer loop
      vertex -86.79751693779794 38.101162718642435 0.0038034057617153394
      vertex -86.79751693779794 4.23883728135757 0.0038034057617153394
      vertex -126 40.22248306220207 0.0038034057617153394
    endloop
  endfacet
  facet normal 0 0 1
    outer loop
      vertex -124.38100051879883 39.59644165039063 2.543796691894528
      vertex -87.627197265625 2.836294555664068 2.543796691894528
      vertex -87.627197265625 39.59644165039063 2.543796691894528
    endloop
  endfacet
  facet normal 0 0 -1
    outer loop
      vertex -72.68243224853867 40.22248306220207 0.0038034057617153394
      vertex -86.79751693779794 38.101162718642435 0.0038034057617153394
      vertex -126 40.22248306220207 0.0038034057617153394
    endloop
  endfacet
  facet normal -0.7071077466103193 0 0.7071058157614579
    outer loop
      vertex -87.627197265625 2.836294555664068 2.543796691894528
      vertex -84.83319854736328 42.39043273925782 5.337803039550778
      vertex -87.627197265625 39.59644165039063 2.543796691894528
    endloop
  endfacet
  facet normal 0.7071077466103193 0 0.7071058157614579
    outer loop
      vertex -82.03919982910156 2.836294555664068 2.543796691894528
      vertex -82.03919982910156 39.59644165039063 2.543796691894528
      vertex -84.83319854736328 42.39043273925782 5.337803039550778
    endloop
  endfacet
  facet normal 0 0 -1
    outer loop
      vertex -72.68243224853867 40.22248306220207 0.0038034057617153394
      vertex -82.56248306220208 38.101162718642435 0.0038034057617153394
      vertex -86.79751693779794 38.101162718642435 0.0038034057617153394
    endloop
  endfacet
  facet normal 0 -0.7071087120354088 0.7071048503324138
    outer loop
      vertex -127.17499923706055 42.39043273925782 5.337803039550778
      vertex -87.627197265625 39.59644165039063 2.543796691894528
      vertex -84.83319854736328 42.39043273925782 5.337803039550778
    endloop
  endfacet
  facet normal 1 0 0
    outer loop
      vertex -129.0800018310547 -84.65399990081787 5.337803039550778
      vertex -129.0800018310547 84.73859252929688 5.337803039550778
      vertex -129.0800018310547 84.73859252929688 28.68040100097656
    endloop
  endfacet
  facet normal 0.7071077466103193 0 0.7071058157614579
    outer loop
      vertex -127.17499923706055 42.39043273925782 5.337803039550778
      vertex -124.38100051879883 45.18443908691407 2.543796691894528
      vertex -124.38100051879883 81.94458618164063 2.543796691894528
    endloop
  endfacet
  facet normal 0 0 -1
    outer loop
      vertex -131.61999893188477 81.94458618164063 0.0038034057617153394
      vertex -86.79751693779794 46.57883728135757 0.0038034057617153394
      vertex -126 44.457516937797934 0.0038034057617153394
    endloop
  endfacet
  facet normal 0 0 1
    outer loop
      vertex -124.38100051879883 45.18443908691407 2.543796691894528
      vertex -87.627197265625 45.18443908691407 2.543796691894528
      vertex -124.38100051879883 81.94458618164063 2.543796691894528
    endloop
  endfacet
  facet normal 0 -0.7071067811865475 0.7071067811865475
    outer loop
      vertex -124.38100051879883 81.94458618164063 2.543796691894528
      vertex -87.627197265625 81.94458618164063 2.543796691894528
      vertex -127.17499923706055 84.73859252929688 5.337803039550778
    endloop
  endfacet
  facet normal 0.7071077466103192 0 0.7071058157614578
    outer loop
      vertex -127.17499923706055 42.39043273925782 5.337803039550778
      vertex -124.38100051879883 81.94458618164063 2.543796691894528
      vertex -127.17499923706055 84.73859252929688 5.337803039550778
    endloop
  endfacet
  facet normal 0 0 1
    outer loop
      vertex -127.17499923706055 42.39043273925782 5.337803039550778
      vertex -127.17499923706055 84.73859252929688 5.337803039550778
      vertex -129.0800018310547 84.73859252929688 5.337803039550778
    endloop
  endfacet
  facet normal 0 0 -1
    outer loop
      vertex -86.79751693779794 46.57883728135757 0.0038034057617153394
      vertex -82.56248306220208 46.57883728135757 0.0038034057617153394
      vertex -126 44.457516937797934 0.0038034057617153394
    endloop
  endfacet
  facet normal 0 0 -1
    outer loop
      vertex -78.66493487393652 44.457516937797934 0.0038034057617153394
      vertex -126 44.457516937797934 0.0038034057617153394
      vertex -82.56248306220208 46.57883728135757 0.0038034057617153394
    endloop
  endfacet
  facet normal 0 0.7071067811865475 0.7071067811865475
    outer loop
      vertex -84.83319854736328 42.39043273925782 5.337803039550778
      vertex -87.627197265625 45.18443908691407 2.543796691894528
      vertex -124.38100051879883 45.18443908691407 2.543796691894528
    endloop
  endfacet
  facet normal 0 0 -1
    outer loop
      vertex -78.66493487393652 44.457516937797934 0.0038034057617153394
      vertex -82.56248306220208 46.57883728135757 0.0038034057617153394
      vertex -82.56248306220208 80 0.0038034057617153394
    endloop
  endfacet
  facet normal 0.7071077466103193 0 0.7071058157614579
    outer loop
      vertex -84.83319854736328 42.39043273925782 5.337803039550778
      vertex -82.03919982910156 45.18443908691407 2.543796691894528
      vertex -82.03919982910156 81.94458618164063 2.543796691894528
    endloop
  endfacet
  facet normal -0.7071077466103192 0 0.7071058157614578
    outer loop
      vertex -84.83319854736328 42.39043273925782 5.337803039550778
      vertex -84.83319854736328 84.73859252929688 5.337803039550778
      vertex -87.627197265625 45.18443908691407 2.543796691894528
    endloop
  endfacet
  facet normal 0 0 -1
    outer loop
      vertex -131.61999893188477 81.94458618164063 0.0038034057617153394
      vertex -86.79751693779794 80 0.0038034057617153394
      vertex -86.79751693779794 46.57883728135757 0.0038034057617153394
    endloop
  endfacet
  facet normal 0 0 1
    outer loop
      vertex -124.38100051879883 81.94458618164063 2.543796691894528
      vertex -87.627197265625 45.18443908691407 2.543796691894528
      vertex -87.627197265625 81.94458618164063 2.543796691894528
    endloop
  endfacet
  facet normal -0.7071077466103193 0 0.7071058157614579
    outer loop
      vertex -87.627197265625 45.18443908691407 2.543796691894528
      vertex -84.83319854736328 84.73859252929688 5.337803039550778
      vertex -87.627197265625 81.94458618164063 2.543796691894528
    endloop
  endfacet
  facet normal 0 -0.7071067811865475 0.7071067811865475
    outer loop
      vertex -127.17499923706055 84.73859252929688 5.337803039550778
      vertex -87.627197265625 81.94458618164063 2.543796691894528
      vertex -84.83319854736328 84.73859252929688 5.337803039550778
    endloop
  endfacet
  facet normal 0.7071077466103192 0 0.7071058157614578
    outer loop
      vertex -84.83319854736328 42.39043273925782 5.337803039550778
      vertex -82.03919982910156 81.94458618164063 2.543796691894528
      vertex -84.83319854736328 84.73859252929688 5.337803039550778
    endloop
  endfacet
  facet normal 0 1 0
    outer loop
      vertex -131.61999893188477 87.2785858154297 5.337803039550778
      vertex -106.98200225830078 87.2785858154297 12.576793823242184
      vertex -106.98200225830078 87.2785858154297 9.147792968749997
    endloop
  endfacet
  facet normal -0.7071032412719974 0.7071103210833762 0
    outer loop
      vertex -106.98200225830078 87.2785858154297 9.147792968749997
      vertex -106.98200225830078 87.2785858154297 12.576793823242184
      vertex -106.22000122070312 88.04057922363282 9.909801635742184
    endloop
  endfacet
  facet normal -1 0 0
    outer loop
      vertex -131.61999893188477 81.94458618164063 0.0038034057617153394
      vertex -131.61999893188477 84.73859252929688 28.68040100097656
      vertex -131.61999893188477 87.2785858154297 5.337803039550778
    endloop
  endfacet
  facet normal 0 -1 0
    outer loop
      vertex -129.0800018310547 84.73859252929688 5.337803039550778
      vertex -127.17499923706055 84.73859252929688 5.337803039550778
      vertex -129.0800018310547 84.73859252929688 28.68040100097656
    endloop
  endfacet
  facet normal -0.7071032412719974 0.7071103210833762 0
    outer loop
      vertex -106.22000122070312 88.04057922363282 9.909801635742184
      vertex -106.98200225830078 87.2785858154297 12.576793823242184
      vertex -106.22000122070312 88.04057922363282 11.814800415039059
    endloop
  endfacet
  facet normal 0 -1 0
    outer loop
      vertex -127.17499923706055 84.73859252929688 5.337803039550778
      vertex -84.83319854736328 84.73859252929688 5.337803039550778
      vertex -129.0800018310547 84.73859252929688 28.68040100097656
    endloop
  endfacet
  facet normal 0 -1 0
    outer loop
      vertex -84.83319854736328 84.73859252929688 5.337803039550778
      vertex -42.49139404296875 84.73859252929688 5.337803039550778
      vertex -129.0800018310547 84.73859252929688 28.68040100097656
    endloop
  endfacet
  facet normal 0 0 -1
    outer loop
      vertex -82.56248306220208 4.23883728135757 0.0038034057617153394
      vertex -82.56248306220208 38.101162718642435 0.0038034057617153394
      vertex -44.457516937797934 4.23883728135757 0.0038034057617153394
    endloop
  endfacet
  facet normal 0 0 -1
    outer loop
      vertex -18.854513375547455 2.1175169377979275 0.0038034057617153394
      vertex -82.56248306220208 4.23883728135757 0.0038034057617153394
      vertex -44.457516937797934 4.23883728135757 0.0038034057617153394
    endloop
  endfacet
  facet normal 0 0.707107746610319 0.7071058157614577
    outer loop
      vertex -82.03919982910156 2.836294555664068 2.543796691894528
      vertex -42.49139404296875 0.042295837402349434 5.337803039550778
      vertex -45.285400390625 2.836294555664068 2.543796691894528
    endloop
  endfacet
  facet normal 0 0 1
    outer loop
      vertex -82.03919982910156 2.836294555664068 2.543796691894528
      vertex -45.285400390625 2.836294555664068 2.543796691894528
      vertex -45.285400390625 39.59644165039063 2.543796691894528
    endloop
  endfacet
  facet normal 0 0.7071077466103192 0.7071058157614578
    outer loop
      vertex -82.03919982910156 2.836294555664068 2.543796691894528
      vertex -84.83319854736328 0.042295837402349434 5.337803039550778
      vertex -42.49139404296875 0.042295837402349434 5.337803039550778
    endloop
  endfacet
  facet normal 0 0 -1
    outer loop
      vertex -72.68243224853867 40.22248306220207 0.0038034057617153394
      vertex -44.457516937797934 4.23883728135757 0.0038034057617153394
      vertex -82.56248306220208 38.101162718642435 0.0038034057617153394
    endloop
  endfacet
  facet normal 0 0 1
    outer loop
      vertex -82.03919982910156 2.836294555664068 2.543796691894528
      vertex -45.285400390625 39.59644165039063 2.543796691894528
      vertex -82.03919982910156 39.59644165039063 2.543796691894528
    endloop
  endfacet
  facet normal 0 -0.7071087120354089 0.7071048503324138
    outer loop
      vertex -82.03919982910156 39.59644165039063 2.543796691894528
      vertex -45.285400390625 39.59644165039063 2.543796691894528
      vertex -84.83319854736328 42.39043273925782 5.337803039550778
    endloop
  endfacet
  facet normal 0 0 -1
    outer loop
      vertex -72.68243224853867 40.22248306220207 0.0038034057617153394
      vertex -44.457516937797934 38.101162718642435 0.0038034057617153394
      vertex -44.457516937797934 4.23883728135757 0.0038034057617153394
    endloop
  endfacet
  facet normal 0 0.7071067811865476 0.7071067811865476
    outer loop
      vertex -84.83319854736328 42.39043273925782 5.337803039550778
      vertex -42.49139404296875 42.39043273925782 5.337803039550778
      vertex -82.03919982910156 45.18443908691407 2.543796691894528
    endloop
  endfacet
  facet normal 0 -0.7071087120354089 0.7071048503324138
    outer loop
      vertex -84.83319854736328 42.39043273925782 5.337803039550778
      vertex -45.285400390625 39.59644165039063 2.543796691894528
      vertex -42.49139404296875 42.39043273925782 5.337803039550778
    endloop
  endfacet
  facet normal 0 0 -1
    outer loop
      vertex -18.854513375547455 2.1175169377979275 0.0038034057617153394
      vertex -44.457516937797934 4.23883728135757 0.0038034057617153394
      vertex -40.22248306220207 4.23883728135757 0.0038034057617153394
    endloop
  endfacet
  facet normal 0 0 -1
    outer loop
      vertex -18.854513375547455 2.1175169377979275 0.0038034057617153394
      vertex -40.22248306220207 4.23883728135757 0.0038034057617153394
      vertex -40.22248306220207 38.101162718642435 0.0038034057617153394
    endloop
  endfacet
  facet normal 0 0.707107746610319 0.7071058157614577
    outer loop
      vertex -39.69740295410156 2.836294555664068 2.543796691894528
      vertex -42.49139404296875 0.042295837402349434 5.337803039550778
      vertex -2.943603515625 2.836294555664068 2.543796691894528
    endloop
  endfacet
  facet normal 0 0 -1
    outer loop
      vertex -18.854513375547455 2.1175169377979275 0.0038034057617153394
      vertex -40.22248306220207 38.101162718642435 0.0038034057617153394
      vertex -2.1175169377979275 4.23883728135757 0.0038034057617153394
    endloop
  endfacet
  facet normal -0.7071067811865476 0 0.7071067811865476
    outer loop
      vertex -45.285400390625 2.836294555664068 2.543796691894528
      vertex -42.49139404296875 0.042295837402349434 5.337803039550778
      vertex -42.49139404296875 42.39043273925782 5.337803039550778
    endloop
  endfacet
  facet normal 0.7071087120354088 0 0.7071048503324137
    outer loop
      vertex -39.69740295410156 2.836294555664068 2.543796691894528
      vertex -42.49139404296875 42.39043273925782 5.337803039550778
      vertex -42.49139404296875 0.042295837402349434 5.337803039550778
    endloop
  endfacet
  facet normal -0.7071067811865476 0 0.7071067811865476
    outer loop
      vertex -45.285400390625 2.836294555664068 2.543796691894528
      vertex -42.49139404296875 42.39043273925782 5.337803039550778
      vertex -45.285400390625 39.59644165039063 2.543796691894528
    endloop
  endfacet
  facet normal 0.7071087120354089 0 0.7071048503324138
    outer loop
      vertex -39.69740295410156 2.836294555664068 2.543796691894528
      vertex -39.69740295410156 39.59644165039063 2.543796691894528
      vertex -42.49139404296875 42.39043273925782 5.337803039550778
    endloop
  endfacet
  facet normal 0 0 1
    outer loop
      vertex -39.69740295410156 2.836294555664068 2.543796691894528
      vertex -2.943603515625 39.59644165039063 2.543796691894528
      vertex -39.69740295410156 39.59644165039063 2.543796691894528
    endloop
  endfacet
  facet normal 0 -0.7071087120354089 0.7071048503324138
    outer loop
      vertex -39.69740295410156 39.59644165039063 2.543796691894528
      vertex -2.943603515625 39.59644165039063 2.543796691894528
      vertex -42.49139404296875 42.39043273925782 5.337803039550778
    endloop
  endfacet
  facet normal 0 0 -1
    outer loop
      vertex -82.56248306220208 80 0.0038034057617153394
      vertex -44.457516937797934 46.57883728135757 0.0038034057617153394
      vertex -78.66493487393652 44.457516937797934 0.0038034057617153394
    endloop
  endfacet
  facet normal 0 0.7071067811865475 0.7071067811865475
    outer loop
      vertex -82.03919982910156 45.18443908691407 2.543796691894528
      vertex -42.49139404296875 42.39043273925782 5.337803039550778
      vertex -45.285400390625 45.18443908691407 2.543796691894528
    endloop
  endfacet
  facet normal 0 0 1
    outer loop
      vertex -82.03919982910156 45.18443908691407 2.543796691894528
      vertex -45.285400390625 45.18443908691407 2.543796691894528
      vertex -45.285400390625 81.94458618164063 2.543796691894528
    endloop
  endfacet
  facet normal 0 0 1
    outer loop
      vertex -82.03919982910156 45.18443908691407 2.543796691894528
      vertex -45.285400390625 81.94458618164063 2.543796691894528
      vertex -82.03919982910156 81.94458618164063 2.543796691894528
    endloop
  endfacet
  facet normal 0 -0.7071067811865475 0.7071067811865475
    outer loop
      vertex -82.03919982910156 81.94458618164063 2.543796691894528
      vertex -45.285400390625 81.94458618164063 2.543796691894528
      vertex -84.83319854736328 84.73859252929688 5.337803039550778
    endloop
  endfacet
  facet normal 0 0 -1
    outer loop
      vertex -82.56248306220208 80 0.0038034057617153394
      vertex -44.457516937797934 80 0.0038034057617153394
      vertex -44.457516937797934 46.57883728135757 0.0038034057617153394
    endloop
  endfacet
  facet normal 0 0.7071067811865475 -0.7071067811865475
    outer loop
      vertex -131.61999893188477 81.94458618164063 0.0038034057617153394
      vertex -131.61999893188477 87.2785858154297 5.337803039550778
      vertex 98.44049072265625 87.2785858154297 5.337803039550778
    endloop
  endfacet
  facet normal 0 -0.7071067811865476 0.7071067811865476
    outer loop
      vertex -84.83319854736328 84.73859252929688 5.337803039550778
      vertex -45.285400390625 81.94458618164063 2.543796691894528
      vertex -42.49139404296875 84.73859252929688 5.337803039550778
    endloop
  endfacet
  facet normal 0 1 0
    outer loop
      vertex -131.61999893188477 87.2785858154297 5.337803039550778
      vertex -106.98200225830078 87.2785858154297 9.147792968749997
      vertex 98.44049072265625 87.2785858154297 5.337803039550778
    endloop
  endfacet
  facet normal -0.7071067811865476 0 0.7071067811865476
    outer loop
      vertex -42.49139404296875 42.39043273925782 5.337803039550778
      vertex -45.285400390625 81.94458618164063 2.543796691894528
      vertex -45.285400390625 45.18443908691407 2.543796691894528
    endloop
  endfacet
  facet normal 0 0.7071067811865475 0.7071067811865475
    outer loop
      vertex -42.49139404296875 42.39043273925782 5.337803039550778
      vertex -2.943603515625 45.18443908691407 2.543796691894528
      vertex -39.69740295410156 45.18443908691407 2.543796691894528
    endloop
  endfacet
  facet normal 0 0 -1
    outer loop
      vertex -40.22248306220207 46.57883728135757 0.0038034057617153394
      vertex -40.22248306220207 80 0.0038034057617153394
      vertex -2.1175169377979275 46.57883728135757 0.0038034057617153394
    endloop
  endfacet
  facet normal 0.7071087120354088 0 0.7071048503324137
    outer loop
      vertex -42.49139404296875 42.39043273925782 5.337803039550778
      vertex -39.69740295410156 45.18443908691407 2.543796691894528
      vertex -42.49139404296875 84.73859252929688 5.337803039550778
    endloop
  endfacet
  facet normal 0.7071087120354089 0 0.7071048503324138
    outer loop
      vertex -39.69740295410156 45.18443908691407 2.543796691894528
      vertex -39.69740295410156 81.94458618164063 2.543796691894528
      vertex -42.49139404296875 84.73859252929688 5.337803039550778
    endloop
  endfacet
  facet normal 0 0 -1
    outer loop
      vertex -131.61999893188477 81.94458618164063 0.0038034057617153394
      vertex 99.77398681640625 81.94458618164063 0.0038034057617153394
      vertex -86.79751693779794 80 0.0038034057617153394
    endloop
  endfacet
  facet normal 0 0 1
    outer loop
      vertex -39.69740295410156 45.18443908691407 2.543796691894528
      vertex -2.943603515625 81.94458618164063 2.543796691894528
      vertex -39.69740295410156 81.94458618164063 2.543796691894528
    endloop
  endfacet
  facet normal 0 0 -1
    outer loop
      vertex 99.77398681640625 81.94458618164063 0.0038034057617153394
      vertex -82.56248306220208 80 0.0038034057617153394
      vertex -86.79751693779794 80 0.0038034057617153394
    endloop
  endfacet
  facet normal 0 -0.7071067811865475 0.7071067811865475
    outer loop
      vertex -39.69740295410156 81.94458618164063 2.543796691894528
      vertex -2.943603515625 81.94458618164063 2.543796691894528
      vertex -42.49139404296875 84.73859252929688 5.337803039550778
    endloop
  endfacet
  facet normal -0.7071067811865476 0 0.7071067811865476
    outer loop
      vertex -42.49139404296875 42.39043273925782 5.337803039550778
      vertex -42.49139404296875 84.73859252929688 5.337803039550778
      vertex -45.285400390625 81.94458618164063 2.543796691894528
    endloop
  endfacet
  facet normal 0 0.707113860927041 -0.7070997013751691
    outer loop
      vertex -106.98200225830078 87.2785858154297 9.147792968749997
      vertex -106.22000122070312 88.04057922363282 9.909801635742184
      vertex 97.48800659179688 87.2785858154297 9.147792968749997
    endloop
  endfacet
  facet normal 0 1 0
    outer loop
      vertex -106.22000122070312 88.04057922363282 9.909801635742184
      vertex -106.22000122070312 88.04057922363282 11.814800415039059
      vertex 96.82125854492188 88.04057922363282 11.814800415039059
    endloop
  endfacet
  facet normal 0 0.7071067811865476 0.7071067811865476
    outer loop
      vertex -106.22000122070312 88.04057922363282 11.814800415039059
      vertex -106.98200225830078 87.2785858154297 12.576793823242184
      vertex 96.6307373046875 87.2785858154297 12.576793823242184
    endloop
  endfacet
  facet normal -1 0 0
    outer loop
      vertex -131.61999893188477 -84.65399990081787 28.68040100097656
      vertex -131.61999893188477 84.73859252929688 28.68040100097656
      vertex -131.61999893188477 81.94458618164063 0.0038034057617153394
    endloop
  endfacet
  facet normal 0 0 1
    outer loop
      vertex -129.0800018310547 -84.65399990081787 28.68040100097656
      vertex -129.0800018310547 84.73859252929688 28.68040100097656
      vertex -131.61999893188477 84.73859252929688 28.68040100097656
    endloop
  endfacet
  facet normal 0 1 0
    outer loop
      vertex -131.61999893188477 87.2785858154297 5.337803039550778
      vertex -131.61999893188477 87.2785858154297 27.38500610351562
      vertex -106.98200225830078 87.2785858154297 12.576793823242184
    endloop
  endfacet
  facet normal -1 0 0
    outer loop
      vertex -131.61999893188477 87.2785858154297 5.337803039550778
      vertex -131.61999893188477 84.73859252929688 28.68040100097656
      vertex -131.61999893188477 87.2785858154297 27.38500610351562
    endloop
  endfacet
  facet normal 0 1 0
    outer loop
      vertex -106.98200225830078 87.2785858154297 12.576793823242184
      vertex -131.61999893188477 87.2785858154297 27.38500610351562
      vertex -106.98200225830078 87.2785858154297 20.14599243164062
    endloop
  endfacet
  facet normal -0.7071032412719974 0.7071103210833762 0
    outer loop
      vertex -106.98200225830078 87.2785858154297 20.14599243164062
      vertex -106.98200225830078 87.2785858154297 23.57499328613281
      vertex -106.22000122070312 88.04057922363282 20.90800109863281
    endloop
  endfacet
  facet normal 0 1 0
    outer loop
      vertex -106.98200225830078 87.2785858154297 20.14599243164062
      vertex -131.61999893188477 87.2785858154297 27.38500610351562
      vertex -106.98200225830078 87.2785858154297 23.57499328613281
    endloop
  endfacet
  facet normal -0.7071032412719974 0.7071103210833762 0
    outer loop
      vertex -106.22000122070312 88.04057922363282 20.90800109863281
      vertex -106.98200225830078 87.2785858154297 23.57499328613281
      vertex -106.22000122070312 88.04057922363282 22.812999877929684
    endloop
  endfacet
  facet normal -1 0 0
    outer loop
      vertex -131.61999893188477 87.2785858154297 27.38500610351562
      vertex -131.61999893188477 84.73859252929688 28.68040100097656
      vertex -131.61999893188477 87.18089904785157 27.613735351562497
    endloop
  endfacet
  facet normal -1 0 0
    outer loop
      vertex -131.61999893188477 87.18089904785157 27.613735351562497
      vertex -131.61999893188477 84.73859252929688 28.68040100097656
      vertex -131.61999893188477 87.0726531982422 27.837673339843747
    endloop
  endfacet
  facet normal -1 0 0
    outer loop
      vertex -131.61999893188477 87.0726531982422 27.837673339843747
      vertex -131.61999893188477 84.73859252929688 28.68040100097656
      vertex -131.61999893188477 86.95409240722657 28.05631652832031
    endloop
  endfacet
  facet normal -1 0 0
    outer loop
      vertex -131.61999893188477 86.95409240722657 28.05631652832031
      vertex -131.61999893188477 84.73859252929688 28.68040100097656
      vertex -131.61999893188477 86.82547607421876 28.26920715332031
    endloop
  endfacet
  facet normal -1 0 0
    outer loop
      vertex -131.61999893188477 86.82547607421876 28.26920715332031
      vertex -131.61999893188477 84.73859252929688 28.68040100097656
      vertex -131.61999893188477 86.68706359863282 28.475856933593747
    endloop
  endfacet
  facet normal -1 0 0
    outer loop
      vertex -131.61999893188477 84.73859252929688 28.68040100097656
      vertex -131.61999893188477 84.73953857421876 28.718654785156247
      vertex -131.61999893188477 84.74239196777344 28.75681701660156
    endloop
  endfacet
  facet normal -1 0 0
    outer loop
      vertex -131.61999893188477 84.73859252929688 28.68040100097656
      vertex -131.61999893188477 84.74239196777344 28.75681701660156
      vertex -131.61999893188477 84.75379028320313 28.832470092773434
    endloop
  endfacet
  facet normal 0 -0.999694335109715 0.02472319456593631
    outer loop
      vertex -131.61999893188477 84.73859252929688 28.68040100097656
      vertex -129.0800018310547 84.73859252929688 28.68040100097656
      vertex -131.61999893188477 84.73953857421876 28.718654785156247
    endloop
  endfacet
  facet normal -1 0 0
    outer loop
      vertex -131.61999893188477 84.74239196777344 28.75681701660156
      vertex -131.61999893188477 84.74715270996094 28.79478088378906
      vertex -131.61999893188477 84.75379028320313 28.832470092773434
    endloop
  endfacet
  facet normal -1 0 0
    outer loop
      vertex -131.61999893188477 84.73859252929688 28.68040100097656
      vertex -131.61999893188477 84.75379028320313 28.832470092773434
      vertex -131.61999893188477 84.77265014648438 28.90661254882812
    endloop
  endfacet
  facet normal -1 0 0
    outer loop
      vertex -131.61999893188477 84.75379028320313 28.832470092773434
      vertex -131.61999893188477 84.76228942871094 28.869777832031247
      vertex -131.61999893188477 84.77265014648438 28.90661254882812
    endloop
  endfacet
  facet normal -1 0 0
    outer loop
      vertex -131.61999893188477 84.77265014648438 28.90661254882812
      vertex -131.61999893188477 84.78482666015626 28.942882690429684
      vertex -131.61999893188477 84.81452026367188 29.013393554687497
    endloop
  endfacet
  facet normal -1 0 0
    outer loop
      vertex -131.61999893188477 84.78482666015626 28.942882690429684
      vertex -131.61999893188477 84.79878845214844 28.97851196289062
      vertex -131.61999893188477 84.81452026367188 29.013393554687497
    endloop
  endfacet
  facet normal -1 0 0
    outer loop
      vertex -131.61999893188477 84.73859252929688 28.68040100097656
      vertex -131.61999893188477 84.77265014648438 28.90661254882812
      vertex -131.61999893188477 86.0418914794922 29.23142639160156
    endloop
  endfacet
  facet normal -1 0 0
    outer loop
      vertex -131.61999893188477 84.83196105957032 29.04746643066406
      vertex -131.61999893188477 84.85108032226563 29.08060852050781
      vertex -131.61999893188477 84.894140625 29.14384094238281
    endloop
  endfacet
  facet normal -1 0 0
    outer loop
      vertex -131.61999893188477 84.77265014648438 28.90661254882812
      vertex -131.61999893188477 84.81452026367188 29.013393554687497
      vertex -131.61999893188477 85.85588684082032 29.36460510253906
    endloop
  endfacet
  facet normal -1 0 0
    outer loop
      vertex -131.61999893188477 84.85108032226563 29.08060852050781
      vertex -131.61999893188477 84.87181701660157 29.112758789062497
      vertex -131.61999893188477 84.894140625 29.14384094238281
    endloop
  endfacet
  facet normal -1 0 0
    outer loop
      vertex -131.61999893188477 84.83196105957032 29.04746643066406
      vertex -131.61999893188477 84.894140625 29.14384094238281
      vertex -131.61999893188477 84.94328918457032 29.202480468749997
    endloop
  endfacet
  facet normal -1 0 0
    outer loop
      vertex -131.61999893188477 84.81452026367188 29.013393554687497
      vertex -131.61999893188477 84.83196105957032 29.04746643066406
      vertex -131.61999893188477 85.19006958007813 29.38023010253906
    endloop
  endfacet
  facet normal -1 0 0
    outer loop
      vertex -131.61999893188477 84.894140625 29.14384094238281
      vertex -131.61999893188477 84.9179901123047 29.173778686523434
      vertex -131.61999893188477 84.94328918457032 29.202480468749997
    endloop
  endfacet
  facet normal -1 0 0
    outer loop
      vertex -131.61999893188477 84.83196105957032 29.04746643066406
      vertex -131.61999893188477 84.94328918457032 29.202480468749997
      vertex -131.61999893188477 85.02730407714844 29.28055969238281
    endloop
  endfacet
  facet normal -1 0 0
    outer loop
      vertex -131.61999893188477 84.94328918457032 29.202480468749997
      vertex -131.61999893188477 84.96997680664063 29.22990051269531
      vertex -131.61999893188477 85.02730407714844 29.28055969238281
    endloop
  endfacet
  facet normal -1 0 0
    outer loop
      vertex -131.61999893188477 84.83196105957032 29.04746643066406
      vertex -131.61999893188477 85.02730407714844 29.28055969238281
      vertex -131.61999893188477 85.19006958007813 29.38023010253906
    endloop
  endfacet
  facet normal -1 0 0
    outer loop
      vertex -131.61999893188477 84.96997680664063 29.22990051269531
      vertex -131.61999893188477 84.99800720214844 29.255947265624997
      vertex -131.61999893188477 85.02730407714844 29.28055969238281
    endloop
  endfacet
  facet normal -1 0 0
    outer loop
      vertex -131.61999893188477 84.81452026367188 29.013393554687497
      vertex -131.61999893188477 85.19006958007813 29.38023010253906
      vertex -131.61999893188477 85.85588684082032 29.36460510253906
    endloop
  endfacet
  facet normal -1 0 0
    outer loop
      vertex -131.61999893188477 85.05779113769532 29.30369201660156
      vertex -131.61999893188477 85.08939208984376 29.325283203124997
      vertex -131.61999893188477 85.02730407714844 29.28055969238281
    endloop
  endfacet
  facet normal -1 0 0
    outer loop
      vertex -131.61999893188477 85.02730407714844 29.28055969238281
      vertex -131.61999893188477 85.08939208984376 29.325283203124997
      vertex -131.61999893188477 85.19006958007813 29.38023010253906
    endloop
  endfacet
  facet normal -1 0 0
    outer loop
      vertex -131.61999893188477 85.08939208984376 29.325283203124997
      vertex -131.61999893188477 85.155615234375 29.363598022460934
      vertex -131.61999893188477 85.19006958007813 29.38023010253906
    endloop
  endfacet
  facet normal -1 0 0
    outer loop
      vertex -131.61999893188477 85.08939208984376 29.325283203124997
      vertex -131.61999893188477 85.12201538085938 29.34525695800781
      vertex -131.61999893188477 85.155615234375 29.363598022460934
    endloop
  endfacet
  facet normal -1 0 0
    outer loop
      vertex -131.61999893188477 85.2612518310547 29.40826049804687
      vertex -131.61999893188477 85.29781188964844 29.419582519531247
      vertex -131.61999893188477 85.2253173828125 29.39513793945312
    endloop
  endfacet
  facet normal -1 0 0
    outer loop
      vertex -131.61999893188477 85.19006958007813 29.38023010253906
      vertex -131.61999893188477 85.29781188964844 29.419582519531247
      vertex -131.61999893188477 85.33487548828126 29.42907348632812
    endloop
  endfacet
  facet normal -1 0 0
    outer loop
      vertex -131.61999893188477 85.19006958007813 29.38023010253906
      vertex -131.61999893188477 85.2253173828125 29.39513793945312
      vertex -131.61999893188477 85.29781188964844 29.419582519531247
    endloop
  endfacet
  facet normal -1 0 0
    outer loop
      vertex -131.61999893188477 84.73859252929688 28.68040100097656
      vertex -131.61999893188477 86.3821014404297 28.86869445800781
      vertex -131.61999893188477 86.53916015625 28.67583862304687
    endloop
  endfacet
  facet normal -1 0 0
    outer loop
      vertex -131.61999893188477 86.68706359863282 28.475856933593747
      vertex -131.61999893188477 84.73859252929688 28.68040100097656
      vertex -131.61999893188477 86.53916015625 28.67583862304687
    endloop
  endfacet
  facet normal -1 0 0
    outer loop
      vertex -131.61999893188477 84.73859252929688 28.68040100097656
      vertex -131.61999893188477 86.21623840332032 29.054027709960934
      vertex -131.61999893188477 86.3821014404297 28.86869445800781
    endloop
  endfacet
  facet normal -1 0 0
    outer loop
      vertex -131.61999893188477 84.73859252929688 28.68040100097656
      vertex -131.61999893188477 86.0418914794922 29.23142639160156
      vertex -131.61999893188477 86.21623840332032 29.054027709960934
    endloop
  endfacet
  facet normal -1 0 0
    outer loop
      vertex -131.61999893188477 84.77265014648438 28.90661254882812
      vertex -131.61999893188477 85.85588684082032 29.36460510253906
      vertex -131.61999893188477 86.0418914794922 29.23142639160156
    endloop
  endfacet
  facet normal -1 0 0
    outer loop
      vertex -131.61999893188477 85.85588684082032 29.36460510253906
      vertex -131.61999893188477 86.01378479003907 29.257396850585934
      vertex -131.61999893188477 86.0418914794922 29.23142639160156
    endloop
  endfacet
  facet normal -1 0 0
    outer loop
      vertex -131.61999893188477 85.9538787841797 29.30497375488281
      vertex -131.61999893188477 86.01378479003907 29.257396850585934
      vertex -131.61999893188477 85.85588684082032 29.36460510253906
    endloop
  endfacet
  facet normal -1 0 0
    outer loop
      vertex -131.61999893188477 85.9538787841797 29.30497375488281
      vertex -131.61999893188477 85.85588684082032 29.36460510253906
      vertex -131.61999893188477 85.922216796875 29.32647338867187
    endloop
  endfacet
  facet normal -1 0 0
    outer loop
      vertex -131.61999893188477 85.19006958007813 29.38023010253906
      vertex -131.61999893188477 85.33487548828126 29.42907348632812
      vertex -131.61999893188477 85.85588684082032 29.36460510253906
    endloop
  endfacet
  facet normal -1 0 0
    outer loop
      vertex -131.61999893188477 85.44827880859376 29.446315917968747
      vertex -131.61999893188477 85.48648681640626 29.448269042968747
      vertex -131.61999893188477 85.41020812988282 29.442455444335934
    endloop
  endfacet
  facet normal -1 0 0
    outer loop
      vertex -131.61999893188477 85.41020812988282 29.442455444335934
      vertex -131.61999893188477 85.56297912597657 29.446483764648434
      vertex -131.61999893188477 85.33487548828126 29.42907348632812
    endloop
  endfacet
  facet normal -1 0 0
    outer loop
      vertex -131.61999893188477 85.41020812988282 29.442455444335934
      vertex -131.61999893188477 85.33487548828126 29.42907348632812
      vertex -131.61999893188477 85.37238159179688 29.43670288085937
    endloop
  endfacet
  facet normal -1 0 0
    outer loop
      vertex -131.61999893188477 85.33487548828126 29.42907348632812
      vertex -131.61999893188477 85.67642822265626 29.42956176757812
      vertex -131.61999893188477 85.85588684082032 29.36460510253906
    endloop
  endfacet
  facet normal -1 0 0
    outer loop
      vertex -131.61999893188477 85.60106506347657 29.44273010253906
      vertex -131.61999893188477 85.67642822265626 29.42956176757812
      vertex -131.61999893188477 85.56297912597657 29.446483764648434
    endloop
  endfacet
  facet normal -1 0 0
    outer loop
      vertex -131.61999893188477 85.41020812988282 29.442455444335934
      vertex -131.61999893188477 85.524755859375 29.448330078124997
      vertex -131.61999893188477 85.56297912597657 29.446483764648434
    endloop
  endfacet
  facet normal -1 0 0
    outer loop
      vertex -131.61999893188477 85.41020812988282 29.442455444335934
      vertex -131.61999893188477 85.48648681640626 29.448269042968747
      vertex -131.61999893188477 85.524755859375 29.448330078124997
    endloop
  endfacet
  facet normal -1 0 0
    outer loop
      vertex -131.61999893188477 85.33487548828126 29.42907348632812
      vertex -131.61999893188477 85.56297912597657 29.446483764648434
      vertex -131.61999893188477 85.67642822265626 29.42956176757812
    endloop
  endfacet
  facet normal -1 0 0
    outer loop
      vertex -131.61999893188477 85.85588684082032 29.36460510253906
      vertex -131.61999893188477 85.7135223388672 29.420177612304684
      vertex -131.61999893188477 85.82138671875 29.38114562988281
    endloop
  endfacet
  facet normal -1 0 0
    outer loop
      vertex -131.61999893188477 85.922216796875 29.32647338867187
      vertex -131.61999893188477 85.85588684082032 29.36460510253906
      vertex -131.61999893188477 85.88953247070313 29.34635559082031
    endloop
  endfacet
  facet normal -1 0 0
    outer loop
      vertex -131.61999893188477 85.82138671875 29.38114562988281
      vertex -131.61999893188477 85.75011291503907 29.408962402343747
      vertex -131.61999893188477 85.78609313964844 29.395946655273434
    endloop
  endfacet
  facet normal -1 0 0
    outer loop
      vertex -131.61999893188477 85.82138671875 29.38114562988281
      vertex -131.61999893188477 85.7135223388672 29.420177612304684
      vertex -131.61999893188477 85.75011291503907 29.408962402343747
    endloop
  endfacet
  facet normal -1 0 0
    outer loop
      vertex -131.61999893188477 85.85588684082032 29.36460510253906
      vertex -131.61999893188477 85.67642822265626 29.42956176757812
      vertex -131.61999893188477 85.7135223388672 29.420177612304684
    endloop
  endfacet
  facet normal -1 0 0
    outer loop
      vertex -131.61999893188477 85.60106506347657 29.44273010253906
      vertex -131.61999893188477 85.63890686035157 29.437084350585934
      vertex -131.61999893188477 85.67642822265626 29.42956176757812
    endloop
  endfacet
  facet normal -1 0 0
    outer loop
      vertex -131.61999893188477 85.9538787841797 29.30497375488281
      vertex -131.61999893188477 85.98442687988282 29.281932983398434
      vertex -131.61999893188477 86.01378479003907 29.257396850585934
    endloop
  endfacet
  facet normal 0 1 0
    outer loop
      vertex -106.98200225830078 87.2785858154297 12.576793823242184
      vertex -106.98200225830078 87.2785858154297 20.14599243164062
      vertex 94.73846435546875 87.2785858154297 20.14599243164062
    endloop
  endfacet
  facet normal 0 0.707113860927041 -0.7070997013751691
    outer loop
      vertex -106.98200225830078 87.2785858154297 20.14599243164062
      vertex -106.22000122070312 88.04057922363282 20.90800109863281
      vertex 94.73846435546875 87.2785858154297 20.14599243164062
    endloop
  endfacet
  facet normal 0 -1 0
    outer loop
      vertex -42.49139404296875 84.73859252929688 5.337803039550778
      vertex 86.25485229492188 84.73859252929688 28.68040100097656
      vertex -129.0800018310547 84.73859252929688 28.68040100097656
    endloop
  endfacet
  facet normal -0.000006345929946995301 0.9196393367772996 0.3927639115442476
    outer loop
      vertex -131.61999893188477 87.2785858154297 27.38500610351562
      vertex -131.61999893188477 87.18089904785157 27.613735351562497
      vertex 92.89633178710938 87.22485961914063 27.514431152343747
    endloop
  endfacet
  facet normal 0 1 0
    outer loop
      vertex -106.98200225830078 87.2785858154297 23.57499328613281
      vertex -131.61999893188477 87.2785858154297 27.38500610351562
      vertex 92.9287109375 87.2785858154297 27.38500610351562
    endloop
  endfacet
  facet normal -0.0000028922313558365106 0.9003345306612798 0.43519849826322693
    outer loop
      vertex -131.61999893188477 87.18089904785157 27.613735351562497
      vertex -131.61999893188477 87.0726531982422 27.837673339843747
      vertex 92.86434936523438 87.16776123046876 27.642406616210934
    endloop
  endfacet
  facet normal -0.000002566971674857667 0.879074558382765 0.4766842988787832
    outer loop
      vertex -131.61999893188477 87.0726531982422 27.837673339843747
      vertex -131.61999893188477 86.95409240722657 28.05631652832031
      vertex 92.80938720703125 87.06000366210938 27.862209472656247
    endloop
  endfacet
  facet normal -0.00000226822729834661 0.8559245928083823 0.5171006588863141
    outer loop
      vertex -131.61999893188477 86.95409240722657 28.05631652832031
      vertex -131.61999893188477 86.82547607421876 28.26920715332031
      vertex 92.7557373046875 86.94229736328126 28.07682434082031
    endloop
  endfacet
  facet normal -0.0000018499935847499586 0.8308496863293942 0.5564968991134855
    outer loop
      vertex -131.61999893188477 86.82547607421876 28.26920715332031
      vertex -131.61999893188477 86.68706359863282 28.475856933593747
      vertex 92.7034912109375 86.81485595703126 28.28580871582031
    endloop
  endfacet
  facet normal 0 -0.9996943351097148 0.024723194565936305
    outer loop
      vertex -131.61999893188477 84.73953857421876 28.718654785156247
      vertex -129.0800018310547 84.73859252929688 28.68040100097656
      vertex 86.25485229492188 84.73859252929688 28.68040100097656
    endloop
  endfacet
  facet normal -2.8156421351979926e-7 -0.9972163827498175 0.07456196064542818
    outer loop
      vertex -131.61999893188477 84.73953857421876 28.718654785156247
      vertex 92.5865478515625 84.7420867919922 28.75358215332031
      vertex -131.61999893188477 84.74239196777344 28.75681701660156
    endloop
  endfacet
  facet normal -5.063716047884869e-7 -0.9922287152335206 0.1244273951579013
    outer loop
      vertex -131.61999893188477 84.74239196777344 28.75681701660156
      vertex 92.57745361328125 84.746435546875 28.78997436523437
      vertex -131.61999893188477 84.74715270996094 28.79478088378906
    endloop
  endfacet
  facet normal -5.738322413752155e-7 -0.9848437094342231 0.17344413506230244
    outer loop
      vertex -131.61999893188477 84.74715270996094 28.79478088378906
      vertex 92.56842041015625 84.7525390625 28.82610717773437
      vertex -131.61999893188477 84.75379028320313 28.832470092773434
    endloop
  endfacet
  facet normal -7.085690611224409e-7 -0.9750191260706309 0.22212092156292082
    outer loop
      vertex -131.61999893188477 84.75379028320313 28.832470092773434
      vertex 92.55947875976562 84.76033630371094 28.86191955566406
      vertex -131.61999893188477 84.76228942871094 28.869777832031247
    endloop
  endfacet
  facet normal -8.139327832718258e-7 -0.9626444439833981 0.2707686733491
    outer loop
      vertex -131.61999893188477 84.76228942871094 28.869777832031247
      vertex 92.55062866210938 84.76984252929688 28.897304687499997
      vertex -131.61999893188477 84.77265014648438 28.90661254882812
    endloop
  endfacet
  facet normal -9.032975142999369e-7 -0.9480031178711769 0.31826103830929703
    outer loop
      vertex -131.61999893188477 84.77265014648438 28.90661254882812
      vertex 92.54190063476562 84.7810272216797 28.932201538085934
      vertex -131.61999893188477 84.78482666015626 28.942882690429684
    endloop
  endfacet
  facet normal -9.118915610896047e-7 -0.9310661774331433 0.36485034361941165
    outer loop
      vertex -131.61999893188477 84.78482666015626 28.942882690429684
      vertex 92.5333251953125 84.79387512207032 28.96653381347656
      vertex -131.61999893188477 84.79878845214844 28.97851196289062
    endloop
  endfacet
  facet normal -0.0000010134213639892504 -0.9115779660026874 0.41112724538441414
    outer loop
      vertex -131.61999893188477 84.79878845214844 28.97851196289062
      vertex 92.52490234375 84.8083251953125 29.000209960937497
      vertex -131.61999893188477 84.81452026367188 29.013393554687497
    endloop
  endfacet
  facet normal -0.0000010222294236537564 -0.8901616867939934 0.45564478638850625
    outer loop
      vertex -131.61999893188477 84.81452026367188 29.013393554687497
      vertex 92.51666259765625 84.82437744140626 29.033153686523434
      vertex -131.61999893188477 84.83196105957032 29.04746643066406
    endloop
  endfacet
  facet normal -0.0000010839904007545052 -0.866198864402354 0.49969943696876135
    outer loop
      vertex -131.61999893188477 84.83196105957032 29.04746643066406
      vertex 92.50863647460938 84.84197082519532 29.06530395507812
      vertex -131.61999893188477 84.85108032226563 29.08060852050781
    endloop
  endfacet
  facet normal -0.0000010677630108605243 -0.8403611135135434 0.5420269355789774
    outer loop
      vertex -131.61999893188477 84.85108032226563 29.08060852050781
      vertex 92.50082397460938 84.86109008789063 29.096569213867184
      vertex -131.61999893188477 84.87181701660157 29.112758789062497
    endloop
  endfacet
  facet normal -0.0000010543160087496399 -0.812222005038331 0.5833484503539903
    outer loop
      vertex -131.61999893188477 84.87181701660157 29.112758789062497
      vertex 92.49322509765625 84.88167419433594 29.12688842773437
      vertex -131.61999893188477 84.894140625 29.14384094238281
    endloop
  endfacet
  facet normal -0.0000010373248023699183 -0.782150618792563 0.6230894073255738
    outer loop
      vertex -131.61999893188477 84.894140625 29.14384094238281
      vertex 92.48590087890625 84.90367736816407 29.15618530273437
      vertex -131.61999893188477 84.9179901123047 29.173778686523434
    endloop
  endfacet
  facet normal -0.0000010403733467809713 -0.7501752782435224 0.6612390278191175
    outer loop
      vertex -131.61999893188477 84.9179901123047 29.173778686523434
      vertex 92.47885131835938 84.92705383300782 29.184414062499997
      vertex -131.61999893188477 84.94328918457032 29.202480468749997
    endloop
  endfacet
  facet normal -9.388414186533674e-7 -0.716612795834458 0.6974712186502321
    outer loop
      vertex -131.61999893188477 84.94328918457032 29.202480468749997
      vertex 92.47207641601562 84.9517578125 29.21148315429687
      vertex -131.61999893188477 84.96997680664063 29.22990051269531
    endloop
  endfacet
  facet normal -8.419671693919213e-7 -0.6807110805029686 0.7325519946596094
    outer loop
      vertex -131.61999893188477 84.96997680664063 29.22990051269531
      vertex 92.46560668945312 84.97771301269532 29.23734680175781
      vertex -131.61999893188477 84.99800720214844 29.255947265624997
    endloop
  endfacet
  facet normal -7.358293497926893e-7 -0.6432388469682989 0.7656655834960533
    outer loop
      vertex -131.61999893188477 84.99800720214844 29.255947265624997
      vertex 92.45947265625 85.00488891601563 29.26194396972656
      vertex -131.61999893188477 85.02730407714844 29.28055969238281
    endloop
  endfacet
  facet normal -6.574481907453444e-7 -0.6044562922959105 0.79663830607337
    outer loop
      vertex -131.61999893188477 85.05779113769532 29.30369201660156
      vertex -131.61999893188477 85.02730407714844 29.28055969238281
      vertex 92.45364379882812 85.03319396972657 29.28521362304687
    endloop
  endfacet
  facet normal -4.135364908990058e-7 -0.5221597808885645 0.8528476787927814
    outer loop
      vertex -131.61999893188477 85.08939208984376 29.325283203124997
      vertex 92.44305419921875 85.09297790527344 29.327587280273434
      vertex -131.61999893188477 85.12201538085938 29.34525695800781
    endloop
  endfacet
  facet normal -5.319783552168422e-7 -0.5641406776859957 0.8256786879771711
    outer loop
      vertex -131.61999893188477 85.05779113769532 29.30369201660156
      vertex 92.44818115234375 85.06258239746094 29.30710998535156
      vertex -131.61999893188477 85.08939208984376 29.325283203124997
    endloop
  endfacet
  facet normal -2.734166262268938e-7 -0.47913138860529675 0.8777431927694371
    outer loop
      vertex -131.61999893188477 85.12201538085938 29.34525695800781
      vertex 92.43829345703125 85.12431945800782 29.346584472656247
      vertex -131.61999893188477 85.155615234375 29.363598022460934
    endloop
  endfacet
  facet normal -2.570133952146606e-7 -0.3895359345420732 0.9210112679551578
    outer loop
      vertex -131.61999893188477 85.19006958007813 29.38023010253906
      vertex 92.42636108398438 85.22325744628907 29.39432922363281
      vertex -131.61999893188477 85.2253173828125 29.39513793945312
    endloop
  endfacet
  facet normal -1.5449590386018504e-7 -0.434726758803341 0.9005624049338936
    outer loop
      vertex -131.61999893188477 85.19006958007813 29.38023010253906
      vertex -131.61999893188477 85.155615234375 29.363598022460934
      vertex 92.43392944335938 85.1565155029297 29.36407104492187
    endloop
  endfacet
  facet normal -5.550109939950276e-7 -0.2958223253514967 0.9552429805150756
    outer loop
      vertex -131.61999893188477 85.2612518310547 29.40826049804687
      vertex 92.42044067382812 85.29256286621094 29.41808715820312
      vertex -131.61999893188477 85.29781188964844 29.419582519531247
    endloop
  endfacet
  facet normal -3.549143093048288e-7 -0.3430237714005166 0.9393267228467634
    outer loop
      vertex -131.61999893188477 85.2612518310547 29.40826049804687
      vertex -131.61999893188477 85.2253173828125 29.39513793945312
      vertex 92.42318725585938 85.25763549804688 29.40702453613281
    endloop
  endfacet
  facet normal -0.000001488413856419951 0.8040014429673582 0.5946273452374945
    outer loop
      vertex -131.61999893188477 86.68706359863282 28.475856933593747
      vertex -131.61999893188477 86.53916015625 28.67583862304687
      vertex 92.65277099609375 86.6779541015625 28.488735351562497
    endloop
  endfacet
  facet normal -0.0000011391716230282171 0.775398524938847 0.6314721906159942
    outer loop
      vertex -131.61999893188477 86.53916015625 28.67583862304687
      vertex -131.61999893188477 86.3821014404297 28.86869445800781
      vertex 92.60366821289062 86.53189697265626 28.68516174316406
    endloop
  endfacet
  facet normal -8.477059267173183e-7 0.7451642899641973 0.6668809346213423
    outer loop
      vertex -131.61999893188477 86.3821014404297 28.86869445800781
      vertex -131.61999893188477 86.21623840332032 29.054027709960934
      vertex 92.5562744140625 86.37698974609376 28.87469116210937
    endloop
  endfacet
  facet normal -4.2479650749061384e-7 0.7132148230083366 0.7009455158862252
    outer loop
      vertex -131.61999893188477 86.21623840332032 29.054027709960934
      vertex -131.61999893188477 86.0418914794922 29.23142639160156
      vertex 92.51071166992188 86.21353759765626 29.056911621093747
    endloop
  endfacet
  facet normal -9.308653469895818e-7 0.6021671909576255 0.7983700107928253
    outer loop
      vertex -131.61999893188477 85.9538787841797 29.30497375488281
      vertex 92.45263671875 85.97498168945313 29.289318237304684
      vertex -131.61999893188477 85.98442687988282 29.281932983398434
    endloop
  endfacet
  facet normal -8.033422531719844e-7 0.5617646346685531 0.8272971021556051
    outer loop
      vertex -131.61999893188477 85.9538787841797 29.30497375488281
      vertex -131.61999893188477 85.922216796875 29.32647338867187
      vertex 92.44729614257812 85.94597473144532 29.310558471679684
    endloop
  endfacet
  facet normal -8.804155310834768e-7 -0.10088545333328057 0.9948980476938143
    outer loop
      vertex -131.61999893188477 85.44827880859376 29.446315917968747
      vertex -131.61999893188477 85.41020812988282 29.442455444335934
      vertex 92.41363525390625 85.43639221191407 29.44530883789062
    endloop
  endfacet
  facet normal -8.007388439581236e-7 -0.15034878874480678 0.9886330167065677
    outer loop
      vertex -131.61999893188477 85.41020812988282 29.442455444335934
      vertex -131.61999893188477 85.37238159179688 29.43670288085937
      vertex 92.4146728515625 85.39998474121094 29.44108215332031
    endloop
  endfacet
  facet normal -7.284028619263867e-7 -0.1993351063845896 0.9799313829866424
    outer loop
      vertex -131.61999893188477 85.37238159179688 29.43670288085937
      vertex -131.61999893188477 85.33487548828126 29.42907348632812
      vertex 92.41616821289062 85.36383666992188 29.435131225585934
    endloop
  endfacet
  facet normal -6.260547484461416e-7 -0.2480682854356274 0.9687425487510272
    outer loop
      vertex -131.61999893188477 85.29781188964844 29.419582519531247
      vertex 92.4180908203125 85.32799377441407 29.427456054687497
      vertex -131.61999893188477 85.33487548828126 29.42907348632812
    endloop
  endfacet
  facet normal -9.56669734930407e-7 0.14756033496481682 0.9890530559803938
    outer loop
      vertex -131.61999893188477 85.60106506347657 29.44273010253906
      vertex 92.41470336914062 85.6142791748047 29.44097534179687
      vertex -131.61999893188477 85.63890686035157 29.437084350585934
    endloop
  endfacet
  facet normal -9.91459392324315e-7 0.09808247565164521 0.9951782895386442
    outer loop
      vertex -131.61999893188477 85.60106506347657 29.44273010253906
      vertex -131.61999893188477 85.56297912597657 29.446483764648434
      vertex 92.41366577148438 85.57855834960938 29.44517150878906
    endloop
  endfacet
  facet normal -0.0000010719175048833154 0.04824714046354058 0.9988354286047038
    outer loop
      vertex -131.61999893188477 85.56297912597657 29.446483764648434
      vertex -131.61999893188477 85.524755859375 29.448330078124997
      vertex 92.41302490234375 85.54268493652344 29.447704467773434
    endloop
  endfacet
  facet normal -0.000001081822679868315 -0.0015948943032770121 0.9999987281546866
    outer loop
      vertex -131.61999893188477 85.524755859375 29.448330078124997
      vertex -131.61999893188477 85.48648681640626 29.448269042968747
      vertex 92.41281127929688 85.5067352294922 29.44854370117187
    endloop
  endfacet
  facet normal -0.0000010303077467564492 -0.05105155369962923 0.9986960192489968
    outer loop
      vertex -131.61999893188477 85.44827880859376 29.446315917968747
      vertex 92.41302490234375 85.47151794433594 29.44773498535156
      vertex -131.61999893188477 85.48648681640626 29.448269042968747
    endloop
  endfacet
  facet normal -1.8649088752368623e-7 0.3867376139718774 0.9221897949659303
    outer loop
      vertex -131.61999893188477 85.82138671875 29.38114562988281
      vertex -131.61999893188477 85.78609313964844 29.395946655273434
      vertex 92.42611694335938 85.78780212402344 29.395275268554684
    endloop
  endfacet
  facet normal -6.289135528497176e-7 0.519706513730304 0.8543448598697706
    outer loop
      vertex -131.61999893188477 85.922216796875 29.32647338867187
      vertex -131.61999893188477 85.88953247070313 29.34635559082031
      vertex 92.44235229492188 85.9159912109375 29.33042541503906
    endloop
  endfacet
  facet normal -4.935922170029338e-7 0.47678392395221225 0.8790205286911605
    outer loop
      vertex -131.61999893188477 85.88953247070313 29.34635559082031
      vertex -131.61999893188477 85.85588684082032 29.36460510253906
      vertex 92.437744140625 85.88512268066407 29.34887329101562
    endloop
  endfacet
  facet normal -2.66011645697962e-7 0.4323161290496748 0.9017221104993678
    outer loop
      vertex -131.61999893188477 85.85588684082032 29.36460510253906
      vertex -131.61999893188477 85.82138671875 29.38114562988281
      vertex 92.4334716796875 85.8534149169922 29.365856323242184
    endloop
  endfacet
  facet normal -4.23162964516808e-7 0.3401735982884941 0.9403626550577597
    outer loop
      vertex -131.61999893188477 85.78609313964844 29.395946655273434
      vertex -131.61999893188477 85.75011291503907 29.408962402343747
      vertex 92.42303466796875 85.75401916503907 29.40765014648437
    endloop
  endfacet
  facet normal -6.147849350825552e-7 0.2930490398038682 0.9560974114961578
    outer loop
      vertex -131.61999893188477 85.75011291503907 29.408962402343747
      vertex -131.61999893188477 85.7135223388672 29.420177612304684
      vertex 92.42034912109375 85.71971740722657 29.418422851562497
    endloop
  endfacet
  facet normal -7.204400986770301e-7 0.24525582599033607 0.9694583950935074
    outer loop
      vertex -131.61999893188477 85.7135223388672 29.420177612304684
      vertex -131.61999893188477 85.67642822265626 29.42956176757812
      vertex 92.41806030273438 85.68492736816407 29.427578124999997
    endloop
  endfacet
  facet normal -8.378829113527813e-7 0.19657619201639853 0.980488552065566
    outer loop
      vertex -131.61999893188477 85.67642822265626 29.42956176757812
      vertex -131.61999893188477 85.63890686035157 29.437084350585934
      vertex 92.41616821289062 85.649755859375 29.43510070800781
    endloop
  endfacet
  facet normal -9.695276014709586e-7 0.678644357282299 0.7344670423701497
    outer loop
      vertex -131.61999893188477 86.0418914794922 29.23142639160156
      vertex -131.61999893188477 86.01378479003907 29.257396850585934
      vertex 92.46258544921875 86.02274169921876 29.249416503906247
    endloop
  endfacet
  facet normal -0.000001007528377754701 0.6412820998129914 0.7673051990299723
    outer loop
      vertex -131.61999893188477 86.01378479003907 29.257396850585934
      vertex -131.61999893188477 85.98442687988282 29.281932983398434
      vertex 92.45828247070312 86.00298156738282 29.26671997070312
    endloop
  endfacet
  facet normal 0 1 0
    outer loop
      vertex -106.22000122070312 88.04057922363282 20.90800109863281
      vertex -106.22000122070312 88.04057922363282 22.812999877929684
      vertex 94.07168579101562 88.04057922363282 22.812999877929684
    endloop
  endfacet
  facet normal 0 0.7071067811865476 0.7071067811865476
    outer loop
      vertex -106.22000122070312 88.04057922363282 22.812999877929684
      vertex -106.98200225830078 87.2785858154297 23.57499328613281
      vertex 93.88119506835938 87.2785858154297 23.57499328613281
    endloop
  endfacet
  facet normal 0 0 -1
    outer loop
      vertex -131.61999893188477 -81.86000022888183 0.0038034057617153394
      vertex 40.22248306220207 -80 0.0038034057617153394
      vertex 44.457516937797934 -80 0.0038034057617153394
    endloop
  endfacet
  facet normal 0 0 -1
    outer loop
      vertex -131.61999893188477 -81.86000022888183 0.0038034057617153394
      vertex 44.457516937797934 -80 0.0038034057617153394
      vertex 82.56248306220208 -80 0.0038034057617153394
    endloop
  endfacet
  facet normal 0 0.7071076259322755 0.7071059364398102
    outer loop
      vertex -39.69740295410156 -81.86000022888183 2.543796691894528
      vertex -0.14959716796875 -84.65399990081787 5.337803039550778
      vertex -2.943603515625 -81.86000022888183 2.543796691894528
    endloop
  endfacet
  facet normal -0.7071067811865475 0 0.7071067811865475
    outer loop
      vertex -2.943603515625 -81.86000022888183 2.543796691894528
      vertex -0.14959716796875 -84.65399990081787 5.337803039550778
      vertex -2.943603515625 -45.0998550415039 2.543796691894528
    endloop
  endfacet
  facet normal 0 0 -1
    outer loop
      vertex -131.61999893188477 -81.86000022888183 0.0038034057617153394
      vertex 82.56248306220208 -80 0.0038034057617153394
      vertex 86.79751693779794 -80 0.0038034057617153394
    endloop
  endfacet
  facet normal 0.7071087120354088 0 0.7071048503324137
    outer loop
      vertex 2.6443939208984375 -81.86000022888183 2.543796691894528
      vertex 2.6443939208984375 -45.0998550415039 2.543796691894528
      vertex -0.14959716796875 -84.65399990081787 5.337803039550778
    endloop
  endfacet
  facet normal 0 0 -1
    outer loop
      vertex -40.22248306220207 -46.57883728135757 0.0038034057617153394
      vertex -2.1175169377979275 -46.57883728135757 0.0038034057617153394
      vertex -2.1175169377979275 -80 0.0038034057617153394
    endloop
  endfacet
  facet normal 0 0 1
    outer loop
      vertex -39.69740295410156 -45.0998550415039 2.543796691894528
      vertex -2.943603515625 -81.86000022888183 2.543796691894528
      vertex -2.943603515625 -45.0998550415039 2.543796691894528
    endloop
  endfacet
  facet normal 0 0 -1
    outer loop
      vertex 46.93841074823947 -44.457516937797934 0.0038034057617153394
      vertex -40.22248306220207 -46.57883728135757 0.0038034057617153394
      vertex -44.457516937797934 -46.57883728135757 0.0038034057617153394
    endloop
  endfacet
  facet normal 0 0 -1
    outer loop
      vertex 46.93841074823947 -44.457516937797934 0.0038034057617153394
      vertex -2.1175169377979275 -46.57883728135757 0.0038034057617153394
      vertex -40.22248306220207 -46.57883728135757 0.0038034057617153394
    endloop
  endfacet
  facet normal -0.7071067811865476 0 0.7071067811865476
    outer loop
      vertex -0.14959716796875 -84.65399990081787 5.337803039550778
      vertex -0.14959716796875 -42.305852508544916 5.337803039550778
      vertex -2.943603515625 -45.0998550415039 2.543796691894528
    endloop
  endfacet
  facet normal 0.7071087120354088 0 0.7071048503324137
    outer loop
      vertex -0.14959716796875 -84.65399990081787 5.337803039550778
      vertex 2.6443939208984375 -45.0998550415039 2.543796691894528
      vertex -0.14959716796875 -42.305852508544916 5.337803039550778
    endloop
  endfacet
  facet normal 0 0 -1
    outer loop
      vertex -131.61999893188477 -81.86000022888183 0.0038034057617153394
      vertex 86.79751693779794 -80 0.0038034057617153394
      vertex 99.77398681640625 -81.86000022888183 0.0038034057617153394
    endloop
  endfacet
  facet normal 0 -0.7071067811865476 -0.7071067811865476
    outer loop
      vertex -131.61999893188477 -81.86000022888183 0.0038034057617153394
      vertex 99.77398681640625 -81.86000022888183 0.0038034057617153394
      vertex 98.44049072265625 -87.19399986267089 5.337803039550778
    endloop
  endfacet
  facet normal 0 0 -1
    outer loop
      vertex 2.1175169377979275 -80 0.0038034057617153394
      vertex 2.1175169377979275 -46.57883728135757 0.0038034057617153394
      vertex 40.22248306220207 -80 0.0038034057617153394
    endloop
  endfacet
  facet normal 0 0 1
    outer loop
      vertex 2.6443939208984375 -81.86000022888183 2.543796691894528
      vertex 39.398193359375 -81.86000022888183 2.543796691894528
      vertex 39.398193359375 -45.0998550415039 2.543796691894528
    endloop
  endfacet
  facet normal 0 0.7071076259322755 0.7071059364398102
    outer loop
      vertex 2.6443939208984375 -81.86000022888183 2.543796691894528
      vertex 42.19219970703125 -84.65399990081787 5.337803039550778
      vertex 39.398193359375 -81.86000022888183 2.543796691894528
    endloop
  endfacet
  facet normal -0.7071067811865475 0 0.7071067811865475
    outer loop
      vertex 39.398193359375 -81.86000022888183 2.543796691894528
      vertex 42.19219970703125 -84.65399990081787 5.337803039550778
      vertex 39.398193359375 -45.0998550415039 2.543796691894528
    endloop
  endfacet
  facet normal 0 0.7071076259322755 0.7071059364398101
    outer loop
      vertex 2.6443939208984375 -81.86000022888183 2.543796691894528
      vertex -0.14959716796875 -84.65399990081787 5.337803039550778
      vertex 42.19219970703125 -84.65399990081787 5.337803039550778
    endloop
  endfacet
  facet normal 0 0 1
    outer loop
      vertex 2.6443939208984375 -81.86000022888183 2.543796691894528
      vertex 39.398193359375 -45.0998550415039 2.543796691894528
      vertex 2.6443939208984375 -45.0998550415039 2.543796691894528
    endloop
  endfacet
  facet normal 0 0 -1
    outer loop
      vertex 46.93841074823947 -44.457516937797934 0.0038034057617153394
      vertex 2.1175169377979275 -46.57883728135757 0.0038034057617153394
      vertex -2.1175169377979275 -46.57883728135757 0.0038034057617153394
    endloop
  endfacet
  facet normal 0 -0.7071072638982686 0.7071062984744969
    outer loop
      vertex 2.6443939208984375 -45.0998550415039 2.543796691894528
      vertex 39.398193359375 -45.0998550415039 2.543796691894528
      vertex -0.14959716796875 -42.305852508544916 5.337803039550778
    endloop
  endfacet
  facet normal 0 0 -1
    outer loop
      vertex 2.1175169377979275 -46.57883728135757 0.0038034057617153394
      vertex 40.22248306220207 -46.57883728135757 0.0038034057617153394
      vertex 40.22248306220207 -80 0.0038034057617153394
    endloop
  endfacet
  facet normal 0 0 -1
    outer loop
      vertex 46.93841074823947 -44.457516937797934 0.0038034057617153394
      vertex 40.22248306220207 -46.57883728135757 0.0038034057617153394
      vertex 2.1175169377979275 -46.57883728135757 0.0038034057617153394
    endloop
  endfacet
  facet normal -0.7071067811865476 0 0.7071067811865476
    outer loop
      vertex 39.398193359375 -45.0998550415039 2.543796691894528
      vertex 42.19219970703125 -84.65399990081787 5.337803039550778
      vertex 42.19219970703125 -42.305852508544916 5.337803039550778
    endloop
  endfacet
  facet normal 0 -1 0
    outer loop
      vertex -106.98200225830078 -87.19399986267089 9.909801635742184
      vertex 98.44049072265625 -87.19399986267089 5.337803039550778
      vertex 97.2974853515625 -87.19399986267089 9.909801635742184
    endloop
  endfacet
  facet normal 0 -0.7071036837603469 -0.7071098785991801
    outer loop
      vertex -106.22000122070312 -87.95599994659423 10.671795043945309
      vertex 97.2974853515625 -87.19399986267089 9.909801635742184
      vertex 97.10699462890625 -87.95599994659423 10.671795043945309
    endloop
  endfacet
  facet normal 0 1 0
    outer loop
      vertex -42.49139404296875 -84.65399990081787 5.337803039550778
      vertex 86.25485229492188 -84.65399990081787 28.68040100097656
      vertex -0.14959716796875 -84.65399990081787 5.337803039550778
    endloop
  endfacet
  facet normal 0 -1 0
    outer loop
      vertex -106.22000122070312 -87.95599994659423 10.671795043945309
      vertex 97.10699462890625 -87.95599994659423 10.671795043945309
      vertex 96.6307373046875 -87.95599994659423 12.576793823242184
    endloop
  endfacet
  facet normal 0 -0.7071107635318532 0.7071027988188135
    outer loop
      vertex -106.22000122070312 -87.95599994659423 12.576793823242184
      vertex 96.6307373046875 -87.95599994659423 12.576793823242184
      vertex 96.44024658203125 -87.19399986267089 13.338802490234372
    endloop
  endfacet
  facet normal 0 0.707107746610319 0.7071058157614577
    outer loop
      vertex -39.69740295410156 -39.5118537902832 2.543796691894528
      vertex -0.14959716796875 -42.305852508544916 5.337803039550778
      vertex -2.943603515625 -39.5118537902832 2.543796691894528
    endloop
  endfacet
  facet normal 0 -0.7071072638982686 0.707106298474497
    outer loop
      vertex -42.49139404296875 -42.305852508544916 5.337803039550778
      vertex -2.943603515625 -45.0998550415039 2.543796691894528
      vertex -0.14959716796875 -42.305852508544916 5.337803039550778
    endloop
  endfacet
  facet normal -0.7071067811865475 0 0.7071067811865475
    outer loop
      vertex -2.943603515625 -39.5118537902832 2.543796691894528
      vertex -0.14959716796875 -42.305852508544916 5.337803039550778
      vertex -0.14959716796875 0.042295837402349434 5.337803039550778
    endloop
  endfacet
  facet normal 0.7071087120354089 0 0.7071048503324138
    outer loop
      vertex 2.6443939208984375 -39.5118537902832 2.543796691894528
      vertex -0.14959716796875 0.042295837402349434 5.337803039550778
      vertex -0.14959716796875 -42.305852508544916 5.337803039550778
    endloop
  endfacet
  facet normal 0 0 -1
    outer loop
      vertex -12.872010750149599 -2.1175169377979275 0.0038034057617153394
      vertex -2.1175169377979275 -4.23883728135757 0.0038034057617153394
      vertex -2.1175169377979275 -38.101162718642435 0.0038034057617153394
    endloop
  endfacet
  facet normal 0 0 1
    outer loop
      vertex -39.69740295410156 -2.7517105102539006 2.543796691894528
      vertex -2.943603515625 -39.5118537902832 2.543796691894528
      vertex -2.943603515625 -2.7517105102539006 2.543796691894528
    endloop
  endfacet
  facet normal -0.7071067811865476 0 0.7071067811865476
    outer loop
      vertex -2.943603515625 -39.5118537902832 2.543796691894528
      vertex -0.14959716796875 0.042295837402349434 5.337803039550778
      vertex -2.943603515625 -2.7517105102539006 2.543796691894528
    endloop
  endfacet
  facet normal 0 0 -1
    outer loop
      vertex -12.872010750149599 -2.1175169377979275 0.0038034057617153394
      vertex 2.1175169377979275 -4.23883728135757 0.0038034057617153394
      vertex -2.1175169377979275 -4.23883728135757 0.0038034057617153394
    endloop
  endfacet
  facet normal 0.7071087120354089 0 0.7071048503324138
    outer loop
      vertex 2.6443939208984375 -39.5118537902832 2.543796691894528
      vertex 2.6443939208984375 -2.7517105102539006 2.543796691894528
      vertex -0.14959716796875 0.042295837402349434 5.337803039550778
    endloop
  endfacet
  facet normal 0 0 -1
    outer loop
      vertex -12.872010750149599 -2.1175169377979275 0.0038034057617153394
      vertex 40.22248306220207 -4.23883728135757 0.0038034057617153394
      vertex 2.1175169377979275 -4.23883728135757 0.0038034057617153394
    endloop
  endfacet
  facet normal 0 -0.7071067811865475 0.7071067811865475
    outer loop
      vertex -42.49139404296875 0.042295837402349434 5.337803039550778
      vertex -2.943603515625 -2.7517105102539006 2.543796691894528
      vertex -0.14959716796875 0.042295837402349434 5.337803039550778
    endloop
  endfacet
  facet normal 0 0.707107746610319 0.7071058157614577
    outer loop
      vertex 2.6443939208984375 -39.5118537902832 2.543796691894528
      vertex -0.14959716796875 -42.305852508544916 5.337803039550778
      vertex 39.398193359375 -39.5118537902832 2.543796691894528
    endloop
  endfacet
  facet normal 0 0 -1
    outer loop
      vertex 40.95590812284163 -40.22248306220207 0.0038034057617153394
      vertex 2.1175169377979275 -38.101162718642435 0.0038034057617153394
      vertex 2.1175169377979275 -4.23883728135757 0.0038034057617153394
    endloop
  endfacet
  facet normal 0 0 1
    outer loop
      vertex 2.6443939208984375 -39.5118537902832 2.543796691894528
      vertex 39.398193359375 -39.5118537902832 2.543796691894528
      vertex 2.6443939208984375 -2.7517105102539006 2.543796691894528
    endloop
  endfacet
  facet normal 0 0 -1
    outer loop
      vertex 40.95590812284163 -40.22248306220207 0.0038034057617153394
      vertex 40.22248306220207 -38.101162718642435 0.0038034057617153394
      vertex 44.457516937797934 -38.101162718642435 0.0038034057617153394
    endloop
  endfacet
  facet normal 0 0 -1
    outer loop
      vertex 40.95590812284163 -40.22248306220207 0.0038034057617153394
      vertex 2.1175169377979275 -4.23883728135757 0.0038034057617153394
      vertex 40.22248306220207 -38.101162718642435 0.0038034057617153394
    endloop
  endfacet
  facet normal 0 -0.7071072638982686 0.707106298474497
    outer loop
      vertex 39.398193359375 -45.0998550415039 2.543796691894528
      vertex 42.19219970703125 -42.305852508544916 5.337803039550778
      vertex -0.14959716796875 -42.305852508544916 5.337803039550778
    endloop
  endfacet
  facet normal 0 0.7071077466103192 0.7071058157614578
    outer loop
      vertex -0.14959716796875 -42.305852508544916 5.337803039550778
      vertex 42.19219970703125 -42.305852508544916 5.337803039550778
      vertex 39.398193359375 -39.5118537902832 2.543796691894528
    endloop
  endfacet
  facet normal -0.7071067811865475 0 0.7071067811865475
    outer loop
      vertex 39.398193359375 -39.5118537902832 2.543796691894528
      vertex 42.19219970703125 -42.305852508544916 5.337803039550778
      vertex 42.19219970703125 0.042295837402349434 5.337803039550778
    endloop
  endfacet
  facet normal 0 0 1
    outer loop
      vertex 2.6443939208984375 -2.7517105102539006 2.543796691894528
      vertex 39.398193359375 -39.5118537902832 2.543796691894528
      vertex 39.398193359375 -2.7517105102539006 2.543796691894528
    endloop
  endfacet
  facet normal 0 -0.7071067811865475 0.7071067811865475
    outer loop
      vertex 2.6443939208984375 -2.7517105102539006 2.543796691894528
      vertex 39.398193359375 -2.7517105102539006 2.543796691894528
      vertex -0.14959716796875 0.042295837402349434 5.337803039550778
    endloop
  endfacet
  facet normal 0 0 -1
    outer loop
      vertex 2.1175169377979275 -4.23883728135757 0.0038034057617153394
      vertex 40.22248306220207 -4.23883728135757 0.0038034057617153394
      vertex 40.22248306220207 -38.101162718642435 0.0038034057617153394
    endloop
  endfacet
  facet normal -0.7071067811865476 0 0.7071067811865476
    outer loop
      vertex 39.398193359375 -39.5118537902832 2.543796691894528
      vertex 42.19219970703125 0.042295837402349434 5.337803039550778
      vertex 39.398193359375 -2.7517105102539006 2.543796691894528
    endloop
  endfacet
  facet normal 0 0 -1
    outer loop
      vertex -12.872010750149599 -2.1175169377979275 0.0038034057617153394
      vertex 94 -2.1175169377979275 0.0038034057617153394
      vertex 40.22248306220207 -4.23883728135757 0.0038034057617153394
    endloop
  endfacet
  facet normal 0 -0.7071067811865475 0.7071067811865475
    outer loop
      vertex 39.398193359375 -2.7517105102539006 2.543796691894528
      vertex 42.19219970703125 0.042295837402349434 5.337803039550778
      vertex -0.14959716796875 0.042295837402349434 5.337803039550778
    endloop
  endfacet
  facet normal 0.7071067811865475 0 0.7071067811865475
    outer loop
      vertex 44.9862060546875 -81.86000022888183 2.543796691894528
      vertex 44.9862060546875 -45.0998550415039 2.543796691894528
      vertex 42.19219970703125 -84.65399990081787 5.337803039550778
    endloop
  endfacet
  facet normal 0 0.7071076259322756 0.7071059364398102
    outer loop
      vertex 44.9862060546875 -81.86000022888183 2.543796691894528
      vertex 84.53399658203125 -84.65399990081787 5.337803039550778
      vertex 81.739990234375 -81.86000022888183 2.543796691894528
    endloop
  endfacet
  facet normal 0 0 -1
    outer loop
      vertex 44.457516937797934 -80 0.0038034057617153394
      vertex 44.457516937797934 -46.57883728135757 0.0038034057617153394
      vertex 82.56248306220208 -80 0.0038034057617153394
    endloop
  endfacet
  facet normal 0 0 1
    outer loop
      vertex 44.9862060546875 -81.86000022888183 2.543796691894528
      vertex 81.739990234375 -81.86000022888183 2.543796691894528
      vertex 81.739990234375 -45.0998550415039 2.543796691894528
    endloop
  endfacet
  facet normal 0 0.7071076259322755 0.7071059364398101
    outer loop
      vertex 44.9862060546875 -81.86000022888183 2.543796691894528
      vertex 42.19219970703125 -84.65399990081787 5.337803039550778
      vertex 84.53399658203125 -84.65399990081787 5.337803039550778
    endloop
  endfacet
  facet normal 0 0 -1
    outer loop
      vertex 46.93841074823947 -44.457516937797934 0.0038034057617153394
      vertex 44.457516937797934 -46.57883728135757 0.0038034057617153394
      vertex 40.22248306220207 -46.57883728135757 0.0038034057617153394
    endloop
  endfacet
  facet normal 0 -0.7071072638982686 0.707106298474497
    outer loop
      vertex 44.9862060546875 -45.0998550415039 2.543796691894528
      vertex 81.739990234375 -45.0998550415039 2.543796691894528
      vertex 42.19219970703125 -42.305852508544916 5.337803039550778
    endloop
  endfacet
  facet normal 0 0 -1
    outer loop
      vertex 46.93841074823947 -44.457516937797934 0.0038034057617153394
      vertex 82.56248306220208 -80 0.0038034057617153394
      vertex 44.457516937797934 -46.57883728135757 0.0038034057617153394
    endloop
  endfacet
  facet normal 0 0 -1
    outer loop
      vertex 46.93841074823947 -44.457516937797934 0.0038034057617153394
      vertex 82.56248306220208 -46.57883728135757 0.0038034057617153394
      vertex 82.56248306220208 -80 0.0038034057617153394
    endloop
  endfacet
  facet normal 0 0 1
    outer loop
      vertex 44.9862060546875 -81.86000022888183 2.543796691894528
      vertex 81.739990234375 -45.0998550415039 2.543796691894528
      vertex 44.9862060546875 -45.0998550415039 2.543796691894528
    endloop
  endfacet
  facet normal 0.7071067811865476 0 0.7071067811865476
    outer loop
      vertex 42.19219970703125 -84.65399990081787 5.337803039550778
      vertex 44.9862060546875 -45.0998550415039 2.543796691894528
      vertex 42.19219970703125 -42.305852508544916 5.337803039550778
    endloop
  endfacet
  facet normal -0.7071067811865475 0 0.7071067811865475
    outer loop
      vertex 81.739990234375 -81.86000022888183 2.543796691894528
      vertex 84.53399658203125 -84.65399990081787 5.337803039550778
      vertex 81.739990234375 -45.0998550415039 2.543796691894528
    endloop
  endfacet
  facet normal 0 0.7071076259322756 0.7071059364398102
    outer loop
      vertex 87.3280029296875 -81.86000022888183 2.543796691894528
      vertex 92.09051513671875 -84.65399990081787 5.337803039550778
      vertex 92.78900146484375 -81.86000022888183 2.543796691894528
    endloop
  endfacet
  facet normal 0 0 1
    outer loop
      vertex 87.3280029296875 -81.86000022888183 2.543796691894528
      vertex 92.78900146484375 -81.86000022888183 2.543796691894528
      vertex 92.78900146484375 -71.95400009155273 2.543796691894528
    endloop
  endfacet
  facet normal 0 0.7071001437948474 0.707113418515945
    outer loop
      vertex 94.50985717773438 -82.596600151062 3.280399475097653
      vertex 94.47174072265625 -82.74900016784667 3.4327966308593716
      vertex 95.07861328125 -82.596600151062 3.280399475097653
    endloop
  endfacet
  facet normal 0.9701442171682625 -0.0000066037261478353075 0.2425287567513796
    outer loop
      vertex 99.77398681640625 -81.86000022888183 0.0038034057617153394
      vertex 98.95486450195312 -81.55796585083007 3.280399475097653
      vertex 98.44049072265625 -87.19399986267089 5.337803039550778
    endloop
  endfacet
  facet normal 0.9701443604153354 0 0.24252818383503402
    outer loop
      vertex 99.77398681640625 -81.86000022888183 0.0038034057617153394
      vertex 98.95486450195312 -75.05003509521484 3.280399475097653
      vertex 98.95486450195312 -81.55796585083007 3.280399475097653
    endloop
  endfacet
  facet normal 0.9701167829923013 0 0.24263847047957635
    outer loop
      vertex 94.50985717773438 -82.596600151062 3.280399475097653
      vertex 94.50985717773438 -73.85900077819824 3.280399475097653
      vertex 94.47174072265625 -82.74900016784667 3.4327966308593716
    endloop
  endfacet
  facet normal -0.9701437467690199 0 -0.24253063848711504
    outer loop
      vertex 92.78900146484375 -81.86000022888183 2.543796691894528
      vertex 92.09051513671875 -84.65399990081787 5.337803039550778
      vertex 92.78900146484375 -71.95400009155273 2.543796691894528
    endloop
  endfacet
  facet normal 0 0 1
    outer loop
      vertex 94.50985717773438 -82.596600151062 3.280399475097653
      vertex 95.07861328125 -82.596600151062 3.280399475097653
      vertex 94.50985717773438 -73.85900077819824 3.280399475097653
    endloop
  endfacet
  facet normal -0.25827781554117546 0.9639097202436457 -0.06458034700352164
    outer loop
      vertex 95.07861328125 -82.596600151062 3.280399475097653
      vertex 94.47174072265625 -82.74900016784667 3.4327966308593716
      vertex 98.95486450195312 -81.55796585083007 3.280399475097653
    endloop
  endfacet
  facet normal 0 0 1
    outer loop
      vertex 95.07861328125 -82.596600151062 3.280399475097653
      vertex 98.95486450195312 -81.55796585083007 3.280399475097653
      vertex 98.95486450195312 -75.05003509521484 3.280399475097653
    endloop
  endfacet
  facet normal 0 0 1
    outer loop
      vertex 95.07861328125 -82.596600151062 3.280399475097653
      vertex 98.95486450195312 -75.05003509521484 3.280399475097653
      vertex 94.50985717773438 -73.85900077819824 3.280399475097653
    endloop
  endfacet
  facet normal 0 0 -1
    outer loop
      vertex 99.77398681640625 -81.86000022888183 0.0038034057617153394
      vertex 86.79751693779794 -80 0.0038034057617153394
      vertex 86.79751693779794 -46.57883728135757 0.0038034057617153394
    endloop
  endfacet
  facet normal 0.9701445271727355 3.410085747111415e-7 0.24252751678247392
    outer loop
      vertex 99.77398681640625 -81.86000022888183 0.0038034057617153394
      vertex 99.13900756835938 -71.95400009155273 2.543796691894528
      vertex 98.95486450195312 -75.05003509521484 3.280399475097653
    endloop
  endfacet
  facet normal 0 0.7071076259322756 0.7071059364398102
    outer loop
      vertex 87.3280029296875 -81.86000022888183 2.543796691894528
      vertex 84.53399658203125 -84.65399990081787 5.337803039550778
      vertex 92.09051513671875 -84.65399990081787 5.337803039550778
    endloop
  endfacet
  facet normal 0.9701422144509108 -0.0000034965631425447197 0.24253676778595246
    outer loop
      vertex 98.95486450195312 -81.55796585083007 3.280399475097653
      vertex 97.2974853515625 -87.19399986267089 9.909801635742184
      vertex 98.44049072265625 -87.19399986267089 5.337803039550778
    endloop
  endfacet
  facet normal 0.7071067811865476 0 0.7071067811865476
    outer loop
      vertex 87.3280029296875 -81.86000022888183 2.543796691894528
      vertex 84.53399658203125 -42.305852508544916 5.337803039550778
      vertex 84.53399658203125 -84.65399990081787 5.337803039550778
    endloop
  endfacet
  facet normal 0 0 -1
    outer loop
      vertex 46.93841074823947 -44.457516937797934 0.0038034057617153394
      vertex 94 -44.457516937797934 0.0038034057617153394
      vertex 82.56248306220208 -46.57883728135757 0.0038034057617153394
    endloop
  endfacet
  facet normal 0 0 -1
    outer loop
      vertex 99.77398681640625 -81.86000022888183 0.0038034057617153394
      vertex 86.79751693779794 -46.57883728135757 0.0038034057617153394
      vertex 94 -44.457516937797934 0.0038034057617153394
    endloop
  endfacet
  facet normal 0 0 -1
    outer loop
      vertex 94 -44.457516937797934 0.0038034057617153394
      vertex 86.79751693779794 -46.57883728135757 0.0038034057617153394
      vertex 82.56248306220208 -46.57883728135757 0.0038034057617153394
    endloop
  endfacet
  facet normal -0.7071067811865476 0 0.7071067811865476
    outer loop
      vertex 84.53399658203125 -84.65399990081787 5.337803039550778
      vertex 84.53399658203125 -42.305852508544916 5.337803039550778
      vertex 81.739990234375 -45.0998550415039 2.543796691894528
    endloop
  endfacet
  facet normal 0 1 0
    outer loop
      vertex -0.14959716796875 -84.65399990081787 5.337803039550778
      vertex 86.25485229492188 -84.65399990081787 28.68040100097656
      vertex 42.19219970703125 -84.65399990081787 5.337803039550778
    endloop
  endfacet
  facet normal 0.9701432619381288 -0.000008733211941150984 0.24253257768757128
    outer loop
      vertex 98.95486450195312 -81.55796585083007 3.280399475097653
      vertex 96.44024658203125 -87.19399986267089 13.338802490234372
      vertex 97.2974853515625 -87.19399986267089 9.909801635742184
    endloop
  endfacet
  facet normal 0 1 0
    outer loop
      vertex 42.19219970703125 -84.65399990081787 5.337803039550778
      vertex 86.25485229492188 -84.65399990081787 28.68040100097656
      vertex 84.53399658203125 -84.65399990081787 5.337803039550778
    endloop
  endfacet
  facet normal 0.9701415858480095 0.000013598694511664834 0.2425392818151008
    outer loop
      vertex 97.2974853515625 -87.19399986267089 9.909801635742184
      vertex 96.6307373046875 -87.95599994659423 12.576793823242184
      vertex 97.10699462890625 -87.95599994659423 10.671795043945309
    endloop
  endfacet
  facet normal 0.9701432619128321 -0.000011332254918996935 0.24253257768124717
    outer loop
      vertex 97.2974853515625 -87.19399986267089 9.909801635742184
      vertex 96.44024658203125 -87.19399986267089 13.338802490234372
      vertex 96.6307373046875 -87.95599994659423 12.576793823242184
    endloop
  endfacet
  facet normal 0.970142788220635 -0.00000513994168111183 0.2425344726777473
    outer loop
      vertex 98.95486450195312 -81.55796585083007 3.280399475097653
      vertex 94.928955078125 -87.19399986267089 19.383999023437497
      vertex 96.44024658203125 -87.19399986267089 13.338802490234372
    endloop
  endfacet
  facet normal -0.2582776511034724 0.9639104929195558 -0.0645694709599817
    outer loop
      vertex 94.47174072265625 -82.74900016784667 3.4327966308593716
      vertex 92.6048583984375 -81.55796585083007 28.68040100097656
      vertex 98.95486450195312 -81.55796585083007 3.280399475097653
    endloop
  endfacet
  facet normal 0 1 0
    outer loop
      vertex 84.53399658203125 -84.65399990081787 5.337803039550778
      vertex 86.25485229492188 -84.65399990081787 28.68040100097656
      vertex 92.09051513671875 -84.65399990081787 5.337803039550778
    endloop
  endfacet
  facet normal 0.9701424487198139 -0.0000018695493167344415 0.24253583073110646
    outer loop
      vertex 94.47174072265625 -82.74900016784667 3.4327966308593716
      vertex 94.50985717773438 -73.85900077819824 3.280399475097653
      vertex 88.15985107421875 -73.85900077819824 28.68040100097656
    endloop
  endfacet
  facet normal -0.9701425168028672 -0.0000011500308855529494 -0.2425355584034556
    outer loop
      vertex 92.78900146484375 -71.95400009155273 2.543796691894528
      vertex 92.09051513671875 -84.65399990081787 5.337803039550778
      vertex 86.25485229492188 -71.95400009155273 28.68040100097656
    endloop
  endfacet
  facet normal -0.25827857599485804 -0.9639102296075409 -0.06456970218303647
    outer loop
      vertex 94.50985717773438 -73.85900077819824 3.280399475097653
      vertex 98.95486450195312 -75.05003509521484 3.280399475097653
      vertex 92.6048583984375 -75.05003509521484 28.68040100097656
    endloop
  endfacet
  facet normal 0 1 0
    outer loop
      vertex 92.78900146484375 -71.95400009155273 2.543796691894528
      vertex 92.6048583984375 -71.95400009155273 28.68040100097656
      vertex 99.13900756835938 -71.95400009155273 2.543796691894528
    endloop
  endfacet
  facet normal 0.9701425168007753 0.0000023738266989395244 0.2425355584029326
    outer loop
      vertex 99.13900756835938 -71.95400009155273 2.543796691894528
      vertex 92.6048583984375 -71.95400009155273 28.68040100097656
      vertex 98.95486450195312 -75.05003509521484 3.280399475097653
    endloop
  endfacet
  facet normal 0 0 -1
    outer loop
      vertex 40.95590812284163 -40.22248306220207 0.0038034057617153394
      vertex 44.457516937797934 -38.101162718642435 0.0038034057617153394
      vertex 94 -40.22248306220207 0.0038034057617153394
    endloop
  endfacet
  facet normal 0 0.7071077466103192 0.7071058157614578
    outer loop
      vertex 44.9862060546875 -39.5118537902832 2.543796691894528
      vertex 84.53399658203125 -42.305852508544916 5.337803039550778
      vertex 81.739990234375 -39.5118537902832 2.543796691894528
    endloop
  endfacet
  facet normal 0 0 -1
    outer loop
      vertex 82.56248306220208 -38.101162718642435 0.0038034057617153394
      vertex 44.457516937797934 -38.101162718642435 0.0038034057617153394
      vertex 44.457516937797934 -4.23883728135757 0.0038034057617153394
    endloop
  endfacet
  facet normal 0 0 1
    outer loop
      vertex 44.9862060546875 -39.5118537902832 2.543796691894528
      vertex 81.739990234375 -39.5118537902832 2.543796691894528
      vertex 44.9862060546875 -2.7517105102539006 2.543796691894528
    endloop
  endfacet
  facet normal 0.7071067811865475 0 0.7071067811865475
    outer loop
      vertex 44.9862060546875 -39.5118537902832 2.543796691894528
      vertex 42.19219970703125 0.042295837402349434 5.337803039550778
      vertex 42.19219970703125 -42.305852508544916 5.337803039550778
    endloop
  endfacet
  facet normal 0 0.7071077466103192 0.7071058157614578
    outer loop
      vertex 44.9862060546875 -39.5118537902832 2.543796691894528
      vertex 42.19219970703125 -42.305852508544916 5.337803039550778
      vertex 84.53399658203125 -42.305852508544916 5.337803039550778
    endloop
  endfacet
  facet normal 0 -0.7071072638982686 0.707106298474497
    outer loop
      vertex 81.739990234375 -45.0998550415039 2.543796691894528
      vertex 84.53399658203125 -42.305852508544916 5.337803039550778
      vertex 42.19219970703125 -42.305852508544916 5.337803039550778
    endloop
  endfacet
  facet normal 0.7071067811865476 0 0.7071067811865476
    outer loop
      vertex 44.9862060546875 -39.5118537902832 2.543796691894528
      vertex 44.9862060546875 -2.7517105102539006 2.543796691894528
      vertex 42.19219970703125 0.042295837402349434 5.337803039550778
    endloop
  endfacet
  facet normal 0 -0.7071067811865475 0.7071067811865475
    outer loop
      vertex 44.9862060546875 -2.7517105102539006 2.543796691894528
      vertex 81.739990234375 -2.7517105102539006 2.543796691894528
      vertex 42.19219970703125 0.042295837402349434 5.337803039550778
    endloop
  endfacet
  facet normal 0 0 -1
    outer loop
      vertex 44.457516937797934 -4.23883728135757 0.0038034057617153394
      vertex 82.56248306220208 -4.23883728135757 0.0038034057617153394
      vertex 82.56248306220208 -38.101162718642435 0.0038034057617153394
    endloop
  endfacet
  facet normal 0 0 1
    outer loop
      vertex 44.9862060546875 -2.7517105102539006 2.543796691894528
      vertex 81.739990234375 -39.5118537902832 2.543796691894528
      vertex 81.739990234375 -2.7517105102539006 2.543796691894528
    endloop
  endfacet
  facet normal 0 0 -1
    outer loop
      vertex 94 -2.1175169377979275 0.0038034057617153394
      vertex 44.457516937797934 -4.23883728135757 0.0038034057617153394
      vertex 40.22248306220207 -4.23883728135757 0.0038034057617153394
    endloop
  endfacet
  facet normal 0 -0.7071067811865475 0.7071067811865475
    outer loop
      vertex 81.739990234375 -2.7517105102539006 2.543796691894528
      vertex 84.53399658203125 0.042295837402349434 5.337803039550778
      vertex 42.19219970703125 0.042295837402349434 5.337803039550778
    endloop
  endfacet
  facet normal 0 0 -1
    outer loop
      vertex 94 -40.22248306220207 0.0038034057617153394
      vertex 44.457516937797934 -38.101162718642435 0.0038034057617153394
      vertex 82.56248306220208 -38.101162718642435 0.0038034057617153394
    endloop
  endfacet
  facet normal 0 0 -1
    outer loop
      vertex 94 -40.22248306220207 0.0038034057617153394
      vertex 82.56248306220208 -38.101162718642435 0.0038034057617153394
      vertex 86.79751693779794 -38.101162718642435 0.0038034057617153394
    endloop
  endfacet
  facet normal 0 0 -1
    outer loop
      vertex 94 -40.22248306220207 0.0038034057617153394
      vertex 86.79751693779794 -38.101162718642435 0.0038034057617153394
      vertex 86.79751693779794 -4.23883728135757 0.0038034057617153394
    endloop
  endfacet
  facet normal 0.9701442142555459 0 0.24252876849250146
    outer loop
      vertex 99.77398681640625 -81.86000022888183 0.0038034057617153394
      vertex 99.77398681640625 81.94458618164063 0.0038034057617153394
      vertex 99.13900756835938 -71.95400009155273 2.543796691894528
    endloop
  endfacet
  facet normal 0 0 1
    outer loop
      vertex 87.3280029296875 -81.86000022888183 2.543796691894528
      vertex 92.78900146484375 -71.95400009155273 2.543796691894528
      vertex 92.78900146484375 72.03858032226563 2.543796691894528
    endloop
  endfacet
  facet normal 0 0 1
    outer loop
      vertex 92.78900146484375 -71.95400009155273 2.543796691894528
      vertex 99.13900756835938 -71.95400009155273 2.543796691894528
      vertex 99.13900756835938 72.03858032226563 2.543796691894528
    endloop
  endfacet
  facet normal -0.7071067811865475 0 0.7071067811865475
    outer loop
      vertex 81.739990234375 -39.5118537902832 2.543796691894528
      vertex 84.53399658203125 -42.305852508544916 5.337803039550778
      vertex 84.53399658203125 0.042295837402349434 5.337803039550778
    endloop
  endfacet
  facet normal -0.7071067811865476 0 0.7071067811865476
    outer loop
      vertex 81.739990234375 -39.5118537902832 2.543796691894528
      vertex 84.53399658203125 0.042295837402349434 5.337803039550778
      vertex 81.739990234375 -2.7517105102539006 2.543796691894528
    endloop
  endfacet
  facet normal 0 0 -1
    outer loop
      vertex 94 -2.1175169377979275 0.0038034057617153394
      vertex 82.56248306220208 -4.23883728135757 0.0038034057617153394
      vertex 44.457516937797934 -4.23883728135757 0.0038034057617153394
    endloop
  endfacet
  facet normal 0 0 -1
    outer loop
      vertex 94 -2.1175169377979275 0.0038034057617153394
      vertex 94 -40.22248306220207 0.0038034057617153394
      vertex 86.79751693779794 -4.23883728135757 0.0038034057617153394
    endloop
  endfacet
  facet normal 0 0 -1
    outer loop
      vertex 99.77398681640625 -81.86000022888183 0.0038034057617153394
      vertex 94 -44.457516937797934 0.0038034057617153394
      vertex 99.77398681640625 81.94458618164063 0.0038034057617153394
    endloop
  endfacet
  facet normal 0.7071067811865476 0 0.7071067811865476
    outer loop
      vertex 87.3280029296875 -81.86000022888183 2.543796691894528
      vertex 87.3280029296875 81.94458618164063 2.543796691894528
      vertex 84.53399658203125 -42.305852508544916 5.337803039550778
    endloop
  endfacet
  facet normal 0 0 -1
    outer loop
      vertex 94 -2.1175169377979275 0.0038034057617153394
      vertex 86.79751693779794 -4.23883728135757 0.0038034057617153394
      vertex 82.56248306220208 -4.23883728135757 0.0038034057617153394
    endloop
  endfacet
  facet normal 0 0 -1
    outer loop
      vertex 99.77398681640625 81.94458618164063 0.0038034057617153394
      vertex 94 -44.457516937797934 0.0038034057617153394
      vertex 94 -40.22248306220207 0.0038034057617153394
    endloop
  endfacet
  facet normal 0 -1 0
    outer loop
      vertex -106.98200225830078 -87.19399986267089 19.383999023437497
      vertex 96.44024658203125 -87.19399986267089 13.338802490234372
      vertex 94.928955078125 -87.19399986267089 19.383999023437497
    endloop
  endfacet
  facet normal 0 -0.707103683760347 -0.7071098785991801
    outer loop
      vertex -106.22000122070312 -87.95599994659423 20.14599243164062
      vertex 94.928955078125 -87.19399986267089 19.383999023437497
      vertex 94.73846435546875 -87.95599994659423 20.14599243164062
    endloop
  endfacet
  facet normal 0 -1 0
    outer loop
      vertex -106.22000122070312 -87.95599994659423 20.14599243164062
      vertex 94.73846435546875 -87.95599994659423 20.14599243164062
      vertex 94.26220703125 -87.95599994659423 22.05100646972656
    endloop
  endfacet
  facet normal 0 -0.707103683760347 0.7071098785991801
    outer loop
      vertex -106.22000122070312 -87.95599994659423 22.05100646972656
      vertex 94.26220703125 -87.95599994659423 22.05100646972656
      vertex 94.07168579101562 -87.19399986267089 22.812999877929684
    endloop
  endfacet
  facet normal 0 -1 0
    outer loop
      vertex -106.98200225830078 -87.19399986267089 22.812999877929684
      vertex 94.07168579101562 -87.19399986267089 22.812999877929684
      vertex 92.9287109375 -87.19399986267089 27.38500610351562
    endloop
  endfacet
  facet normal 0.0000024157540595122187 -0.9187833061006285 0.3947622530396784
    outer loop
      vertex -131.61999893188477 -87.0963150024414 27.613735351562497
      vertex 92.9287109375 -87.19399986267089 27.38500610351562
      vertex 92.86624145507812 -87.08663806915283 27.63488403320312
    endloop
  endfacet
  facet normal 0.0000018074562660624327 -0.8986041327163428 0.4387603134535329
    outer loop
      vertex -131.61999893188477 -86.98807392120361 27.837673339843747
      vertex 92.86624145507812 -87.08663806915283 27.63488403320312
      vertex 92.81124877929688 -86.97923336029052 27.85485473632812
    endloop
  endfacet
  facet normal -8.786778273743374e-7 -0.8786088868372949 0.4775420651311855
    outer loop
      vertex -131.61999893188477 -86.86951026916503 28.05631652832031
      vertex 92.81124877929688 -86.97923336029052 27.85485473632812
      vertex 92.76284790039062 -86.8740306854248 28.048412475585934
    endloop
  endfacet
  facet normal 7.96797111430375e-7 -0.8581471967787253 0.5134037287166708
    outer loop
      vertex -131.61999893188477 -86.86951026916503 28.05631652832031
      vertex 92.76284790039062 -86.8740306854248 28.048412475585934
      vertex 92.715576171875 -86.7609239578247 28.23746887207031
    endloop
  endfacet
  facet normal 0.0000028864650096968958 -0.836209377386011 0.5484103182502753
    outer loop
      vertex -131.61999893188477 -86.74088344573974 28.26920715332031
      vertex 92.715576171875 -86.7609239578247 28.23746887207031
      vertex 92.66952514648438 -86.64010772705078 28.42168823242187
    endloop
  endfacet
  facet normal 0.000004264732996379406 -0.8128766009348327 0.5824359463790374
    outer loop
      vertex -131.61999893188477 -86.60247192382812 28.475856933593747
      vertex 92.66952514648438 -86.64010772705078 28.42168823242187
      vertex 92.624755859375 -86.51178607940673 28.600780639648434
    endloop
  endfacet
  facet normal 0 0.9997374545375634 0.022913358434622305
    outer loop
      vertex -129.0800018310547 -84.65399990081787 28.68040100097656
      vertex 92.59603881835938 -84.65480670928955 28.715603027343747
      vertex 86.25485229492188 -84.65399990081787 28.68040100097656
    endloop
  endfacet
  facet normal 0.000004979795911011303 -0.7880909714953195 0.6155587873004212
    outer loop
      vertex -131.61999893188477 -86.45457706451415 28.67583862304687
      vertex 92.624755859375 -86.51178607940673 28.600780639648434
      vertex 92.58135986328125 -86.37618026733398 28.77439514160156
    endloop
  endfacet
  facet normal 0.0000049924889663266075 -0.7620450661630243 0.6475239896032169
    outer loop
      vertex -131.61999893188477 -86.29752120971679 28.86869445800781
      vertex 92.58135986328125 -86.37618026733398 28.77439514160156
      vertex 92.53936767578125 -86.23351917266845 28.942287597656247
    endloop
  endfacet
  facet normal 0.000003069116304873059 -0.7359037290095778 0.6770861847803264
    outer loop
      vertex -131.61999893188477 -86.13164482116699 29.054027709960934
      vertex 92.53936767578125 -86.23351917266845 28.942287597656247
      vertex 92.50259399414062 -86.09812507629394 29.089443359374997
    endloop
  endfacet
  facet normal 0 -0.7100194295921143 0.7041820855444199
    outer loop
      vertex -131.61999893188477 -85.95730934143066 29.23142639160156
      vertex 92.50259399414062 -86.09812507629394 29.089443359374997
      vertex 92.46710205078125 -85.95730934143066 29.23142639160156
    endloop
  endfacet
  facet normal 0 -0.6799211630376601 0.7332852187611009
    outer loop
      vertex -131.61999893188477 -85.95730934143066 29.23142639160156
      vertex 92.46710205078125 -85.95730934143066 29.23142639160156
      vertex 92.46096801757812 -85.93092975616455 29.255886230468747
    endloop
  endfacet
  facet normal 1.8921990178580798e-7 -0.6445406952698768 0.7645700047353338
    outer loop
      vertex -131.61999893188477 -85.92920360565185 29.257396850585934
      vertex 92.46096801757812 -85.93092975616455 29.255886230468747
      vertex 92.45516967773438 -85.90343532562255 29.279064331054684
    endloop
  endfacet
  facet normal 4.076717414383482e-7 -0.6080355771647208 0.7939097788173405
    outer loop
      vertex -131.61999893188477 -85.8998399734497 29.281932983398434
      vertex 92.45516967773438 -85.90343532562255 29.279064331054684
      vertex 92.44970703125 -85.8748851776123 29.300930175781247
    endloop
  endfacet
  facet normal 7.010359269201699e-7 -0.5311925037731379 0.8472511575292969
    outer loop
      vertex -131.61999893188477 -85.8376308441162 29.32647338867187
      vertex 92.444580078125 -85.84534225463867 29.32145324707031
      vertex 92.4398193359375 -85.81487140655517 29.34055725097656
    endloop
  endfacet
  facet normal 5.742185756732444e-7 -0.5705298798556047 0.8212768450355942
    outer loop
      vertex -131.61999893188477 -85.86928997039794 29.30497375488281
      vertex 92.44970703125 -85.8748851776123 29.300930175781247
      vertex 92.444580078125 -85.84534225463867 29.32145324707031
    endloop
  endfacet
  facet normal 9.710353657154036e-7 -0.40730918760011897 0.9132903293562176
    outer loop
      vertex -131.61999893188477 -85.73679409027099 29.38114562988281
      vertex 92.43136596679688 -85.75141677856445 29.37438598632812
      vertex 92.42770385742188 -85.7185712814331 29.38903442382812
    endloop
  endfacet
  facet normal 7.879363775805652e-7 -0.4909094230910193 0.8712106165100503
    outer loop
      vertex -131.61999893188477 -85.80494079589843 29.34635559082031
      vertex 92.4398193359375 -85.81487140655517 29.34055725097656
      vertex 92.43539428710938 -85.78354034423828 29.35821166992187
    endloop
  endfacet
  facet normal 9.201763893619094e-7 -0.4497148826562827 0.8931721694704773
    outer loop
      vertex -131.61999893188477 -85.77130088806152 29.36460510253906
      vertex 92.43539428710938 -85.78354034423828 29.35821166992187
      vertex 92.43136596679688 -85.75141677856445 29.37438598632812
    endloop
  endfacet
  facet normal 8.405618785687118e-7 -0.2753584344321482 0.9613416315682837
    outer loop
      vertex -131.61999893188477 -85.62894020080566 29.420177612304684
      vertex 92.42153930664062 -85.65100345611572 29.413662109374997
      vertex 92.4190673828125 -85.61642990112304 29.42356506347656
    endloop
  endfacet
  facet normal 8.89335435867146e-7 -0.32030548728685654 0.9473143062432544
    outer loop
      vertex -131.61999893188477 -85.66552505493163 29.408962402343747
      vertex 92.42440795898438 -85.68507537841796 29.40214172363281
      vertex 92.42153930664062 -85.65100345611572 29.413662109374997
    endloop
  endfacet
  facet normal 9.746852718403568e-7 -0.3644042638895226 0.9312408563084983
    outer loop
      vertex -131.61999893188477 -85.70150623321533 29.395946655273434
      vertex 92.42770385742188 -85.7185712814331 29.38903442382812
      vertex 92.42440795898438 -85.68507537841796 29.40214172363281
    endloop
  endfacet
  facet normal 6.820149053039772e-7 -0.1841380024323739 0.9829003998675299
    outer loop
      vertex -131.61999893188477 -85.55432376861572 29.437084350585934
      vertex 92.4169921875 -85.58143100738525 29.431850585937497
      vertex 92.41534423828125 -85.54608211517333 29.43847290039062
    endloop
  endfacet
  facet normal 7.640598463879628e-7 -0.23036921376629396 0.9731032963401758
    outer loop
      vertex -131.61999893188477 -85.59184226989746 29.42956176757812
      vertex 92.4190673828125 -85.61642990112304 29.42356506347656
      vertex 92.4169921875 -85.58143100738525 29.431850585937497
    endloop
  endfacet
  facet normal 9.178165792651566e-7 0.02373341588960718 0.9997183228136657
    outer loop
      vertex -131.61999893188477 -85.40190849304199 29.448269042968747
      vertex 92.41281127929688 -85.42214164733886 29.44854370117187
      vertex 92.41302490234375 -85.3855052947998 29.44767395019531
    endloop
  endfacet
  facet normal 4.4899275345051356e-7 -0.017423382798121195 0.9998482013444182
    outer loop
      vertex -131.61999893188477 -85.44017372131347 29.448330078124997
      vertex 92.41293334960938 -85.44841060638427 29.448085937499997
      vertex 92.41281127929688 -85.42214164733886 29.44854370117187
    endloop
  endfacet
  facet normal 3.797468868067691e-7 -0.09164265647398505 0.9957919579481685
    outer loop
      vertex -131.61999893188477 -85.4783950805664 29.446483764648434
      vertex 92.41409301757812 -85.51046142578124 29.443447265624997
      vertex 92.41326904296875 -85.47464809417724 29.446743164062497
    endloop
  endfacet
  facet normal -3.015131293383441e-7 -0.05111078205252196 0.9986929898411667
    outer loop
      vertex -131.61999893188477 -85.4783950805664 29.446483764648434
      vertex 92.41326904296875 -85.47464809417724 29.446743164062497
      vertex 92.41293334960938 -85.44841060638427 29.448085937499997
    endloop
  endfacet
  facet normal 5.428460226030141e-7 -0.1383060984058928 0.9903895310146633
    outer loop
      vertex -131.61999893188477 -85.51647624969482 29.44273010253906
      vertex 92.41534423828125 -85.54608211517333 29.43847290039062
      vertex 92.41409301757812 -85.51046142578124 29.443447265624997
    endloop
  endfacet
  facet normal 6.791217273191729e-7 0.2593985069344267 0.9657703736394738
    outer loop
      vertex -131.61999893188477 -85.2132230758667 29.419582519531247
      vertex 92.41824340820312 -85.24062404632568 29.426784667968747
      vertex 92.42062377929688 -85.20523128509521 29.41727844238281
    endloop
  endfacet
  facet normal 7.797085071467478e-7 0.21318148732924153 0.9770126168374104
    outer loop
      vertex -131.61999893188477 -85.25029430389404 29.42907348632812
      vertex 92.41629028320312 -85.27642879486083 29.434597167968747
      vertex 92.41824340820312 -85.24062404632568 29.426784667968747
    endloop
  endfacet
  facet normal 8.421624741763715e-7 0.1661331206219631 0.9861033344592741
    outer loop
      vertex -131.61999893188477 -85.28779182434081 29.43670288085937
      vertex 92.41476440429688 -85.31256637573242 29.440685424804684
      vertex 92.41629028320312 -85.27642879486083 29.434597167968747
    endloop
  endfacet
  facet normal 9.048575347392046e-7 0.11908157310186541 0.9928844741191023
    outer loop
      vertex -131.61999893188477 -85.32562217712402 29.442455444335934
      vertex 92.4136962890625 -85.34895286560058 29.44504943847656
      vertex 92.41476440429688 -85.31256637573242 29.440685424804684
    endloop
  endfacet
  facet normal 9.266237285300869e-7 0.07161690661315159 0.9974322125770274
    outer loop
      vertex -131.61999893188477 -85.36369285583496 29.446315917968747
      vertex 92.41302490234375 -85.3855052947998 29.44767395019531
      vertex 92.4136962890625 -85.34895286560058 29.44504943847656
    endloop
  endfacet
  facet normal 2.8219767762196117e-7 0.9976342966936079 0.06874452749543462
    outer loop
      vertex -131.61999893188477 -84.65495357513427 28.718654785156247
      vertex 92.5872802734375 -84.65722713470458 28.75072875976562
      vertex 92.59603881835938 -84.65480670928955 28.715603027343747
    endloop
  endfacet
  facet normal 5.48470451443846e-7 0.9933344123717812 0.11526814476561897
    outer loop
      vertex -131.61999893188477 -84.65780982971191 28.75681701660156
      vertex 92.57815551757812 -84.66145191192626 28.787136230468747
      vertex 92.5872802734375 -84.65722713470458 28.75072875976562
    endloop
  endfacet
  facet normal 6.478657559612742e-7 0.9867043669152301 0.162525358975131
    outer loop
      vertex -131.61999893188477 -84.6625638961792 28.79478088378906
      vertex 92.56912231445312 -84.66740856170654 28.82329956054687
      vertex 92.57815551757812 -84.66145191192626 28.787136230468747
    endloop
  endfacet
  facet normal 7.434423610917857e-7 0.9778198939469699 0.20944749939062085
    outer loop
      vertex -131.61999893188477 -84.6692024230957 28.832470092773434
      vertex 92.5601806640625 -84.67508277893066 28.85912719726562
      vertex 92.56912231445312 -84.66740856170654 28.82329956054687
    endloop
  endfacet
  facet normal 8.23446277949116e-7 0.9667267557563707 0.25581121887846203
    outer loop
      vertex -131.61999893188477 -84.67771015167236 28.869777832031247
      vertex 92.55130004882812 -84.68445835113525 28.894558105468747
      vertex 92.5601806640625 -84.67508277893066 28.85912719726562
    endloop
  endfacet
  facet normal 8.81396903504893e-7 0.9534369784258215 0.30159232113809314
    outer loop
      vertex -131.61999893188477 -84.68806419372558 28.90661254882812
      vertex 92.54257202148438 -84.6955114364624 28.92950073242187
      vertex 92.55130004882812 -84.68445835113525 28.894558105468747
    endloop
  endfacet
  facet normal 9.093378753835114e-7 0.9379697766963391 0.3467170287185113
    outer loop
      vertex -131.61999893188477 -84.70024070739746 28.942882690429684
      vertex 92.53399658203125 -84.70821914672851 28.963878784179684
      vertex 92.54257202148438 -84.6955114364624 28.92950073242187
    endloop
  endfacet
  facet normal 9.422304521873703e-7 0.9203214639257244 0.39116288555629075
    outer loop
      vertex -131.61999893188477 -84.71420917510986 28.97851196289062
      vertex 92.52554321289062 -84.72255191802978 28.99760070800781
      vertex 92.53399658203125 -84.70821914672851 28.963878784179684
    endloop
  endfacet
  facet normal 9.59943270695484e-7 0.9006361973777048 0.4345738602034256
    outer loop
      vertex -131.61999893188477 -84.72993335723876 29.013393554687497
      vertex 92.51730346679688 -84.73847732543945 29.030605468749997
      vertex 92.52554321289062 -84.72255191802978 28.99760070800781
    endloop
  endfacet
  facet normal 9.865893049565e-7 0.878913798158279 0.47698064468698786
    outer loop
      vertex -131.61999893188477 -84.74737606048583 29.04746643066406
      vertex 92.50924682617188 -84.75595817565917 29.062816772460934
      vertex 92.51730346679688 -84.73847732543945 29.030605468749997
    endloop
  endfacet
  facet normal 9.49892180188676e-7 0.8551697636474642 0.5183480253094808
    outer loop
      vertex -131.61999893188477 -84.76649341583251 29.08060852050781
      vertex 92.50140380859375 -84.77495536804199 29.09415832519531
      vertex 92.50924682617188 -84.75595817565917 29.062816772460934
    endloop
  endfacet
  facet normal 9.086917071286619e-7 0.8294346071995022 0.558603824171462
    outer loop
      vertex -131.61999893188477 -84.78723678588867 29.112758789062497
      vertex 92.49380493164062 -84.79542598724365 29.12455383300781
      vertex 92.50140380859375 -84.77495536804199 29.09415832519531
    endloop
  endfacet
  facet normal 8.595709899166266e-7 0.8018819916102147 0.5974824445374917
    outer loop
      vertex -131.61999893188477 -84.80955657958984 29.14384094238281
      vertex 92.48648071289062 -84.81732330322265 29.153942260742184
      vertex 92.49380493164062 -84.79542598724365 29.12455383300781
    endloop
  endfacet
  facet normal 8.169470508653007e-7 0.7724197114506797 0.6351124226164856
    outer loop
      vertex -131.61999893188477 -84.83339653015136 29.173778686523434
      vertex 92.47940063476562 -84.84059677124023 29.18224731445312
      vertex 92.48648071289062 -84.81732330322265 29.153942260742184
    endloop
  endfacet
  facet normal 7.368386985826321e-7 0.7412199184324992 0.6712622680580047
    outer loop
      vertex -131.61999893188477 -84.85869750976562 29.202480468749997
      vertex 92.47259521484375 -84.86519393920898 29.20940795898437
      vertex 92.47940063476562 -84.84059677124023 29.18224731445312
    endloop
  endfacet
  facet normal 6.903189292293329e-7 0.7083418810618356 0.7058695201900304
    outer loop
      vertex -131.61999893188477 -84.88539657592773 29.22990051269531
      vertex 92.46609497070312 -84.89105854034423 29.235363159179684
      vertex 92.47259521484375 -84.86519393920898 29.20940795898437
    endloop
  endfacet
  facet normal 5.696508208637865e-7 0.6740366574025686 0.7386978979780894
    outer loop
      vertex -131.61999893188477 -84.91342792510986 29.255947265624997
      vertex 92.45993041992188 -84.91813240051269 29.26006713867187
      vertex 92.46609497070312 -84.89105854034423 29.235363159179684
    endloop
  endfacet
  facet normal 4.246659728515273e-7 0.6379212537302035 0.7701015998159627
    outer loop
      vertex -131.61999893188477 -84.94272193908691 29.28055969238281
      vertex 92.4541015625 -84.94635257720947 29.28344360351562
      vertex 92.45993041992188 -84.91813240051269 29.26006713867187
    endloop
  endfacet
  facet normal 2.5780232907315e-7 0.6006990983276256 0.7994751986574138
    outer loop
      vertex -131.61999893188477 -84.97320518493652 29.30369201660156
      vertex 92.44857788085938 -84.975657081604 29.30546203613281
      vertex 92.4541015625 -84.94635257720947 29.28344360351562
    endloop
  endfacet
  facet normal 1.823627495020782e-7 0.5613976397555402 0.8275461860687144
    outer loop
      vertex -131.61999893188477 -85.00480232238769 29.325283203124997
      vertex 92.44345092773438 -85.0059772491455 29.32603088378906
      vertex 92.44857788085938 -84.975657081604 29.30546203613281
    endloop
  endfacet
  facet normal 3.34663396302503e-7 0.3946916939053256 0.9188136191644273
    outer loop
      vertex -131.61999893188477 -85.10548267364501 29.38023010253906
      vertex 92.4266357421875 -85.13600788116455 29.393261108398434
      vertex 92.43023681640625 -85.10233364105224 29.378795776367184
    endloop
  endfacet
  facet normal 9.087281057671627e-9 0.48045569538829247 0.8770189990923527
    outer loop
      vertex -131.61999893188477 -85.03743515014648 29.34525695800781
      vertex 92.43426513671875 -85.06938705444335 29.362758789062497
      vertex 92.43865966796875 -85.0372444152832 29.34515014648437
    endloop
  endfacet
  facet normal 1.7116762857490438e-7 0.43766249708198895 0.8991393321660047
    outer loop
      vertex -131.61999893188477 -85.0710235595703 29.363598022460934
      vertex 92.43023681640625 -85.10233364105224 29.378795776367184
      vertex 92.43426513671875 -85.06938705444335 29.362758789062497
    endloop
  endfacet
  facet normal -3.7388010411719906e-8 0.5216794519552073 0.8531415764149072
    outer loop
      vertex -131.61999893188477 -85.03743515014648 29.34525695800781
      vertex 92.43865966796875 -85.0372444152832 29.34515014648437
      vertex 92.44345092773438 -85.0059772491455 29.32603088378906
    endloop
  endfacet
  facet normal 4.6952744057059366e-7 0.3501877661976707 0.9366795227852828
    outer loop
      vertex -131.61999893188477 -85.14072761535644 29.39513793945312
      vertex 92.42343139648438 -85.17033252716064 29.406093749999997
      vertex 92.4266357421875 -85.13600788116455 29.393261108398434
    endloop
  endfacet
  facet normal 5.757099351437181e-7 0.3051986717695035 0.9522887013662398
    outer loop
      vertex -131.61999893188477 -85.17667064666747 29.40826049804687
      vertex 92.42062377929688 -85.20523128509521 29.41727844238281
      vertex 92.42343139648438 -85.17033252716064 29.406093749999997
    endloop
  endfacet
  facet normal 0.9701424487210076 -0.0000010171228749282091 0.24253583073140492
    outer loop
      vertex 98.95486450195312 -81.55796585083007 3.280399475097653
      vertex 92.6048583984375 -81.55796585083007 28.68040100097656
      vertex 94.928955078125 -87.19399986267089 19.383999023437497
    endloop
  endfacet
  facet normal -0.9701423695805818 0 -0.2425361472947362
    outer loop
      vertex 92.09051513671875 -84.65399990081787 5.337803039550778
      vertex 86.25485229492188 -84.65399990081787 28.68040100097656
      vertex 86.25485229492188 -71.95400009155273 28.68040100097656
    endloop
  endfacet
  facet normal 0.9701426036136603 0 0.24253521116264407
    outer loop
      vertex 94.47174072265625 -82.74900016784667 3.4327966308593716
      vertex 88.15985107421875 -73.85900077819824 28.68040100097656
      vertex 88.15985107421875 -82.74900016784667 28.68040100097656
    endloop
  endfacet
  facet normal -0.258278578917583 0.9639102405153154 -0.06456952765833732
    outer loop
      vertex 94.47174072265625 -82.74900016784667 3.4327966308593716
      vertex 88.15985107421875 -82.74900016784667 28.68040100097656
      vertex 92.6048583984375 -81.55796585083007 28.68040100097656
    endloop
  endfacet
  facet normal 0.9701420429807871 0.000011656024913854162 0.24253745340710092
    outer loop
      vertex 94.928955078125 -87.19399986267089 19.383999023437497
      vertex 94.26220703125 -87.95599994659423 22.05100646972656
      vertex 94.73846435546875 -87.95599994659423 20.14599243164062
    endloop
  endfacet
  facet normal 0.9701412301369294 0.00002374384598097316 0.24254070385119889
    outer loop
      vertex 94.928955078125 -87.19399986267089 19.383999023437497
      vertex 94.07168579101562 -87.19399986267089 22.812999877929684
      vertex 94.26220703125 -87.95599994659423 22.05100646972656
    endloop
  endfacet
  facet normal -0.25827857599485804 -0.9639102296075409 -0.06456970218303647
    outer loop
      vertex 94.50985717773438 -73.85900077819824 3.280399475097653
      vertex 92.6048583984375 -75.05003509521484 28.68040100097656
      vertex 88.15985107421875 -73.85900077819824 28.68040100097656
    endloop
  endfacet
  facet normal 0 1 0
    outer loop
      vertex 92.78900146484375 -71.95400009155273 2.543796691894528
      vertex 86.25485229492188 -71.95400009155273 28.68040100097656
      vertex 92.6048583984375 -71.95400009155273 28.68040100097656
    endloop
  endfacet
  facet normal 0.9701424487215095 0 0.24253583073153034
    outer loop
      vertex 98.95486450195312 -75.05003509521484 3.280399475097653
      vertex 92.6048583984375 -71.95400009155273 28.68040100097656
      vertex 92.6048583984375 -75.05003509521484 28.68040100097656
    endloop
  endfacet
  facet normal 0.9701412303660876 -0.000009557629836259365 0.2425407039084897
    outer loop
      vertex 94.928955078125 -87.19399986267089 19.383999023437497
      vertex 92.6048583984375 -81.55796585083007 28.68040100097656
      vertex 94.07168579101562 -87.19399986267089 22.812999877929684
    endloop
  endfacet
  facet normal 0.9701438333313251 0.000004346730811227724 0.24253029219111588
    outer loop
      vertex 94.07168579101562 -87.19399986267089 22.812999877929684
      vertex 92.6048583984375 -84.65399990081787 28.68040100097656
      vertex 92.9287109375 -87.19399986267089 27.38500610351562
    endloop
  endfacet
  facet normal 0.9701433905949643 0 0.24253206321001422
    outer loop
      vertex 94.07168579101562 -87.19399986267089 22.812999877929684
      vertex 92.6048583984375 -81.55796585083007 28.68040100097656
      vertex 92.6048583984375 -84.65399990081787 28.68040100097656
    endloop
  endfacet
  facet normal 0.9701468210574015 -0.000007764381087991966 0.24251834060939134
    outer loop
      vertex 92.50259399414062 -86.09812507629394 29.089443359374997
      vertex 92.6048583984375 -84.65399990081787 28.68040100097656
      vertex 92.46710205078125 -85.95730934143066 29.23142639160156
    endloop
  endfacet
  facet normal 0.9700095402145212 0.00002154480618131029 0.24306684559732625
    outer loop
      vertex 92.46710205078125 -85.95730934143066 29.23142639160156
      vertex 92.47940063476562 -84.84059677124023 29.18224731445312
      vertex 92.47259521484375 -84.86519393920898 29.20940795898437
    endloop
  endfacet
  facet normal 0.9699688759923218 0.000018100829925488734 0.24322906750335485
    outer loop
      vertex 92.46710205078125 -85.95730934143066 29.23142639160156
      vertex 92.46609497070312 -84.89105854034423 29.235363159179684
      vertex 92.46096801757812 -85.93092975616455 29.255886230468747
    endloop
  endfacet
  facet normal 0.9701026850728126 -0.00000800607529316592 0.24269482967385628
    outer loop
      vertex 92.46096801757812 -85.93092975616455 29.255886230468747
      vertex 92.45993041992188 -84.91813240051269 29.26006713867187
      vertex 92.45516967773438 -85.90343532562255 29.279064331054684
    endloop
  endfacet
  facet normal 0.9701741898473841 -0.000026451714336731617 0.24240882957161178
    outer loop
      vertex 92.45516967773438 -85.90343532562255 29.279064331054684
      vertex 92.4541015625 -84.94635257720947 29.28344360351562
      vertex 92.44970703125 -85.8748851776123 29.300930175781247
    endloop
  endfacet
  facet normal 0.9703195196300858 -0.000013530407903835782 0.24182644529035163
    outer loop
      vertex 92.444580078125 -85.84534225463867 29.32145324707031
      vertex 92.44345092773438 -85.0059772491455 29.32603088378906
      vertex 92.4398193359375 -85.81487140655517 29.34055725097656
    endloop
  endfacet
  facet normal 0.9701838228797347 -0.000003230318802757666 0.2423702741922549
    outer loop
      vertex 92.44970703125 -85.8748851776123 29.300930175781247
      vertex 92.44857788085938 -84.975657081604 29.30546203613281
      vertex 92.444580078125 -85.84534225463867 29.32145324707031
    endloop
  endfacet
  facet normal 0.9700372765261891 0.000019173158161192287 0.24295613139421643
    outer loop
      vertex 92.46710205078125 -85.95730934143066 29.23142639160156
      vertex 92.47259521484375 -84.86519393920898 29.20940795898437
      vertex 92.46609497070312 -84.89105854034423 29.235363159179684
    endloop
  endfacet
  facet normal 0.9702981527498976 -0.00002404079567206049 0.24191216214191588
    outer loop
      vertex 92.45516967773438 -85.90343532562255 29.279064331054684
      vertex 92.45993041992188 -84.91813240051269 29.26006713867187
      vertex 92.4541015625 -84.94635257720947 29.28344360351562
    endloop
  endfacet
  facet normal 0.9702495623244846 -0.000005428885714901637 0.24210697383527283
    outer loop
      vertex 92.46096801757812 -85.93092975616455 29.255886230468747
      vertex 92.46609497070312 -84.89105854034423 29.235363159179684
      vertex 92.45993041992188 -84.91813240051269 29.26006713867187
    endloop
  endfacet
  facet normal 0.9699470851491001 -0.000008293535920390412 0.2433159508581006
    outer loop
      vertex 92.44970703125 -85.8748851776123 29.300930175781247
      vertex 92.4541015625 -84.94635257720947 29.28344360351562
      vertex 92.44857788085938 -84.975657081604 29.30546203613281
    endloop
  endfacet
  facet normal 0.9703163379319178 -0.000013604310320686896 0.24183921137258738
    outer loop
      vertex 92.444580078125 -85.84534225463867 29.32145324707031
      vertex 92.44857788085938 -84.975657081604 29.30546203613281
      vertex 92.44345092773438 -85.0059772491455 29.32603088378906
    endloop
  endfacet
  facet normal 0.9699988388074116 0.000010673278732210931 0.24310954855446198
    outer loop
      vertex 92.43539428710938 -85.78354034423828 29.35821166992187
      vertex 92.4398193359375 -85.81487140655517 29.34055725097656
      vertex 92.43865966796875 -85.0372444152832 29.34515014648437
    endloop
  endfacet
  facet normal 0.9701638784124513 0.000040529352297150095 0.24245009255737934
    outer loop
      vertex 92.43136596679688 -85.75141677856445 29.37438598632812
      vertex 92.43023681640625 -85.10233364105224 29.378795776367184
      vertex 92.42770385742188 -85.7185712814331 29.38903442382812
    endloop
  endfacet
  facet normal 0.9703553726232277 -0.000004595878496978058 0.24168254136390366
    outer loop
      vertex 92.43539428710938 -85.78354034423828 29.35821166992187
      vertex 92.43426513671875 -85.06938705444335 29.362758789062497
      vertex 92.43136596679688 -85.75141677856445 29.37438598632812
    endloop
  endfacet
  facet normal 0.9702445920800263 -0.000007600275368421668 0.24212689128161524
    outer loop
      vertex 92.43539428710938 -85.78354034423828 29.35821166992187
      vertex 92.43865966796875 -85.0372444152832 29.34515014648437
      vertex 92.43426513671875 -85.06938705444335 29.362758789062497
    endloop
  endfacet
  facet normal 0.970001589666491 0.000010742209166843261 0.24309857245382058
    outer loop
      vertex 92.4398193359375 -85.81487140655517 29.34055725097656
      vertex 92.44345092773438 -85.0059772491455 29.32603088378906
      vertex 92.43865966796875 -85.0372444152832 29.34515014648437
    endloop
  endfacet
  facet normal 0.9703686543190133 0.000026048836073394665 0.24162920774725383
    outer loop
      vertex 92.42770385742188 -85.7185712814331 29.38903442382812
      vertex 92.43023681640625 -85.10233364105224 29.378795776367184
      vertex 92.4266357421875 -85.13600788116455 29.393261108398434
    endloop
  endfacet
  facet normal 0.969855126835241 0.00003162121898346359 0.24368223560919836
    outer loop
      vertex 92.43136596679688 -85.75141677856445 29.37438598632812
      vertex 92.43426513671875 -85.06938705444335 29.362758789062497
      vertex 92.43023681640625 -85.10233364105224 29.378795776367184
    endloop
  endfacet
  facet normal 0.9702539597629793 0.000028755335030727717 0.24208934866571394
    outer loop
      vertex 92.42153930664062 -85.65100345611572 29.413662109374997
      vertex 92.42062377929688 -85.20523128509521 29.41727844238281
      vertex 92.4190673828125 -85.61642990112304 29.42356506347656
    endloop
  endfacet
  facet normal 0.9703588285030638 -0.00001450218003977765 0.24166866519234248
    outer loop
      vertex 92.42153930664062 -85.65100345611572 29.413662109374997
      vertex 92.42440795898438 -85.68507537841796 29.40214172363281
      vertex 92.42343139648438 -85.17033252716064 29.406093749999997
    endloop
  endfacet
  facet normal 0.9698149589055758 0.000008978767515555808 0.24384205011104634
    outer loop
      vertex 92.42770385742188 -85.7185712814331 29.38903442382812
      vertex 92.4266357421875 -85.13600788116455 29.393261108398434
      vertex 92.42440795898438 -85.68507537841796 29.40214172363281
    endloop
  endfacet
  facet normal 0.9691017020015336 0.00020502969844497828 0.2466614058594362
    outer loop
      vertex 92.41302490234375 -85.3855052947998 29.44767395019531
      vertex 92.41281127929688 -85.42214164733886 29.44854370117187
      vertex 92.41293334960938 -85.44841060638427 29.448085937499997
    endloop
  endfacet
  facet normal 0.9708581305660025 0.00015658542911096488 0.2396548889442699
    outer loop
      vertex 92.41302490234375 -85.3855052947998 29.44767395019531
      vertex 92.41293334960938 -85.44841060638427 29.448085937499997
      vertex 92.41326904296875 -85.47464809417724 29.446743164062497
    endloop
  endfacet
  facet normal 0.9686110499038535 0.00005722660829812502 0.2485812356741146
    outer loop
      vertex 92.41302490234375 -85.3855052947998 29.44767395019531
      vertex 92.41326904296875 -85.47464809417724 29.446743164062497
      vertex 92.4136962890625 -85.34895286560058 29.44504943847656
    endloop
  endfacet
  facet normal 0.9700768064810718 -0.000025680550119807216 0.2427982472506641
    outer loop
      vertex 92.41326904296875 -85.47464809417724 29.446743164062497
      vertex 92.41409301757812 -85.51046142578124 29.443447265624997
      vertex 92.4136962890625 -85.34895286560058 29.44504943847656
    endloop
  endfacet
  facet normal 0.9712802403358755 0.000025485232162164138 0.23793842498341253
    outer loop
      vertex 92.41409301757812 -85.51046142578124 29.443447265624997
      vertex 92.41476440429688 -85.31256637573242 29.440685424804684
      vertex 92.4136962890625 -85.34895286560058 29.44504943847656
    endloop
  endfacet
  facet normal 0.9699672094915882 0.00010386899644444776 0.24323569171142007
    outer loop
      vertex 92.41409301757812 -85.51046142578124 29.443447265624997
      vertex 92.41534423828125 -85.54608211517333 29.43847290039062
      vertex 92.41476440429688 -85.31256637573242 29.440685424804684
    endloop
  endfacet
  facet normal 0.9698598241786549 0.00009954873644225748 0.2436635211397015
    outer loop
      vertex 92.41534423828125 -85.54608211517333 29.43847290039062
      vertex 92.41629028320312 -85.27642879486083 29.434597167968747
      vertex 92.41476440429688 -85.31256637573242 29.440685424804684
    endloop
  endfacet
  facet normal 0.9704819595662396 0.00006158006660486767 0.24117371822892944
    outer loop
      vertex 92.4169921875 -85.58143100738525 29.431850585937497
      vertex 92.41629028320312 -85.27642879486083 29.434597167968747
      vertex 92.41534423828125 -85.54608211517333 29.43847290039062
    endloop
  endfacet
  facet normal 0.9700842079909658 0.00004711383621795633 0.2427686701096891
    outer loop
      vertex 92.4169921875 -85.58143100738525 29.431850585937497
      vertex 92.4190673828125 -85.61642990112304 29.42356506347656
      vertex 92.41824340820312 -85.24062404632568 29.426784667968747
    endloop
  endfacet
  facet normal 0.9698964344857426 0.00001643293116481149 0.2435177736876766
    outer loop
      vertex 92.42153930664062 -85.65100345611572 29.413662109374997
      vertex 92.42343139648438 -85.17033252716064 29.406093749999997
      vertex 92.42062377929688 -85.20523128509521 29.41727844238281
    endloop
  endfacet
  facet normal 0.9702222463756969 -0.00001896675378323855 0.2422164162024506
    outer loop
      vertex 92.42440795898438 -85.68507537841796 29.40214172363281
      vertex 92.4266357421875 -85.13600788116455 29.393261108398434
      vertex 92.42343139648438 -85.17033252716064 29.406093749999997
    endloop
  endfacet
  facet normal 0.9700922176007957 0.00004660864931391535 0.24273666220413467
    outer loop
      vertex 92.4169921875 -85.58143100738525 29.431850585937497
      vertex 92.41824340820312 -85.24062404632568 29.426784667968747
      vertex 92.41629028320312 -85.27642879486083 29.434597167968747
    endloop
  endfacet
  facet normal 0.9700118063466463 0.00004447806773358715 0.24305779882533687
    outer loop
      vertex 92.4190673828125 -85.61642990112304 29.42356506347656
      vertex 92.42062377929688 -85.20523128509521 29.41727844238281
      vertex 92.41824340820312 -85.24062404632568 29.426784667968747
    endloop
  endfacet
  facet normal 0 0 1
    outer loop
      vertex 86.25485229492188 -84.65399990081787 28.68040100097656
      vertex 92.6048583984375 -84.65399990081787 28.68040100097656
      vertex 88.15985107421875 -82.74900016784667 28.68040100097656
    endloop
  endfacet
  facet normal 0 0.9997374545375632 0.022913358434622305
    outer loop
      vertex 86.25485229492188 -84.65399990081787 28.68040100097656
      vertex 92.59603881835938 -84.65480670928955 28.715603027343747
      vertex 92.6048583984375 -84.65399990081787 28.68040100097656
    endloop
  endfacet
  facet normal 0.9701929339295844 -0.00005924157789580332 0.24233379344107295
    outer loop
      vertex 92.46710205078125 -85.95730934143066 29.23142639160156
      vertex 92.57815551757812 -84.66145191192626 28.787136230468747
      vertex 92.56912231445312 -84.66740856170654 28.82329956054687
    endloop
  endfacet
  facet normal 0.9702462348455384 -0.0001310154626591352 0.24212027301117306
    outer loop
      vertex 92.46710205078125 -85.95730934143066 29.23142639160156
      vertex 92.56912231445312 -84.66740856170654 28.82329956054687
      vertex 92.5601806640625 -84.67508277893066 28.85912719726562
    endloop
  endfacet
  facet normal 0 0 1
    outer loop
      vertex 88.15985107421875 -82.74900016784667 28.68040100097656
      vertex 92.6048583984375 -84.65399990081787 28.68040100097656
      vertex 92.6048583984375 -81.55796585083007 28.68040100097656
    endloop
  endfacet
  facet normal 0.9699827598949751 0.0001939527799334113 0.24317361676145385
    outer loop
      vertex 92.46710205078125 -85.95730934143066 29.23142639160156
      vertex 92.5601806640625 -84.67508277893066 28.85912719726562
      vertex 92.55130004882812 -84.68445835113525 28.894558105468747
    endloop
  endfacet
  facet normal 0.9702804505192157 -0.0001316568849736718 0.241983119259779
    outer loop
      vertex 92.46710205078125 -85.95730934143066 29.23142639160156
      vertex 92.54257202148438 -84.6955114364624 28.92950073242187
      vertex 92.53399658203125 -84.70821914672851 28.963878784179684
    endloop
  endfacet
  facet normal 0.9701956918836517 -0.000045318688424200874 0.24232275459935437
    outer loop
      vertex 92.46710205078125 -85.95730934143066 29.23142639160156
      vertex 92.55130004882812 -84.68445835113525 28.894558105468747
      vertex 92.54257202148438 -84.6955114364624 28.92950073242187
    endloop
  endfacet
  facet normal 0.9699724822563341 0.0001486207751019054 0.24321464096010048
    outer loop
      vertex 92.46710205078125 -85.95730934143066 29.23142639160156
      vertex 92.53399658203125 -84.70821914672851 28.963878784179684
      vertex 92.52554321289062 -84.72255191802978 28.99760070800781
    endloop
  endfacet
  facet normal 0.9702280573375853 -0.00005691836388844951 0.2421931326756289
    outer loop
      vertex 92.46710205078125 -85.95730934143066 29.23142639160156
      vertex 92.52554321289062 -84.72255191802978 28.99760070800781
      vertex 92.51730346679688 -84.73847732543945 29.030605468749997
    endloop
  endfacet
  facet normal 0.9700807778403485 0.000042957997357482134 0.24278237707723915
    outer loop
      vertex 92.46710205078125 -85.95730934143066 29.23142639160156
      vertex 92.50924682617188 -84.75595817565917 29.062816772460934
      vertex 92.50140380859375 -84.77495536804199 29.09415832519531
    endloop
  endfacet
  facet normal 0.9701123796773555 0.00002412272369239292 0.24265607392940491
    outer loop
      vertex 92.46710205078125 -85.95730934143066 29.23142639160156
      vertex 92.51730346679688 -84.73847732543945 29.030605468749997
      vertex 92.50924682617188 -84.75595817565917 29.062816772460934
    endloop
  endfacet
  facet normal 0.9701403477429319 0.000013582041666255618 0.24254423410328962
    outer loop
      vertex 92.46710205078125 -85.95730934143066 29.23142639160156
      vertex 92.50140380859375 -84.77495536804199 29.09415832519531
      vertex 92.49380493164062 -84.79542598724365 29.12455383300781
    endloop
  endfacet
  facet normal 0.9701112385079331 0.0000025357139557982536 0.24266063733983398
    outer loop
      vertex 92.46710205078125 -85.95730934143066 29.23142639160156
      vertex 92.48648071289062 -84.81732330322265 29.153942260742184
      vertex 92.47940063476562 -84.84059677124023 29.18224731445312
    endloop
  endfacet
  facet normal 0.9703307041217358 -0.000060945578534763444 0.24178155621190922
    outer loop
      vertex 92.46710205078125 -85.95730934143066 29.23142639160156
      vertex 92.49380493164062 -84.79542598724365 29.12455383300781
      vertex 92.48648071289062 -84.81732330322265 29.153942260742184
    endloop
  endfacet
  facet normal 0 0 1
    outer loop
      vertex 86.25485229492188 -84.65399990081787 28.68040100097656
      vertex 88.15985107421875 -82.74900016784667 28.68040100097656
      vertex 88.15985107421875 -73.85900077819824 28.68040100097656
    endloop
  endfacet
  facet normal 0.9701426887742963 0.0000018658641292656873 0.24253487051205053
    outer loop
      vertex 92.9287109375 -87.19399986267089 27.38500610351562
      vertex 92.6048583984375 -84.65399990081787 28.68040100097656
      vertex 92.86624145507812 -87.08663806915283 27.63488403320312
    endloop
  endfacet
  facet normal 0.9701427213400181 0.0000019253489977114964 0.24253474024823107
    outer loop
      vertex 92.86624145507812 -87.08663806915283 27.63488403320312
      vertex 92.6048583984375 -84.65399990081787 28.68040100097656
      vertex 92.81124877929688 -86.97923336029052 27.85485473632812
    endloop
  endfacet
  facet normal 0.9701260266054194 -0.000023261787855350454 0.24260150857253612
    outer loop
      vertex 92.81124877929688 -86.97923336029052 27.85485473632812
      vertex 92.6048583984375 -84.65399990081787 28.68040100097656
      vertex 92.76284790039062 -86.8740306854248 28.048412475585934
    endloop
  endfacet
  facet normal 0.9701308305901799 -0.000017451088895023957 0.24258229785758714
    outer loop
      vertex 92.76284790039062 -86.8740306854248 28.048412475585934
      vertex 92.6048583984375 -84.65399990081787 28.68040100097656
      vertex 92.715576171875 -86.7609239578247 28.23746887207031
    endloop
  endfacet
  facet normal 0.9701467251989714 -0.0000032509365617105086 0.24251872417432624
    outer loop
      vertex 92.715576171875 -86.7609239578247 28.23746887207031
      vertex 92.6048583984375 -84.65399990081787 28.68040100097656
      vertex 92.66952514648438 -86.64010772705078 28.42168823242187
    endloop
  endfacet
  facet normal 0.9701468232443304 -0.0000031966544973086917 0.2425183319642356
    outer loop
      vertex 92.66952514648438 -86.64010772705078 28.42168823242187
      vertex 92.6048583984375 -84.65399990081787 28.68040100097656
      vertex 92.624755859375 -86.51178607940673 28.600780639648434
    endloop
  endfacet
  facet normal 0.9701521204812077 -0.0000022317003368517608 0.24249714043847156
    outer loop
      vertex 92.624755859375 -86.51178607940673 28.600780639648434
      vertex 92.6048583984375 -84.65399990081787 28.68040100097656
      vertex 92.58135986328125 -86.37618026733398 28.77439514160156
    endloop
  endfacet
  facet normal 0.9701177124861532 0.000005748540145901227 0.24263475408025842
    outer loop
      vertex 92.53936767578125 -86.23351917266845 28.942287597656247
      vertex 92.58135986328125 -86.37618026733398 28.77439514160156
      vertex 92.6048583984375 -84.65399990081787 28.68040100097656
    endloop
  endfacet
  facet normal 0.9701608336189129 -0.000024636134864804053 0.2424622781071662
    outer loop
      vertex 92.53936767578125 -86.23351917266845 28.942287597656247
      vertex 92.6048583984375 -84.65399990081787 28.68040100097656
      vertex 92.50259399414062 -86.09812507629394 29.089443359374997
    endloop
  endfacet
  facet normal 0.9702949809886788 -0.00024280437609055825 0.24192476292065349
    outer loop
      vertex 92.46710205078125 -85.95730934143066 29.23142639160156
      vertex 92.59603881835938 -84.65480670928955 28.715603027343747
      vertex 92.5872802734375 -84.65722713470458 28.75072875976562
    endloop
  endfacet
  facet normal 0.9700174702864405 0.00022438556263224425 0.24303509415352698
    outer loop
      vertex 92.46710205078125 -85.95730934143066 29.23142639160156
      vertex 92.6048583984375 -84.65399990081787 28.68040100097656
      vertex 92.59603881835938 -84.65480670928955 28.715603027343747
    endloop
  endfacet
  facet normal 0.9699924548266694 0.00023260472761180368 0.2431349079716286
    outer loop
      vertex 92.46710205078125 -85.95730934143066 29.23142639160156
      vertex 92.5872802734375 -84.65722713470458 28.75072875976562
      vertex 92.57815551757812 -84.66145191192626 28.787136230468747
    endloop
  endfacet
  facet normal 0 0 1
    outer loop
      vertex 86.25485229492188 -84.65399990081787 28.68040100097656
      vertex 88.15985107421875 -73.85900077819824 28.68040100097656
      vertex 86.25485229492188 -71.95400009155273 28.68040100097656
    endloop
  endfacet
  facet normal 0 0 1
    outer loop
      vertex 86.25485229492188 -71.95400009155273 28.68040100097656
      vertex 88.15985107421875 -73.85900077819824 28.68040100097656
      vertex 92.6048583984375 -71.95400009155273 28.68040100097656
    endloop
  endfacet
  facet normal 0 0 1
    outer loop
      vertex 88.15985107421875 -73.85900077819824 28.68040100097656
      vertex 92.6048583984375 -75.05003509521484 28.68040100097656
      vertex 92.6048583984375 -71.95400009155273 28.68040100097656
    endloop
  endfacet
  facet normal 0 0 -1
    outer loop
      vertex -18.854513375547455 2.1175169377979275 0.0038034057617153394
      vertex -2.1175169377979275 4.23883728135757 0.0038034057617153394
      vertex 2.1175169377979275 4.23883728135757 0.0038034057617153394
    endloop
  endfacet
  facet normal 0 0 1
    outer loop
      vertex -39.69740295410156 2.836294555664068 2.543796691894528
      vertex -2.943603515625 2.836294555664068 2.543796691894528
      vertex -2.943603515625 39.59644165039063 2.543796691894528
    endloop
  endfacet
  facet normal 0 0.7071077466103192 0.7071058157614578
    outer loop
      vertex -42.49139404296875 0.042295837402349434 5.337803039550778
      vertex -0.14959716796875 0.042295837402349434 5.337803039550778
      vertex -2.943603515625 2.836294555664068 2.543796691894528
    endloop
  endfacet
  facet normal -0.7071067811865476 0 0.7071067811865476
    outer loop
      vertex -2.943603515625 2.836294555664068 2.543796691894528
      vertex -0.14959716796875 0.042295837402349434 5.337803039550778
      vertex -0.14959716796875 42.39043273925782 5.337803039550778
    endloop
  endfacet
  facet normal 0.7071087120354088 0 0.7071048503324137
    outer loop
      vertex 2.6443939208984375 2.836294555664068 2.543796691894528
      vertex -0.14959716796875 42.39043273925782 5.337803039550778
      vertex -0.14959716796875 0.042295837402349434 5.337803039550778
    endloop
  endfacet
  facet normal 0 0 -1
    outer loop
      vertex -40.22248306220207 38.101162718642435 0.0038034057617153394
      vertex -2.1175169377979275 38.101162718642435 0.0038034057617153394
      vertex -2.1175169377979275 4.23883728135757 0.0038034057617153394
    endloop
  endfacet
  facet normal -0.7071067811865476 0 0.7071067811865476
    outer loop
      vertex -2.943603515625 2.836294555664068 2.543796691894528
      vertex -0.14959716796875 42.39043273925782 5.337803039550778
      vertex -2.943603515625 39.59644165039063 2.543796691894528
    endloop
  endfacet
  facet normal 0 0 -1
    outer loop
      vertex -72.68243224853867 40.22248306220207 0.0038034057617153394
      vertex 94 40.22248306220207 0.0038034057617153394
      vertex -44.457516937797934 38.101162718642435 0.0038034057617153394
    endloop
  endfacet
  facet normal 0.7071087120354089 0 0.7071048503324138
    outer loop
      vertex 2.6443939208984375 2.836294555664068 2.543796691894528
      vertex 2.6443939208984375 39.59644165039063 2.543796691894528
      vertex -0.14959716796875 42.39043273925782 5.337803039550778
    endloop
  endfacet
  facet normal 0 0 -1
    outer loop
      vertex -40.22248306220207 38.101162718642435 0.0038034057617153394
      vertex -44.457516937797934 38.101162718642435 0.0038034057617153394
      vertex 94 40.22248306220207 0.0038034057617153394
    endloop
  endfacet
  facet normal 0 -0.7071087120354088 0.7071048503324138
    outer loop
      vertex -42.49139404296875 42.39043273925782 5.337803039550778
      vertex -2.943603515625 39.59644165039063 2.543796691894528
      vertex -0.14959716796875 42.39043273925782 5.337803039550778
    endloop
  endfacet
  facet normal 0 0.7071067811865475 0.7071067811865475
    outer loop
      vertex -42.49139404296875 42.39043273925782 5.337803039550778
      vertex -0.14959716796875 42.39043273925782 5.337803039550778
      vertex -2.943603515625 45.18443908691407 2.543796691894528
    endloop
  endfacet
  facet normal 0 0 -1
    outer loop
      vertex -18.854513375547455 2.1175169377979275 0.0038034057617153394
      vertex 2.1175169377979275 4.23883728135757 0.0038034057617153394
      vertex 94 2.1175169377979275 0.0038034057617153394
    endloop
  endfacet
  facet normal 0 0.707107746610319 0.7071058157614577
    outer loop
      vertex 2.6443939208984375 2.836294555664068 2.543796691894528
      vertex -0.14959716796875 0.042295837402349434 5.337803039550778
      vertex 39.398193359375 2.836294555664068 2.543796691894528
    endloop
  endfacet
  facet normal 0 0 -1
    outer loop
      vertex 2.1175169377979275 4.23883728135757 0.0038034057617153394
      vertex 2.1175169377979275 38.101162718642435 0.0038034057617153394
      vertex 40.22248306220207 4.23883728135757 0.0038034057617153394
    endloop
  endfacet
  facet normal 0 0 1
    outer loop
      vertex 2.6443939208984375 2.836294555664068 2.543796691894528
      vertex 39.398193359375 2.836294555664068 2.543796691894528
      vertex 39.398193359375 39.59644165039063 2.543796691894528
    endloop
  endfacet
  facet normal 0 0.7071077466103192 0.7071058157614578
    outer loop
      vertex -0.14959716796875 0.042295837402349434 5.337803039550778
      vertex 42.19219970703125 0.042295837402349434 5.337803039550778
      vertex 39.398193359375 2.836294555664068 2.543796691894528
    endloop
  endfacet
  facet normal -0.7071067811865476 0 0.7071067811865476
    outer loop
      vertex 39.398193359375 2.836294555664068 2.543796691894528
      vertex 42.19219970703125 0.042295837402349434 5.337803039550778
      vertex 42.19219970703125 42.39043273925782 5.337803039550778
    endloop
  endfacet
  facet normal 0 0 1
    outer loop
      vertex 2.6443939208984375 2.836294555664068 2.543796691894528
      vertex 39.398193359375 39.59644165039063 2.543796691894528
      vertex 2.6443939208984375 39.59644165039063 2.543796691894528
    endloop
  endfacet
  facet normal 0 0 -1
    outer loop
      vertex -40.22248306220207 38.101162718642435 0.0038034057617153394
      vertex 94 40.22248306220207 0.0038034057617153394
      vertex -2.1175169377979275 38.101162718642435 0.0038034057617153394
    endloop
  endfacet
  facet normal 0 -0.7071087120354089 0.7071048503324138
    outer loop
      vertex 2.6443939208984375 39.59644165039063 2.543796691894528
      vertex 39.398193359375 39.59644165039063 2.543796691894528
      vertex -0.14959716796875 42.39043273925782 5.337803039550778
    endloop
  endfacet
  facet normal 0 0 -1
    outer loop
      vertex 2.1175169377979275 38.101162718642435 0.0038034057617153394
      vertex 40.22248306220207 38.101162718642435 0.0038034057617153394
      vertex 40.22248306220207 4.23883728135757 0.0038034057617153394
    endloop
  endfacet
  facet normal -0.7071067811865476 0 0.7071067811865476
    outer loop
      vertex 39.398193359375 2.836294555664068 2.543796691894528
      vertex 42.19219970703125 42.39043273925782 5.337803039550778
      vertex 39.398193359375 39.59644165039063 2.543796691894528
    endloop
  endfacet
  facet normal 0 0 -1
    outer loop
      vertex 2.1175169377979275 38.101162718642435 0.0038034057617153394
      vertex -2.1175169377979275 38.101162718642435 0.0038034057617153394
      vertex 94 40.22248306220207 0.0038034057617153394
    endloop
  endfacet
  facet normal 0 -0.7071087120354088 0.7071048503324138
    outer loop
      vertex -0.14959716796875 42.39043273925782 5.337803039550778
      vertex 39.398193359375 39.59644165039063 2.543796691894528
      vertex 42.19219970703125 42.39043273925782 5.337803039550778
    endloop
  endfacet
  facet normal 0 0.7071067811865475 0.7071067811865475
    outer loop
      vertex -0.14959716796875 42.39043273925782 5.337803039550778
      vertex 42.19219970703125 42.39043273925782 5.337803039550778
      vertex 39.398193359375 45.18443908691407 2.543796691894528
    endloop
  endfacet
  facet normal 0 0 -1
    outer loop
      vertex -78.66493487393652 44.457516937797934 0.0038034057617153394
      vertex -44.457516937797934 46.57883728135757 0.0038034057617153394
      vertex 94 44.457516937797934 0.0038034057617153394
    endloop
  endfacet
  facet normal 0 0 1
    outer loop
      vertex -39.69740295410156 45.18443908691407 2.543796691894528
      vertex -2.943603515625 45.18443908691407 2.543796691894528
      vertex -2.943603515625 81.94458618164063 2.543796691894528
    endloop
  endfacet
  facet normal -0.7071067811865476 0 0.7071067811865476
    outer loop
      vertex -0.14959716796875 42.39043273925782 5.337803039550778
      vertex -2.943603515625 81.94458618164063 2.543796691894528
      vertex -2.943603515625 45.18443908691407 2.543796691894528
    endloop
  endfacet
  facet normal 0 0 -1
    outer loop
      vertex 94 44.457516937797934 0.0038034057617153394
      vertex -44.457516937797934 46.57883728135757 0.0038034057617153394
      vertex -40.22248306220207 46.57883728135757 0.0038034057617153394
    endloop
  endfacet
  facet normal 0.7071087120354088 0 0.7071048503324137
    outer loop
      vertex -0.14959716796875 42.39043273925782 5.337803039550778
      vertex 2.6443939208984375 45.18443908691407 2.543796691894528
      vertex -0.14959716796875 84.73859252929688 5.337803039550778
    endloop
  endfacet
  facet normal 0 0 -1
    outer loop
      vertex -40.22248306220207 80 0.0038034057617153394
      vertex -2.1175169377979275 80 0.0038034057617153394
      vertex -2.1175169377979275 46.57883728135757 0.0038034057617153394
    endloop
  endfacet
  facet normal 0 0 -1
    outer loop
      vertex 99.77398681640625 81.94458618164063 0.0038034057617153394
      vertex -44.457516937797934 80 0.0038034057617153394
      vertex -82.56248306220208 80 0.0038034057617153394
    endloop
  endfacet
  facet normal 0.7071087120354089 0 0.7071048503324138
    outer loop
      vertex 2.6443939208984375 45.18443908691407 2.543796691894528
      vertex 2.6443939208984375 81.94458618164063 2.543796691894528
      vertex -0.14959716796875 84.73859252929688 5.337803039550778
    endloop
  endfacet
  facet normal 0 0 -1
    outer loop
      vertex 99.77398681640625 81.94458618164063 0.0038034057617153394
      vertex -40.22248306220207 80 0.0038034057617153394
      vertex -44.457516937797934 80 0.0038034057617153394
    endloop
  endfacet
  facet normal 0 -0.7071067811865475 0.7071067811865475
    outer loop
      vertex -42.49139404296875 84.73859252929688 5.337803039550778
      vertex -2.943603515625 81.94458618164063 2.543796691894528
      vertex -0.14959716796875 84.73859252929688 5.337803039550778
    endloop
  endfacet
  facet normal -0.7071067811865476 0 0.7071067811865476
    outer loop
      vertex -0.14959716796875 42.39043273925782 5.337803039550778
      vertex -0.14959716796875 84.73859252929688 5.337803039550778
      vertex -2.943603515625 81.94458618164063 2.543796691894528
    endloop
  endfacet
  facet normal 0 0 -1
    outer loop
      vertex 94 44.457516937797934 0.0038034057617153394
      vertex -40.22248306220207 46.57883728135757 0.0038034057617153394
      vertex -2.1175169377979275 46.57883728135757 0.0038034057617153394
    endloop
  endfacet
  facet normal 0 0.7071067811865475 0.7071067811865475
    outer loop
      vertex -0.14959716796875 42.39043273925782 5.337803039550778
      vertex 39.398193359375 45.18443908691407 2.543796691894528
      vertex 2.6443939208984375 45.18443908691407 2.543796691894528
    endloop
  endfacet
  facet normal 0 0 -1
    outer loop
      vertex 2.1175169377979275 46.57883728135757 0.0038034057617153394
      vertex 2.1175169377979275 80 0.0038034057617153394
      vertex 40.22248306220207 46.57883728135757 0.0038034057617153394
    endloop
  endfacet
  facet normal 0 0 1
    outer loop
      vertex 2.6443939208984375 45.18443908691407 2.543796691894528
      vertex 39.398193359375 45.18443908691407 2.543796691894528
      vertex 2.6443939208984375 81.94458618164063 2.543796691894528
    endloop
  endfacet
  facet normal 0 0 -1
    outer loop
      vertex 94 44.457516937797934 0.0038034057617153394
      vertex -2.1175169377979275 46.57883728135757 0.0038034057617153394
      vertex 2.1175169377979275 46.57883728135757 0.0038034057617153394
    endloop
  endfacet
  facet normal -0.7071067811865476 0 0.7071067811865476
    outer loop
      vertex 39.398193359375 45.18443908691407 2.543796691894528
      vertex 42.19219970703125 42.39043273925782 5.337803039550778
      vertex 39.398193359375 81.94458618164063 2.543796691894528
    endloop
  endfacet
  facet normal 0 0 1
    outer loop
      vertex 2.6443939208984375 81.94458618164063 2.543796691894528
      vertex 39.398193359375 45.18443908691407 2.543796691894528
      vertex 39.398193359375 81.94458618164063 2.543796691894528
    endloop
  endfacet
  facet normal 0 0 -1
    outer loop
      vertex 99.77398681640625 81.94458618164063 0.0038034057617153394
      vertex -2.1175169377979275 80 0.0038034057617153394
      vertex -40.22248306220207 80 0.0038034057617153394
    endloop
  endfacet
  facet normal 0 0.7071067811865476 -0.7071067811865476
    outer loop
      vertex -131.61999893188477 81.94458618164063 0.0038034057617153394
      vertex 98.44049072265625 87.2785858154297 5.337803039550778
      vertex 99.77398681640625 81.94458618164063 0.0038034057617153394
    endloop
  endfacet
  facet normal 0 -0.7071067811865475 0.7071067811865475
    outer loop
      vertex 2.6443939208984375 81.94458618164063 2.543796691894528
      vertex 39.398193359375 81.94458618164063 2.543796691894528
      vertex -0.14959716796875 84.73859252929688 5.337803039550778
    endloop
  endfacet
  facet normal 0 0 -1
    outer loop
      vertex 2.1175169377979275 80 0.0038034057617153394
      vertex 40.22248306220207 80 0.0038034057617153394
      vertex 40.22248306220207 46.57883728135757 0.0038034057617153394
    endloop
  endfacet
  facet normal 0 0 -1
    outer loop
      vertex 99.77398681640625 81.94458618164063 0.0038034057617153394
      vertex 2.1175169377979275 80 0.0038034057617153394
      vertex -2.1175169377979275 80 0.0038034057617153394
    endloop
  endfacet
  facet normal 0 -0.7071067811865475 0.7071067811865475
    outer loop
      vertex -0.14959716796875 84.73859252929688 5.337803039550778
      vertex 39.398193359375 81.94458618164063 2.543796691894528
      vertex 42.19219970703125 84.73859252929688 5.337803039550778
    endloop
  endfacet
  facet normal -0.7071067811865476 0 0.7071067811865476
    outer loop
      vertex 39.398193359375 81.94458618164063 2.543796691894528
      vertex 42.19219970703125 42.39043273925782 5.337803039550778
      vertex 42.19219970703125 84.73859252929688 5.337803039550778
    endloop
  endfacet
  facet normal 0 1 0
    outer loop
      vertex -106.98200225830078 87.2785858154297 9.147792968749997
      vertex 97.48800659179688 87.2785858154297 9.147792968749997
      vertex 98.44049072265625 87.2785858154297 5.337803039550778
    endloop
  endfacet
  facet normal 0 0.707113860927041 -0.7070997013751692
    outer loop
      vertex -106.22000122070312 88.04057922363282 9.909801635742184
      vertex 97.2974853515625 88.04057922363282 9.909801635742184
      vertex 97.48800659179688 87.2785858154297 9.147792968749997
    endloop
  endfacet
  facet normal 0 1 0
    outer loop
      vertex -106.22000122070312 88.04057922363282 9.909801635742184
      vertex 96.82125854492188 88.04057922363282 11.814800415039059
      vertex 97.2974853515625 88.04057922363282 9.909801635742184
    endloop
  endfacet
  facet normal 0 -1 0
    outer loop
      vertex -42.49139404296875 84.73859252929688 5.337803039550778
      vertex -0.14959716796875 84.73859252929688 5.337803039550778
      vertex 86.25485229492188 84.73859252929688 28.68040100097656
    endloop
  endfacet
  facet normal 0 0.7071067811865475 0.7071067811865475
    outer loop
      vertex -106.22000122070312 88.04057922363282 11.814800415039059
      vertex 96.6307373046875 87.2785858154297 12.576793823242184
      vertex 96.82125854492188 88.04057922363282 11.814800415039059
    endloop
  endfacet
  facet normal 0 0 -1
    outer loop
      vertex 94 2.1175169377979275 0.0038034057617153394
      vertex 2.1175169377979275 4.23883728135757 0.0038034057617153394
      vertex 40.22248306220207 4.23883728135757 0.0038034057617153394
    endloop
  endfacet
  facet normal 0 0 -1
    outer loop
      vertex 94 2.1175169377979275 0.0038034057617153394
      vertex 40.22248306220207 4.23883728135757 0.0038034057617153394
      vertex 44.457516937797934 4.23883728135757 0.0038034057617153394
    endloop
  endfacet
  facet normal 0 0.7071077466103192 0.7071058157614578
    outer loop
      vertex 44.9862060546875 2.836294555664068 2.543796691894528
      vertex 84.53399658203125 0.042295837402349434 5.337803039550778
      vertex 81.739990234375 2.836294555664068 2.543796691894528
    endloop
  endfacet
  facet normal 0 0 -1
    outer loop
      vertex 44.457516937797934 4.23883728135757 0.0038034057617153394
      vertex 44.457516937797934 38.101162718642435 0.0038034057617153394
      vertex 82.56248306220208 4.23883728135757 0.0038034057617153394
    endloop
  endfacet
  facet normal 0 0 1
    outer loop
      vertex 44.9862060546875 2.836294555664068 2.543796691894528
      vertex 81.739990234375 2.836294555664068 2.543796691894528
      vertex 81.739990234375 39.59644165039063 2.543796691894528
    endloop
  endfacet
  facet normal 0.7071067811865476 0 0.7071067811865476
    outer loop
      vertex 44.9862060546875 2.836294555664068 2.543796691894528
      vertex 42.19219970703125 42.39043273925782 5.337803039550778
      vertex 42.19219970703125 0.042295837402349434 5.337803039550778
    endloop
  endfacet
  facet normal 0 0.7071077466103192 0.7071058157614578
    outer loop
      vertex 44.9862060546875 2.836294555664068 2.543796691894528
      vertex 42.19219970703125 0.042295837402349434 5.337803039550778
      vertex 84.53399658203125 0.042295837402349434 5.337803039550778
    endloop
  endfacet
  facet normal 0.7071067811865476 0 0.7071067811865476
    outer loop
      vertex 44.9862060546875 2.836294555664068 2.543796691894528
      vertex 44.9862060546875 39.59644165039063 2.543796691894528
      vertex 42.19219970703125 42.39043273925782 5.337803039550778
    endloop
  endfacet
  facet normal 0 0 -1
    outer loop
      vertex 2.1175169377979275 38.101162718642435 0.0038034057617153394
      vertex 94 40.22248306220207 0.0038034057617153394
      vertex 40.22248306220207 38.101162718642435 0.0038034057617153394
    endloop
  endfacet
  facet normal 0 -0.7071087120354089 0.7071048503324138
    outer loop
      vertex 44.9862060546875 39.59644165039063 2.543796691894528
      vertex 81.739990234375 39.59644165039063 2.543796691894528
      vertex 42.19219970703125 42.39043273925782 5.337803039550778
    endloop
  endfacet
  facet normal 0 0 -1
    outer loop
      vertex 44.457516937797934 38.101162718642435 0.0038034057617153394
      vertex 82.56248306220208 38.101162718642435 0.0038034057617153394
      vertex 82.56248306220208 4.23883728135757 0.0038034057617153394
    endloop
  endfacet
  facet normal 0 0 1
    outer loop
      vertex 44.9862060546875 2.836294555664068 2.543796691894528
      vertex 81.739990234375 39.59644165039063 2.543796691894528
      vertex 44.9862060546875 39.59644165039063 2.543796691894528
    endloop
  endfacet
  facet normal 0 0 -1
    outer loop
      vertex 94 40.22248306220207 0.0038034057617153394
      vertex 44.457516937797934 38.101162718642435 0.0038034057617153394
      vertex 40.22248306220207 38.101162718642435 0.0038034057617153394
    endloop
  endfacet
  facet normal 0 0.7071067811865475 0.7071067811865475
    outer loop
      vertex 42.19219970703125 42.39043273925782 5.337803039550778
      vertex 84.53399658203125 42.39043273925782 5.337803039550778
      vertex 44.9862060546875 45.18443908691407 2.543796691894528
    endloop
  endfacet
  facet normal 0 -0.7071087120354088 0.7071048503324138
    outer loop
      vertex 42.19219970703125 42.39043273925782 5.337803039550778
      vertex 81.739990234375 39.59644165039063 2.543796691894528
      vertex 84.53399658203125 42.39043273925782 5.337803039550778
    endloop
  endfacet
  facet normal 0 0 -1
    outer loop
      vertex 94 2.1175169377979275 0.0038034057617153394
      vertex 44.457516937797934 4.23883728135757 0.0038034057617153394
      vertex 82.56248306220208 4.23883728135757 0.0038034057617153394
    endloop
  endfacet
  facet normal 0 0 -1
    outer loop
      vertex 94 2.1175169377979275 0.0038034057617153394
      vertex 82.56248306220208 4.23883728135757 0.0038034057617153394
      vertex 86.79751693779794 4.23883728135757 0.0038034057617153394
    endloop
  endfacet
  facet normal 0 0 -1
    outer loop
      vertex 94 2.1175169377979275 0.0038034057617153394
      vertex 86.79751693779794 4.23883728135757 0.0038034057617153394
      vertex 86.79751693779794 38.101162718642435 0.0038034057617153394
    endloop
  endfacet
  facet normal 0 0 -1
    outer loop
      vertex 99.77398681640625 81.94458618164063 0.0038034057617153394
      vertex 94 -40.22248306220207 0.0038034057617153394
      vertex 94 -2.1175169377979275 0.0038034057617153394
    endloop
  endfacet
  facet normal -0.7071067811865476 0 0.7071067811865476
    outer loop
      vertex 81.739990234375 2.836294555664068 2.543796691894528
      vertex 84.53399658203125 0.042295837402349434 5.337803039550778
      vertex 84.53399658203125 42.39043273925782 5.337803039550778
    endloop
  endfacet
  facet normal 0.7071067811865475 0 0.7071067811865475
    outer loop
      vertex 84.53399658203125 -42.305852508544916 5.337803039550778
      vertex 87.3280029296875 81.94458618164063 2.543796691894528
      vertex 84.53399658203125 0.042295837402349434 5.337803039550778
    endloop
  endfacet
  facet normal -0.7071067811865476 0 0.7071067811865476
    outer loop
      vertex 81.739990234375 2.836294555664068 2.543796691894528
      vertex 84.53399658203125 42.39043273925782 5.337803039550778
      vertex 81.739990234375 39.59644165039063 2.543796691894528
    endloop
  endfacet
  facet normal 0 0 -1
    outer loop
      vertex 94 40.22248306220207 0.0038034057617153394
      vertex 82.56248306220208 38.101162718642435 0.0038034057617153394
      vertex 44.457516937797934 38.101162718642435 0.0038034057617153394
    endloop
  endfacet
  facet normal 0 0 -1
    outer loop
      vertex 94 40.22248306220207 0.0038034057617153394
      vertex 94 2.1175169377979275 0.0038034057617153394
      vertex 86.79751693779794 38.101162718642435 0.0038034057617153394
    endloop
  endfacet
  facet normal 0 0 -1
    outer loop
      vertex 99.77398681640625 81.94458618164063 0.0038034057617153394
      vertex 94 -2.1175169377979275 0.0038034057617153394
      vertex 94 2.1175169377979275 0.0038034057617153394
    endloop
  endfacet
  facet normal 0.970144214255546 0 0.2425287684925015
    outer loop
      vertex 99.13900756835938 -71.95400009155273 2.543796691894528
      vertex 99.77398681640625 81.94458618164063 0.0038034057617153394
      vertex 99.13900756835938 72.03858032226563 2.543796691894528
    endloop
  endfacet
  facet normal 0 0 1
    outer loop
      vertex 87.3280029296875 -81.86000022888183 2.543796691894528
      vertex 92.78900146484375 72.03858032226563 2.543796691894528
      vertex 87.3280029296875 81.94458618164063 2.543796691894528
    endloop
  endfacet
  facet normal 0 0 1
    outer loop
      vertex 92.78900146484375 -71.95400009155273 2.543796691894528
      vertex 99.13900756835938 72.03858032226563 2.543796691894528
      vertex 92.78900146484375 72.03858032226563 2.543796691894528
    endloop
  endfacet
  facet normal 0 0 -1
    outer loop
      vertex 94 40.22248306220207 0.0038034057617153394
      vertex 86.79751693779794 38.101162718642435 0.0038034057617153394
      vertex 82.56248306220208 38.101162718642435 0.0038034057617153394
    endloop
  endfacet
  facet normal 0 0 -1
    outer loop
      vertex 99.77398681640625 81.94458618164063 0.0038034057617153394
      vertex 94 2.1175169377979275 0.0038034057617153394
      vertex 94 40.22248306220207 0.0038034057617153394
    endloop
  endfacet
  facet normal 0.7071067811865476 0 0.7071067811865476
    outer loop
      vertex 84.53399658203125 0.042295837402349434 5.337803039550778
      vertex 87.3280029296875 81.94458618164063 2.543796691894528
      vertex 84.53399658203125 42.39043273925782 5.337803039550778
    endloop
  endfacet
  facet normal 0 0 -1
    outer loop
      vertex 94 44.457516937797934 0.0038034057617153394
      vertex 2.1175169377979275 46.57883728135757 0.0038034057617153394
      vertex 40.22248306220207 46.57883728135757 0.0038034057617153394
    endloop
  endfacet
  facet normal 0 0 -1
    outer loop
      vertex 94 44.457516937797934 0.0038034057617153394
      vertex 40.22248306220207 46.57883728135757 0.0038034057617153394
      vertex 44.457516937797934 46.57883728135757 0.0038034057617153394
    endloop
  endfacet
  facet normal 0 0.7071067811865475 0.7071067811865475
    outer loop
      vertex 84.53399658203125 42.39043273925782 5.337803039550778
      vertex 81.739990234375 45.18443908691407 2.543796691894528
      vertex 44.9862060546875 45.18443908691407 2.543796691894528
    endloop
  endfacet
  facet normal 0 0 -1
    outer loop
      vertex 44.457516937797934 46.57883728135757 0.0038034057617153394
      vertex 44.457516937797934 80 0.0038034057617153394
      vertex 82.56248306220208 46.57883728135757 0.0038034057617153394
    endloop
  endfacet
  facet normal 0 0 1
    outer loop
      vertex 44.9862060546875 45.18443908691407 2.543796691894528
      vertex 81.739990234375 45.18443908691407 2.543796691894528
      vertex 81.739990234375 81.94458618164063 2.543796691894528
    endloop
  endfacet
  facet normal 0.7071067811865476 0 0.7071067811865476
    outer loop
      vertex 42.19219970703125 42.39043273925782 5.337803039550778
      vertex 44.9862060546875 45.18443908691407 2.543796691894528
      vertex 42.19219970703125 84.73859252929688 5.337803039550778
    endloop
  endfacet
  facet normal 0.7071067811865476 0 0.7071067811865476
    outer loop
      vertex 44.9862060546875 45.18443908691407 2.543796691894528
      vertex 44.9862060546875 81.94458618164063 2.543796691894528
      vertex 42.19219970703125 84.73859252929688 5.337803039550778
    endloop
  endfacet
  facet normal 0 0 -1
    outer loop
      vertex 99.77398681640625 81.94458618164063 0.0038034057617153394
      vertex 40.22248306220207 80 0.0038034057617153394
      vertex 2.1175169377979275 80 0.0038034057617153394
    endloop
  endfacet
  facet normal 0 -0.7071067811865475 0.7071067811865475
    outer loop
      vertex 44.9862060546875 81.94458618164063 2.543796691894528
      vertex 81.739990234375 81.94458618164063 2.543796691894528
      vertex 42.19219970703125 84.73859252929688 5.337803039550778
    endloop
  endfacet
  facet normal 0 0 -1
    outer loop
      vertex 44.457516937797934 80 0.0038034057617153394
      vertex 82.56248306220208 80 0.0038034057617153394
      vertex 82.56248306220208 46.57883728135757 0.0038034057617153394
    endloop
  endfacet
  facet normal 0 0 1
    outer loop
      vertex 44.9862060546875 45.18443908691407 2.543796691894528
      vertex 81.739990234375 81.94458618164063 2.543796691894528
      vertex 44.9862060546875 81.94458618164063 2.543796691894528
    endloop
  endfacet
  facet normal 0 0 -1
    outer loop
      vertex 99.77398681640625 81.94458618164063 0.0038034057617153394
      vertex 44.457516937797934 80 0.0038034057617153394
      vertex 40.22248306220207 80 0.0038034057617153394
    endloop
  endfacet
  facet normal 0 -0.7071067811865475 0.7071067811865475
    outer loop
      vertex 42.19219970703125 84.73859252929688 5.337803039550778
      vertex 81.739990234375 81.94458618164063 2.543796691894528
      vertex 84.53399658203125 84.73859252929688 5.337803039550778
    endloop
  endfacet
  facet normal 0 0 -1
    outer loop
      vertex 94 44.457516937797934 0.0038034057617153394
      vertex 44.457516937797934 46.57883728135757 0.0038034057617153394
      vertex 82.56248306220208 46.57883728135757 0.0038034057617153394
    endloop
  endfacet
  facet normal -0.7071067811865476 0 0.7071067811865476
    outer loop
      vertex 84.53399658203125 42.39043273925782 5.337803039550778
      vertex 81.739990234375 81.94458618164063 2.543796691894528
      vertex 81.739990234375 45.18443908691407 2.543796691894528
    endloop
  endfacet
  facet normal 0 0 -1
    outer loop
      vertex 94 44.457516937797934 0.0038034057617153394
      vertex 82.56248306220208 46.57883728135757 0.0038034057617153394
      vertex 86.79751693779794 46.57883728135757 0.0038034057617153394
    endloop
  endfacet
  facet normal 0 0 -1
    outer loop
      vertex 99.77398681640625 81.94458618164063 0.0038034057617153394
      vertex 94 44.457516937797934 0.0038034057617153394
      vertex 86.79751693779794 46.57883728135757 0.0038034057617153394
    endloop
  endfacet
  facet normal 0 0 -1
    outer loop
      vertex 99.77398681640625 81.94458618164063 0.0038034057617153394
      vertex 94 40.22248306220207 0.0038034057617153394
      vertex 94 44.457516937797934 0.0038034057617153394
    endloop
  endfacet
  facet normal 0 0 -1
    outer loop
      vertex 99.77398681640625 81.94458618164063 0.0038034057617153394
      vertex 82.56248306220208 80 0.0038034057617153394
      vertex 44.457516937797934 80 0.0038034057617153394
    endloop
  endfacet
  facet normal 0 0 -1
    outer loop
      vertex 99.77398681640625 81.94458618164063 0.0038034057617153394
      vertex 86.79751693779794 46.57883728135757 0.0038034057617153394
      vertex 86.79751693779794 80 0.0038034057617153394
    endloop
  endfacet
  facet normal 0.9701445271726292 -3.410082619655301e-7 0.24252751678289886
    outer loop
      vertex 99.13900756835938 72.03858032226563 2.543796691894528
      vertex 99.77398681640625 81.94458618164063 0.0038034057617153394
      vertex 98.95486450195312 75.134619140625 3.280399475097653
    endloop
  endfacet
  facet normal 0 0 -1
    outer loop
      vertex 99.77398681640625 81.94458618164063 0.0038034057617153394
      vertex 86.79751693779794 80 0.0038034057617153394
      vertex 82.56248306220208 80 0.0038034057617153394
    endloop
  endfacet
  facet normal 0 0 1
    outer loop
      vertex 92.78900146484375 72.03858032226563 2.543796691894528
      vertex 92.78900146484375 81.94458618164063 2.543796691894528
      vertex 87.3280029296875 81.94458618164063 2.543796691894528
    endloop
  endfacet
  facet normal 0 -0.7071067811865476 0.7071067811865476
    outer loop
      vertex 87.3280029296875 81.94458618164063 2.543796691894528
      vertex 92.78900146484375 81.94458618164063 2.543796691894528
      vertex 92.09051513671875 84.73859252929688 5.337803039550778
    endloop
  endfacet
  facet normal 0.9701443604153352 0 0.242528183835034
    outer loop
      vertex 98.95486450195312 75.134619140625 3.280399475097653
      vertex 99.77398681640625 81.94458618164063 0.0038034057617153394
      vertex 98.95486450195312 81.6425537109375 3.280399475097653
    endloop
  endfacet
  facet normal -0.9701437467690199 0 -0.24253063848711504
    outer loop
      vertex 92.78900146484375 72.03858032226563 2.543796691894528
      vertex 92.09051513671875 84.73859252929688 5.337803039550778
      vertex 92.78900146484375 81.94458618164063 2.543796691894528
    endloop
  endfacet
  facet normal 0 0 1
    outer loop
      vertex 94.50985717773438 73.9435791015625 3.280399475097653
      vertex 95.07861328125 82.68118896484376 3.280399475097653
      vertex 94.50985717773438 82.68118896484376 3.280399475097653
    endloop
  endfacet
  facet normal 0.9701167829923012 0 0.24263847047957632
    outer loop
      vertex 94.50985717773438 73.9435791015625 3.280399475097653
      vertex 94.50985717773438 82.68118896484376 3.280399475097653
      vertex 94.47174072265625 82.83357849121094 3.4327966308593716
    endloop
  endfacet
  facet normal 0 0 1
    outer loop
      vertex 94.50985717773438 73.9435791015625 3.280399475097653
      vertex 98.95486450195312 75.134619140625 3.280399475097653
      vertex 95.07861328125 82.68118896484376 3.280399475097653
    endloop
  endfacet
  facet normal 0 0 1
    outer loop
      vertex 98.95486450195312 75.134619140625 3.280399475097653
      vertex 98.95486450195312 81.6425537109375 3.280399475097653
      vertex 95.07861328125 82.68118896484376 3.280399475097653
    endloop
  endfacet
  facet normal -0.2582769138169011 -0.9639054698913241 -0.0646473580496757
    outer loop
      vertex 98.95486450195312 81.6425537109375 3.280399475097653
      vertex 94.47174072265625 82.83357849121094 3.4327966308593716
      vertex 95.07861328125 82.68118896484376 3.280399475097653
    endloop
  endfacet
  facet normal 0 -0.7071244812023387 0.7070890807276854
    outer loop
      vertex 94.50985717773438 82.68118896484376 3.280399475097653
      vertex 95.07861328125 82.68118896484376 3.280399475097653
      vertex 94.47174072265625 82.83357849121094 3.4327966308593716
    endloop
  endfacet
  facet normal 0.9701442171690906 0.000006603729667515563 0.24252875674806698
    outer loop
      vertex 99.77398681640625 81.94458618164063 0.0038034057617153394
      vertex 98.44049072265625 87.2785858154297 5.337803039550778
      vertex 98.95486450195312 81.6425537109375 3.280399475097653
    endloop
  endfacet
  facet normal -0.7071067811865476 0 0.7071067811865476
    outer loop
      vertex 84.53399658203125 42.39043273925782 5.337803039550778
      vertex 84.53399658203125 84.73859252929688 5.337803039550778
      vertex 81.739990234375 81.94458618164063 2.543796691894528
    endloop
  endfacet
  facet normal 0.7071067811865476 0 0.7071067811865476
    outer loop
      vertex 84.53399658203125 42.39043273925782 5.337803039550778
      vertex 87.3280029296875 81.94458618164063 2.543796691894528
      vertex 84.53399658203125 84.73859252929688 5.337803039550778
    endloop
  endfacet
  facet normal 0 -0.7071067811865476 0.7071067811865476
    outer loop
      vertex 87.3280029296875 81.94458618164063 2.543796691894528
      vertex 92.09051513671875 84.73859252929688 5.337803039550778
      vertex 84.53399658203125 84.73859252929688 5.337803039550778
    endloop
  endfacet
  facet normal 0.9701433000556886 0.000005180837455784536 0.2425324253171461
    outer loop
      vertex 98.95486450195312 81.6425537109375 3.280399475097653
      vertex 98.44049072265625 87.2785858154297 5.337803039550778
      vertex 97.48800659179688 87.2785858154297 9.147792968749997
    endloop
  endfacet
  facet normal 0 -1 0
    outer loop
      vertex -0.14959716796875 84.73859252929688 5.337803039550778
      vertex 42.19219970703125 84.73859252929688 5.337803039550778
      vertex 86.25485229492188 84.73859252929688 28.68040100097656
    endloop
  endfacet
  facet normal 0.9701412304027285 -0.000003976259699220136 0.24254070391765015
    outer loop
      vertex 98.95486450195312 81.6425537109375 3.280399475097653
      vertex 97.48800659179688 87.2785858154297 9.147792968749997
      vertex 96.6307373046875 87.2785858154297 12.576793823242184
    endloop
  endfacet
  facet normal 0.9701412302373602 0.000018887217445169937 0.24254070387630713
    outer loop
      vertex 97.48800659179688 87.2785858154297 9.147792968749997
      vertex 97.2974853515625 88.04057922363282 9.909801635742184
      vertex 96.6307373046875 87.2785858154297 12.576793823242184
    endloop
  endfacet
  facet normal 0 -1 0
    outer loop
      vertex 42.19219970703125 84.73859252929688 5.337803039550778
      vertex 84.53399658203125 84.73859252929688 5.337803039550778
      vertex 86.25485229492188 84.73859252929688 28.68040100097656
    endloop
  endfacet
  facet normal 0.9701424487198139 0.0000018695493167344415 0.24253583073110646
    outer loop
      vertex 94.50985717773438 73.9435791015625 3.280399475097653
      vertex 94.47174072265625 82.83357849121094 3.4327966308593716
      vertex 88.15985107421875 73.9435791015625 28.68040100097656
    endloop
  endfacet
  facet normal -0.9701425168028672 0.0000011500297628915134 -0.2425355584034556
    outer loop
      vertex 92.78900146484375 72.03858032226563 2.543796691894528
      vertex 86.25485229492188 72.03858032226563 28.68040100097656
      vertex 92.09051513671875 84.73859252929688 5.337803039550778
    endloop
  endfacet
  facet normal 0 -1 0
    outer loop
      vertex 92.78900146484375 72.03858032226563 2.543796691894528
      vertex 99.13900756835938 72.03858032226563 2.543796691894528
      vertex 92.6048583984375 72.03858032226563 28.68040100097656
    endloop
  endfacet
  facet normal -0.25827972888626516 0.9639099013836238 -0.06456999040614797
    outer loop
      vertex 94.50985717773438 73.9435791015625 3.280399475097653
      vertex 92.6048583984375 75.134619140625 28.68040100097656
      vertex 98.95486450195312 75.134619140625 3.280399475097653
    endloop
  endfacet
  facet normal 0.9701425168007753 -0.0000023738237740956356 0.24253555840293262
    outer loop
      vertex 99.13900756835938 72.03858032226563 2.543796691894528
      vertex 98.95486450195312 75.134619140625 3.280399475097653
      vertex 92.6048583984375 72.03858032226563 28.68040100097656
    endloop
  endfacet
  facet normal -0.2582757296210078 -0.9639110399528903 -0.06456899058893267
    outer loop
      vertex 98.95486450195312 81.6425537109375 3.280399475097653
      vertex 92.6048583984375 81.6425537109375 28.68040100097656
      vertex 94.47174072265625 82.83357849121094 3.4327966308593716
    endloop
  endfacet
  facet normal 0.9701452418884932 -0.000040796594687903936 0.24252465436890144
    outer loop
      vertex 97.2974853515625 88.04057922363282 9.909801635742184
      vertex 96.82125854492188 88.04057922363282 11.814800415039059
      vertex 96.6307373046875 87.2785858154297 12.576793823242184
    endloop
  endfacet
  facet normal 0.9701433053811153 0.000010570021406938151 0.24253240384014446
    outer loop
      vertex 98.95486450195312 81.6425537109375 3.280399475097653
      vertex 96.6307373046875 87.2785858154297 12.576793823242184
      vertex 94.73846435546875 87.2785858154297 20.14599243164062
    endloop
  endfacet
  facet normal 0 -1 0
    outer loop
      vertex 84.53399658203125 84.73859252929688 5.337803039550778
      vertex 92.09051513671875 84.73859252929688 5.337803039550778
      vertex 86.25485229492188 84.73859252929688 28.68040100097656
    endloop
  endfacet
  facet normal 0 1 0
    outer loop
      vertex -106.98200225830078 87.2785858154297 12.576793823242184
      vertex 94.73846435546875 87.2785858154297 20.14599243164062
      vertex 96.6307373046875 87.2785858154297 12.576793823242184
    endloop
  endfacet
  facet normal 0 0.7071138609270411 -0.7070997013751692
    outer loop
      vertex -106.22000122070312 88.04057922363282 20.90800109863281
      vertex 94.54794311523438 88.04057922363282 20.90800109863281
      vertex 94.73846435546875 87.2785858154297 20.14599243164062
    endloop
  endfacet
  facet normal 0 1 0
    outer loop
      vertex -106.22000122070312 88.04057922363282 20.90800109863281
      vertex 94.07168579101562 88.04057922363282 22.812999877929684
      vertex 94.54794311523438 88.04057922363282 20.90800109863281
    endloop
  endfacet
  facet normal 0 0.7071067811865476 0.7071067811865476
    outer loop
      vertex -106.22000122070312 88.04057922363282 22.812999877929684
      vertex 93.88119506835938 87.2785858154297 23.57499328613281
      vertex 94.07168579101562 88.04057922363282 22.812999877929684
    endloop
  endfacet
  facet normal 0 1 0
    outer loop
      vertex -106.98200225830078 87.2785858154297 23.57499328613281
      vertex 92.9287109375 87.2785858154297 27.38500610351562
      vertex 93.88119506835938 87.2785858154297 23.57499328613281
    endloop
  endfacet
  facet normal 0 0.9235851162179622 0.3833934442588358
    outer loop
      vertex -131.61999893188477 87.2785858154297 27.38500610351562
      vertex 92.89633178710938 87.22485961914063 27.514431152343747
      vertex 92.9287109375 87.2785858154297 27.38500610351562
    endloop
  endfacet
  facet normal 0.0000014061141607068584 0.9132267552854542 0.4074517068669906
    outer loop
      vertex -131.61999893188477 87.18089904785157 27.613735351562497
      vertex 92.86434936523438 87.16776123046876 27.642406616210934
      vertex 92.89633178710938 87.22485961914063 27.514431152343747
    endloop
  endfacet
  facet normal 0.0000024835812531884893 0.8979026036876802 0.44019417793141763
    outer loop
      vertex -131.61999893188477 87.0726531982422 27.837673339843747
      vertex 92.80938720703125 87.06000366210938 27.862209472656247
      vertex 92.86434936523438 87.16776123046876 27.642406616210934
    endloop
  endfacet
  facet normal 0.0000021392479337115033 0.8767875958323893 0.4808778553748159
    outer loop
      vertex -131.61999893188477 86.95409240722657 28.05631652832031
      vertex 92.7557373046875 86.94229736328126 28.07682434082031
      vertex 92.80938720703125 87.06000366210938 27.862209472656247
    endloop
  endfacet
  facet normal 0.0000018887559465064796 0.8537743389659723 0.5206432349696379
    outer loop
      vertex -131.61999893188477 86.82547607421876 28.26920715332031
      vertex 92.7034912109375 86.81485595703126 28.28580871582031
      vertex 92.7557373046875 86.94229736328126 28.07682434082031
    endloop
  endfacet
  facet normal 0.0000015570132331726771 0.8289879379267683 0.5592664827874992
    outer loop
      vertex -131.61999893188477 86.68706359863282 28.475856933593747
      vertex 92.65277099609375 86.6779541015625 28.488735351562497
      vertex 92.7034912109375 86.81485595703126 28.28580871582031
    endloop
  endfacet
  facet normal -1.687571409711138e-7 -0.9997176292573495 0.0237626124833936
    outer loop
      vertex -131.61999893188477 84.73953857421876 28.718654785156247
      vertex 86.25485229492188 84.73859252929688 28.68040100097656
      vertex 92.595703125 84.73946228027344 28.71703735351562
    endloop
  endfacet
  facet normal 1.7733660541540583e-7 -0.9974311400581506 0.0716318423766034
    outer loop
      vertex -131.61999893188477 84.73953857421876 28.718654785156247
      vertex 92.595703125 84.73946228027344 28.71703735351562
      vertex 92.5865478515625 84.7420867919922 28.75358215332031
    endloop
  endfacet
  facet normal 3.604070229876637e-7 -0.9929358055331471 0.11865279638554826
    outer loop
      vertex -131.61999893188477 84.74239196777344 28.75681701660156
      vertex 92.5865478515625 84.7420867919922 28.75358215332031
      vertex 92.57745361328125 84.746435546875 28.78997436523437
    endloop
  endfacet
  facet normal 4.1671225221423707e-7 -0.9860314117026194 0.16655946426296497
    outer loop
      vertex -131.61999893188477 84.74715270996094 28.79478088378906
      vertex 92.57745361328125 84.746435546875 28.78997436523437
      vertex 92.56842041015625 84.7525390625 28.82610717773437
    endloop
  endfacet
  facet normal 5.846582990767108e-7 -0.9771086504481516 0.2127408875111925
    outer loop
      vertex -131.61999893188477 84.75379028320313 28.832470092773434
      vertex 92.56842041015625 84.7525390625 28.82610717773437
      vertex 92.55947875976562 84.76033630371094 28.86191955566406
    endloop
  endfacet
  facet normal 6.806772713656415e-7 -0.965756307041395 0.25945087282432366
    outer loop
      vertex -131.61999893188477 84.76228942871094 28.869777832031247
      vertex 92.55947875976562 84.76033630371094 28.86191955566406
      vertex 92.55062866210938 84.76984252929688 28.897304687499997
    endloop
  endfacet
  facet normal 7.460449270875821e-7 -0.9522837854058874 0.30521401024932826
    outer loop
      vertex -131.61999893188477 84.77265014648438 28.90661254882812
      vertex 92.55062866210938 84.76984252929688 28.897304687499997
      vertex 92.54190063476562 84.7810272216797 28.932201538085934
    endloop
  endfacet
  facet normal 8.259599175011732e-7 -0.9365683798762718 0.35048490668679755
    outer loop
      vertex -131.61999893188477 84.78482666015626 28.942882690429684
      vertex 92.54190063476562 84.7810272216797 28.932201538085934
      vertex 92.5333251953125 84.79387512207032 28.96653381347656
    endloop
  endfacet
  facet normal 9.280531305341089e-7 -0.9189725586869664 0.39432148860982563
    outer loop
      vertex -131.61999893188477 84.79878845214844 28.97851196289062
      vertex 92.5333251953125 84.79387512207032 28.96653381347656
      vertex 92.52490234375 84.8083251953125 29.000209960937497
    endloop
  endfacet
  facet normal 9.176601059252286e-7 -0.8989603511925505 0.43803000694350175
    outer loop
      vertex -131.61999893188477 84.81452026367188 29.013393554687497
      vertex 92.52490234375 84.8083251953125 29.000209960937497
      vertex 92.51666259765625 84.82437744140626 29.033153686523434
    endloop
  endfacet
  facet normal 9.732091208325941e-7 -0.8772422910968652 0.4800478754355402
    outer loop
      vertex -131.61999893188477 84.83196105957032 29.04746643066406
      vertex 92.51666259765625 84.82437744140626 29.033153686523434
      vertex 92.50863647460938 84.84197082519532 29.06530395507812
    endloop
  endfacet
  facet normal 9.497834607516592e-7 -0.8531273089055748 0.5217027839667238
    outer loop
      vertex -131.61999893188477 84.85108032226563 29.08060852050781
      vertex 92.50863647460938 84.84197082519532 29.06530395507812
      vertex 92.50082397460938 84.86109008789063 29.096569213867184
    endloop
  endfacet
  facet normal 9.759913348265673e-7 -0.8273443606249629 0.5616950319711925
    outer loop
      vertex -131.61999893188477 84.87181701660157 29.112758789062497
      vertex 92.50082397460938 84.86109008789063 29.096569213867184
      vertex 92.49322509765625 84.88167419433594 29.12688842773437
    endloop
  endfacet
  facet normal 9.476866023515634e-7 -0.7995999086218637 0.6005330849595295
    outer loop
      vertex -131.61999893188477 84.894140625 29.14384094238281
      vertex 92.49322509765625 84.88167419433594 29.12688842773437
      vertex 92.48590087890625 84.90367736816407 29.15618530273437
    endloop
  endfacet
  facet normal 8.814745308306209e-7 -0.770196738645608 0.6378063842412458
    outer loop
      vertex -131.61999893188477 84.9179901123047 29.173778686523434
      vertex 92.48590087890625 84.90367736816407 29.15618530273437
      vertex 92.47885131835938 84.92705383300782 29.184414062499997
    endloop
  endfacet
  facet normal 8.323838515836682e-7 -0.7386386121091286 0.6741016249059241
    outer loop
      vertex -131.61999893188477 84.94328918457032 29.202480468749997
      vertex 92.47885131835938 84.92705383300782 29.184414062499997
      vertex 92.47207641601562 84.9517578125 29.21148315429687
    endloop
  endfacet
  facet normal 8.301864612748474e-7 -0.7058562704111885 0.7083550843471924
    outer loop
      vertex -131.61999893188477 84.96997680664063 29.22990051269531
      vertex 92.47207641601562 84.9517578125 29.21148315429687
      vertex 92.46560668945312 84.97771301269532 29.23734680175781
    endloop
  endfacet
  facet normal 6.48673695395121e-7 -0.635050105573974 0.7724709466446383
    outer loop
      vertex -131.61999893188477 85.02730407714844 29.28055969238281
      vertex 92.45947265625 85.00488891601563 29.26194396972656
      vertex 92.45364379882812 85.03319396972657 29.28521362304687
    endloop
  endfacet
  facet normal 7.676102213754211e-7 -0.6710549202374951 0.7414076436242479
    outer loop
      vertex -131.61999893188477 84.99800720214844 29.255947265624997
      vertex 92.46560668945312 84.97771301269532 29.23734680175781
      vertex 92.45947265625 85.00488891601563 29.26194396972656
    endloop
  endfacet
  facet normal 5.434137857618311e-7 -0.5974655091606065 0.8018946098853403
    outer loop
      vertex -131.61999893188477 85.05779113769532 29.30369201660156
      vertex 92.45364379882812 85.03319396972657 29.28521362304687
      vertex 92.44818115234375 85.06258239746094 29.30710998535156
    endloop
  endfacet
  facet normal 4.1332843814752895e-7 -0.5587289251198196 0.8293503410708166
    outer loop
      vertex -131.61999893188477 85.08939208984376 29.325283203124997
      vertex 92.44818115234375 85.06258239746094 29.30710998535156
      vertex 92.44305419921875 85.09297790527344 29.327587280273434
    endloop
  endfacet
  facet normal 4.3541041527386565e-8 -0.3912552120199908 0.920282217076474
    outer loop
      vertex -131.61999893188477 85.19006958007813 29.38023010253906
      vertex 92.42996215820312 85.18952026367188 29.37998596191406
      vertex 92.42636108398438 85.22325744628907 29.39432922363281
    endloop
  endfacet
  facet normal 2.636047067791824e-7 -0.5183478221901192 0.855169886765601
    outer loop
      vertex -131.61999893188477 85.12201538085938 29.34525695800781
      vertex 92.44305419921875 85.09297790527344 29.327587280273434
      vertex 92.43829345703125 85.12431945800782 29.346584472656247
    endloop
  endfacet
  facet normal 6.251202065850883e-8 -0.4772756603266901 0.8787536310364346
    outer loop
      vertex -131.61999893188477 85.155615234375 29.363598022460934
      vertex 92.43829345703125 85.12431945800782 29.346584472656247
      vertex 92.43392944335938 85.1565155029297 29.36407104492187
    endloop
  endfacet
  facet normal -8.338147870876053e-8 -0.43434142938523357 0.9007483126376564
    outer loop
      vertex -131.61999893188477 85.19006958007813 29.38023010253906
      vertex 92.43392944335938 85.1565155029297 29.36407104492187
      vertex 92.42996215820312 85.18952026367188 29.37998596191406
    endloop
  endfacet
  facet normal 3.8531099519266385e-7 -0.3019484551018399 0.95332425252978
    outer loop
      vertex -131.61999893188477 85.2612518310547 29.40826049804687
      vertex 92.42318725585938 85.25763549804688 29.40702453613281
      vertex 92.42044067382812 85.29256286621094 29.41808715820312
    endloop
  endfacet
  facet normal 2.0102317463238935e-7 -0.34641916329609385 0.9380798277871631
    outer loop
      vertex -131.61999893188477 85.2253173828125 29.39513793945312
      vertex 92.42636108398438 85.22325744628907 29.39432922363281
      vertex 92.42318725585938 85.25763549804688 29.40702453613281
    endloop
  endfacet
  facet normal 0.0000011837882127384198 0.80246908745057 0.5966936933509924
    outer loop
      vertex -131.61999893188477 86.53916015625 28.67583862304687
      vertex 92.60366821289062 86.53189697265626 28.68516174316406
      vertex 92.65277099609375 86.6779541015625 28.488735351562497
    endloop
  endfacet
  facet normal 7.26816841646928e-7 0.7742820605964645 0.6328406518531856
    outer loop
      vertex -131.61999893188477 86.3821014404297 28.86869445800781
      vertex 92.5562744140625 86.37698974609376 28.87469116210937
      vertex 92.60366821289062 86.53189697265626 28.68516174316406
    endloop
  endfacet
  facet normal 3.78396808572179e-7 0.7444027058474946 0.6677309424661892
    outer loop
      vertex -131.61999893188477 86.21623840332032 29.054027709960934
      vertex 92.51071166992188 86.21353759765626 29.056911621093747
      vertex 92.5562744140625 86.37698974609376 28.87469116210937
    endloop
  endfacet
  facet normal 0 0.7129421296332035 0.7012228745513601
    outer loop
      vertex -131.61999893188477 86.0418914794922 29.23142639160156
      vertex 92.46710205078125 86.0418914794922 29.23142639160156
      vertex 92.51071166992188 86.21353759765626 29.056911621093747
    endloop
  endfacet
  facet normal 7.309435500855941e-7 0.5907930365821658 0.8068231453828589
    outer loop
      vertex -131.61999893188477 85.9538787841797 29.30497375488281
      vertex 92.44729614257812 85.94597473144532 29.310558471679684
      vertex 92.45263671875 85.97498168945313 29.289318237304684
    endloop
  endfacet
  facet normal 6.437037070053487e-7 0.5523483253055809 0.8336134161178705
    outer loop
      vertex -131.61999893188477 85.922216796875 29.32647338867187
      vertex 92.44235229492188 85.9159912109375 29.33042541503906
      vertex 92.44729614257812 85.94597473144532 29.310558471679684
    endloop
  endfacet
  facet normal 8.285645088226586e-7 -0.06890618884838215 0.9976231438462645
    outer loop
      vertex -131.61999893188477 85.44827880859376 29.446315917968747
      vertex 92.41363525390625 85.43639221191407 29.44530883789062
      vertex 92.41302490234375 85.47151794433594 29.44773498535156
    endloop
  endfacet
  facet normal 8.265448079302308e-7 -0.1153193337207936 0.993328470985056
    outer loop
      vertex -131.61999893188477 85.41020812988282 29.442455444335934
      vertex 92.4146728515625 85.39998474121094 29.44108215332031
      vertex 92.41363525390625 85.43639221191407 29.44530883789062
    endloop
  endfacet
  facet normal 7.264228649725598e-7 -0.16243989881764884 0.9867184397139765
    outer loop
      vertex -131.61999893188477 85.37238159179688 29.43670288085937
      vertex 92.41616821289062 85.36383666992188 29.435131225585934
      vertex 92.4146728515625 85.39998474121094 29.44108215332031
    endloop
  endfacet
  facet normal 6.277370629019559e-7 -0.20938691121870914 0.9778328698759795
    outer loop
      vertex -131.61999893188477 85.33487548828126 29.42907348632812
      vertex 92.4180908203125 85.32799377441407 29.427456054687497
      vertex 92.41616821289062 85.36383666992188 29.435131225585934
    endloop
  endfacet
  facet normal 4.6334892463938413e-7 -0.2556407588905933 0.9667718460907035
    outer loop
      vertex -131.61999893188477 85.29781188964844 29.419582519531247
      vertex 92.42044067382812 85.29256286621094 29.41808715820312
      vertex 92.4180908203125 85.32799377441407 29.427456054687497
    endloop
  endfacet
  facet normal 8.240984722117781e-7 0.16336671205521294 0.9865654146540869
    outer loop
      vertex -131.61999893188477 85.63890686035157 29.437084350585934
      vertex 92.41470336914062 85.6142791748047 29.44097534179687
      vertex 92.41616821289062 85.649755859375 29.43510070800781
    endloop
  endfacet
  facet normal 8.976342882305993e-7 0.11666891349637117 0.9931708637604963
    outer loop
      vertex -131.61999893188477 85.60106506347657 29.44273010253906
      vertex 92.41366577148438 85.57855834960938 29.44517150878906
      vertex 92.41470336914062 85.6142791748047 29.44097534179687
    endloop
  endfacet
  facet normal 9.44979846763637e-7 0.07043288080234515 0.9975165208160662
    outer loop
      vertex -131.61999893188477 85.56297912597657 29.446483764648434
      vertex 92.41302490234375 85.54268493652344 29.447704467773434
      vertex 92.41366577148438 85.57855834960938 29.44517150878906
    endloop
  endfacet
  facet normal 9.239976411771737e-7 0.023338287963708404 0.9997276250629814
    outer loop
      vertex -131.61999893188477 85.524755859375 29.448330078124997
      vertex 92.41281127929688 85.5067352294922 29.44854370117187
      vertex 92.41302490234375 85.54268493652344 29.447704467773434
    endloop
  endfacet
  facet normal 8.492867148548752e-7 -0.022957547431155825 0.9997364407758802
    outer loop
      vertex -131.61999893188477 85.48648681640626 29.448269042968747
      vertex 92.41302490234375 85.47151794433594 29.44773498535156
      vertex 92.41281127929688 85.5067352294922 29.44854370117187
    endloop
  endfacet
  facet normal 1.2774237059023486e-8 0.38786727571098745 0.9217152360857103
    outer loop
      vertex -131.61999893188477 85.82138671875 29.38114562988281
      vertex 92.42611694335938 85.78780212402344 29.395275268554684
      vertex 92.42962646484375 85.8209442138672 29.38132873535156
    endloop
  endfacet
  facet normal 4.509613333754892e-7 0.5129973372139167 0.858390197993446
    outer loop
      vertex -131.61999893188477 85.88953247070313 29.34635559082031
      vertex 92.437744140625 85.88512268066407 29.34887329101562
      vertex 92.44235229492188 85.9159912109375 29.33042541503906
    endloop
  endfacet
  facet normal 2.863036972922589e-7 0.47215074867057244 0.8815178220148111
    outer loop
      vertex -131.61999893188477 85.85588684082032 29.36460510253906
      vertex 92.4334716796875 85.8534149169922 29.365856323242184
      vertex 92.437744140625 85.88512268066407 29.34887329101562
    endloop
  endfacet
  facet normal 1.1181058698906943e-7 0.430164095580847 0.9027507135821601
    outer loop
      vertex -131.61999893188477 85.82138671875 29.38114562988281
      vertex 92.42962646484375 85.8209442138672 29.38132873535156
      vertex 92.4334716796875 85.8534149169922 29.365856323242184
    endloop
  endfacet
  facet normal 1.9017535948615842e-7 0.34395553580725713 0.9389859367357459
    outer loop
      vertex -131.61999893188477 85.78609313964844 29.395946655273434
      vertex 92.42303466796875 85.75401916503907 29.40765014648437
      vertex 92.42611694335938 85.78780212402344 29.395275268554684
    endloop
  endfacet
  facet normal 3.6396661901785425e-7 0.299627921375538 0.9540561350004736
    outer loop
      vertex -131.61999893188477 85.75011291503907 29.408962402343747
      vertex 92.42034912109375 85.71971740722657 29.418422851562497
      vertex 92.42303466796875 85.75401916503907 29.40765014648437
    endloop
  endfacet
  facet normal 5.373195848069385e-7 0.25449326621914026 0.9670745459626291
    outer loop
      vertex -131.61999893188477 85.7135223388672 29.420177612304684
      vertex 92.41806030273438 85.68492736816407 29.427578124999997
      vertex 92.42034912109375 85.71971740722657 29.418422851562497
    endloop
  endfacet
  facet normal 7.237782688149234e-7 0.20915238981716747 0.9778830593855504
    outer loop
      vertex -131.61999893188477 85.67642822265626 29.42956176757812
      vertex 92.41616821289062 85.649755859375 29.43510070800781
      vertex 92.41806030273438 85.68492736816407 29.427578124999997
    endloop
  endfacet
  facet normal 0 0.6846941584802692 0.7288305079666987
    outer loop
      vertex -131.61999893188477 86.0418914794922 29.23142639160156
      vertex 92.46258544921875 86.02274169921876 29.249416503906247
      vertex 92.46710205078125 86.0418914794922 29.23142639160156
    endloop
  endfacet
  facet normal 4.5995888527439063e-7 0.6587924053029706 0.7523247747581592
    outer loop
      vertex -131.61999893188477 86.01378479003907 29.257396850585934
      vertex 92.45828247070312 86.00298156738282 29.26671997070312
      vertex 92.46258544921875 86.02274169921876 29.249416503906247
    endloop
  endfacet
  facet normal 8.258823175063646e-7 0.6280507055372356 0.7781724174458372
    outer loop
      vertex -131.61999893188477 85.98442687988282 29.281932983398434
      vertex 92.45263671875 85.97498168945313 29.289318237304684
      vertex 92.45828247070312 86.00298156738282 29.26671997070312
    endloop
  endfacet
  facet normal 0.9701424487214579 -3.256892223813755e-7 0.2425358307315175
    outer loop
      vertex 98.95486450195312 81.6425537109375 3.280399475097653
      vertex 94.73846435546875 87.2785858154297 20.14599243164062
      vertex 92.6048583984375 81.6425537109375 28.68040100097656
    endloop
  endfacet
  facet normal 0 -1 0
    outer loop
      vertex 92.78900146484375 72.03858032226563 2.543796691894528
      vertex 92.6048583984375 72.03858032226563 28.68040100097656
      vertex 86.25485229492188 72.03858032226563 28.68040100097656
    endloop
  endfacet
  facet normal -0.25827972888626516 0.9639099013836238 -0.06456999040614797
    outer loop
      vertex 94.50985717773438 73.9435791015625 3.280399475097653
      vertex 88.15985107421875 73.9435791015625 28.68040100097656
      vertex 92.6048583984375 75.134619140625 28.68040100097656
    endloop
  endfacet
  facet normal 0.9701424487215093 0 0.24253583073153034
    outer loop
      vertex 98.95486450195312 75.134619140625 3.280399475097653
      vertex 92.6048583984375 75.134619140625 28.68040100097656
      vertex 92.6048583984375 72.03858032226563 28.68040100097656
    endloop
  endfacet
  facet normal -0.9701423695805818 0 -0.2425361472947362
    outer loop
      vertex 92.09051513671875 84.73859252929688 5.337803039550778
      vertex 86.25485229492188 72.03858032226563 28.68040100097656
      vertex 86.25485229492188 84.73859252929688 28.68040100097656
    endloop
  endfacet
  facet normal 0.9701426036136603 0 0.24253521116264407
    outer loop
      vertex 94.47174072265625 82.83357849121094 3.4327966308593716
      vertex 88.15985107421875 82.83357849121094 28.68040100097656
      vertex 88.15985107421875 73.9435791015625 28.68040100097656
    endloop
  endfacet
  facet normal -0.25827665742922207 -0.963910787552262 -0.06456904728711804
    outer loop
      vertex 94.47174072265625 82.83357849121094 3.4327966308593716
      vertex 92.6048583984375 81.6425537109375 28.68040100097656
      vertex 88.15985107421875 82.83357849121094 28.68040100097656
    endloop
  endfacet
  facet normal 0.9701412302373602 0.000018887217445169937 0.24254070387630713
    outer loop
      vertex 94.73846435546875 87.2785858154297 20.14599243164062
      vertex 94.54794311523438 88.04057922363282 20.90800109863281
      vertex 93.88119506835938 87.2785858154297 23.57499328613281
    endloop
  endfacet
  facet normal 0.9701415858480079 0.000013598813647970808 0.2425392818151004
    outer loop
      vertex 94.54794311523438 88.04057922363282 20.90800109863281
      vertex 94.07168579101562 88.04057922363282 22.812999877929684
      vertex 93.88119506835938 87.2785858154297 23.57499328613281
    endloop
  endfacet
  facet normal 0.9701412303830049 0.000007514786624650443 0.24254070391271912
    outer loop
      vertex 94.73846435546875 87.2785858154297 20.14599243164062
      vertex 93.88119506835938 87.2785858154297 23.57499328613281
      vertex 92.6048583984375 81.6425537109375 28.68040100097656
    endloop
  endfacet
  facet normal 0 0 1
    outer loop
      vertex 86.25485229492188 72.03858032226563 28.68040100097656
      vertex 88.15985107421875 73.9435791015625 28.68040100097656
      vertex 86.25485229492188 84.73859252929688 28.68040100097656
    endloop
  endfacet
  facet normal 0 0 1
    outer loop
      vertex 86.25485229492188 72.03858032226563 28.68040100097656
      vertex 92.6048583984375 72.03858032226563 28.68040100097656
      vertex 88.15985107421875 73.9435791015625 28.68040100097656
    endloop
  endfacet
  facet normal 0 0 1
    outer loop
      vertex 88.15985107421875 73.9435791015625 28.68040100097656
      vertex 92.6048583984375 72.03858032226563 28.68040100097656
      vertex 92.6048583984375 75.134619140625 28.68040100097656
    endloop
  endfacet
  facet normal 0.9701436428758141 -0.00000393391814177614 0.2425310540367334
    outer loop
      vertex 93.88119506835938 87.2785858154297 23.57499328613281
      vertex 92.9287109375 87.2785858154297 27.38500610351562
      vertex 92.6048583984375 84.73859252929688 28.68040100097656
    endloop
  endfacet
  facet normal 0.9701431823804983 0 0.2425328960793548
    outer loop
      vertex 93.88119506835938 87.2785858154297 23.57499328613281
      vertex 92.6048583984375 84.73859252929688 28.68040100097656
      vertex 92.6048583984375 81.6425537109375 28.68040100097656
    endloop
  endfacet
  facet normal 0 0 1
    outer loop
      vertex 88.15985107421875 73.9435791015625 28.68040100097656
      vertex 88.15985107421875 82.83357849121094 28.68040100097656
      vertex 86.25485229492188 84.73859252929688 28.68040100097656
    endloop
  endfacet
  facet normal 0 0 1
    outer loop
      vertex 86.25485229492188 84.73859252929688 28.68040100097656
      vertex 88.15985107421875 82.83357849121094 28.68040100097656
      vertex 92.6048583984375 84.73859252929688 28.68040100097656
    endloop
  endfacet
  facet normal 0 -0.9997183226871084 0.023733421238302865
    outer loop
      vertex 86.25485229492188 84.73859252929688 28.68040100097656
      vertex 92.6048583984375 84.73859252929688 28.68040100097656
      vertex 92.595703125 84.73946228027344 28.71703735351562
    endloop
  endfacet
  facet normal 0 0 1
    outer loop
      vertex 88.15985107421875 82.83357849121094 28.68040100097656
      vertex 92.6048583984375 81.6425537109375 28.68040100097656
      vertex 92.6048583984375 84.73859252929688 28.68040100097656
    endloop
  endfacet
  facet normal 0.9701421386686198 -0.00000909371772430918 0.2425370707681219
    outer loop
      vertex 92.46710205078125 86.0418914794922 29.23142639160156
      vertex 92.56842041015625 84.7525390625 28.82610717773437
      vertex 92.57745361328125 84.746435546875 28.78997436523437
    endloop
  endfacet
  facet normal 0.9702202827824338 0.00009538064305284991 0.2422242634008974
    outer loop
      vertex 92.46710205078125 86.0418914794922 29.23142639160156
      vertex 92.55947875976562 84.76033630371094 28.86191955566406
      vertex 92.56842041015625 84.7525390625 28.82610717773437
    endloop
  endfacet
  facet normal 0.9701158197511554 -0.00003268604599485596 0.24264231947491371
    outer loop
      vertex 92.46710205078125 86.0418914794922 29.23142639160156
      vertex 92.55062866210938 84.76984252929688 28.897304687499997
      vertex 92.55947875976562 84.76033630371094 28.86191955566406
    endloop
  endfacet
  facet normal 0.9701150079304032 -0.0000335918605172512 0.24264556509398766
    outer loop
      vertex 92.54190063476562 84.7810272216797 28.932201538085934
      vertex 92.55062866210938 84.76984252929688 28.897304687499997
      vertex 92.46710205078125 86.0418914794922 29.23142639160156
    endloop
  endfacet
  facet normal 0.9701975802308509 0.000049709557327029106 0.2423151931744306
    outer loop
      vertex 92.54190063476562 84.7810272216797 28.932201538085934
      vertex 92.46710205078125 86.0418914794922 29.23142639160156
      vertex 92.5333251953125 84.79387512207032 28.96653381347656
    endloop
  endfacet
  facet normal 0.970114045706282 -0.000025661481714276944 0.24264941307342594
    outer loop
      vertex 92.5333251953125 84.79387512207032 28.96653381347656
      vertex 92.46710205078125 86.0418914794922 29.23142639160156
      vertex 92.52490234375 84.8083251953125 29.000209960937497
    endloop
  endfacet
  facet normal 0.9701130260380392 -0.000026473351233937058 0.24265348959056937
    outer loop
      vertex 92.52490234375 84.8083251953125 29.000209960937497
      vertex 92.46710205078125 86.0418914794922 29.23142639160156
      vertex 92.51666259765625 84.82437744140626 29.033153686523434
    endloop
  endfacet
  facet normal 0.9702307861289504 0.000055069744276855124 0.24218220127606868
    outer loop
      vertex 92.51666259765625 84.82437744140626 29.033153686523434
      vertex 92.46710205078125 86.0418914794922 29.23142639160156
      vertex 92.50863647460938 84.84197082519532 29.06530395507812
    endloop
  endfacet
  facet normal 0.9701734051096271 0.000021273215189260123 0.24241197075524495
    outer loop
      vertex 92.50863647460938 84.84197082519532 29.06530395507812
      vertex 92.46710205078125 86.0418914794922 29.23142639160156
      vertex 92.50082397460938 84.86109008789063 29.096569213867184
    endloop
  endfacet
  facet normal 0.96998773919123 -0.00006875459199830156 0.24315382187309426
    outer loop
      vertex 92.50082397460938 84.86109008789063 29.096569213867184
      vertex 92.46710205078125 86.0418914794922 29.23142639160156
      vertex 92.49322509765625 84.88167419433594 29.12688842773437
    endloop
  endfacet
  facet normal 0.9701406862965432 -0.000010263777930131045 0.24254288009901873
    outer loop
      vertex 92.49322509765625 84.88167419433594 29.12688842773437
      vertex 92.46710205078125 86.0418914794922 29.23142639160156
      vertex 92.48590087890625 84.90367736816407 29.15618530273437
    endloop
  endfacet
  facet normal 0.970160118371975 0.0000316631258510768 0.242465139180712
    outer loop
      vertex 92.51071166992188 86.21353759765626 29.056911621093747
      vertex 92.46710205078125 86.0418914794922 29.23142639160156
      vertex 92.6048583984375 84.73859252929688 28.68040100097656
    endloop
  endfacet
  facet normal 0.9702057276756338 0.000008017822970761147 0.24228257453046034
    outer loop
      vertex 92.48590087890625 84.90367736816407 29.15618530273437
      vertex 92.46710205078125 86.0418914794922 29.23142639160156
      vertex 92.47885131835938 84.92705383300782 29.184414062499997
    endloop
  endfacet
  facet normal 0.9700748131858488 -0.000015443500139052227 0.2428062119961905
    outer loop
      vertex 92.47885131835938 84.92705383300782 29.184414062499997
      vertex 92.46710205078125 86.0418914794922 29.23142639160156
      vertex 92.47207641601562 84.9517578125 29.21148315429687
    endloop
  endfacet
  facet normal 0.9701057428827047 -0.000013041087348318695 0.24268260641406858
    outer loop
      vertex 92.47207641601562 84.9517578125 29.21148315429687
      vertex 92.46710205078125 86.0418914794922 29.23142639160156
      vertex 92.46560668945312 84.97771301269532 29.23734680175781
    endloop
  endfacet
  facet normal 0.9700284183462808 -0.000006025315280181346 0.2429914968971305
    outer loop
      vertex 92.45947265625 85.00488891601563 29.26194396972656
      vertex 92.45828247070312 86.00298156738282 29.26671997070312
      vertex 92.45364379882812 85.03319396972657 29.28521362304687
    endloop
  endfacet
  facet normal 0.970286718429938 0.000010629398854773364 0.24195802099843344
    outer loop
      vertex 92.46560668945312 84.97771301269532 29.23734680175781
      vertex 92.46258544921875 86.02274169921876 29.249416503906247
      vertex 92.45947265625 85.00488891601563 29.26194396972656
    endloop
  endfacet
  facet normal 0.9702561715097343 -0.000017542541646641902 0.2420804852513563
    outer loop
      vertex 92.45364379882812 85.03319396972657 29.28521362304687
      vertex 92.45263671875 85.97498168945313 29.289318237304684
      vertex 92.44818115234375 85.06258239746094 29.30710998535156
    endloop
  endfacet
  facet normal 0.9700657438287776 0.000023861212620437587 0.24284244291425436
    outer loop
      vertex 92.44305419921875 85.09297790527344 29.327587280273434
      vertex 92.44818115234375 85.06258239746094 29.30710998535156
      vertex 92.44729614257812 85.94597473144532 29.310558471679684
    endloop
  endfacet
  facet normal 0.9699021327528269 -0.00000823490726322989 0.2434950775964558
    outer loop
      vertex 92.46560668945312 84.97771301269532 29.23734680175781
      vertex 92.46710205078125 86.0418914794922 29.23142639160156
      vertex 92.46258544921875 86.02274169921876 29.249416503906247
    endloop
  endfacet
  facet normal 0.9704431372566421 0.000002420206670133242 0.24132989318695844
    outer loop
      vertex 92.45947265625 85.00488891601563 29.26194396972656
      vertex 92.46258544921875 86.02274169921876 29.249416503906247
      vertex 92.45828247070312 86.00298156738282 29.26671997070312
    endloop
  endfacet
  facet normal 0.9698074272813655 0.00001958334569928574 0.2438720025062157
    outer loop
      vertex 92.44818115234375 85.06258239746094 29.30710998535156
      vertex 92.45263671875 85.97498168945313 29.289318237304684
      vertex 92.44729614257812 85.94597473144532 29.310558471679684
    endloop
  endfacet
  facet normal 0.9701865091676782 -0.000018833158122362508 0.242359520288242
    outer loop
      vertex 92.45364379882812 85.03319396972657 29.28521362304687
      vertex 92.45828247070312 86.00298156738282 29.26671997070312
      vertex 92.45263671875 85.97498168945313 29.289318237304684
    endloop
  endfacet
  facet normal 0.9704067917324896 -0.0000051138098867659996 0.24147599991159688
    outer loop
      vertex 92.44305419921875 85.09297790527344 29.327587280273434
      vertex 92.44729614257812 85.94597473144532 29.310558471679684
      vertex 92.44235229492188 85.9159912109375 29.33042541503906
    endloop
  endfacet
  facet normal 0.9702298786486965 -0.00002807060937053473 0.2421858414304529
    outer loop
      vertex 92.43829345703125 85.12431945800782 29.346584472656247
      vertex 92.437744140625 85.88512268066407 29.34887329101562
      vertex 92.43392944335938 85.1565155029297 29.36407104492187
    endloop
  endfacet
  facet normal 0.9700005458336395 -0.000011070027234810226 0.24310273745866331
    outer loop
      vertex 92.44305419921875 85.09297790527344 29.327587280273434
      vertex 92.44235229492188 85.9159912109375 29.33042541503906
      vertex 92.43829345703125 85.12431945800782 29.346584472656247
    endloop
  endfacet
  facet normal 0.9698980107503419 -0.0000022052492970424047 0.24351149610986858
    outer loop
      vertex 92.42996215820312 85.18952026367188 29.37998596191406
      vertex 92.42962646484375 85.8209442138672 29.38132873535156
      vertex 92.42636108398438 85.22325744628907 29.39432922363281
    endloop
  endfacet
  facet normal 0.9703151197224513 0.000017816036805710352 0.24184409879216354
    outer loop
      vertex 92.42996215820312 85.18952026367188 29.37998596191406
      vertex 92.43392944335938 85.1565155029297 29.36407104492187
      vertex 92.4334716796875 85.8534149169922 29.365856323242184
    endloop
  endfacet
  facet normal 0.9697773743190454 0.000011961762945252095 0.24399148369517787
    outer loop
      vertex 92.43392944335938 85.1565155029297 29.36407104492187
      vertex 92.437744140625 85.88512268066407 29.34887329101562
      vertex 92.4334716796875 85.8534149169922 29.365856323242184
    endloop
  endfacet
  facet normal 0.9697610207061556 0.000010397181722919595 0.2440564742244179
    outer loop
      vertex 92.42636108398438 85.22325744628907 29.39432922363281
      vertex 92.42962646484375 85.8209442138672 29.38132873535156
      vertex 92.42611694335938 85.78780212402344 29.395275268554684
    endloop
  endfacet
  facet normal 0.9704778592315924 0.0000030393921242812034 0.24119022520000172
    outer loop
      vertex 92.42996215820312 85.18952026367188 29.37998596191406
      vertex 92.4334716796875 85.8534149169922 29.365856323242184
      vertex 92.42962646484375 85.8209442138672 29.38132873535156
    endloop
  endfacet
  facet normal 0.9705309821717859 -0.0000053709229469175795 0.24097637356351304
    outer loop
      vertex 92.42318725585938 85.25763549804688 29.40702453613281
      vertex 92.42303466796875 85.75401916503907 29.40765014648437
      vertex 92.42044067382812 85.29256286621094 29.41808715820312
    endloop
  endfacet
  facet normal 0.9701508912825475 0.000013170622344136026 0.24250205766181315
    outer loop
      vertex 92.42318725585938 85.25763549804688 29.40702453613281
      vertex 92.42636108398438 85.22325744628907 29.39432922363281
      vertex 92.42611694335938 85.78780212402344 29.395275268554684
    endloop
  endfacet
  facet normal 0.9698254012030262 -0.000016594075790055063 0.2438005145729313
    outer loop
      vertex 92.4146728515625 85.39998474121094 29.44108215332031
      vertex 92.41616821289062 85.36383666992188 29.435131225585934
      vertex 92.41470336914062 85.6142791748047 29.44097534179687
    endloop
  endfacet
  facet normal 0.9700287718299005 -1.6514804859190787e-7 0.24299008585155787
    outer loop
      vertex 92.41616821289062 85.36383666992188 29.435131225585934
      vertex 92.4180908203125 85.32799377441407 29.427456054687497
      vertex 92.41806030273438 85.68492736816407 29.427578124999997
    endloop
  endfacet
  facet normal 0.9699713130145037 0.00001675366877523121 0.24321934883605453
    outer loop
      vertex 92.42044067382812 85.29256286621094 29.41808715820312
      vertex 92.42034912109375 85.71971740722657 29.418422851562497
      vertex 92.4180908203125 85.32799377441407 29.427456054687497
    endloop
  endfacet
  facet normal 0.9702906514993351 0.00001782576467357441 0.24194224785108948
    outer loop
      vertex 92.42044067382812 85.29256286621094 29.41808715820312
      vertex 92.42303466796875 85.75401916503907 29.40765014648437
      vertex 92.42034912109375 85.71971740722657 29.418422851562497
    endloop
  endfacet
  facet normal 0.970357314052942 -0.000006304492941961059 0.24167474635181355
    outer loop
      vertex 92.42318725585938 85.25763549804688 29.40702453613281
      vertex 92.42611694335938 85.78780212402344 29.395275268554684
      vertex 92.42303466796875 85.75401916503907 29.40765014648437
    endloop
  endfacet
  facet normal 0.9679852701608215 0.00010763592723226824 0.25100698230564955
    outer loop
      vertex 92.41302490234375 85.54268493652344 29.447704467773434
      vertex 92.41281127929688 85.5067352294922 29.44854370117187
      vertex 92.41302490234375 85.47151794433594 29.44773498535156
    endloop
  endfacet
  facet normal 0.9693530209171646 0.000029230626348977044 0.24567197639197202
    outer loop
      vertex 92.41363525390625 85.43639221191407 29.44530883789062
      vertex 92.41366577148438 85.57855834960938 29.44517150878906
      vertex 92.41302490234375 85.54268493652344 29.447704467773434
    endloop
  endfacet
  facet normal 0.9701379059972749 0.00010401114004634537 0.2425539785880774
    outer loop
      vertex 92.41363525390625 85.43639221191407 29.44530883789062
      vertex 92.41302490234375 85.54268493652344 29.447704467773434
      vertex 92.41302490234375 85.47151794433594 29.44773498535156
    endloop
  endfacet
  facet normal 0.9712080660056611 0.000021646403495825913 0.23823285259799248
    outer loop
      vertex 92.41363525390625 85.43639221191407 29.44530883789062
      vertex 92.4146728515625 85.39998474121094 29.44108215332031
      vertex 92.41366577148438 85.57855834960938 29.44517150878906
    endloop
  endfacet
  facet normal 0.9707992930685566 -0.000018680319536864346 0.23989316836591293
    outer loop
      vertex 92.4146728515625 85.39998474121094 29.44108215332031
      vertex 92.41470336914062 85.6142791748047 29.44097534179687
      vertex 92.41366577148438 85.57855834960938 29.44517150878906
    endloop
  endfacet
  facet normal 0.9702539247317205 0.00002583941609498748 0.2420894893939377
    outer loop
      vertex 92.41616821289062 85.36383666992188 29.435131225585934
      vertex 92.41616821289062 85.649755859375 29.43510070800781
      vertex 92.41470336914062 85.6142791748047 29.44097534179687
    endloop
  endfacet
  facet normal 0.969765550335497 0.000026047440902896244 0.24403847381923494
    outer loop
      vertex 92.41616821289062 85.36383666992188 29.435131225585934
      vertex 92.41806030273438 85.68492736816407 29.427578124999997
      vertex 92.41616821289062 85.649755859375 29.43510070800781
    endloop
  endfacet
  facet normal 0.9701425001453319 0 0.24253562503633297
    outer loop
      vertex 92.4180908203125 85.32799377441407 29.427456054687497
      vertex 92.42034912109375 85.71971740722657 29.418422851562497
      vertex 92.41806030273438 85.68492736816407 29.427578124999997
    endloop
  endfacet
  facet normal 0.9702008740828322 -0.00002844102978633716 0.2423020080808582
    outer loop
      vertex 92.43829345703125 85.12431945800782 29.346584472656247
      vertex 92.44235229492188 85.9159912109375 29.33042541503906
      vertex 92.437744140625 85.88512268066407 29.34887329101562
    endloop
  endfacet
  facet normal 0.9700914463824474 0.0001091428906100246 0.24273972427981505
    outer loop
      vertex 92.9287109375 87.2785858154297 27.38500610351562
      vertex 92.89633178710938 87.22485961914063 27.514431152343747
      vertex 92.6048583984375 84.73859252929688 28.68040100097656
    endloop
  endfacet
  facet normal 0.970167320736271 -0.00004203901476880894 0.24243631742815777
    outer loop
      vertex 92.89633178710938 87.22485961914063 27.514431152343747
      vertex 92.86434936523438 87.16776123046876 27.642406616210934
      vertex 92.6048583984375 84.73859252929688 28.68040100097656
    endloop
  endfacet
  facet normal 0.9701270189983198 0.00003115691356822949 0.24259753922634966
    outer loop
      vertex 92.86434936523438 87.16776123046876 27.642406616210934
      vertex 92.80938720703125 87.06000366210938 27.862209472656247
      vertex 92.6048583984375 84.73859252929688 28.68040100097656
    endloop
  endfacet
  facet normal 0.9701462545553777 0.000002347018649634414 0.2425206068907623
    outer loop
      vertex 92.80938720703125 87.06000366210938 27.862209472656247
      vertex 92.7557373046875 86.94229736328126 28.07682434082031
      vertex 92.6048583984375 84.73859252929688 28.68040100097656
    endloop
  endfacet
  facet normal 0.9701413429882071 0.000008064334653348857 0.24254025348383804
    outer loop
      vertex 92.7557373046875 86.94229736328126 28.07682434082031
      vertex 92.7034912109375 86.81485595703126 28.28580871582031
      vertex 92.6048583984375 84.73859252929688 28.68040100097656
    endloop
  endfacet
  facet normal 0.9701559671732457 -0.0000037488269927527155 0.2424817505382427
    outer loop
      vertex 92.7034912109375 86.81485595703126 28.28580871582031
      vertex 92.65277099609375 86.6779541015625 28.488735351562497
      vertex 92.6048583984375 84.73859252929688 28.68040100097656
    endloop
  endfacet
  facet normal 0.970166504164644 0.00004314225004690789 0.24243958491900613
    outer loop
      vertex 92.46710205078125 86.0418914794922 29.23142639160156
      vertex 92.595703125 84.73946228027344 28.71703735351562
      vertex 92.6048583984375 84.73859252929688 28.68040100097656
    endloop
  endfacet
  facet normal 0.9700198052099565 -0.00020286340951836473 0.24302579358347015
    outer loop
      vertex 92.46710205078125 86.0418914794922 29.23142639160156
      vertex 92.5865478515625 84.7420867919922 28.75358215332031
      vertex 92.595703125 84.73946228027344 28.71703735351562
    endloop
  endfacet
  facet normal 0.9701671874503794 0.000027191223958881257 0.24243685292310183
    outer loop
      vertex 92.46710205078125 86.0418914794922 29.23142639160156
      vertex 92.57745361328125 84.746435546875 28.78997436523437
      vertex 92.5865478515625 84.7420867919922 28.75358215332031
    endloop
  endfacet
  facet normal 0.9701287453829002 -1.5517201901350626e-7 0.24259063745696408
    outer loop
      vertex 92.6048583984375 84.73859252929688 28.68040100097656
      vertex 92.60366821289062 86.53189697265626 28.68516174316406
      vertex 92.5562744140625 86.37698974609376 28.87469116210937
    endloop
  endfacet
  facet normal 0.9701469243634503 4.991854798559689e-8 0.24251792747781592
    outer loop
      vertex 92.65277099609375 86.6779541015625 28.488735351562497
      vertex 92.60366821289062 86.53189697265626 28.68516174316406
      vertex 92.6048583984375 84.73859252929688 28.68040100097656
    endloop
  endfacet
  facet normal 0.970132568216981 0.000001771143244288086 0.24257534928674745
    outer loop
      vertex 92.51071166992188 86.21353759765626 29.056911621093747
      vertex 92.6048583984375 84.73859252929688 28.68040100097656
      vertex 92.5562744140625 86.37698974609376 28.87469116210937
    endloop
  endfacet
endsolid OpenSCAD_Model
