solid OpenSCAD_Model
  facet normal -0.8910065241883678 -0.4539904997395468 0
    outer loop
      vertex 1.7454915028125262 -0.29389262614623657 0
      vertex 1.7454915028125262 -0.29389262614623657 11.5
      vertex 1.674471741852423 -0.1545084971874737 0
    endloop
  endfacet
  facet normal -0.7071067811865479 -0.7071067811865471 0
    outer loop
      vertex 1.8561073738537632 -0.4045084971874737 11.5
      vertex 1.7454915028125262 -0.29389262614623657 0
      vertex 1.8561073738537632 -0.4045084971874737 0
    endloop
  endfacet
  facet normal -0.9876883405951379 -0.15643446504023067 0
    outer loop
      vertex 1.674471741852423 -0.1545084971874737 0
      vertex 1.674471741852423 -0.1545084971874737 11.5
      vertex 1.65 0 0
    endloop
  endfacet
  facet normal -0.45399049973954486 -0.8910065241883688 0
    outer loop
      vertex 1.8837049951065694 -0.4185701875612867 0
      vertex 1.8837049951065694 -0.4185701875612867 11.5
      vertex 1.8561073738537632 -0.4045084971874737 0
    endloop
  endfacet
  facet normal -0.8910065241883678 -0.4539904997395468 0
    outer loop
      vertex 1.674471741852423 -0.1545084971874737 0
      vertex 1.7454915028125262 -0.29389262614623657 11.5
      vertex 1.674471741852423 -0.1545084971874737 11.5
    endloop
  endfacet
  facet normal -0.7071067811865479 -0.7071067811865471 0
    outer loop
      vertex 1.7454915028125262 -0.29389262614623657 0
      vertex 1.8561073738537632 -0.4045084971874737 11.5
      vertex 1.7454915028125262 -0.29389262614623657 11.5
    endloop
  endfacet
  facet normal -0.9876883405951379 -0.15643446504023067 0
    outer loop
      vertex 1.65 0 0
      vertex 1.674471741852423 -0.1545084971874737 11.5
      vertex 1.65 0 11.5
    endloop
  endfacet
  facet normal -0.45399049973954486 -0.8910065241883688 0
    outer loop
      vertex 1.8561073738537632 -0.4045084971874737 0
      vertex 1.8837049951065694 -0.4185701875612867 11.5
      vertex 1.8561073738537632 -0.4045084971874737 11.5
    endloop
  endfacet
  facet normal -0.9876883405951379 0.15643446504023067 0
    outer loop
      vertex 1.65 0 0
      vertex 1.65 0 11.5
      vertex 1.674471741852423 0.1545084971874737 0
    endloop
  endfacet
  facet normal -0.8910065241883678 0.4539904997395468 0
    outer loop
      vertex 1.674471741852423 0.1545084971874737 0
      vertex 1.674471741852423 0.1545084971874737 11.5
      vertex 1.7454915028125262 0.29389262614623657 0
    endloop
  endfacet
  facet normal -0.7071067811865479 0.7071067811865471 0
    outer loop
      vertex 1.7454915028125262 0.29389262614623657 0
      vertex 1.7454915028125262 0.29389262614623657 11.5
      vertex 1.8561073738537632 0.4045084971874737 0
    endloop
  endfacet
  facet normal -0.45399049973954486 0.8910065241883688 0
    outer loop
      vertex 1.8561073738537632 0.4045084971874737 0
      vertex 1.8561073738537632 0.4045084971874737 11.5
      vertex 1.8837049951065694 0.4185701875612867 0
    endloop
  endfacet
  facet normal -0.9876883405951379 0.15643446504023067 0
    outer loop
      vertex 1.674471741852423 0.1545084971874737 0
      vertex 1.65 0 11.5
      vertex 1.674471741852423 0.1545084971874737 11.5
    endloop
  endfacet
  facet normal -0.8910065241883678 0.4539904997395468 0
    outer loop
      vertex 1.7454915028125262 0.29389262614623657 0
      vertex 1.674471741852423 0.1545084971874737 11.5
      vertex 1.7454915028125262 0.29389262614623657 11.5
    endloop
  endfacet
  facet normal -0.7071067811865479 0.7071067811865471 0
    outer loop
      vertex 1.8561073738537632 0.4045084971874737 0
      vertex 1.7454915028125262 0.29389262614623657 11.5
      vertex 1.8561073738537632 0.4045084971874737 11.5
    endloop
  endfacet
  facet normal -0.45399049973954486 0.8910065241883688 0
    outer loop
      vertex 1.8837049951065694 0.4185701875612867 0
      vertex 1.8561073738537632 0.4045084971874737 11.5
      vertex 1.8837049951065694 0.4185701875612867 11.5
    endloop
  endfacet
  facet normal -0.7071067811865471 -0.7071067811865479 0
    outer loop
      vertex -0.4045084971874737 1.8561073738537632 0
      vertex -0.29389262614623657 1.7454915028125262 0
      vertex -0.29389262614623657 1.7454915028125262 11.5
    endloop
  endfacet
  facet normal -0.8910065241883688 -0.45399049973954486 0
    outer loop
      vertex -0.4185701875612867 1.8837049951065694 0
      vertex -0.4045084971874737 1.8561073738537632 0
      vertex -0.4045084971874737 1.8561073738537632 11.5
    endloop
  endfacet
  facet normal -0.4539904997395468 -0.8910065241883678 0
    outer loop
      vertex -0.29389262614623657 1.7454915028125262 0
      vertex -0.1545084971874737 1.674471741852423 0
      vertex -0.1545084971874737 1.674471741852423 11.5
    endloop
  endfacet
  facet normal -0.15643446504023067 -0.9876883405951379 0
    outer loop
      vertex -0.1545084971874737 1.674471741852423 0
      vertex 0 1.65 0
      vertex 0 1.65 11.5
    endloop
  endfacet
  facet normal -0.4539904997395468 -0.8910065241883678 0
    outer loop
      vertex -0.29389262614623657 1.7454915028125262 0
      vertex -0.1545084971874737 1.674471741852423 11.5
      vertex -0.29389262614623657 1.7454915028125262 11.5
    endloop
  endfacet
  facet normal -0.8910065241883688 -0.45399049973954486 0
    outer loop
      vertex -0.4185701875612867 1.8837049951065694 0
      vertex -0.4045084971874737 1.8561073738537632 11.5
      vertex -0.4185701875612867 1.8837049951065694 11.5
    endloop
  endfacet
  facet normal -0.7071067811865471 -0.7071067811865479 0
    outer loop
      vertex -0.4045084971874737 1.8561073738537632 0
      vertex -0.29389262614623657 1.7454915028125262 11.5
      vertex -0.4045084971874737 1.8561073738537632 11.5
    endloop
  endfacet
  facet normal -0.15643446504023067 -0.9876883405951379 0
    outer loop
      vertex -0.1545084971874737 1.674471741852423 0
      vertex 0 1.65 11.5
      vertex -0.1545084971874737 1.674471741852423 11.5
    endloop
  endfacet
  facet normal 0.15643446504023067 -0.9876883405951379 0
    outer loop
      vertex 0 1.65 0
      vertex 0.1545084971874737 1.674471741852423 0
      vertex 0.1545084971874737 1.674471741852423 11.5
    endloop
  endfacet
  facet normal 0.4539904997395468 -0.8910065241883678 0
    outer loop
      vertex 0.1545084971874737 1.674471741852423 0
      vertex 0.29389262614623657 1.7454915028125262 0
      vertex 0.29389262614623657 1.7454915028125262 11.5
    endloop
  endfacet
  facet normal 0.7071067811865471 -0.7071067811865479 0
    outer loop
      vertex 0.29389262614623657 1.7454915028125262 0
      vertex 0.4045084971874737 1.8561073738537632 0
      vertex 0.4045084971874737 1.8561073738537632 11.5
    endloop
  endfacet
  facet normal 0.8910065241883688 -0.45399049973954486 0
    outer loop
      vertex 0.4045084971874737 1.8561073738537632 0
      vertex 0.4185701875612867 1.8837049951065694 0
      vertex 0.4185701875612867 1.8837049951065694 11.5
    endloop
  endfacet
  facet normal 0.15643446504023067 -0.9876883405951379 0
    outer loop
      vertex 0 1.65 0
      vertex 0.1545084971874737 1.674471741852423 11.5
      vertex 0 1.65 11.5
    endloop
  endfacet
  facet normal 0.4539904997395468 -0.8910065241883678 0
    outer loop
      vertex 0.29389262614623657 1.7454915028125262 11.5
      vertex 0.1545084971874737 1.674471741852423 11.5
      vertex 0.1545084971874737 1.674471741852423 0
    endloop
  endfacet
  facet normal 0.7071067811865471 -0.7071067811865479 0
    outer loop
      vertex 0.29389262614623657 1.7454915028125262 0
      vertex 0.4045084971874737 1.8561073738537632 11.5
      vertex 0.29389262614623657 1.7454915028125262 11.5
    endloop
  endfacet
  facet normal 0.8910065241883688 -0.45399049973954486 0
    outer loop
      vertex 0.4045084971874737 1.8561073738537632 0
      vertex 0.4185701875612867 1.8837049951065694 11.5
      vertex 0.4045084971874737 1.8561073738537632 11.5
    endloop
  endfacet
  facet normal 0.45399049973954486 -0.8910065241883688 0
    outer loop
      vertex -1.8837049951065694 -0.4185701875612867 0
      vertex -1.8561073738537632 -0.4045084971874737 0
      vertex -1.8561073738537632 -0.4045084971874737 11.5
    endloop
  endfacet
  facet normal 0.7071067811865479 -0.7071067811865471 0
    outer loop
      vertex -1.7454915028125262 -0.29389262614623657 0
      vertex -1.7454915028125262 -0.29389262614623657 11.5
      vertex -1.8561073738537632 -0.4045084971874737 0
    endloop
  endfacet
  facet normal 0.8910065241883678 -0.4539904997395468 0
    outer loop
      vertex -1.674471741852423 -0.1545084971874737 0
      vertex -1.674471741852423 -0.1545084971874737 11.5
      vertex -1.7454915028125262 -0.29389262614623657 0
    endloop
  endfacet
  facet normal 0.9876883405951379 -0.15643446504023067 0
    outer loop
      vertex -1.674471741852423 -0.1545084971874737 0
      vertex -1.65 0 0
      vertex -1.65 0 11.5
    endloop
  endfacet
  facet normal 0.45399049973954486 -0.8910065241883688 0
    outer loop
      vertex -1.8837049951065694 -0.4185701875612867 0
      vertex -1.8561073738537632 -0.4045084971874737 11.5
      vertex -1.8837049951065694 -0.4185701875612867 11.5
    endloop
  endfacet
  facet normal 0.7071067811865479 -0.7071067811865471 0
    outer loop
      vertex -1.8561073738537632 -0.4045084971874737 0
      vertex -1.7454915028125262 -0.29389262614623657 11.5
      vertex -1.8561073738537632 -0.4045084971874737 11.5
    endloop
  endfacet
  facet normal 0.8910065241883678 -0.4539904997395468 0
    outer loop
      vertex -1.7454915028125262 -0.29389262614623657 0
      vertex -1.674471741852423 -0.1545084971874737 11.5
      vertex -1.7454915028125262 -0.29389262614623657 11.5
    endloop
  endfacet
  facet normal 0.9876883405951379 -0.15643446504023067 0
    outer loop
      vertex -1.674471741852423 -0.1545084971874737 0
      vertex -1.65 0 11.5
      vertex -1.674471741852423 -0.1545084971874737 11.5
    endloop
  endfacet
  facet normal 0.45399049973954486 0.8910065241883688 0
    outer loop
      vertex -1.8561073738537632 0.4045084971874737 0
      vertex -1.8837049951065694 0.4185701875612867 0
      vertex -1.8837049951065694 0.4185701875612867 11.5
    endloop
  endfacet
  facet normal 0.9876883405951379 0.15643446504023067 0
    outer loop
      vertex -1.65 0 0
      vertex -1.674471741852423 0.1545084971874737 0
      vertex -1.674471741852423 0.1545084971874737 11.5
    endloop
  endfacet
  facet normal 0.7071067811865479 0.7071067811865471 0
    outer loop
      vertex -1.8561073738537632 0.4045084971874737 11.5
      vertex -1.7454915028125262 0.29389262614623657 0
      vertex -1.8561073738537632 0.4045084971874737 0
    endloop
  endfacet
  facet normal 0.8910065241883678 0.4539904997395468 0
    outer loop
      vertex -1.7454915028125262 0.29389262614623657 11.5
      vertex -1.674471741852423 0.1545084971874737 0
      vertex -1.7454915028125262 0.29389262614623657 0
    endloop
  endfacet
  facet normal 0.45399049973954486 0.8910065241883688 0
    outer loop
      vertex -1.8561073738537632 0.4045084971874737 0
      vertex -1.8837049951065694 0.4185701875612867 11.5
      vertex -1.8561073738537632 0.4045084971874737 11.5
    endloop
  endfacet
  facet normal 0.9876883405951379 0.15643446504023067 0
    outer loop
      vertex -1.65 0 0
      vertex -1.674471741852423 0.1545084971874737 11.5
      vertex -1.65 0 11.5
    endloop
  endfacet
  facet normal 0.7071067811865479 0.7071067811865471 0
    outer loop
      vertex -1.7454915028125262 0.29389262614623657 11.5
      vertex -1.7454915028125262 0.29389262614623657 0
      vertex -1.8561073738537632 0.4045084971874737 11.5
    endloop
  endfacet
  facet normal 0.8910065241883678 0.4539904997395468 0
    outer loop
      vertex -1.674471741852423 0.1545084971874737 11.5
      vertex -1.674471741852423 0.1545084971874737 0
      vertex -1.7454915028125262 0.29389262614623657 11.5
    endloop
  endfacet
  facet normal -0.8910065241883688 0.45399049973954486 0
    outer loop
      vertex -0.4185701875612867 -1.8837049951065694 0
      vertex -0.4185701875612867 -1.8837049951065694 11.5
      vertex -0.4045084971874737 -1.8561073738537632 0
    endloop
  endfacet
  facet normal -0.7071067811865471 0.7071067811865479 0
    outer loop
      vertex -0.29389262614623657 -1.7454915028125262 0
      vertex -0.4045084971874737 -1.8561073738537632 0
      vertex -0.4045084971874737 -1.8561073738537632 11.5
    endloop
  endfacet
  facet normal -0.4539904997395468 0.8910065241883678 0
    outer loop
      vertex -0.1545084971874737 -1.674471741852423 0
      vertex -0.29389262614623657 -1.7454915028125262 0
      vertex -0.29389262614623657 -1.7454915028125262 11.5
    endloop
  endfacet
  facet normal -0.15643446504023067 0.9876883405951379 0
    outer loop
      vertex -0.1545084971874737 -1.674471741852423 0
      vertex -0.1545084971874737 -1.674471741852423 11.5
      vertex 0 -1.65 0
    endloop
  endfacet
  facet normal -0.8910065241883688 0.45399049973954486 0
    outer loop
      vertex -0.4045084971874737 -1.8561073738537632 0
      vertex -0.4185701875612867 -1.8837049951065694 11.5
      vertex -0.4045084971874737 -1.8561073738537632 11.5
    endloop
  endfacet
  facet normal -0.7071067811865471 0.7071067811865479 0
    outer loop
      vertex -0.29389262614623657 -1.7454915028125262 0
      vertex -0.4045084971874737 -1.8561073738537632 11.5
      vertex -0.29389262614623657 -1.7454915028125262 11.5
    endloop
  endfacet
  facet normal -0.4539904997395468 0.8910065241883678 0
    outer loop
      vertex -0.29389262614623657 -1.7454915028125262 11.5
      vertex -0.1545084971874737 -1.674471741852423 11.5
      vertex -0.1545084971874737 -1.674471741852423 0
    endloop
  endfacet
  facet normal -0.15643446504023067 0.9876883405951379 0
    outer loop
      vertex 0 -1.65 0
      vertex -0.1545084971874737 -1.674471741852423 11.5
      vertex 0 -1.65 11.5
    endloop
  endfacet
  facet normal 0.15643446504023067 0.9876883405951379 0
    outer loop
      vertex 0 -1.65 0
      vertex 0 -1.65 11.5
      vertex 0.1545084971874737 -1.674471741852423 0
    endloop
  endfacet
  facet normal 0.4539904997395468 0.8910065241883678 0
    outer loop
      vertex 0.29389262614623657 -1.7454915028125262 0
      vertex 0.1545084971874737 -1.674471741852423 0
      vertex 0.1545084971874737 -1.674471741852423 11.5
    endloop
  endfacet
  facet normal 0.8910065241883688 0.45399049973954486 0
    outer loop
      vertex 0.4185701875612867 -1.8837049951065694 0
      vertex 0.4045084971874737 -1.8561073738537632 0
      vertex 0.4045084971874737 -1.8561073738537632 11.5
    endloop
  endfacet
  facet normal 0.7071067811865471 0.7071067811865479 0
    outer loop
      vertex 0.4045084971874737 -1.8561073738537632 0
      vertex 0.29389262614623657 -1.7454915028125262 0
      vertex 0.29389262614623657 -1.7454915028125262 11.5
    endloop
  endfacet
  facet normal 0.15643446504023067 0.9876883405951379 0
    outer loop
      vertex 0.1545084971874737 -1.674471741852423 0
      vertex 0 -1.65 11.5
      vertex 0.1545084971874737 -1.674471741852423 11.5
    endloop
  endfacet
  facet normal 0.7071067811865471 0.7071067811865479 0
    outer loop
      vertex 0.4045084971874737 -1.8561073738537632 0
      vertex 0.29389262614623657 -1.7454915028125262 11.5
      vertex 0.4045084971874737 -1.8561073738537632 11.5
    endloop
  endfacet
  facet normal 0.8910065241883688 0.45399049973954486 0
    outer loop
      vertex 0.4185701875612867 -1.8837049951065694 0
      vertex 0.4045084971874737 -1.8561073738537632 11.5
      vertex 0.4185701875612867 -1.8837049951065694 11.5
    endloop
  endfacet
  facet normal 0.4539904997395468 0.8910065241883678 0
    outer loop
      vertex 0.29389262614623657 -1.7454915028125262 0
      vertex 0.1545084971874737 -1.674471741852423 11.5
      vertex 0.29389262614623657 -1.7454915028125262 11.5
    endloop
  endfacet
  facet normal 0.9876883405951377 0.1564344650402315 0
    outer loop
      vertex -1.8545602067755493 -0.6025831390311475 0
      vertex -1.8837049951065694 -0.4185701875612867 0
      vertex -1.8837049951065694 -0.4185701875612867 11.5
    endloop
  endfacet
  facet normal 0.4539904997395467 0.8910065241883679 0
    outer loop
      vertex -1.1461812419703226 -1.5775831390311474 0
      vertex -1.1461812419703226 -1.5775831390311474 11.5
      vertex -0.6025831390311475 -1.8545602067755493 0
    endloop
  endfacet
  facet normal 0.1564344650402315 0.9876883405951377 0
    outer loop
      vertex -0.6025831390311475 -1.8545602067755493 0
      vertex -0.6025831390311475 -1.8545602067755493 11.5
      vertex -0.4185701875612867 -1.8837049951065694 0
    endloop
  endfacet
  facet normal 0.7071067811865475 0.7071067811865475 0
    outer loop
      vertex -1.1461812419703226 -1.5775831390311474 0
      vertex -1.5775831390311474 -1.1461812419703226 0
      vertex -1.5775831390311474 -1.1461812419703226 11.5
    endloop
  endfacet
  facet normal 0.8910065241883679 0.4539904997395467 0
    outer loop
      vertex -1.5775831390311474 -1.1461812419703226 0
      vertex -1.8545602067755493 -0.6025831390311475 0
      vertex -1.8545602067755493 -0.6025831390311475 11.5
    endloop
  endfacet
  facet normal 0.9876883405951377 0.1564344650402315 0
    outer loop
      vertex -1.8545602067755493 -0.6025831390311475 0
      vertex -1.8837049951065694 -0.4185701875612867 11.5
      vertex -1.8545602067755493 -0.6025831390311475 11.5
    endloop
  endfacet
  facet normal 0.4539904997395467 0.8910065241883679 0
    outer loop
      vertex -1.1461812419703226 -1.5775831390311474 11.5
      vertex -0.6025831390311475 -1.8545602067755493 11.5
      vertex -0.6025831390311475 -1.8545602067755493 0
    endloop
  endfacet
  facet normal 0.1564344650402315 0.9876883405951377 0
    outer loop
      vertex -0.4185701875612867 -1.8837049951065694 0
      vertex -0.6025831390311475 -1.8545602067755493 11.5
      vertex -0.4185701875612867 -1.8837049951065694 11.5
    endloop
  endfacet
  facet normal 0.8910065241883679 0.4539904997395467 0
    outer loop
      vertex -1.5775831390311474 -1.1461812419703226 0
      vertex -1.8545602067755493 -0.6025831390311475 11.5
      vertex -1.5775831390311474 -1.1461812419703226 11.5
    endloop
  endfacet
  facet normal 0.7071067811865475 0.7071067811865475 0
    outer loop
      vertex -1.5775831390311474 -1.1461812419703226 11.5
      vertex -1.1461812419703226 -1.5775831390311474 11.5
      vertex -1.1461812419703226 -1.5775831390311474 0
    endloop
  endfacet
  facet normal 0.9876883405951377 -0.1564344650402315 0
    outer loop
      vertex -1.8837049951065694 0.4185701875612867 0
      vertex -1.8545602067755493 0.6025831390311475 0
      vertex -1.8545602067755493 0.6025831390311475 11.5
    endloop
  endfacet
  facet normal 0.8910065241883679 -0.4539904997395467 0
    outer loop
      vertex -1.5775831390311474 1.1461812419703226 11.5
      vertex -1.8545602067755493 0.6025831390311475 0
      vertex -1.5775831390311474 1.1461812419703226 0
    endloop
  endfacet
  facet normal 0.7071067811865475 -0.7071067811865475 0
    outer loop
      vertex -1.1461812419703226 1.5775831390311474 11.5
      vertex -1.5775831390311474 1.1461812419703226 0
      vertex -1.1461812419703226 1.5775831390311474 0
    endloop
  endfacet
  facet normal 0.4539904997395467 -0.8910065241883679 0
    outer loop
      vertex -0.6025831390311475 1.8545602067755493 11.5
      vertex -1.1461812419703226 1.5775831390311474 0
      vertex -0.6025831390311475 1.8545602067755493 0
    endloop
  endfacet
  facet normal 0.1564344650402315 -0.9876883405951377 0
    outer loop
      vertex -0.4185701875612867 1.8837049951065694 11.5
      vertex -0.6025831390311475 1.8545602067755493 0
      vertex -0.4185701875612867 1.8837049951065694 0
    endloop
  endfacet
  facet normal 0.9876883405951377 -0.1564344650402315 0
    outer loop
      vertex -1.8837049951065694 0.4185701875612867 0
      vertex -1.8545602067755493 0.6025831390311475 11.5
      vertex -1.8837049951065694 0.4185701875612867 11.5
    endloop
  endfacet
  facet normal 0.8910065241883679 -0.4539904997395467 0
    outer loop
      vertex -1.5775831390311474 1.1461812419703226 11.5
      vertex -1.8545602067755493 0.6025831390311475 11.5
      vertex -1.8545602067755493 0.6025831390311475 0
    endloop
  endfacet
  facet normal 0.7071067811865475 -0.7071067811865475 0
    outer loop
      vertex -1.5775831390311474 1.1461812419703226 0
      vertex -1.1461812419703226 1.5775831390311474 11.5
      vertex -1.5775831390311474 1.1461812419703226 11.5
    endloop
  endfacet
  facet normal 0.4539904997395467 -0.8910065241883679 0
    outer loop
      vertex -0.6025831390311475 1.8545602067755493 11.5
      vertex -1.1461812419703226 1.5775831390311474 11.5
      vertex -1.1461812419703226 1.5775831390311474 0
    endloop
  endfacet
  facet normal 0.1564344650402315 -0.9876883405951377 0
    outer loop
      vertex -0.6025831390311475 1.8545602067755493 11.5
      vertex -0.6025831390311475 1.8545602067755493 0
      vertex -0.4185701875612867 1.8837049951065694 11.5
    endloop
  endfacet
  facet normal -0.1564344650402315 0.9876883405951377 0
    outer loop
      vertex 0.6025831390311475 -1.8545602067755493 0
      vertex 0.4185701875612867 -1.8837049951065694 0
      vertex 0.4185701875612867 -1.8837049951065694 11.5
    endloop
  endfacet
  facet normal -0.4539904997395467 0.8910065241883679 0
    outer loop
      vertex 0.6025831390311475 -1.8545602067755493 11.5
      vertex 1.1461812419703226 -1.5775831390311474 0
      vertex 0.6025831390311475 -1.8545602067755493 0
    endloop
  endfacet
  facet normal -0.7071067811865475 0.7071067811865475 0
    outer loop
      vertex 1.1981763606564328 -1.5255880203450372 0
      vertex 1.1461812419703226 -1.5775831390311474 0
      vertex 1.1461812419703226 -1.5775831390311474 11.5
    endloop
  endfacet
  facet normal -0.7071067811865475 0.7071067811865475 0
    outer loop
      vertex 1.1981763606564328 -1.5255880203450372 0
      vertex 1.1461812419703226 -1.5775831390311474 11.5
      vertex 1.5775831390311474 -1.1461812419703226 0
    endloop
  endfacet
  facet normal -0.8910065241883679 0.4539904997395467 0
    outer loop
      vertex 1.8545602067755493 -0.6025831390311475 0
      vertex 1.5775831390311474 -1.1461812419703226 0
      vertex 1.5775831390311474 -1.1461812419703226 11.5
    endloop
  endfacet
  facet normal -0.9876883405951377 0.1564344650402315 0
    outer loop
      vertex 1.8545602067755493 -0.6025831390311475 0
      vertex 1.8545602067755493 -0.6025831390311475 11.5
      vertex 1.8837049951065694 -0.4185701875612867 0
    endloop
  endfacet
  facet normal -0.1564344650402315 0.9876883405951377 0
    outer loop
      vertex 0.6025831390311475 -1.8545602067755493 0
      vertex 0.4185701875612867 -1.8837049951065694 11.5
      vertex 0.6025831390311475 -1.8545602067755493 11.5
    endloop
  endfacet
  facet normal -0.4539904997395467 0.8910065241883679 0
    outer loop
      vertex 0.6025831390311475 -1.8545602067755493 11.5
      vertex 1.1461812419703226 -1.5775831390311474 11.5
      vertex 1.1461812419703226 -1.5775831390311474 0
    endloop
  endfacet
  facet normal -0.7071067811865475 0.7071067811865475 0
    outer loop
      vertex 1.5775831390311474 -1.1461812419703226 0
      vertex 1.1461812419703226 -1.5775831390311474 11.5
      vertex 1.5775831390311474 -1.1461812419703226 11.5
    endloop
  endfacet
  facet normal -0.8910065241883679 0.4539904997395467 0
    outer loop
      vertex 1.5775831390311474 -1.1461812419703226 11.5
      vertex 1.8545602067755493 -0.6025831390311475 11.5
      vertex 1.8545602067755493 -0.6025831390311475 0
    endloop
  endfacet
  facet normal -0.9876883405951377 0.1564344650402315 0
    outer loop
      vertex 1.8837049951065694 -0.4185701875612867 0
      vertex 1.8545602067755493 -0.6025831390311475 11.5
      vertex 1.8837049951065694 -0.4185701875612867 11.5
    endloop
  endfacet
  facet normal -0.8910065241883679 -0.4539904997395467 0
    outer loop
      vertex 1.8545602067755493 0.6025831390311475 0
      vertex 1.8545602067755493 0.6025831390311475 11.5
      vertex 1.5775831390311474 1.1461812419703226 0
    endloop
  endfacet
  facet normal -0.7071067811865475 -0.7071067811865475 0
    outer loop
      vertex 1.2181943416738459 1.5055700393276241 0
      vertex 1.1461812419703226 1.5775831390311474 11.5
      vertex 1.1461812419703226 1.5775831390311474 0
    endloop
  endfacet
  facet normal -0.7071067811865476 -0.7071067811865476 0
    outer loop
      vertex 1.2181943416738459 1.5055700393276241 0
      vertex 1.5775831390311474 1.1461812419703226 0
      vertex 1.5775831390311474 1.1461812419703226 11.5
    endloop
  endfacet
  facet normal -0.1564344650402315 -0.9876883405951377 0
    outer loop
      vertex 0.6025831390311475 1.8545602067755493 0
      vertex 0.6025831390311475 1.8545602067755493 11.5
      vertex 0.4185701875612867 1.8837049951065694 0
    endloop
  endfacet
  facet normal -0.4539904997395467 -0.8910065241883679 0
    outer loop
      vertex 0.6025831390311475 1.8545602067755493 0
      vertex 1.1461812419703226 1.5775831390311474 0
      vertex 1.1461812419703226 1.5775831390311474 11.5
    endloop
  endfacet
  facet normal -0.9876883405951377 -0.1564344650402315 0
    outer loop
      vertex 1.8837049951065694 0.4185701875612867 0
      vertex 1.8837049951065694 0.4185701875612867 11.5
      vertex 1.8545602067755493 0.6025831390311475 0
    endloop
  endfacet
  facet normal -0.7071067811865475 -0.7071067811865475 0
    outer loop
      vertex 1.2181943416738459 1.5055700393276241 0
      vertex 1.5775831390311474 1.1461812419703226 11.5
      vertex 1.1461812419703226 1.5775831390311474 11.5
    endloop
  endfacet
  facet normal -0.8910065241883679 -0.4539904997395467 0
    outer loop
      vertex 1.5775831390311474 1.1461812419703226 0
      vertex 1.8545602067755493 0.6025831390311475 11.5
      vertex 1.5775831390311474 1.1461812419703226 11.5
    endloop
  endfacet
  facet normal -0.1564344650402315 -0.9876883405951377 0
    outer loop
      vertex 0.4185701875612867 1.8837049951065694 0
      vertex 0.6025831390311475 1.8545602067755493 11.5
      vertex 0.4185701875612867 1.8837049951065694 11.5
    endloop
  endfacet
  facet normal -0.4539904997395467 -0.8910065241883679 0
    outer loop
      vertex 1.1461812419703226 1.5775831390311474 11.5
      vertex 0.6025831390311475 1.8545602067755493 11.5
      vertex 0.6025831390311475 1.8545602067755493 0
    endloop
  endfacet
  facet normal -0.9876883405951377 -0.1564344650402315 0
    outer loop
      vertex 1.8545602067755493 0.6025831390311475 0
      vertex 1.8837049951065694 0.4185701875612867 11.5
      vertex 1.8545602067755493 0.6025831390311475 11.5
    endloop
  endfacet
  facet normal -0.8660254037844386 -0.5 0
    outer loop
      vertex -3.675 -6.365286717815623 3.5
      vertex -3.675 -6.365286717815623 7.5
      vertex -7.35 0 3.5
    endloop
  endfacet
  facet normal -0.823135335830311 -0.13037182947683332 -0.5526765826289229
    outer loop
      vertex -4.755282581475767 -1.545084971874737 0
      vertex -7.35 0 3.5
      vertex -5 0 0
    endloop
  endfacet
  facet normal -0.8046636192189797 -0.4645727571631765 -0.3697142318158948
    outer loop
      vertex -4.045084971874737 -2.938926261462366 0
      vertex -3.675 -6.365286717815623 3.5
      vertex -7.35 0 3.5
    endloop
  endfacet
  facet normal 0 0 -1
    outer loop
      vertex -4.045084971874737 -2.938926261462366 0
      vertex -4.755282581475767 -1.545084971874737 0
      vertex -5 0 0
    endloop
  endfacet
  facet normal -0.8094308556276308 -0.4124256205483282 -0.41800334624647206
    outer loop
      vertex -4.045084971874737 -2.938926261462366 0
      vertex -7.35 0 3.5
      vertex -4.755282581475767 -1.545084971874737 0
    endloop
  endfacet
  facet normal -0.3743449500307491 -0.7346933316131496 -0.5657663536033638
    outer loop
      vertex -2.938926261462366 -4.045084971874737 0
      vertex -1.545084971874737 -4.755282581475767 0
      vertex -3.675 -6.365286717815623 3.5
    endloop
  endfacet
  facet normal -0.6016551055873696 -0.6016551055873696 -0.5253782140908608
    outer loop
      vertex -4.045084971874737 -2.938926261462366 0
      vertex -2.938926261462366 -4.045084971874737 0
      vertex -3.675 -6.365286717815623 3.5
    endloop
  endfacet
  facet normal 0 0 -1
    outer loop
      vertex -4.045084971874737 -2.938926261462366 0
      vertex 0 -5 0
      vertex -2.938926261462366 -4.045084971874737 0
    endloop
  endfacet
  facet normal -0.1370972457418749 -0.8655979429605374 -0.48160621502683915
    outer loop
      vertex -1.545084971874737 -4.755282581475767 0
      vertex 0 -5 0
      vertex -3.675 -6.365286717815623 3.5
    endloop
  endfacet
  facet normal 0 0 -1
    outer loop
      vertex -2.938926261462366 -4.045084971874737 0
      vertex 0 -5 0
      vertex -1.545084971874737 -4.755282581475767 0
    endloop
  endfacet
  facet normal 0 0 -1
    outer loop
      vertex -4.045084971874737 -2.938926261462366 0
      vertex 0.4185701875612867 -1.8837049951065694 0
      vertex 0 -5 0
    endloop
  endfacet
  facet normal 0 0 -1
    outer loop
      vertex -4.045084971874737 -2.938926261462366 0
      vertex -1.1461812419703226 -1.5775831390311474 0
      vertex -0.6025831390311475 -1.8545602067755493 0
    endloop
  endfacet
  facet normal 0 0 -1
    outer loop
      vertex -4.045084971874737 -2.938926261462366 0
      vertex -1.5775831390311474 -1.1461812419703226 0
      vertex -1.1461812419703226 -1.5775831390311474 0
    endloop
  endfacet
  facet normal 0 0 -1
    outer loop
      vertex -4.045084971874737 -2.938926261462366 0
      vertex -1.8837049951065694 -0.4185701875612867 0
      vertex -1.8545602067755493 -0.6025831390311475 0
    endloop
  endfacet
  facet normal 0 0 -1
    outer loop
      vertex -4.045084971874737 -2.938926261462366 0
      vertex -1.8545602067755493 -0.6025831390311475 0
      vertex -1.5775831390311474 -1.1461812419703226 0
    endloop
  endfacet
  facet normal 0 0 -1
    outer loop
      vertex -4.045084971874737 -2.938926261462366 0
      vertex -1.674471741852423 -0.1545084971874737 0
      vertex -1.8837049951065694 -0.4185701875612867 0
    endloop
  endfacet
  facet normal 0 0 -1
    outer loop
      vertex -4.045084971874737 -2.938926261462366 0
      vertex -1.65 0 0
      vertex -1.674471741852423 -0.1545084971874737 0
    endloop
  endfacet
  facet normal 0 0 -1
    outer loop
      vertex -4.045084971874737 -2.938926261462366 0
      vertex -1.674471741852423 0.1545084971874737 0
      vertex -1.65 0 0
    endloop
  endfacet
  facet normal 0 0 -1
    outer loop
      vertex -4.045084971874737 -2.938926261462366 0
      vertex -1.7454915028125262 0.29389262614623657 0
      vertex -1.674471741852423 0.1545084971874737 0
    endloop
  endfacet
  facet normal 0 0 -1
    outer loop
      vertex -4.045084971874737 -2.938926261462366 0
      vertex -1.8837049951065694 0.4185701875612867 0
      vertex -1.8561073738537632 0.4045084971874737 0
    endloop
  endfacet
  facet normal 0 0 -1
    outer loop
      vertex -4.045084971874737 -2.938926261462366 0
      vertex -1.8561073738537632 0.4045084971874737 0
      vertex -1.7454915028125262 0.29389262614623657 0
    endloop
  endfacet
  facet normal 0 0 -1
    outer loop
      vertex -4.045084971874737 -2.938926261462366 0
      vertex -1.8545602067755493 0.6025831390311475 0
      vertex -1.8837049951065694 0.4185701875612867 0
    endloop
  endfacet
  facet normal 0 0 -1
    outer loop
      vertex -4.045084971874737 -2.938926261462366 0
      vertex -1.5775831390311474 1.1461812419703226 0
      vertex -1.8545602067755493 0.6025831390311475 0
    endloop
  endfacet
  facet normal 0 0 -1
    outer loop
      vertex -4.045084971874737 -2.938926261462366 0
      vertex -0.6025831390311475 -1.8545602067755493 0
      vertex -0.4185701875612867 -1.8837049951065694 0
    endloop
  endfacet
  facet normal 0 0 -1
    outer loop
      vertex -4.045084971874737 -2.938926261462366 0
      vertex -0.4185701875612867 -1.8837049951065694 0
      vertex 0.29389262614623657 -1.7454915028125262 0
    endloop
  endfacet
  facet normal 0 0 -1
    outer loop
      vertex -4.045084971874737 -2.938926261462366 0
      vertex 0.4045084971874737 -1.8561073738537632 0
      vertex 0.4185701875612867 -1.8837049951065694 0
    endloop
  endfacet
  facet normal 0 0 -1
    outer loop
      vertex -4.045084971874737 -2.938926261462366 0
      vertex 0.29389262614623657 -1.7454915028125262 0
      vertex 0.4045084971874737 -1.8561073738537632 0
    endloop
  endfacet
  facet normal 0 0 -1
    outer loop
      vertex -0.4185701875612867 -1.8837049951065694 0
      vertex -0.4045084971874737 -1.8561073738537632 0
      vertex 0.29389262614623657 -1.7454915028125262 0
    endloop
  endfacet
  facet normal 0 0 -1
    outer loop
      vertex -0.4045084971874737 -1.8561073738537632 0
      vertex -0.29389262614623657 -1.7454915028125262 0
      vertex 0.29389262614623657 -1.7454915028125262 0
    endloop
  endfacet
  facet normal 0 0 -1
    outer loop
      vertex -0.29389262614623657 -1.7454915028125262 0
      vertex -0.1545084971874737 -1.674471741852423 0
      vertex 0 -1.65 0
    endloop
  endfacet
  facet normal 0 0 -1
    outer loop
      vertex -0.29389262614623657 -1.7454915028125262 0
      vertex 0 -1.65 0
      vertex 0.1545084971874737 -1.674471741852423 0
    endloop
  endfacet
  facet normal 0 0 -1
    outer loop
      vertex -1.8837049951065694 -0.4185701875612867 0
      vertex -1.674471741852423 -0.1545084971874737 0
      vertex -1.8561073738537632 -0.4045084971874737 0
    endloop
  endfacet
  facet normal 0 0 -1
    outer loop
      vertex -1.674471741852423 -0.1545084971874737 0
      vertex -1.7454915028125262 -0.29389262614623657 0
      vertex -1.8561073738537632 -0.4045084971874737 0
    endloop
  endfacet
  facet normal -0.8660254037844386 -0.5 0
    outer loop
      vertex -3.675 -6.365286717815623 7.5
      vertex -7.35 0 7.5
      vertex -7.35 0 3.5
    endloop
  endfacet
  facet normal -0.20799468947075184 -0.03294312248230083 0.9775750405125335
    outer loop
      vertex -4.755282581475767 -1.545084971874737 8
      vertex -5 0 8
      vertex -7.35 0 7.5
    endloop
  endfacet
  facet normal -0.2926329414101489 -0.16895170749690147 0.9411807914186975
    outer loop
      vertex -4.045084971874737 -2.938926261462366 8
      vertex -7.35 0 7.5
      vertex -3.675 -6.365286717815623 7.5
    endloop
  endfacet
  facet normal 0 0 1
    outer loop
      vertex -4.045084971874737 -2.938926261462366 8
      vertex -3.5640260967534716 -1.815961998958187 8
      vertex -3.804226065180614 -1.2360679774997896 8
    endloop
  endfacet
  facet normal 0 0 1
    outer loop
      vertex -4.045084971874737 -2.938926261462366 8
      vertex -3.804226065180614 -1.2360679774997896 8
      vertex -3.950753362380551 -0.6257378601609235 8
    endloop
  endfacet
  facet normal -0.2641915832434886 -0.1346123352047832 0.955030013430999
    outer loop
      vertex -4.045084971874737 -2.938926261462366 8
      vertex -4.755282581475767 -1.545084971874737 8
      vertex -7.35 0 7.5
    endloop
  endfacet
  facet normal 0 0 1
    outer loop
      vertex -4.045084971874737 -2.938926261462366 8
      vertex -5 0 8
      vertex -4.755282581475767 -1.545084971874737 8
    endloop
  endfacet
  facet normal 0 0 1
    outer loop
      vertex -4.045084971874737 -2.938926261462366 8
      vertex -3.950753362380551 -0.6257378601609235 8
      vertex -4 0 8
    endloop
  endfacet
  facet normal -0.09253840274255953 -0.18161684138521417 0.9790056010785199
    outer loop
      vertex -3.675 -6.365286717815623 7.5
      vertex -1.545084971874737 -4.755282581475767 8
      vertex -2.938926261462366 -4.045084971874737 8
    endloop
  endfacet
  facet normal -0.1593875385766232 -0.1593875385766232 0.9742644533662156
    outer loop
      vertex -4.045084971874737 -2.938926261462366 8
      vertex -3.675 -6.365286717815623 7.5
      vertex -2.938926261462366 -4.045084971874737 8
    endloop
  endfacet
  facet normal 0 0 1
    outer loop
      vertex -4.045084971874737 -2.938926261462366 8
      vertex -2.938926261462366 -4.045084971874737 8
      vertex 0 -5 8
    endloop
  endfacet
  facet normal 0 0 1
    outer loop
      vertex -4.045084971874737 -2.938926261462366 8
      vertex -1.815961998958187 -3.5640260967534716 8
      vertex -2.3511410091698925 -3.23606797749979 8
    endloop
  endfacet
  facet normal 0 0 1
    outer loop
      vertex -4.045084971874737 -2.938926261462366 8
      vertex 0 -5 8
      vertex -1.815961998958187 -3.5640260967534716 8
    endloop
  endfacet
  facet normal 0 -1 0
    outer loop
      vertex -3.675 -6.365286717815623 3.5
      vertex 3.675 -6.365286717815623 7.5
      vertex -3.675 -6.365286717815623 7.5
    endloop
  endfacet
  facet normal -0.039358503569463014 -0.24849981152703965 0.9678319853506591
    outer loop
      vertex -3.675 -6.365286717815623 7.5
      vertex 0 -5 8
      vertex -1.545084971874737 -4.755282581475767 8
    endloop
  endfacet
  facet normal 0 0 1
    outer loop
      vertex -2.938926261462366 -4.045084971874737 8
      vertex -1.545084971874737 -4.755282581475767 8
      vertex 0 -5 8
    endloop
  endfacet
  facet normal 0 0 1
    outer loop
      vertex -1.815961998958187 -3.5640260967534716 8
      vertex 0 -5 8
      vertex -1.2360679774997896 -3.804226065180614 8
    endloop
  endfacet
  facet normal 0 0 1
    outer loop
      vertex -1.2360679774997896 -3.804226065180614 8
      vertex 0 -5 8
      vertex -0.6257378601609235 -3.950753362380551 8
    endloop
  endfacet
  facet normal 0 0 1
    outer loop
      vertex -0.6257378601609235 -3.950753362380551 8
      vertex 0 -5 8
      vertex 0 -4 8
    endloop
  endfacet
  facet normal 0 0 1
    outer loop
      vertex -4.045084971874737 -2.938926261462366 8
      vertex -2.8284271247461903 -2.8284271247461903 8
      vertex -3.23606797749979 -2.3511410091698925 8
    endloop
  endfacet
  facet normal 0 0 1
    outer loop
      vertex -4.045084971874737 -2.938926261462366 8
      vertex -2.3511410091698925 -3.23606797749979 8
      vertex -2.8284271247461903 -2.8284271247461903 8
    endloop
  endfacet
  facet normal 0 0 1
    outer loop
      vertex -4.045084971874737 -2.938926261462366 8
      vertex -3.23606797749979 -2.3511410091698925 8
      vertex -3.5640260967534716 -1.815961998958187 8
    endloop
  endfacet
  facet normal -0.823135335830311 0.13037182947683332 -0.5526765826289229
    outer loop
      vertex -5 0 0
      vertex -7.35 0 3.5
      vertex -4.755282581475767 1.545084971874737 0
    endloop
  endfacet
  facet normal 0 0 -1
    outer loop
      vertex -5 0 0
      vertex -4.755282581475767 1.545084971874737 0
      vertex -4.045084971874737 2.938926261462366 0
    endloop
  endfacet
  facet normal -0.8094308556276308 0.4124256205483282 -0.41800334624647206
    outer loop
      vertex -4.755282581475767 1.545084971874737 0
      vertex -7.35 0 3.5
      vertex -4.045084971874737 2.938926261462366 0
    endloop
  endfacet
  facet normal 0 0 -1
    outer loop
      vertex -4.045084971874737 -2.938926261462366 0
      vertex -5 0 0
      vertex -4.045084971874737 2.938926261462366 0
    endloop
  endfacet
  facet normal -0.8046636192189797 0.4645727571631765 -0.3697142318158948
    outer loop
      vertex -4.045084971874737 2.938926261462366 0
      vertex -7.35 0 3.5
      vertex -3.675 6.365286717815623 3.5
    endloop
  endfacet
  facet normal -0.8660254037844386 0.5 0
    outer loop
      vertex -7.35 0 3.5
      vertex -3.675 6.365286717815623 7.5
      vertex -3.675 6.365286717815623 3.5
    endloop
  endfacet
  facet normal 0 0 -1
    outer loop
      vertex -4.045084971874737 -2.938926261462366 0
      vertex 0 5 0
      vertex -1.5775831390311474 1.1461812419703226 0
    endloop
  endfacet
  facet normal 0 0 -1
    outer loop
      vertex -4.045084971874737 -2.938926261462366 0
      vertex -4.045084971874737 2.938926261462366 0
      vertex 0 5 0
    endloop
  endfacet
  facet normal 0 0 -1
    outer loop
      vertex 0 5 0
      vertex -1.1461812419703226 1.5775831390311474 0
      vertex -1.5775831390311474 1.1461812419703226 0
    endloop
  endfacet
  facet normal 0 0 -1
    outer loop
      vertex 0 5 0
      vertex -0.6025831390311475 1.8545602067755493 0
      vertex -1.1461812419703226 1.5775831390311474 0
    endloop
  endfacet
  facet normal 0 0 -1
    outer loop
      vertex 0 5 0
      vertex -0.4185701875612867 1.8837049951065694 0
      vertex -0.6025831390311475 1.8545602067755493 0
    endloop
  endfacet
  facet normal -0.6016551055873696 0.6016551055873696 -0.5253782140908608
    outer loop
      vertex -4.045084971874737 2.938926261462366 0
      vertex -3.675 6.365286717815623 3.5
      vertex -2.938926261462366 4.045084971874737 0
    endloop
  endfacet
  facet normal 0 0 -1
    outer loop
      vertex -4.045084971874737 2.938926261462366 0
      vertex -2.938926261462366 4.045084971874737 0
      vertex 0 5 0
    endloop
  endfacet
  facet normal -0.3743449500307491 0.7346933316131496 -0.5657663536033638
    outer loop
      vertex -2.938926261462366 4.045084971874737 0
      vertex -3.675 6.365286717815623 3.5
      vertex -1.545084971874737 4.755282581475767 0
    endloop
  endfacet
  facet normal 0 0 -1
    outer loop
      vertex -2.938926261462366 4.045084971874737 0
      vertex -1.545084971874737 4.755282581475767 0
      vertex 0 5 0
    endloop
  endfacet
  facet normal -0.1370972457418749 0.8655979429605374 -0.48160621502683915
    outer loop
      vertex -1.545084971874737 4.755282581475767 0
      vertex -3.675 6.365286717815623 3.5
      vertex 0 5 0
    endloop
  endfacet
  facet normal -0.20799468947075184 0.03294312248230083 0.9775750405125335
    outer loop
      vertex -7.35 0 7.5
      vertex -5 0 8
      vertex -4.755282581475767 1.545084971874737 8
    endloop
  endfacet
  facet normal -0.8660254037844386 0.5 0
    outer loop
      vertex -7.35 0 3.5
      vertex -7.35 0 7.5
      vertex -3.675 6.365286717815623 7.5
    endloop
  endfacet
  facet normal -0.2641915832434885 0.13461233520478313 0.955030013430999
    outer loop
      vertex -7.35 0 7.5
      vertex -4.755282581475767 1.545084971874737 8
      vertex -4.045084971874737 2.938926261462366 8
    endloop
  endfacet
  facet normal 0 0 1
    outer loop
      vertex -5 0 8
      vertex -4.045084971874737 2.938926261462366 8
      vertex -4.755282581475767 1.545084971874737 8
    endloop
  endfacet
  facet normal 0 0 1
    outer loop
      vertex -4.045084971874737 -2.938926261462366 8
      vertex -4.045084971874737 2.938926261462366 8
      vertex -5 0 8
    endloop
  endfacet
  facet normal 0 0 1
    outer loop
      vertex -4.045084971874737 -2.938926261462366 8
      vertex -4 0 8
      vertex -4.045084971874737 2.938926261462366 8
    endloop
  endfacet
  facet normal 0 0 1
    outer loop
      vertex -4 0 8
      vertex -3.950753362380551 0.6257378601609235 8
      vertex -4.045084971874737 2.938926261462366 8
    endloop
  endfacet
  facet normal -0.2926329414101489 0.16895170749690147 0.9411807914186975
    outer loop
      vertex -7.35 0 7.5
      vertex -4.045084971874737 2.938926261462366 8
      vertex -3.675 6.365286717815623 7.5
    endloop
  endfacet
  facet normal 0 0 1
    outer loop
      vertex -3.950753362380551 0.6257378601609235 8
      vertex -3.804226065180614 1.2360679774997896 8
      vertex -4.045084971874737 2.938926261462366 8
    endloop
  endfacet
  facet normal 0 0 1
    outer loop
      vertex -3.804226065180614 1.2360679774997896 8
      vertex -3.5640260967534716 1.815961998958187 8
      vertex -4.045084971874737 2.938926261462366 8
    endloop
  endfacet
  facet normal 0 0 1
    outer loop
      vertex -4.045084971874737 2.938926261462366 8
      vertex -3.5640260967534716 1.815961998958187 8
      vertex -3.23606797749979 2.3511410091698925 8
    endloop
  endfacet
  facet normal 0 0 1
    outer loop
      vertex -4.045084971874737 2.938926261462366 8
      vertex -3.23606797749979 2.3511410091698925 8
      vertex -2.8284271247461903 2.8284271247461903 8
    endloop
  endfacet
  facet normal 0 0 1
    outer loop
      vertex -4.045084971874737 2.938926261462366 8
      vertex -2.8284271247461903 2.8284271247461903 8
      vertex -2.3511410091698925 3.23606797749979 8
    endloop
  endfacet
  facet normal 0 0 1
    outer loop
      vertex -4.045084971874737 2.938926261462366 8
      vertex -1.545084971874737 4.755282581475767 8
      vertex -2.938926261462366 4.045084971874737 8
    endloop
  endfacet
  facet normal -0.1593875385766232 0.1593875385766232 0.9742644533662156
    outer loop
      vertex -4.045084971874737 2.938926261462366 8
      vertex -2.938926261462366 4.045084971874737 8
      vertex -3.675 6.365286717815623 7.5
    endloop
  endfacet
  facet normal 0 0 1
    outer loop
      vertex -4.045084971874737 2.938926261462366 8
      vertex -2.3511410091698925 3.23606797749979 8
      vertex -1.815961998958187 3.5640260967534716 8
    endloop
  endfacet
  facet normal 0 0 1
    outer loop
      vertex -4.045084971874737 2.938926261462366 8
      vertex -1.815961998958187 3.5640260967534716 8
      vertex 0 5 8
    endloop
  endfacet
  facet normal 0 0 1
    outer loop
      vertex -4.045084971874737 2.938926261462366 8
      vertex 0 5 8
      vertex -1.545084971874737 4.755282581475767 8
    endloop
  endfacet
  facet normal -0.09253840274255952 0.18161684138521417 0.9790056010785197
    outer loop
      vertex -2.938926261462366 4.045084971874737 8
      vertex -1.545084971874737 4.755282581475767 8
      vertex -3.675 6.365286717815623 7.5
    endloop
  endfacet
  facet normal 0 0 1
    outer loop
      vertex -1.815961998958187 3.5640260967534716 8
      vertex -1.2360679774997896 3.804226065180614 8
      vertex 0 5 8
    endloop
  endfacet
  facet normal 0 0 1
    outer loop
      vertex -1.2360679774997896 3.804226065180614 8
      vertex -0.6257378601609235 3.950753362380551 8
      vertex 0 5 8
    endloop
  endfacet
  facet normal 0 0 1
    outer loop
      vertex -0.6257378601609235 3.950753362380551 8
      vertex 0 4 8
      vertex 0 5 8
    endloop
  endfacet
  facet normal 0 1 0
    outer loop
      vertex -3.675 6.365286717815623 3.5
      vertex -3.675 6.365286717815623 7.5
      vertex 3.675 6.365286717815623 7.5
    endloop
  endfacet
  facet normal -0.039358503569463014 0.24849981152703965 0.9678319853506591
    outer loop
      vertex -3.675 6.365286717815623 7.5
      vertex -1.545084971874737 4.755282581475767 8
      vertex 0 5 8
    endloop
  endfacet
  facet normal 0.1370972457418749 -0.8655979429605374 -0.48160621502683926
    outer loop
      vertex 0 -5 0
      vertex 1.545084971874737 -4.755282581475767 0
      vertex 3.675 -6.365286717815623 3.5
    endloop
  endfacet
  facet normal 0 -0.9316287180214228 -0.36341151847149855
    outer loop
      vertex -3.675 -6.365286717815623 3.5
      vertex 0 -5 0
      vertex 3.675 -6.365286717815623 3.5
    endloop
  endfacet
  facet normal 0 0 -1
    outer loop
      vertex 0 -5 0
      vertex 0.6025831390311475 -1.8545602067755493 0
      vertex 1.1830440053949594 -3.8169559946050406 0
    endloop
  endfacet
  facet normal 0 0 -1
    outer loop
      vertex 0 -5 0
      vertex 2.938926261462366 -4.045084971874737 0
      vertex 1.545084971874737 -4.755282581475767 0
    endloop
  endfacet
  facet normal 0 0 -1
    outer loop
      vertex 0 -5 0
      vertex 1.1830440053949594 -3.8169559946050406 0
      vertex 4.045084971874737 -2.938926261462366 0
    endloop
  endfacet
  facet normal 0.3743449500307491 -0.7346933316131496 -0.5657663536033638
    outer loop
      vertex 1.545084971874737 -4.755282581475767 0
      vertex 2.938926261462366 -4.045084971874737 0
      vertex 3.675 -6.365286717815623 3.5
    endloop
  endfacet
  facet normal 0 0 -1
    outer loop
      vertex 0 -5 0
      vertex 4.045084971874737 -2.938926261462366 0
      vertex 2.938926261462366 -4.045084971874737 0
    endloop
  endfacet
  facet normal 0.6016551055873696 -0.6016551055873696 -0.5253782140908608
    outer loop
      vertex 2.938926261462366 -4.045084971874737 0
      vertex 4.045084971874737 -2.938926261462366 0
      vertex 3.675 -6.365286717815623 3.5
    endloop
  endfacet
  facet normal 0 -1 0
    outer loop
      vertex -3.675 -6.365286717815623 3.5
      vertex 3.675 -6.365286717815623 3.5
      vertex 3.675 -6.365286717815623 7.5
    endloop
  endfacet
  facet normal 0 0 -1
    outer loop
      vertex 0 -5 0
      vertex 0.4185701875612867 -1.8837049951065694 0
      vertex 0.6025831390311475 -1.8545602067755493 0
    endloop
  endfacet
  facet normal 0 0 -1
    outer loop
      vertex -0.29389262614623657 -1.7454915028125262 0
      vertex 0.1545084971874737 -1.674471741852423 0
      vertex 0.29389262614623657 -1.7454915028125262 0
    endloop
  endfacet
  facet normal 0 0 -1
    outer loop
      vertex 1.1830440053949594 -3.8169559946050406 0
      vertex 0.6025831390311475 -1.8545602067755493 0
      vertex 1.1461812419703226 -1.5775831390311474 0
    endloop
  endfacet
  facet normal 0 0 -1
    outer loop
      vertex 1.1830440053949594 -3.8169559946050406 0
      vertex 1.1461812419703226 -1.5775831390311474 0
      vertex 1.1981763606564328 -1.5255880203450372 0
    endloop
  endfacet
  facet normal 0 0 -1
    outer loop
      vertex 1.1830440053949594 -3.8169559946050406 0
      vertex 3.807668175035048 -1.1923318249649524 0
      vertex 4.045084971874737 -2.938926261462366 0
    endloop
  endfacet
  facet normal 0.8660254037844386 -0.5 0
    outer loop
      vertex 3.675 -6.365286717815623 3.5
      vertex 7.35 0 3.5
      vertex 3.675 -6.365286717815623 7.5
    endloop
  endfacet
  facet normal 0.8046636192189797 -0.4645727571631764 -0.3697142318158948
    outer loop
      vertex 3.675 -6.365286717815623 3.5
      vertex 4.045084971874737 -2.938926261462366 0
      vertex 7.35 0 3.5
    endloop
  endfacet
  facet normal 0 0 -1
    outer loop
      vertex 4.045084971874737 -2.938926261462366 0
      vertex 3.807668175035048 -1.1923318249649524 0
      vertex 5 0 0
    endloop
  endfacet
  facet normal 0 0 -1
    outer loop
      vertex 3.807668175035048 -1.1923318249649524 0
      vertex 3.8169559946050406 1.1830440053949596 0
      vertex 5 0 0
    endloop
  endfacet
  facet normal 0 0 -1
    outer loop
      vertex 4.045084971874737 -2.938926261462366 0
      vertex 5 0 0
      vertex 4.755282581475767 -1.545084971874737 0
    endloop
  endfacet
  facet normal 0.8094308556276308 -0.4124256205483282 -0.41800334624647206
    outer loop
      vertex 4.045084971874737 -2.938926261462366 0
      vertex 4.755282581475767 -1.545084971874737 0
      vertex 7.35 0 3.5
    endloop
  endfacet
  facet normal 0.823135335830311 -0.13037182947683332 -0.5526765826289229
    outer loop
      vertex 4.755282581475767 -1.545084971874737 0
      vertex 5 0 0
      vertex 7.35 0 3.5
    endloop
  endfacet
  facet normal 0 -0.3438877529943901 0.9390107631654012
    outer loop
      vertex -3.675 -6.365286717815623 7.5
      vertex 3.675 -6.365286717815623 7.5
      vertex 0 -5 8
    endloop
  endfacet
  facet normal 0.03935850356946302 -0.2484998115270397 0.9678319853506592
    outer loop
      vertex 0 -5 8
      vertex 3.675 -6.365286717815623 7.5
      vertex 1.545084971874737 -4.755282581475767 8
    endloop
  endfacet
  facet normal 0 0 1
    outer loop
      vertex 0 -5 8
      vertex 0.6257378601609235 -3.950753362380551 8
      vertex 0 -4 8
    endloop
  endfacet
  facet normal 0 0 1
    outer loop
      vertex 0 -5 8
      vertex 1.2360679774997896 -3.804226065180614 8
      vertex 0.6257378601609235 -3.950753362380551 8
    endloop
  endfacet
  facet normal 0 0 1
    outer loop
      vertex 0 -5 8
      vertex 4.045084971874737 -2.938926261462366 8
      vertex 1.2360679774997896 -3.804226065180614 8
    endloop
  endfacet
  facet normal 0.09253840274255953 -0.1816168413852142 0.9790056010785197
    outer loop
      vertex 1.545084971874737 -4.755282581475767 8
      vertex 3.675 -6.365286717815623 7.5
      vertex 2.938926261462366 -4.045084971874737 8
    endloop
  endfacet
  facet normal 0 0 1
    outer loop
      vertex 0 -5 8
      vertex 1.545084971874737 -4.755282581475767 8
      vertex 4.045084971874737 -2.938926261462366 8
    endloop
  endfacet
  facet normal 0 0 1
    outer loop
      vertex 1.2360679774997896 -3.804226065180614 8
      vertex 4.045084971874737 -2.938926261462366 8
      vertex 1.815961998958187 -3.5640260967534716 8
    endloop
  endfacet
  facet normal 0 0 1
    outer loop
      vertex 1.815961998958187 -3.5640260967534716 8
      vertex 4.045084971874737 -2.938926261462366 8
      vertex 2.3511410091698925 -3.23606797749979 8
    endloop
  endfacet
  facet normal 0.1593875385766232 -0.1593875385766232 0.9742644533662156
    outer loop
      vertex 3.675 -6.365286717815623 7.5
      vertex 4.045084971874737 -2.938926261462366 8
      vertex 2.938926261462366 -4.045084971874737 8
    endloop
  endfacet
  facet normal 0 0 1
    outer loop
      vertex 1.545084971874737 -4.755282581475767 8
      vertex 2.938926261462366 -4.045084971874737 8
      vertex 4.045084971874737 -2.938926261462366 8
    endloop
  endfacet
  facet normal 0 0 1
    outer loop
      vertex 2.3511410091698925 -3.23606797749979 8
      vertex 4.045084971874737 -2.938926261462366 8
      vertex 2.8284271247461903 -2.8284271247461903 8
    endloop
  endfacet
  facet normal 0 0 1
    outer loop
      vertex 2.8284271247461903 -2.8284271247461903 8
      vertex 4.045084971874737 -2.938926261462366 8
      vertex 3.23606797749979 -2.3511410091698925 8
    endloop
  endfacet
  facet normal 0 0 1
    outer loop
      vertex 3.23606797749979 -2.3511410091698925 8
      vertex 4.045084971874737 -2.938926261462366 8
      vertex 3.5640260967534716 -1.815961998958187 8
    endloop
  endfacet
  facet normal 0 0 1
    outer loop
      vertex 3.5640260967534716 -1.815961998958187 8
      vertex 4.045084971874737 -2.938926261462366 8
      vertex 3.804226065180614 -1.2360679774997896 8
    endloop
  endfacet
  facet normal 0.2926329414101489 -0.16895170749690147 0.9411807914186975
    outer loop
      vertex 3.675 -6.365286717815623 7.5
      vertex 7.35 0 7.5
      vertex 4.045084971874737 -2.938926261462366 8
    endloop
  endfacet
  facet normal 0 0 1
    outer loop
      vertex 4.045084971874737 -2.938926261462366 8
      vertex 4.755282581475767 1.545084971874737 8
      vertex 3.804226065180614 -1.2360679774997896 8
    endloop
  endfacet
  facet normal 0 0 1
    outer loop
      vertex 3.804226065180614 -1.2360679774997896 8
      vertex 4.755282581475767 1.545084971874737 8
      vertex 3.950753362380551 -0.6257378601609235 8
    endloop
  endfacet
  facet normal 0.2641915832434886 -0.1346123352047832 0.955030013430999
    outer loop
      vertex 4.045084971874737 -2.938926261462366 8
      vertex 7.35 0 7.5
      vertex 4.755282581475767 -1.545084971874737 8
    endloop
  endfacet
  facet normal 0 0 1
    outer loop
      vertex 4.045084971874737 -2.938926261462366 8
      vertex 4.755282581475767 -1.545084971874737 8
      vertex 5 0 8
    endloop
  endfacet
  facet normal 0 0 1
    outer loop
      vertex 4.045084971874737 -2.938926261462366 8
      vertex 5 0 8
      vertex 4.755282581475767 1.545084971874737 8
    endloop
  endfacet
  facet normal 0.8660254037844386 -0.5 0
    outer loop
      vertex 3.675 -6.365286717815623 7.5
      vertex 7.35 0 3.5
      vertex 7.35 0 7.5
    endloop
  endfacet
  facet normal 0.20799468947075184 -0.03294312248230083 0.9775750405125335
    outer loop
      vertex 4.755282581475767 -1.545084971874737 8
      vertex 7.35 0 7.5
      vertex 5 0 8
    endloop
  endfacet
  facet normal 0 0 -1
    outer loop
      vertex 1.2331281379558745 3.7668718620441255 0
      vertex 0 1.65 0
      vertex -0.1545084971874737 1.674471741852423 0
    endloop
  endfacet
  facet normal 0 0 -1
    outer loop
      vertex 1.2331281379558745 3.7668718620441255 0
      vertex 0.1545084971874737 1.674471741852423 0
      vertex 0 1.65 0
    endloop
  endfacet
  facet normal 0 0 -1
    outer loop
      vertex 1.2331281379558745 3.7668718620441255 0
      vertex -0.29389262614623657 1.7454915028125262 0
      vertex -0.4045084971874737 1.8561073738537632 0
    endloop
  endfacet
  facet normal 0 0 -1
    outer loop
      vertex 1.2331281379558745 3.7668718620441255 0
      vertex -0.4045084971874737 1.8561073738537632 0
      vertex -0.4185701875612867 1.8837049951065694 0
    endloop
  endfacet
  facet normal 0 0 -1
    outer loop
      vertex 1.2331281379558745 3.7668718620441255 0
      vertex -0.1545084971874737 1.674471741852423 0
      vertex -0.29389262614623657 1.7454915028125262 0
    endloop
  endfacet
  facet normal 0 0 -1
    outer loop
      vertex 1.2331281379558745 3.7668718620441255 0
      vertex 0.29389262614623657 1.7454915028125262 0
      vertex 0.1545084971874737 1.674471741852423 0
    endloop
  endfacet
  facet normal 0 0 -1
    outer loop
      vertex 1.2331281379558745 3.7668718620441255 0
      vertex 0.4045084971874737 1.8561073738537632 0
      vertex 0.29389262614623657 1.7454915028125262 0
    endloop
  endfacet
  facet normal 0 0 -1
    outer loop
      vertex 1.2331281379558745 3.7668718620441255 0
      vertex 0.4185701875612867 1.8837049951065694 0
      vertex 0.4045084971874737 1.8561073738537632 0
    endloop
  endfacet
  facet normal 0 0 -1
    outer loop
      vertex 1.2331281379558745 3.7668718620441255 0
      vertex 0.6025831390311475 1.8545602067755493 0
      vertex 0.4185701875612867 1.8837049951065694 0
    endloop
  endfacet
  facet normal 0 0 -1
    outer loop
      vertex 1.2331281379558745 3.7668718620441255 0
      vertex 1.2181943416738459 1.5055700393276241 0
      vertex 1.1461812419703226 1.5775831390311474 0
    endloop
  endfacet
  facet normal 0 0 -1
    outer loop
      vertex 1.2331281379558745 3.7668718620441255 0
      vertex 1.1461812419703226 1.5775831390311474 0
      vertex 0.6025831390311475 1.8545602067755493 0
    endloop
  endfacet
  facet normal 0 0 -1
    outer loop
      vertex 1.2331281379558745 3.7668718620441255 0
      vertex 4.045084971874737 2.938926261462366 0
      vertex 3.8169559946050406 1.1830440053949596 0
    endloop
  endfacet
  facet normal 0 0 -1
    outer loop
      vertex 1.2331281379558745 3.7668718620441255 0
      vertex -0.4185701875612867 1.8837049951065694 0
      vertex 0 5 0
    endloop
  endfacet
  facet normal 0 0 -1
    outer loop
      vertex 1.2331281379558745 3.7668718620441255 0
      vertex 0 5 0
      vertex 4.045084971874737 2.938926261462366 0
    endloop
  endfacet
  facet normal 0 0 -1
    outer loop
      vertex 1.545084971874737 4.755282581475767 0
      vertex 2.938926261462366 4.045084971874737 0
      vertex 0 5 0
    endloop
  endfacet
  facet normal 0.1370972457418749 0.8655979429605374 -0.48160621502683915
    outer loop
      vertex 1.545084971874737 4.755282581475767 0
      vertex 0 5 0
      vertex 3.675 6.365286717815623 3.5
    endloop
  endfacet
  facet normal 0 0.9316287180214228 -0.36341151847149855
    outer loop
      vertex -3.675 6.365286717815623 3.5
      vertex 3.675 6.365286717815623 3.5
      vertex 0 5 0
    endloop
  endfacet
  facet normal 0 0 -1
    outer loop
      vertex 0 5 0
      vertex 2.938926261462366 4.045084971874737 0
      vertex 4.045084971874737 2.938926261462366 0
    endloop
  endfacet
  facet normal 0.6016551055873696 0.6016551055873696 -0.5253782140908608
    outer loop
      vertex 2.938926261462366 4.045084971874737 0
      vertex 3.675 6.365286717815623 3.5
      vertex 4.045084971874737 2.938926261462366 0
    endloop
  endfacet
  facet normal 0.3743449500307491 0.7346933316131496 -0.5657663536033638
    outer loop
      vertex 1.545084971874737 4.755282581475767 0
      vertex 3.675 6.365286717815623 3.5
      vertex 2.938926261462366 4.045084971874737 0
    endloop
  endfacet
  facet normal 0 1 0
    outer loop
      vertex -3.675 6.365286717815623 3.5
      vertex 3.675 6.365286717815623 7.5
      vertex 3.675 6.365286717815623 3.5
    endloop
  endfacet
  facet normal 0 0 -1
    outer loop
      vertex 3.8169559946050406 1.1830440053949596 0
      vertex 4.045084971874737 2.938926261462366 0
      vertex 5 0 0
    endloop
  endfacet
  facet normal 0 0 -1
    outer loop
      vertex 5 0 0
      vertex 4.045084971874737 2.938926261462366 0
      vertex 4.755282581475767 1.545084971874737 0
    endloop
  endfacet
  facet normal 0.8094308556276308 0.4124256205483282 -0.41800334624647206
    outer loop
      vertex 4.755282581475767 1.545084971874737 0
      vertex 4.045084971874737 2.938926261462366 0
      vertex 7.35 0 3.5
    endloop
  endfacet
  facet normal 0.8046636192189797 0.4645727571631764 -0.3697142318158948
    outer loop
      vertex 3.675 6.365286717815623 3.5
      vertex 7.35 0 3.5
      vertex 4.045084971874737 2.938926261462366 0
    endloop
  endfacet
  facet normal 0.823135335830311 0.13037182947683332 -0.5526765826289229
    outer loop
      vertex 5 0 0
      vertex 4.755282581475767 1.545084971874737 0
      vertex 7.35 0 3.5
    endloop
  endfacet
  facet normal 0.8660254037844386 0.5 0
    outer loop
      vertex 3.675 6.365286717815623 3.5
      vertex 3.675 6.365286717815623 7.5
      vertex 7.35 0 3.5
    endloop
  endfacet
  facet normal 0 0 1
    outer loop
      vertex 3.23606797749979 2.3511410091698925 8
      vertex 4.755282581475767 1.545084971874737 8
      vertex 2.8284271247461903 2.8284271247461903 8
    endloop
  endfacet
  facet normal 0 0 1
    outer loop
      vertex 0 5 8
      vertex 4.755282581475767 1.545084971874737 8
      vertex 4.045084971874737 2.938926261462366 8
    endloop
  endfacet
  facet normal 0 0 1
    outer loop
      vertex 2.8284271247461903 2.8284271247461903 8
      vertex 4.755282581475767 1.545084971874737 8
      vertex 2.3511410091698925 3.23606797749979 8
    endloop
  endfacet
  facet normal 0 0 1
    outer loop
      vertex 0.6257378601609235 3.950753362380551 8
      vertex 0 5 8
      vertex 0 4 8
    endloop
  endfacet
  facet normal 0 0 1
    outer loop
      vertex 0.6257378601609235 3.950753362380551 8
      vertex 1.2360679774997896 3.804226065180614 8
      vertex 0 5 8
    endloop
  endfacet
  facet normal 0 0 1
    outer loop
      vertex 1.815961998958187 3.5640260967534716 8
      vertex 2.3511410091698925 3.23606797749979 8
      vertex 0 5 8
    endloop
  endfacet
  facet normal 0 0 1
    outer loop
      vertex 1.2360679774997896 3.804226065180614 8
      vertex 1.815961998958187 3.5640260967534716 8
      vertex 0 5 8
    endloop
  endfacet
  facet normal 0 0 1
    outer loop
      vertex 1.545084971874737 4.755282581475767 8
      vertex 0 5 8
      vertex 2.938926261462366 4.045084971874737 8
    endloop
  endfacet
  facet normal 0 0.3438877529943901 0.9390107631654012
    outer loop
      vertex -3.675 6.365286717815623 7.5
      vertex 0 5 8
      vertex 3.675 6.365286717815623 7.5
    endloop
  endfacet
  facet normal 0.03935850356946302 0.2484998115270397 0.9678319853506591
    outer loop
      vertex 1.545084971874737 4.755282581475767 8
      vertex 3.675 6.365286717815623 7.5
      vertex 0 5 8
    endloop
  endfacet
  facet normal 0 0 1
    outer loop
      vertex 0 5 8
      vertex 2.3511410091698925 3.23606797749979 8
      vertex 4.755282581475767 1.545084971874737 8
    endloop
  endfacet
  facet normal 0 0 1
    outer loop
      vertex 0 5 8
      vertex 4.045084971874737 2.938926261462366 8
      vertex 2.938926261462366 4.045084971874737 8
    endloop
  endfacet
  facet normal 0.15938753857662322 0.15938753857662322 0.9742644533662156
    outer loop
      vertex 2.938926261462366 4.045084971874737 8
      vertex 4.045084971874737 2.938926261462366 8
      vertex 3.675 6.365286717815623 7.5
    endloop
  endfacet
  facet normal 0.09253840274255953 0.1816168413852142 0.9790056010785197
    outer loop
      vertex 1.545084971874737 4.755282581475767 8
      vertex 2.938926261462366 4.045084971874737 8
      vertex 3.675 6.365286717815623 7.5
    endloop
  endfacet
  facet normal 0 0 1
    outer loop
      vertex 3.950753362380551 -0.6257378601609235 8
      vertex 4.755282581475767 1.545084971874737 8
      vertex 4 0 8
    endloop
  endfacet
  facet normal 0 0 1
    outer loop
      vertex 4 0 8
      vertex 4.755282581475767 1.545084971874737 8
      vertex 3.950753362380551 0.6257378601609235 8
    endloop
  endfacet
  facet normal 0 0 1
    outer loop
      vertex 3.5640260967534716 1.815961998958187 8
      vertex 3.804226065180614 1.2360679774997896 8
      vertex 4.755282581475767 1.545084971874737 8
    endloop
  endfacet
  facet normal 0 0 1
    outer loop
      vertex 3.950753362380551 0.6257378601609235 8
      vertex 4.755282581475767 1.545084971874737 8
      vertex 3.804226065180614 1.2360679774997896 8
    endloop
  endfacet
  facet normal 0.2641915832434886 0.1346123352047832 0.955030013430999
    outer loop
      vertex 4.755282581475767 1.545084971874737 8
      vertex 7.35 0 7.5
      vertex 4.045084971874737 2.938926261462366 8
    endloop
  endfacet
  facet normal 0 0 1
    outer loop
      vertex 3.5640260967534716 1.815961998958187 8
      vertex 4.755282581475767 1.545084971874737 8
      vertex 3.23606797749979 2.3511410091698925 8
    endloop
  endfacet
  facet normal 0.2926329414101489 0.16895170749690147 0.9411807914186975
    outer loop
      vertex 3.675 6.365286717815623 7.5
      vertex 4.045084971874737 2.938926261462366 8
      vertex 7.35 0 7.5
    endloop
  endfacet
  facet normal 0.20799468947075184 0.03294312248230083 0.9775750405125335
    outer loop
      vertex 5 0 8
      vertex 7.35 0 7.5
      vertex 4.755282581475767 1.545084971874737 8
    endloop
  endfacet
  facet normal 0.8660254037844386 0.5 0
    outer loop
      vertex 7.35 0 3.5
      vertex 3.675 6.365286717815623 7.5
      vertex 7.35 0 7.5
    endloop
  endfacet
  facet normal -0.9723699203976764 -0.23344536385590595 0
    outer loop
      vertex -3.804226065180614 -1.2360679774997896 8
      vertex -3.804226065180614 -1.2360679774997896 11.5
      vertex -3.950753362380551 -0.6257378601609235 8
    endloop
  endfacet
  facet normal -0.9969173337331279 -0.07845909572784467 0
    outer loop
      vertex -3.950753362380551 -0.6257378601609235 8
      vertex -3.950753362380551 -0.6257378601609235 11.5
      vertex -4 0 8
    endloop
  endfacet
  facet normal -0.9238795325112868 -0.38268343236508934 0
    outer loop
      vertex -3.804226065180614 -1.2360679774997896 8
      vertex -3.5640260967534716 -1.815961998958187 11.5
      vertex -3.804226065180614 -1.2360679774997896 11.5
    endloop
  endfacet
  facet normal -0.9723699203976764 -0.23344536385590595 0
    outer loop
      vertex -3.950753362380551 -0.6257378601609235 8
      vertex -3.804226065180614 -1.2360679774997896 11.5
      vertex -3.950753362380551 -0.6257378601609235 11.5
    endloop
  endfacet
  facet normal -0.9969173337331279 -0.07845909572784467 0
    outer loop
      vertex -3.950753362380551 -0.6257378601609235 11.5
      vertex -4 0 11.5
      vertex -4 0 8
    endloop
  endfacet
  facet normal 0 0 1
    outer loop
      vertex -3.804226065180614 -1.2360679774997896 11.5
      vertex -3.5640260967534716 -1.815961998958187 11.5
      vertex -3.804226065180614 1.2360679774997896 11.5
    endloop
  endfacet
  facet normal 0 0 1
    outer loop
      vertex -3.804226065180614 -1.2360679774997896 11.5
      vertex -3.950753362380551 0.6257378601609235 11.5
      vertex -3.950753362380551 -0.6257378601609235 11.5
    endloop
  endfacet
  facet normal -0.5224985647159487 -0.8526401643540922 0
    outer loop
      vertex -2.3511410091698925 -3.23606797749979 8
      vertex -1.815961998958187 -3.5640260967534716 8
      vertex -1.815961998958187 -3.5640260967534716 11.5
    endloop
  endfacet
  facet normal -0.5224985647159487 -0.8526401643540922 0
    outer loop
      vertex -2.3511410091698925 -3.23606797749979 8
      vertex -1.815961998958187 -3.5640260967534716 11.5
      vertex -2.3511410091698925 -3.23606797749979 11.5
    endloop
  endfacet
  facet normal -0.38268343236508934 -0.9238795325112868 0
    outer loop
      vertex -1.815961998958187 -3.5640260967534716 8
      vertex -1.2360679774997896 -3.804226065180614 8
      vertex -1.2360679774997896 -3.804226065180614 11.5
    endloop
  endfacet
  facet normal -0.07845909572784467 -0.9969173337331279 0
    outer loop
      vertex -0.6257378601609235 -3.950753362380551 8
      vertex 0 -4 8
      vertex 0 -4 11.5
    endloop
  endfacet
  facet normal -0.23344536385590595 -0.9723699203976764 0
    outer loop
      vertex -1.2360679774997896 -3.804226065180614 8
      vertex -0.6257378601609235 -3.950753362380551 8
      vertex -0.6257378601609235 -3.950753362380551 11.5
    endloop
  endfacet
  facet normal -0.38268343236508934 -0.9238795325112868 0
    outer loop
      vertex -1.815961998958187 -3.5640260967534716 8
      vertex -1.2360679774997896 -3.804226065180614 11.5
      vertex -1.815961998958187 -3.5640260967534716 11.5
    endloop
  endfacet
  facet normal -0.23344536385590595 -0.9723699203976764 0
    outer loop
      vertex -1.2360679774997896 -3.804226065180614 8
      vertex -0.6257378601609235 -3.950753362380551 11.5
      vertex -1.2360679774997896 -3.804226065180614 11.5
    endloop
  endfacet
  facet normal -0.07845909572784467 -0.9969173337331279 0
    outer loop
      vertex -0.6257378601609235 -3.950753362380551 8
      vertex 0 -4 11.5
      vertex -0.6257378601609235 -3.950753362380551 11.5
    endloop
  endfacet
  facet normal 0 0 1
    outer loop
      vertex -0.6257378601609235 -3.950753362380551 11.5
      vertex 0 -4 11.5
      vertex -0.4185701875612867 -1.8837049951065694 11.5
    endloop
  endfacet
  facet normal -0.7604059656000312 -0.6494480483301835 0
    outer loop
      vertex -2.8284271247461903 -2.8284271247461903 8
      vertex -2.8284271247461903 -2.8284271247461903 11.5
      vertex -3.23606797749979 -2.3511410091698925 8
    endloop
  endfacet
  facet normal -0.8526401643540922 -0.5224985647159487 0
    outer loop
      vertex -3.23606797749979 -2.3511410091698925 8
      vertex -3.23606797749979 -2.3511410091698925 11.5
      vertex -3.5640260967534716 -1.815961998958187 8
    endloop
  endfacet
  facet normal -0.9238795325112868 -0.38268343236508934 0
    outer loop
      vertex -3.804226065180614 -1.2360679774997896 8
      vertex -3.5640260967534716 -1.815961998958187 8
      vertex -3.5640260967534716 -1.815961998958187 11.5
    endloop
  endfacet
  facet normal -0.6494480483301835 -0.7604059656000312 0
    outer loop
      vertex -2.3511410091698925 -3.23606797749979 8
      vertex -2.3511410091698925 -3.23606797749979 11.5
      vertex -2.8284271247461903 -2.8284271247461903 8
    endloop
  endfacet
  facet normal -0.7604059656000312 -0.6494480483301835 0
    outer loop
      vertex -3.23606797749979 -2.3511410091698925 8
      vertex -2.8284271247461903 -2.8284271247461903 11.5
      vertex -3.23606797749979 -2.3511410091698925 11.5
    endloop
  endfacet
  facet normal -0.8526401643540922 -0.5224985647159487 0
    outer loop
      vertex -3.5640260967534716 -1.815961998958187 8
      vertex -3.23606797749979 -2.3511410091698925 11.5
      vertex -3.5640260967534716 -1.815961998958187 11.5
    endloop
  endfacet
  facet normal -0.6494480483301835 -0.7604059656000312 0
    outer loop
      vertex -2.3511410091698925 -3.23606797749979 11.5
      vertex -2.8284271247461903 -2.8284271247461903 11.5
      vertex -2.8284271247461903 -2.8284271247461903 8
    endloop
  endfacet
  facet normal 0 0 1
    outer loop
      vertex -2.8284271247461903 -2.8284271247461903 11.5
      vertex -3.23606797749979 2.3511410091698925 11.5
      vertex -3.23606797749979 -2.3511410091698925 11.5
    endloop
  endfacet
  facet normal 0 0 1
    outer loop
      vertex -3.23606797749979 -2.3511410091698925 11.5
      vertex -3.5640260967534716 1.815961998958187 11.5
      vertex -3.5640260967534716 -1.815961998958187 11.5
    endloop
  endfacet
  facet normal 0 0 1
    outer loop
      vertex -2.3511410091698925 -3.23606797749979 11.5
      vertex -2.8284271247461903 2.8284271247461903 11.5
      vertex -2.8284271247461903 -2.8284271247461903 11.5
    endloop
  endfacet
  facet normal 0 0 1
    outer loop
      vertex -1.815961998958187 -3.5640260967534716 11.5
      vertex -1.8545602067755493 -0.6025831390311475 11.5
      vertex -1.8837049951065694 -0.4185701875612867 11.5
    endloop
  endfacet
  facet normal 0 0 1
    outer loop
      vertex -2.3511410091698925 -3.23606797749979 11.5
      vertex -1.815961998958187 -3.5640260967534716 11.5
      vertex -2.3511410091698925 3.23606797749979 11.5
    endloop
  endfacet
  facet normal 0 0 1
    outer loop
      vertex -1.815961998958187 -3.5640260967534716 11.5
      vertex -1.8837049951065694 -0.4185701875612867 11.5
      vertex -2.3511410091698925 3.23606797749979 11.5
    endloop
  endfacet
  facet normal 0 0 1
    outer loop
      vertex -1.8561073738537632 -0.4045084971874737 11.5
      vertex -1.8837049951065694 0.4185701875612867 11.5
      vertex -1.8837049951065694 -0.4185701875612867 11.5
    endloop
  endfacet
  facet normal 0 0 1
    outer loop
      vertex -1.815961998958187 -3.5640260967534716 11.5
      vertex -1.2360679774997896 -3.804226065180614 11.5
      vertex -1.5775831390311474 -1.1461812419703226 11.5
    endloop
  endfacet
  facet normal 0 0 1
    outer loop
      vertex -1.2360679774997896 -3.804226065180614 11.5
      vertex -0.6257378601609235 -3.950753362380551 11.5
      vertex -1.1461812419703226 -1.5775831390311474 11.5
    endloop
  endfacet
  facet normal 0 0 1
    outer loop
      vertex -1.815961998958187 -3.5640260967534716 11.5
      vertex -1.5775831390311474 -1.1461812419703226 11.5
      vertex -1.8545602067755493 -0.6025831390311475 11.5
    endloop
  endfacet
  facet normal 0 0 1
    outer loop
      vertex -1.2360679774997896 -3.804226065180614 11.5
      vertex -1.1461812419703226 -1.5775831390311474 11.5
      vertex -1.5775831390311474 -1.1461812419703226 11.5
    endloop
  endfacet
  facet normal 0 0 1
    outer loop
      vertex -0.6257378601609235 -3.950753362380551 11.5
      vertex -0.6025831390311475 -1.8545602067755493 11.5
      vertex -1.1461812419703226 -1.5775831390311474 11.5
    endloop
  endfacet
  facet normal 0 0 1
    outer loop
      vertex -0.6257378601609235 -3.950753362380551 11.5
      vertex -0.4185701875612867 -1.8837049951065694 11.5
      vertex -0.6025831390311475 -1.8545602067755493 11.5
    endloop
  endfacet
  facet normal 0 0 1
    outer loop
      vertex 0 -4 11.5
      vertex -0.4045084971874737 -1.8561073738537632 11.5
      vertex -0.4185701875612867 -1.8837049951065694 11.5
    endloop
  endfacet
  facet normal 0 0 1
    outer loop
      vertex 0 -4 11.5
      vertex -0.29389262614623657 -1.7454915028125262 11.5
      vertex -0.4045084971874737 -1.8561073738537632 11.5
    endloop
  endfacet
  facet normal 0 0 1
    outer loop
      vertex 0 -4 11.5
      vertex -0.1545084971874737 -1.674471741852423 11.5
      vertex -0.29389262614623657 -1.7454915028125262 11.5
    endloop
  endfacet
  facet normal 0 0 1
    outer loop
      vertex 0 -4 11.5
      vertex 0 -1.65 11.5
      vertex -0.1545084971874737 -1.674471741852423 11.5
    endloop
  endfacet
  facet normal 0 0 1
    outer loop
      vertex -1.8561073738537632 -0.4045084971874737 11.5
      vertex -1.7454915028125262 -0.29389262614623657 11.5
      vertex -1.8837049951065694 0.4185701875612867 11.5
    endloop
  endfacet
  facet normal 0 0 1
    outer loop
      vertex -1.7454915028125262 -0.29389262614623657 11.5
      vertex -1.674471741852423 -0.1545084971874737 11.5
      vertex -1.7454915028125262 0.29389262614623657 11.5
    endloop
  endfacet
  facet normal -0.9969173337331279 0.07845909572784467 0
    outer loop
      vertex -4 0 8
      vertex -4 0 11.5
      vertex -3.950753362380551 0.6257378601609235 8
    endloop
  endfacet
  facet normal -0.9723699203976764 0.23344536385590595 0
    outer loop
      vertex -3.950753362380551 0.6257378601609235 8
      vertex -3.950753362380551 0.6257378601609235 11.5
      vertex -3.804226065180614 1.2360679774997896 8
    endloop
  endfacet
  facet normal -0.9238795325112868 0.38268343236508934 0
    outer loop
      vertex -3.804226065180614 1.2360679774997896 8
      vertex -3.804226065180614 1.2360679774997896 11.5
      vertex -3.5640260967534716 1.815961998958187 8
    endloop
  endfacet
  facet normal -0.9969173337331279 0.07845909572784467 0
    outer loop
      vertex -3.950753362380551 0.6257378601609235 8
      vertex -4 0 11.5
      vertex -3.950753362380551 0.6257378601609235 11.5
    endloop
  endfacet
  facet normal 0 0 1
    outer loop
      vertex -3.950753362380551 -0.6257378601609235 11.5
      vertex -3.950753362380551 0.6257378601609235 11.5
      vertex -4 0 11.5
    endloop
  endfacet
  facet normal 0 0 1
    outer loop
      vertex -3.804226065180614 -1.2360679774997896 11.5
      vertex -3.804226065180614 1.2360679774997896 11.5
      vertex -3.950753362380551 0.6257378601609235 11.5
    endloop
  endfacet
  facet normal -0.9723699203976764 0.23344536385590595 0
    outer loop
      vertex -3.804226065180614 1.2360679774997896 8
      vertex -3.950753362380551 0.6257378601609235 11.5
      vertex -3.804226065180614 1.2360679774997896 11.5
    endloop
  endfacet
  facet normal 0 0 1
    outer loop
      vertex -3.5640260967534716 -1.815961998958187 11.5
      vertex -3.5640260967534716 1.815961998958187 11.5
      vertex -3.804226065180614 1.2360679774997896 11.5
    endloop
  endfacet
  facet normal 0 0 1
    outer loop
      vertex -3.23606797749979 -2.3511410091698925 11.5
      vertex -3.23606797749979 2.3511410091698925 11.5
      vertex -3.5640260967534716 1.815961998958187 11.5
    endloop
  endfacet
  facet normal 0 0 1
    outer loop
      vertex -2.8284271247461903 -2.8284271247461903 11.5
      vertex -2.8284271247461903 2.8284271247461903 11.5
      vertex -3.23606797749979 2.3511410091698925 11.5
    endloop
  endfacet
  facet normal 0 0 1
    outer loop
      vertex -2.3511410091698925 -3.23606797749979 11.5
      vertex -2.3511410091698925 3.23606797749979 11.5
      vertex -2.8284271247461903 2.8284271247461903 11.5
    endloop
  endfacet
  facet normal 0 0 1
    outer loop
      vertex -2.3511410091698925 3.23606797749979 11.5
      vertex -1.8837049951065694 -0.4185701875612867 11.5
      vertex -1.8837049951065694 0.4185701875612867 11.5
    endloop
  endfacet
  facet normal 0 0 1
    outer loop
      vertex -2.3511410091698925 3.23606797749979 11.5
      vertex -1.8837049951065694 0.4185701875612867 11.5
      vertex -1.8545602067755493 0.6025831390311475 11.5
    endloop
  endfacet
  facet normal -0.8526401643540922 0.5224985647159487 0
    outer loop
      vertex -3.5640260967534716 1.815961998958187 8
      vertex -3.5640260967534716 1.815961998958187 11.5
      vertex -3.23606797749979 2.3511410091698925 8
    endloop
  endfacet
  facet normal -0.7604059656000312 0.6494480483301835 0
    outer loop
      vertex -3.23606797749979 2.3511410091698925 8
      vertex -3.23606797749979 2.3511410091698925 11.5
      vertex -2.8284271247461903 2.8284271247461903 8
    endloop
  endfacet
  facet normal -0.6494480483301835 0.7604059656000312 0
    outer loop
      vertex -2.8284271247461903 2.8284271247461903 8
      vertex -2.8284271247461903 2.8284271247461903 11.5
      vertex -2.3511410091698925 3.23606797749979 8
    endloop
  endfacet
  facet normal -0.9238795325112868 0.38268343236508934 0
    outer loop
      vertex -3.804226065180614 1.2360679774997896 11.5
      vertex -3.5640260967534716 1.815961998958187 11.5
      vertex -3.5640260967534716 1.815961998958187 8
    endloop
  endfacet
  facet normal -0.8526401643540922 0.5224985647159487 0
    outer loop
      vertex -3.23606797749979 2.3511410091698925 8
      vertex -3.5640260967534716 1.815961998958187 11.5
      vertex -3.23606797749979 2.3511410091698925 11.5
    endloop
  endfacet
  facet normal -0.7604059656000312 0.6494480483301835 0
    outer loop
      vertex -2.8284271247461903 2.8284271247461903 8
      vertex -3.23606797749979 2.3511410091698925 11.5
      vertex -2.8284271247461903 2.8284271247461903 11.5
    endloop
  endfacet
  facet normal 0 0 1
    outer loop
      vertex -2.3511410091698925 3.23606797749979 11.5
      vertex -1.8545602067755493 0.6025831390311475 11.5
      vertex -1.5775831390311474 1.1461812419703226 11.5
    endloop
  endfacet
  facet normal -0.6494480483301835 0.7604059656000312 0
    outer loop
      vertex -2.8284271247461903 2.8284271247461903 11.5
      vertex -2.3511410091698925 3.23606797749979 11.5
      vertex -2.3511410091698925 3.23606797749979 8
    endloop
  endfacet
  facet normal 0 0 1
    outer loop
      vertex -2.3511410091698925 3.23606797749979 11.5
      vertex -1.5775831390311474 1.1461812419703226 11.5
      vertex -1.815961998958187 3.5640260967534716 11.5
    endloop
  endfacet
  facet normal 0 0 1
    outer loop
      vertex -1.7454915028125262 -0.29389262614623657 11.5
      vertex -1.7454915028125262 0.29389262614623657 11.5
      vertex -1.8561073738537632 0.4045084971874737 11.5
    endloop
  endfacet
  facet normal 0 0 1
    outer loop
      vertex -1.7454915028125262 -0.29389262614623657 11.5
      vertex -1.8561073738537632 0.4045084971874737 11.5
      vertex -1.8837049951065694 0.4185701875612867 11.5
    endloop
  endfacet
  facet normal 0 0 1
    outer loop
      vertex -1.65 0 11.5
      vertex -1.674471741852423 0.1545084971874737 11.5
      vertex -1.674471741852423 -0.1545084971874737 11.5
    endloop
  endfacet
  facet normal 0 0 1
    outer loop
      vertex -1.674471741852423 -0.1545084971874737 11.5
      vertex -1.674471741852423 0.1545084971874737 11.5
      vertex -1.7454915028125262 0.29389262614623657 11.5
    endloop
  endfacet
  facet normal 0 0 1
    outer loop
      vertex -1.815961998958187 3.5640260967534716 11.5
      vertex -1.5775831390311474 1.1461812419703226 11.5
      vertex -1.1461812419703226 1.5775831390311474 11.5
    endloop
  endfacet
  facet normal 0 0 1
    outer loop
      vertex -1.815961998958187 3.5640260967534716 11.5
      vertex -1.1461812419703226 1.5775831390311474 11.5
      vertex -1.2360679774997896 3.804226065180614 11.5
    endloop
  endfacet
  facet normal 0 0 1
    outer loop
      vertex -1.2360679774997896 3.804226065180614 11.5
      vertex -1.1461812419703226 1.5775831390311474 11.5
      vertex -0.6025831390311475 1.8545602067755493 11.5
    endloop
  endfacet
  facet normal 0 0 1
    outer loop
      vertex -0.6257378601609235 3.950753362380551 11.5
      vertex -0.6025831390311475 1.8545602067755493 11.5
      vertex -0.4185701875612867 1.8837049951065694 11.5
    endloop
  endfacet
  facet normal 0 0 1
    outer loop
      vertex 0 4 11.5
      vertex -0.4045084971874737 1.8561073738537632 11.5
      vertex -0.29389262614623657 1.7454915028125262 11.5
    endloop
  endfacet
  facet normal 0 0 1
    outer loop
      vertex 0 4 11.5
      vertex -0.4185701875612867 1.8837049951065694 11.5
      vertex -0.4045084971874737 1.8561073738537632 11.5
    endloop
  endfacet
  facet normal 0 0 1
    outer loop
      vertex 0 4 11.5
      vertex -0.29389262614623657 1.7454915028125262 11.5
      vertex -0.1545084971874737 1.674471741852423 11.5
    endloop
  endfacet
  facet normal 0 0 1
    outer loop
      vertex 0 4 11.5
      vertex -0.1545084971874737 1.674471741852423 11.5
      vertex 0 1.65 11.5
    endloop
  endfacet
  facet normal -0.5224985647159487 0.8526401643540922 0
    outer loop
      vertex -2.3511410091698925 3.23606797749979 8
      vertex -2.3511410091698925 3.23606797749979 11.5
      vertex -1.815961998958187 3.5640260967534716 8
    endloop
  endfacet
  facet normal -0.5224985647159487 0.8526401643540922 0
    outer loop
      vertex -1.815961998958187 3.5640260967534716 8
      vertex -2.3511410091698925 3.23606797749979 11.5
      vertex -1.815961998958187 3.5640260967534716 11.5
    endloop
  endfacet
  facet normal -0.38268343236508934 0.9238795325112868 0
    outer loop
      vertex -1.815961998958187 3.5640260967534716 8
      vertex -1.815961998958187 3.5640260967534716 11.5
      vertex -1.2360679774997896 3.804226065180614 8
    endloop
  endfacet
  facet normal -0.23344536385590595 0.9723699203976764 0
    outer loop
      vertex -1.2360679774997896 3.804226065180614 8
      vertex -1.2360679774997896 3.804226065180614 11.5
      vertex -0.6257378601609235 3.950753362380551 8
    endloop
  endfacet
  facet normal -0.07845909572784467 0.9969173337331279 0
    outer loop
      vertex -0.6257378601609235 3.950753362380551 8
      vertex -0.6257378601609235 3.950753362380551 11.5
      vertex 0 4 8
    endloop
  endfacet
  facet normal -0.38268343236508934 0.9238795325112868 0
    outer loop
      vertex -1.2360679774997896 3.804226065180614 8
      vertex -1.815961998958187 3.5640260967534716 11.5
      vertex -1.2360679774997896 3.804226065180614 11.5
    endloop
  endfacet
  facet normal -0.23344536385590595 0.9723699203976764 0
    outer loop
      vertex -0.6257378601609235 3.950753362380551 8
      vertex -1.2360679774997896 3.804226065180614 11.5
      vertex -0.6257378601609235 3.950753362380551 11.5
    endloop
  endfacet
  facet normal 0 0 1
    outer loop
      vertex -1.2360679774997896 3.804226065180614 11.5
      vertex -0.6025831390311475 1.8545602067755493 11.5
      vertex -0.6257378601609235 3.950753362380551 11.5
    endloop
  endfacet
  facet normal 0 0 1
    outer loop
      vertex -0.6257378601609235 3.950753362380551 11.5
      vertex -0.4185701875612867 1.8837049951065694 11.5
      vertex 0 4 11.5
    endloop
  endfacet
  facet normal -0.07845909572784467 0.9969173337331279 0
    outer loop
      vertex -0.6257378601609235 3.950753362380551 11.5
      vertex 0 4 11.5
      vertex 0 4 8
    endloop
  endfacet
  facet normal 0 0 -1
    outer loop
      vertex 1.1830440053949594 -3.8169559946050406 0
      vertex 1.1981763606564328 -1.5255880203450372 0
      vertex 3.807668175035048 -1.1923318249649524 0
    endloop
  endfacet
  facet normal 0 0 -1
    outer loop
      vertex 3.807668175035048 -1.1923318249649524 0
      vertex 1.1981763606564328 -1.5255880203450372 0
      vertex 1.5775831390311474 -1.1461812419703226 0
    endloop
  endfacet
  facet normal 0 0 -1
    outer loop
      vertex 3.807668175035048 -1.1923318249649524 0
      vertex 1.5775831390311474 -1.1461812419703226 0
      vertex 1.8545602067755493 -0.6025831390311475 0
    endloop
  endfacet
  facet normal 0 0 -1
    outer loop
      vertex 3.807668175035048 -1.1923318249649524 0
      vertex 1.8545602067755493 -0.6025831390311475 0
      vertex 1.8837049951065694 -0.4185701875612867 0
    endloop
  endfacet
  facet normal 0 0 -1
    outer loop
      vertex 3.807668175035048 -1.1923318249649524 0
      vertex 1.8837049951065694 -0.4185701875612867 0
      vertex 1.8561073738537632 -0.4045084971874737 0
    endloop
  endfacet
  facet normal 0 0 -1
    outer loop
      vertex 3.807668175035048 -1.1923318249649524 0
      vertex 1.8561073738537632 -0.4045084971874737 0
      vertex 1.7454915028125262 -0.29389262614623657 0
    endloop
  endfacet
  facet normal 0 0 -1
    outer loop
      vertex 3.807668175035048 -1.1923318249649524 0
      vertex 1.7454915028125262 -0.29389262614623657 0
      vertex 1.674471741852423 -0.1545084971874737 0
    endloop
  endfacet
  facet normal 0 0 -1
    outer loop
      vertex 3.807668175035048 -1.1923318249649524 0
      vertex 1.674471741852423 -0.1545084971874737 0
      vertex 1.65 0 0
    endloop
  endfacet
  facet normal 0 0 -1
    outer loop
      vertex 3.807668175035048 -1.1923318249649524 0
      vertex 1.65 0 0
      vertex 1.674471741852423 0.1545084971874737 0
    endloop
  endfacet
  facet normal 0 0 -1
    outer loop
      vertex 3.807668175035048 -1.1923318249649524 0
      vertex 1.674471741852423 0.1545084971874737 0
      vertex 1.7454915028125262 0.29389262614623657 0
    endloop
  endfacet
  facet normal 0 0 -1
    outer loop
      vertex 3.807668175035048 -1.1923318249649524 0
      vertex 1.7454915028125262 0.29389262614623657 0
      vertex 1.8561073738537632 0.4045084971874737 0
    endloop
  endfacet
  facet normal 0 0 -1
    outer loop
      vertex 3.807668175035048 -1.1923318249649524 0
      vertex 1.8561073738537632 0.4045084971874737 0
      vertex 1.8837049951065694 0.4185701875612867 0
    endloop
  endfacet
  facet normal 0 0 -1
    outer loop
      vertex 3.807668175035048 -1.1923318249649524 0
      vertex 1.8837049951065694 0.4185701875612867 0
      vertex 1.8545602067755493 0.6025831390311475 0
    endloop
  endfacet
  facet normal 0.07845909572784467 -0.9969173337331279 0
    outer loop
      vertex 0 -4 8
      vertex 0.6257378601609235 -3.950753362380551 8
      vertex 0.6257378601609235 -3.950753362380551 11.5
    endloop
  endfacet
  facet normal 0.23344536385590595 -0.9723699203976764 0
    outer loop
      vertex 0.6257378601609235 -3.950753362380551 8
      vertex 1.2360679774997896 -3.804226065180614 8
      vertex 1.2360679774997896 -3.804226065180614 11.5
    endloop
  endfacet
  facet normal 0.38268343236508934 -0.9238795325112868 0
    outer loop
      vertex 1.2360679774997896 -3.804226065180614 8
      vertex 1.815961998958187 -3.5640260967534716 8
      vertex 1.815961998958187 -3.5640260967534716 11.5
    endloop
  endfacet
  facet normal 0.07845909572784467 -0.9969173337331279 0
    outer loop
      vertex 0 -4 8
      vertex 0.6257378601609235 -3.950753362380551 11.5
      vertex 0 -4 11.5
    endloop
  endfacet
  facet normal 0.23344536385590595 -0.9723699203976764 0
    outer loop
      vertex 0.6257378601609235 -3.950753362380551 8
      vertex 1.2360679774997896 -3.804226065180614 11.5
      vertex 0.6257378601609235 -3.950753362380551 11.5
    endloop
  endfacet
  facet normal 0 0 1
    outer loop
      vertex 0 -4 11.5
      vertex 0.6257378601609235 -3.950753362380551 11.5
      vertex 0.4185701875612867 -1.8837049951065694 11.5
    endloop
  endfacet
  facet normal 0 0 1
    outer loop
      vertex 0.6257378601609235 -3.950753362380551 11.5
      vertex 1.2360679774997896 -3.804226065180614 11.5
      vertex 0.6025831390311475 -1.8545602067755493 11.5
    endloop
  endfacet
  facet normal 0.38268343236508934 -0.9238795325112868 0
    outer loop
      vertex 1.2360679774997896 -3.804226065180614 8
      vertex 1.815961998958187 -3.5640260967534716 11.5
      vertex 1.2360679774997896 -3.804226065180614 11.5
    endloop
  endfacet
  facet normal 0.5224985647159487 -0.8526401643540922 0
    outer loop
      vertex 1.815961998958187 -3.5640260967534716 8
      vertex 2.3511410091698925 -3.23606797749979 8
      vertex 2.3511410091698925 -3.23606797749979 11.5
    endloop
  endfacet
  facet normal 0.5224985647159487 -0.8526401643540922 0
    outer loop
      vertex 1.815961998958187 -3.5640260967534716 8
      vertex 2.3511410091698925 -3.23606797749979 11.5
      vertex 1.815961998958187 -3.5640260967534716 11.5
    endloop
  endfacet
  facet normal 0 0 1
    outer loop
      vertex 0 -4 11.5
      vertex 0.1545084971874737 -1.674471741852423 11.5
      vertex 0 -1.65 11.5
    endloop
  endfacet
  facet normal 0 0 1
    outer loop
      vertex 0 -4 11.5
      vertex 0.29389262614623657 -1.7454915028125262 11.5
      vertex 0.1545084971874737 -1.674471741852423 11.5
    endloop
  endfacet
  facet normal 0 0 1
    outer loop
      vertex 0 -4 11.5
      vertex 0.4185701875612867 -1.8837049951065694 11.5
      vertex 0.4045084971874737 -1.8561073738537632 11.5
    endloop
  endfacet
  facet normal 0 0 1
    outer loop
      vertex 0 -4 11.5
      vertex 0.4045084971874737 -1.8561073738537632 11.5
      vertex 0.29389262614623657 -1.7454915028125262 11.5
    endloop
  endfacet
  facet normal 0 0 1
    outer loop
      vertex 0.6257378601609235 -3.950753362380551 11.5
      vertex 0.6025831390311475 -1.8545602067755493 11.5
      vertex 0.4185701875612867 -1.8837049951065694 11.5
    endloop
  endfacet
  facet normal 0 0 1
    outer loop
      vertex 1.2360679774997896 -3.804226065180614 11.5
      vertex 1.1461812419703226 -1.5775831390311474 11.5
      vertex 0.6025831390311475 -1.8545602067755493 11.5
    endloop
  endfacet
  facet normal 0 0 1
    outer loop
      vertex 1.2360679774997896 -3.804226065180614 11.5
      vertex 1.815961998958187 -3.5640260967534716 11.5
      vertex 1.1461812419703226 -1.5775831390311474 11.5
    endloop
  endfacet
  facet normal 0 0 1
    outer loop
      vertex 1.815961998958187 -3.5640260967534716 11.5
      vertex 1.5775831390311474 -1.1461812419703226 11.5
      vertex 1.1461812419703226 -1.5775831390311474 11.5
    endloop
  endfacet
  facet normal 0 0 1
    outer loop
      vertex 1.674471741852423 -0.1545084971874737 11.5
      vertex 1.7454915028125262 -0.29389262614623657 11.5
      vertex 1.674471741852423 0.1545084971874737 11.5
    endloop
  endfacet
  facet normal 0 0 1
    outer loop
      vertex 1.7454915028125262 0.29389262614623657 11.5
      vertex 1.8561073738537632 -0.4045084971874737 11.5
      vertex 1.8837049951065694 -0.4185701875612867 11.5
    endloop
  endfacet
  facet normal 0 0 1
    outer loop
      vertex 1.7454915028125262 0.29389262614623657 11.5
      vertex 1.7454915028125262 -0.29389262614623657 11.5
      vertex 1.8561073738537632 -0.4045084971874737 11.5
    endloop
  endfacet
  facet normal 0.6494480483301835 -0.7604059656000312 0
    outer loop
      vertex 2.3511410091698925 -3.23606797749979 8
      vertex 2.8284271247461903 -2.8284271247461903 8
      vertex 2.8284271247461903 -2.8284271247461903 11.5
    endloop
  endfacet
  facet normal 0.7604059656000312 -0.6494480483301835 0
    outer loop
      vertex 2.8284271247461903 -2.8284271247461903 8
      vertex 3.23606797749979 -2.3511410091698925 8
      vertex 3.23606797749979 -2.3511410091698925 11.5
    endloop
  endfacet
  facet normal 0.8526401643540922 -0.5224985647159487 0
    outer loop
      vertex 3.23606797749979 -2.3511410091698925 8
      vertex 3.5640260967534716 -1.815961998958187 8
      vertex 3.5640260967534716 -1.815961998958187 11.5
    endloop
  endfacet
  facet normal 0.6494480483301835 -0.7604059656000312 0
    outer loop
      vertex 2.3511410091698925 -3.23606797749979 8
      vertex 2.8284271247461903 -2.8284271247461903 11.5
      vertex 2.3511410091698925 -3.23606797749979 11.5
    endloop
  endfacet
  facet normal 0 0 1
    outer loop
      vertex 1.815961998958187 -3.5640260967534716 11.5
      vertex 2.3511410091698925 -3.23606797749979 11.5
      vertex 1.5775831390311474 -1.1461812419703226 11.5
    endloop
  endfacet
  facet normal 0 0 1
    outer loop
      vertex 2.3511410091698925 -3.23606797749979 11.5
      vertex 1.8545602067755493 -0.6025831390311475 11.5
      vertex 1.5775831390311474 -1.1461812419703226 11.5
    endloop
  endfacet
  facet normal 0.7604059656000312 -0.6494480483301835 0
    outer loop
      vertex 2.8284271247461903 -2.8284271247461903 8
      vertex 3.23606797749979 -2.3511410091698925 11.5
      vertex 2.8284271247461903 -2.8284271247461903 11.5
    endloop
  endfacet
  facet normal 0.8526401643540922 -0.5224985647159487 0
    outer loop
      vertex 3.23606797749979 -2.3511410091698925 8
      vertex 3.5640260967534716 -1.815961998958187 11.5
      vertex 3.23606797749979 -2.3511410091698925 11.5
    endloop
  endfacet
  facet normal 0.9238795325112868 -0.38268343236508934 0
    outer loop
      vertex 3.5640260967534716 -1.815961998958187 8
      vertex 3.804226065180614 -1.2360679774997896 11.5
      vertex 3.5640260967534716 -1.815961998958187 11.5
    endloop
  endfacet
  facet normal 0 0 1
    outer loop
      vertex 2.3511410091698925 -3.23606797749979 11.5
      vertex 1.8837049951065694 -0.4185701875612867 11.5
      vertex 1.8545602067755493 -0.6025831390311475 11.5
    endloop
  endfacet
  facet normal 0 0 1
    outer loop
      vertex 2.3511410091698925 -3.23606797749979 11.5
      vertex 1.8837049951065694 0.4185701875612867 11.5
      vertex 1.8837049951065694 -0.4185701875612867 11.5
    endloop
  endfacet
  facet normal 0 0 1
    outer loop
      vertex 2.3511410091698925 -3.23606797749979 11.5
      vertex 2.8284271247461903 -2.8284271247461903 11.5
      vertex 2.3511410091698925 3.23606797749979 11.5
    endloop
  endfacet
  facet normal 0 0 1
    outer loop
      vertex 2.8284271247461903 -2.8284271247461903 11.5
      vertex 3.23606797749979 -2.3511410091698925 11.5
      vertex 2.8284271247461903 2.8284271247461903 11.5
    endloop
  endfacet
  facet normal 0 0 1
    outer loop
      vertex 3.23606797749979 -2.3511410091698925 11.5
      vertex 3.5640260967534716 -1.815961998958187 11.5
      vertex 3.23606797749979 2.3511410091698925 11.5
    endloop
  endfacet
  facet normal 0 0 1
    outer loop
      vertex 3.5640260967534716 -1.815961998958187 11.5
      vertex 3.804226065180614 -1.2360679774997896 11.5
      vertex 3.5640260967534716 1.815961998958187 11.5
    endloop
  endfacet
  facet normal 0.9238795325112868 -0.38268343236508934 0
    outer loop
      vertex 3.5640260967534716 -1.815961998958187 8
      vertex 3.804226065180614 -1.2360679774997896 8
      vertex 3.804226065180614 -1.2360679774997896 11.5
    endloop
  endfacet
  facet normal 0.9723699203976764 -0.23344536385590595 0
    outer loop
      vertex 3.804226065180614 -1.2360679774997896 8
      vertex 3.950753362380551 -0.6257378601609235 8
      vertex 3.950753362380551 -0.6257378601609235 11.5
    endloop
  endfacet
  facet normal 0.9969173337331279 -0.07845909572784467 0
    outer loop
      vertex 3.950753362380551 -0.6257378601609235 8
      vertex 4 0 8
      vertex 4 0 11.5
    endloop
  endfacet
  facet normal 0.9723699203976764 -0.23344536385590595 0
    outer loop
      vertex 3.804226065180614 -1.2360679774997896 8
      vertex 3.950753362380551 -0.6257378601609235 11.5
      vertex 3.804226065180614 -1.2360679774997896 11.5
    endloop
  endfacet
  facet normal 0.9969173337331279 -0.07845909572784467 0
    outer loop
      vertex 3.950753362380551 -0.6257378601609235 8
      vertex 4 0 11.5
      vertex 3.950753362380551 -0.6257378601609235 11.5
    endloop
  endfacet
  facet normal 0 0 1
    outer loop
      vertex 3.804226065180614 -1.2360679774997896 11.5
      vertex 3.950753362380551 -0.6257378601609235 11.5
      vertex 3.804226065180614 1.2360679774997896 11.5
    endloop
  endfacet
  facet normal 0 0 -1
    outer loop
      vertex 1.2331281379558745 3.7668718620441255 0
      vertex 1.5775831390311474 1.1461812419703226 0
      vertex 1.2181943416738459 1.5055700393276241 0
    endloop
  endfacet
  facet normal 0 0 -1
    outer loop
      vertex 3.807668175035048 -1.1923318249649524 0
      vertex 1.8545602067755493 0.6025831390311475 0
      vertex 1.5775831390311474 1.1461812419703226 0
    endloop
  endfacet
  facet normal 0 0 -1
    outer loop
      vertex 3.807668175035048 -1.1923318249649524 0
      vertex 1.5775831390311474 1.1461812419703226 0
      vertex 1.2331281379558745 3.7668718620441255 0
    endloop
  endfacet
  facet normal 0 0 -1
    outer loop
      vertex 3.807668175035048 -1.1923318249649524 0
      vertex 1.2331281379558745 3.7668718620441255 0
      vertex 3.8169559946050406 1.1830440053949596 0
    endloop
  endfacet
  facet normal 0 0 1
    outer loop
      vertex 1.674471741852423 -0.1545084971874737 11.5
      vertex 1.674471741852423 0.1545084971874737 11.5
      vertex 1.65 0 11.5
    endloop
  endfacet
  facet normal 0 0 1
    outer loop
      vertex 1.7454915028125262 -0.29389262614623657 11.5
      vertex 1.7454915028125262 0.29389262614623657 11.5
      vertex 1.674471741852423 0.1545084971874737 11.5
    endloop
  endfacet
  facet normal 0 0 1
    outer loop
      vertex 1.8837049951065694 -0.4185701875612867 11.5
      vertex 1.8561073738537632 0.4045084971874737 11.5
      vertex 1.7454915028125262 0.29389262614623657 11.5
    endloop
  endfacet
  facet normal 0 0 1
    outer loop
      vertex 0 4 11.5
      vertex 0 1.65 11.5
      vertex 0.1545084971874737 1.674471741852423 11.5
    endloop
  endfacet
  facet normal 0 0 1
    outer loop
      vertex 0 4 11.5
      vertex 0.1545084971874737 1.674471741852423 11.5
      vertex 0.29389262614623657 1.7454915028125262 11.5
    endloop
  endfacet
  facet normal 0 0 1
    outer loop
      vertex 0 4 11.5
      vertex 0.29389262614623657 1.7454915028125262 11.5
      vertex 0.4045084971874737 1.8561073738537632 11.5
    endloop
  endfacet
  facet normal 0 0 1
    outer loop
      vertex 0 4 11.5
      vertex 0.4045084971874737 1.8561073738537632 11.5
      vertex 0.4185701875612867 1.8837049951065694 11.5
    endloop
  endfacet
  facet normal 0 0 1
    outer loop
      vertex 0.6257378601609235 3.950753362380551 11.5
      vertex 0.4185701875612867 1.8837049951065694 11.5
      vertex 0.6025831390311475 1.8545602067755493 11.5
    endloop
  endfacet
  facet normal 0 0 1
    outer loop
      vertex 0.6257378601609235 3.950753362380551 11.5
      vertex 0.6025831390311475 1.8545602067755493 11.5
      vertex 1.1461812419703226 1.5775831390311474 11.5
    endloop
  endfacet
  facet normal 0 0 1
    outer loop
      vertex 1.2360679774997896 3.804226065180614 11.5
      vertex 1.1461812419703226 1.5775831390311474 11.5
      vertex 1.5775831390311474 1.1461812419703226 11.5
    endloop
  endfacet
  facet normal 0 0 1
    outer loop
      vertex 1.815961998958187 3.5640260967534716 11.5
      vertex 1.5775831390311474 1.1461812419703226 11.5
      vertex 1.8545602067755493 0.6025831390311475 11.5
    endloop
  endfacet
  facet normal 0 0 1
    outer loop
      vertex 0.6257378601609235 3.950753362380551 11.5
      vertex 1.1461812419703226 1.5775831390311474 11.5
      vertex 1.2360679774997896 3.804226065180614 11.5
    endloop
  endfacet
  facet normal 0 0 1
    outer loop
      vertex 1.2360679774997896 3.804226065180614 11.5
      vertex 1.5775831390311474 1.1461812419703226 11.5
      vertex 1.815961998958187 3.5640260967534716 11.5
    endloop
  endfacet
  facet normal 0 0 1
    outer loop
      vertex 1.8837049951065694 -0.4185701875612867 11.5
      vertex 1.8837049951065694 0.4185701875612867 11.5
      vertex 1.8561073738537632 0.4045084971874737 11.5
    endloop
  endfacet
  facet normal 0 0 1
    outer loop
      vertex 2.3511410091698925 -3.23606797749979 11.5
      vertex 1.815961998958187 3.5640260967534716 11.5
      vertex 1.8837049951065694 0.4185701875612867 11.5
    endloop
  endfacet
  facet normal 0 0 1
    outer loop
      vertex 2.3511410091698925 -3.23606797749979 11.5
      vertex 2.3511410091698925 3.23606797749979 11.5
      vertex 1.815961998958187 3.5640260967534716 11.5
    endloop
  endfacet
  facet normal 0 0 1
    outer loop
      vertex 1.815961998958187 3.5640260967534716 11.5
      vertex 1.8545602067755493 0.6025831390311475 11.5
      vertex 1.8837049951065694 0.4185701875612867 11.5
    endloop
  endfacet
  facet normal 0 0 1
    outer loop
      vertex 2.8284271247461903 -2.8284271247461903 11.5
      vertex 2.8284271247461903 2.8284271247461903 11.5
      vertex 2.3511410091698925 3.23606797749979 11.5
    endloop
  endfacet
  facet normal 0 0 1
    outer loop
      vertex 3.5640260967534716 -1.815961998958187 11.5
      vertex 3.5640260967534716 1.815961998958187 11.5
      vertex 3.23606797749979 2.3511410091698925 11.5
    endloop
  endfacet
  facet normal 0 0 1
    outer loop
      vertex 3.23606797749979 -2.3511410091698925 11.5
      vertex 3.23606797749979 2.3511410091698925 11.5
      vertex 2.8284271247461903 2.8284271247461903 11.5
    endloop
  endfacet
  facet normal 0.6494480483301835 0.7604059656000312 0
    outer loop
      vertex 2.8284271247461903 2.8284271247461903 8
      vertex 2.3511410091698925 3.23606797749979 8
      vertex 2.3511410091698925 3.23606797749979 11.5
    endloop
  endfacet
  facet normal 0.9238795325112868 0.38268343236508934 0
    outer loop
      vertex 3.5640260967534716 1.815961998958187 8
      vertex 3.5640260967534716 1.815961998958187 11.5
      vertex 3.804226065180614 1.2360679774997896 8
    endloop
  endfacet
  facet normal 0.8526401643540922 0.5224985647159487 0
    outer loop
      vertex 3.5640260967534716 1.815961998958187 8
      vertex 3.23606797749979 2.3511410091698925 8
      vertex 3.23606797749979 2.3511410091698925 11.5
    endloop
  endfacet
  facet normal 0.7604059656000312 0.6494480483301835 0
    outer loop
      vertex 3.23606797749979 2.3511410091698925 8
      vertex 2.8284271247461903 2.8284271247461903 8
      vertex 2.8284271247461903 2.8284271247461903 11.5
    endloop
  endfacet
  facet normal 0.6494480483301835 0.7604059656000312 0
    outer loop
      vertex 2.8284271247461903 2.8284271247461903 8
      vertex 2.3511410091698925 3.23606797749979 11.5
      vertex 2.8284271247461903 2.8284271247461903 11.5
    endloop
  endfacet
  facet normal 0.8526401643540922 0.5224985647159487 0
    outer loop
      vertex 3.5640260967534716 1.815961998958187 8
      vertex 3.23606797749979 2.3511410091698925 11.5
      vertex 3.5640260967534716 1.815961998958187 11.5
    endloop
  endfacet
  facet normal 0.7604059656000312 0.6494480483301835 0
    outer loop
      vertex 3.23606797749979 2.3511410091698925 8
      vertex 2.8284271247461903 2.8284271247461903 11.5
      vertex 3.23606797749979 2.3511410091698925 11.5
    endloop
  endfacet
  facet normal 0.23344536385590595 0.9723699203976764 0
    outer loop
      vertex 0.6257378601609235 3.950753362380551 8
      vertex 0.6257378601609235 3.950753362380551 11.5
      vertex 1.2360679774997896 3.804226065180614 8
    endloop
  endfacet
  facet normal 0.07845909572784467 0.9969173337331279 0
    outer loop
      vertex 0.6257378601609235 3.950753362380551 8
      vertex 0 4 8
      vertex 0 4 11.5
    endloop
  endfacet
  facet normal 0.38268343236508934 0.9238795325112868 0
    outer loop
      vertex 1.2360679774997896 3.804226065180614 8
      vertex 1.2360679774997896 3.804226065180614 11.5
      vertex 1.815961998958187 3.5640260967534716 8
    endloop
  endfacet
  facet normal 0.07845909572784467 0.9969173337331279 0
    outer loop
      vertex 0.6257378601609235 3.950753362380551 8
      vertex 0 4 11.5
      vertex 0.6257378601609235 3.950753362380551 11.5
    endloop
  endfacet
  facet normal 0 0 1
    outer loop
      vertex 0.6257378601609235 3.950753362380551 11.5
      vertex 0 4 11.5
      vertex 0.4185701875612867 1.8837049951065694 11.5
    endloop
  endfacet
  facet normal 0.23344536385590595 0.9723699203976764 0
    outer loop
      vertex 1.2360679774997896 3.804226065180614 8
      vertex 0.6257378601609235 3.950753362380551 11.5
      vertex 1.2360679774997896 3.804226065180614 11.5
    endloop
  endfacet
  facet normal 0.38268343236508934 0.9238795325112868 0
    outer loop
      vertex 1.815961998958187 3.5640260967534716 8
      vertex 1.2360679774997896 3.804226065180614 11.5
      vertex 1.815961998958187 3.5640260967534716 11.5
    endloop
  endfacet
  facet normal 0.5224985647159487 0.8526401643540922 0
    outer loop
      vertex 1.815961998958187 3.5640260967534716 8
      vertex 1.815961998958187 3.5640260967534716 11.5
      vertex 2.3511410091698925 3.23606797749979 8
    endloop
  endfacet
  facet normal 0.5224985647159487 0.8526401643540922 0
    outer loop
      vertex 2.3511410091698925 3.23606797749979 8
      vertex 1.815961998958187 3.5640260967534716 11.5
      vertex 2.3511410091698925 3.23606797749979 11.5
    endloop
  endfacet
  facet normal 0.9969173337331279 0.07845909572784467 0
    outer loop
      vertex 4 0 8
      vertex 3.950753362380551 0.6257378601609235 8
      vertex 3.950753362380551 0.6257378601609235 11.5
    endloop
  endfacet
  facet normal 0.9723699203976764 0.23344536385590595 0
    outer loop
      vertex 3.950753362380551 0.6257378601609235 8
      vertex 3.804226065180614 1.2360679774997896 8
      vertex 3.804226065180614 1.2360679774997896 11.5
    endloop
  endfacet
  facet normal 0.9969173337331279 0.07845909572784467 0
    outer loop
      vertex 4 0 8
      vertex 3.950753362380551 0.6257378601609235 11.5
      vertex 4 0 11.5
    endloop
  endfacet
  facet normal 0 0 1
    outer loop
      vertex 3.950753362380551 -0.6257378601609235 11.5
      vertex 4 0 11.5
      vertex 3.950753362380551 0.6257378601609235 11.5
    endloop
  endfacet
  facet normal 0 0 1
    outer loop
      vertex 3.950753362380551 -0.6257378601609235 11.5
      vertex 3.950753362380551 0.6257378601609235 11.5
      vertex 3.804226065180614 1.2360679774997896 11.5
    endloop
  endfacet
  facet normal 0 0 1
    outer loop
      vertex 3.804226065180614 -1.2360679774997896 11.5
      vertex 3.804226065180614 1.2360679774997896 11.5
      vertex 3.5640260967534716 1.815961998958187 11.5
    endloop
  endfacet
  facet normal 0.9723699203976764 0.23344536385590595 0
    outer loop
      vertex 3.950753362380551 0.6257378601609235 8
      vertex 3.804226065180614 1.2360679774997896 11.5
      vertex 3.950753362380551 0.6257378601609235 11.5
    endloop
  endfacet
  facet normal 0.9238795325112868 0.38268343236508934 0
    outer loop
      vertex 3.5640260967534716 1.815961998958187 11.5
      vertex 3.804226065180614 1.2360679774997896 11.5
      vertex 3.804226065180614 1.2360679774997896 8
    endloop
  endfacet
endsolid OpenSCAD_Model
