solid OpenSCAD_Model
  facet normal -0.707106781186551 -0.7071067811865439 0
    outer loop
      vertex 3.953385873788958 -0.5803480081230072 0
      vertex 3.953385873788958 -0.5803480081230072 28
      vertex 3.9314338553438004 -0.5583959896778494 0
    endloop
  endfacet
  facet normal -0.8910065241883677 -0.45399049973954697 0
    outer loop
      vertex 3.9314338553438004 -0.5583959896778494 28
      vertex 3.7964963095196045 -0.2935661446562 0
      vertex 3.9314338553438004 -0.5583959896778494 0
    endloop
  endfacet
  facet normal -0.9876883405951375 -0.15643446504023215 0
    outer loop
      vertex 3.7964963095196045 -0.2935661446562 28
      vertex 3.75 0 0
      vertex 3.7964963095196045 -0.2935661446562 0
    endloop
  endfacet
  facet normal -0.707106781186551 -0.7071067811865439 0
    outer loop
      vertex 3.953385873788958 -0.5803480081230072 28
      vertex 3.9314338553438004 -0.5583959896778494 28
      vertex 3.9314338553438004 -0.5583959896778494 0
    endloop
  endfacet
  facet normal -0.8910065241883677 -0.45399049973954697 0
    outer loop
      vertex 3.7964963095196045 -0.2935661446562 28
      vertex 3.7964963095196045 -0.2935661446562 0
      vertex 3.9314338553438004 -0.5583959896778494 28
    endloop
  endfacet
  facet normal -0.9876883405951375 -0.15643446504023215 0
    outer loop
      vertex 3.75 0 28
      vertex 3.75 0 0
      vertex 3.7964963095196045 -0.2935661446562 28
    endloop
  endfacet
  facet normal -0.9876883405951375 0.15643446504023215 0
    outer loop
      vertex 3.75 0 28
      vertex 3.7964963095196045 0.2935661446562 0
      vertex 3.75 0 0
    endloop
  endfacet
  facet normal -0.8910065241883677 0.45399049973954697 0
    outer loop
      vertex 3.7964963095196045 0.2935661446562 28
      vertex 3.9314338553438004 0.5583959896778494 0
      vertex 3.7964963095196045 0.2935661446562 0
    endloop
  endfacet
  facet normal -0.7071067811865457 0.7071067811865492 0
    outer loop
      vertex 3.9314338553438004 0.5583959896778494 0
      vertex 3.9314338553438004 0.5583959896778494 28
      vertex 3.9533858737889584 0.5803480081230074 0
    endloop
  endfacet
  facet normal -0.9876883405951375 0.15643446504023215 0
    outer loop
      vertex 3.7964963095196045 0.2935661446562 28
      vertex 3.7964963095196045 0.2935661446562 0
      vertex 3.75 0 28
    endloop
  endfacet
  facet normal -0.8910065241883677 0.45399049973954697 0
    outer loop
      vertex 3.9314338553438004 0.5583959896778494 28
      vertex 3.9314338553438004 0.5583959896778494 0
      vertex 3.7964963095196045 0.2935661446562 28
    endloop
  endfacet
  facet normal -0.7071067811865457 0.7071067811865492 0
    outer loop
      vertex 3.9314338553438004 0.5583959896778494 28
      vertex 3.9533858737889584 0.5803480081230074 28
      vertex 3.9533858737889584 0.5803480081230074 0
    endloop
  endfacet
  facet normal -0.3583679495452991 -0.9335804264972023 0
    outer loop
      vertex 2.1524838937231285 3.1410791770897464 0
      vertex 2.1524838937231285 3.1410791770897464 28
      vertex 1.875 3.2475952641916446 0
    endloop
  endfacet
  facet normal -0.8386705679454239 -0.5446390350150272 0
    outer loop
      vertex 1.4821318152395295 3.6839195868648513 0
      vertex 1.6440124157964757 3.4346453217459465 0
      vertex 1.6440124157964757 3.4346453217459465 28
    endloop
  endfacet
  facet normal -0.9659258262890688 -0.2588190451025191 0
    outer loop
      vertex 1.4752726813339159 3.70951822309652 0
      vertex 1.4821318152395295 3.6839195868648513 0
      vertex 1.4821318152395295 3.6839195868648513 28
    endloop
  endfacet
  facet normal -0.629320391049839 -0.7771459614569697 0
    outer loop
      vertex 1.875 3.2475952641916446 28
      vertex 1.6440124157964757 3.4346453217459465 0
      vertex 1.875 3.2475952641916446 0
    endloop
  endfacet
  facet normal -0.05233595624294285 -0.9986295347545738 0
    outer loop
      vertex 2.1524838937231285 3.1410791770897464 0
      vertex 2.449302040104271 3.1255235971870023 0
      vertex 2.449302040104271 3.1255235971870023 28
    endloop
  endfacet
  facet normal 0.2588190451025179 -0.965925826289069 0
    outer loop
      vertex 2.449302040104271 3.1255235971870023 0
      vertex 2.478935092785977 3.1334637497223343 0
      vertex 2.478935092785977 3.1334637497223343 28
    endloop
  endfacet
  facet normal -0.9659258262890688 -0.2588190451025191 0
    outer loop
      vertex 1.4752726813339159 3.70951822309652 0
      vertex 1.4821318152395295 3.6839195868648513 28
      vertex 1.4752726813339159 3.70951822309652 28
    endloop
  endfacet
  facet normal -0.8386705679454239 -0.5446390350150272 0
    outer loop
      vertex 1.4821318152395295 3.6839195868648513 0
      vertex 1.6440124157964757 3.4346453217459465 28
      vertex 1.4821318152395295 3.6839195868648513 28
    endloop
  endfacet
  facet normal -0.629320391049839 -0.7771459614569697 0
    outer loop
      vertex 1.6440124157964757 3.4346453217459465 28
      vertex 1.6440124157964757 3.4346453217459465 0
      vertex 1.875 3.2475952641916446 28
    endloop
  endfacet
  facet normal -0.3583679495452991 -0.9335804264972023 0
    outer loop
      vertex 2.1524838937231285 3.1410791770897464 28
      vertex 1.875 3.2475952641916446 28
      vertex 1.875 3.2475952641916446 0
    endloop
  endfacet
  facet normal -0.05233595624294285 -0.9986295347545738 0
    outer loop
      vertex 2.1524838937231285 3.1410791770897464 0
      vertex 2.449302040104271 3.1255235971870023 28
      vertex 2.1524838937231285 3.1410791770897464 28
    endloop
  endfacet
  facet normal 0.2588190451025179 -0.965925826289069 0
    outer loop
      vertex 2.449302040104271 3.1255235971870023 0
      vertex 2.478935092785977 3.1334637497223343 28
      vertex 2.449302040104271 3.1255235971870023 28
    endloop
  endfacet
  facet normal -0.2588190451025179 -0.965925826289069 0
    outer loop
      vertex -2.449302040104271 3.1255235971870023 28
      vertex -2.478935092785977 3.1334637497223343 0
      vertex -2.449302040104271 3.1255235971870023 0
    endloop
  endfacet
  facet normal 0.05233595624294285 -0.9986295347545738 0
    outer loop
      vertex -2.1524838937231285 3.1410791770897464 0
      vertex -2.1524838937231285 3.1410791770897464 28
      vertex -2.449302040104271 3.1255235971870023 0
    endloop
  endfacet
  facet normal 0.3583679495452991 -0.9335804264972023 0
    outer loop
      vertex -2.1524838937231285 3.1410791770897464 0
      vertex -1.875 3.2475952641916446 0
      vertex -1.875 3.2475952641916446 28
    endloop
  endfacet
  facet normal 0.629320391049839 -0.7771459614569697 0
    outer loop
      vertex -1.6440124157964757 3.4346453217459465 0
      vertex -1.6440124157964757 3.4346453217459465 28
      vertex -1.875 3.2475952641916446 0
    endloop
  endfacet
  facet normal 0.8386705679454239 -0.5446390350150272 0
    outer loop
      vertex -1.6440124157964757 3.4346453217459465 0
      vertex -1.4821318152395295 3.6839195868648513 0
      vertex -1.4821318152395295 3.6839195868648513 28
    endloop
  endfacet
  facet normal 0.9659258262890688 -0.2588190451025191 0
    outer loop
      vertex -1.4752726813339159 3.70951822309652 28
      vertex -1.4821318152395295 3.6839195868648513 0
      vertex -1.4752726813339159 3.70951822309652 0
    endloop
  endfacet
  facet normal -0.2588190451025179 -0.965925826289069 0
    outer loop
      vertex -2.449302040104271 3.1255235971870023 28
      vertex -2.478935092785977 3.1334637497223343 28
      vertex -2.478935092785977 3.1334637497223343 0
    endloop
  endfacet
  facet normal 0.05233595624294285 -0.9986295347545738 0
    outer loop
      vertex -2.449302040104271 3.1255235971870023 28
      vertex -2.449302040104271 3.1255235971870023 0
      vertex -2.1524838937231285 3.1410791770897464 28
    endloop
  endfacet
  facet normal 0.3583679495452991 -0.9335804264972023 0
    outer loop
      vertex -2.1524838937231285 3.1410791770897464 0
      vertex -1.875 3.2475952641916446 28
      vertex -2.1524838937231285 3.1410791770897464 28
    endloop
  endfacet
  facet normal 0.629320391049839 -0.7771459614569697 0
    outer loop
      vertex -1.875 3.2475952641916446 0
      vertex -1.6440124157964757 3.4346453217459465 28
      vertex -1.875 3.2475952641916446 28
    endloop
  endfacet
  facet normal 0.8386705679454239 -0.5446390350150272 0
    outer loop
      vertex -1.4821318152395295 3.6839195868648513 28
      vertex -1.6440124157964757 3.4346453217459465 28
      vertex -1.6440124157964757 3.4346453217459465 0
    endloop
  endfacet
  facet normal 0.9659258262890688 -0.2588190451025191 0
    outer loop
      vertex -1.4752726813339159 3.70951822309652 28
      vertex -1.4821318152395295 3.6839195868648513 28
      vertex -1.4821318152395295 3.6839195868648513 0
    endloop
  endfacet
  facet normal 0.707106781186551 -0.7071067811865439 0
    outer loop
      vertex -3.953385873788958 -0.5803480081230072 0
      vertex -3.9314338553438004 -0.5583959896778494 0
      vertex -3.9314338553438004 -0.5583959896778494 28
    endloop
  endfacet
  facet normal 0.8910065241883677 -0.45399049973954697 0
    outer loop
      vertex -3.7964963095196045 -0.2935661446562 0
      vertex -3.7964963095196045 -0.2935661446562 28
      vertex -3.9314338553438004 -0.5583959896778494 0
    endloop
  endfacet
  facet normal 0.9876883405951375 -0.15643446504023215 0
    outer loop
      vertex -3.7964963095196045 -0.2935661446562 0
      vertex -3.75 0 0
      vertex -3.75 0 28
    endloop
  endfacet
  facet normal 0.707106781186551 -0.7071067811865439 0
    outer loop
      vertex -3.953385873788958 -0.5803480081230072 0
      vertex -3.9314338553438004 -0.5583959896778494 28
      vertex -3.953385873788958 -0.5803480081230072 28
    endloop
  endfacet
  facet normal 0.8910065241883677 -0.45399049973954697 0
    outer loop
      vertex -3.9314338553438004 -0.5583959896778494 0
      vertex -3.7964963095196045 -0.2935661446562 28
      vertex -3.9314338553438004 -0.5583959896778494 28
    endloop
  endfacet
  facet normal 0.9876883405951375 -0.15643446504023215 0
    outer loop
      vertex -3.7964963095196045 -0.2935661446562 0
      vertex -3.75 0 28
      vertex -3.7964963095196045 -0.2935661446562 28
    endloop
  endfacet
  facet normal 0.9876883405951375 0.15643446504023215 0
    outer loop
      vertex -3.7964963095196045 0.2935661446562 0
      vertex -3.7964963095196045 0.2935661446562 28
      vertex -3.75 0 0
    endloop
  endfacet
  facet normal 0.8910065241883677 0.45399049973954697 0
    outer loop
      vertex -3.7964963095196045 0.2935661446562 0
      vertex -3.9314338553438004 0.5583959896778494 0
      vertex -3.9314338553438004 0.5583959896778494 28
    endloop
  endfacet
  facet normal 0.707106781186551 0.7071067811865439 0
    outer loop
      vertex -3.9314338553438004 0.5583959896778494 0
      vertex -3.953385873788958 0.5803480081230072 0
      vertex -3.953385873788958 0.5803480081230072 28
    endloop
  endfacet
  facet normal 0.9876883405951375 0.15643446504023215 0
    outer loop
      vertex -3.75 0 0
      vertex -3.7964963095196045 0.2935661446562 28
      vertex -3.75 0 28
    endloop
  endfacet
  facet normal 0.8910065241883677 0.45399049973954697 0
    outer loop
      vertex -3.7964963095196045 0.2935661446562 0
      vertex -3.9314338553438004 0.5583959896778494 28
      vertex -3.7964963095196045 0.2935661446562 28
    endloop
  endfacet
  facet normal 0.707106781186551 0.7071067811865439 0
    outer loop
      vertex -3.9314338553438004 0.5583959896778494 0
      vertex -3.953385873788958 0.5803480081230072 28
      vertex -3.9314338553438004 0.5583959896778494 28
    endloop
  endfacet
  facet normal -0.2588190451025179 0.965925826289069 0
    outer loop
      vertex -2.478935092785977 -3.1334637497223343 0
      vertex -2.478935092785977 -3.1334637497223343 28
      vertex -2.449302040104271 -3.1255235971870023 0
    endloop
  endfacet
  facet normal 0.05233595624294285 0.9986295347545738 0
    outer loop
      vertex -2.1524838937231285 -3.1410791770897464 0
      vertex -2.449302040104271 -3.1255235971870023 0
      vertex -2.449302040104271 -3.1255235971870023 28
    endloop
  endfacet
  facet normal 0.629320391049839 0.7771459614569697 0
    outer loop
      vertex -1.875 -3.2475952641916446 0
      vertex -1.875 -3.2475952641916446 28
      vertex -1.6440124157964757 -3.4346453217459465 0
    endloop
  endfacet
  facet normal 0.9659258262890688 0.2588190451025191 0
    outer loop
      vertex -1.4821318152395295 -3.6839195868648513 0
      vertex -1.4821318152395295 -3.6839195868648513 28
      vertex -1.4752726813339159 -3.70951822309652 0
    endloop
  endfacet
  facet normal 0.8386705679454239 0.5446390350150272 0
    outer loop
      vertex -1.4821318152395295 -3.6839195868648513 0
      vertex -1.6440124157964757 -3.4346453217459465 0
      vertex -1.6440124157964757 -3.4346453217459465 28
    endloop
  endfacet
  facet normal 0.3583679495452991 0.9335804264972023 0
    outer loop
      vertex -2.1524838937231285 -3.1410791770897464 0
      vertex -2.1524838937231285 -3.1410791770897464 28
      vertex -1.875 -3.2475952641916446 0
    endloop
  endfacet
  facet normal -0.2588190451025179 0.965925826289069 0
    outer loop
      vertex -2.478935092785977 -3.1334637497223343 28
      vertex -2.449302040104271 -3.1255235971870023 28
      vertex -2.449302040104271 -3.1255235971870023 0
    endloop
  endfacet
  facet normal 0.05233595624294285 0.9986295347545738 0
    outer loop
      vertex -2.1524838937231285 -3.1410791770897464 0
      vertex -2.449302040104271 -3.1255235971870023 28
      vertex -2.1524838937231285 -3.1410791770897464 28
    endloop
  endfacet
  facet normal 0.3583679495452991 0.9335804264972023 0
    outer loop
      vertex -2.1524838937231285 -3.1410791770897464 28
      vertex -1.875 -3.2475952641916446 28
      vertex -1.875 -3.2475952641916446 0
    endloop
  endfacet
  facet normal 0.629320391049839 0.7771459614569697 0
    outer loop
      vertex -1.6440124157964757 -3.4346453217459465 0
      vertex -1.875 -3.2475952641916446 28
      vertex -1.6440124157964757 -3.4346453217459465 28
    endloop
  endfacet
  facet normal 0.8386705679454239 0.5446390350150272 0
    outer loop
      vertex -1.4821318152395295 -3.6839195868648513 28
      vertex -1.4821318152395295 -3.6839195868648513 0
      vertex -1.6440124157964757 -3.4346453217459465 28
    endloop
  endfacet
  facet normal 0.9659258262890688 0.2588190451025191 0
    outer loop
      vertex -1.4821318152395295 -3.6839195868648513 28
      vertex -1.4752726813339159 -3.70951822309652 28
      vertex -1.4752726813339159 -3.70951822309652 0
    endloop
  endfacet
  facet normal -0.9659258262890688 0.2588190451025191 0
    outer loop
      vertex 1.4752726813339159 -3.70951822309652 0
      vertex 1.4752726813339159 -3.70951822309652 28
      vertex 1.4821318152395295 -3.6839195868648513 0
    endloop
  endfacet
  facet normal -0.8386705679454239 0.5446390350150272 0
    outer loop
      vertex 1.4821318152395295 -3.6839195868648513 0
      vertex 1.4821318152395295 -3.6839195868648513 28
      vertex 1.6440124157964757 -3.4346453217459465 0
    endloop
  endfacet
  facet normal -0.629320391049839 0.7771459614569697 0
    outer loop
      vertex 1.6440124157964757 -3.4346453217459465 28
      vertex 1.875 -3.2475952641916446 0
      vertex 1.6440124157964757 -3.4346453217459465 0
    endloop
  endfacet
  facet normal -0.3583679495452991 0.9335804264972023 0
    outer loop
      vertex 2.1524838937231285 -3.1410791770897464 0
      vertex 1.875 -3.2475952641916446 0
      vertex 1.875 -3.2475952641916446 28
    endloop
  endfacet
  facet normal -0.05233595624294285 0.9986295347545738 0
    outer loop
      vertex 2.1524838937231285 -3.1410791770897464 0
      vertex 2.1524838937231285 -3.1410791770897464 28
      vertex 2.449302040104271 -3.1255235971870023 0
    endloop
  endfacet
  facet normal 0.2588190451025179 0.965925826289069 0
    outer loop
      vertex 2.449302040104271 -3.1255235971870023 0
      vertex 2.449302040104271 -3.1255235971870023 28
      vertex 2.478935092785977 -3.1334637497223343 0
    endloop
  endfacet
  facet normal -0.9659258262890688 0.2588190451025191 0
    outer loop
      vertex 1.4821318152395295 -3.6839195868648513 0
      vertex 1.4752726813339159 -3.70951822309652 28
      vertex 1.4821318152395295 -3.6839195868648513 28
    endloop
  endfacet
  facet normal -0.8386705679454239 0.5446390350150272 0
    outer loop
      vertex 1.4821318152395295 -3.6839195868648513 28
      vertex 1.6440124157964757 -3.4346453217459465 28
      vertex 1.6440124157964757 -3.4346453217459465 0
    endloop
  endfacet
  facet normal -0.629320391049839 0.7771459614569697 0
    outer loop
      vertex 1.875 -3.2475952641916446 28
      vertex 1.875 -3.2475952641916446 0
      vertex 1.6440124157964757 -3.4346453217459465 28
    endloop
  endfacet
  facet normal -0.3583679495452991 0.9335804264972023 0
    outer loop
      vertex 2.1524838937231285 -3.1410791770897464 0
      vertex 1.875 -3.2475952641916446 28
      vertex 2.1524838937231285 -3.1410791770897464 28
    endloop
  endfacet
  facet normal -0.05233595624294285 0.9986295347545738 0
    outer loop
      vertex 2.449302040104271 -3.1255235971870023 0
      vertex 2.1524838937231285 -3.1410791770897464 28
      vertex 2.449302040104271 -3.1255235971870023 28
    endloop
  endfacet
  facet normal 0.2588190451025179 0.965925826289069 0
    outer loop
      vertex 2.478935092785977 -3.1334637497223343 0
      vertex 2.449302040104271 -3.1255235971870023 28
      vertex 2.478935092785977 -3.1334637497223343 28
    endloop
  endfacet
  facet normal 0.6845471059286891 0.7289686274214111 0
    outer loop
      vertex -2.9158745096856467 -2.738188423714754 0
      vertex -2.9158745096856467 -2.738188423714754 28
      vertex -2.5496959589947585 -3.0820529711031575 0
    endloop
  endfacet
  facet normal 0.770513242775789 0.6374239897486899 0
    outer loop
      vertex -2.9158745096856467 -2.738188423714754 0
      vertex -3.23606797749979 -2.3511410091698925 0
      vertex -3.23606797749979 -2.3511410091698925 28
    endloop
  endfacet
  facet normal 0.5877852522924704 0.8090169943749496 0
    outer loop
      vertex -2.5496959589947585 -3.0820529711031575 28
      vertex -2.478935092785977 -3.1334637497223343 0
      vertex -2.5496959589947585 -3.0820529711031575 0
    endloop
  endfacet
  facet normal 0.9510565162951538 0.3090169943749471 0
    outer loop
      vertex -3.719105943553006 -1.4724982107387115 0
      vertex -3.8743326445145243 -0.9947595486594194 0
      vertex -3.8743326445145243 -0.9947595486594194 28
    endloop
  endfacet
  facet normal 0.9048270524660192 0.42577929156507316 0
    outer loop
      vertex -3.505226720175454 -1.9270146964068615 0
      vertex -3.719105943553006 -1.4724982107387115 0
      vertex -3.719105943553006 -1.4724982107387115 28
    endloop
  endfacet
  facet normal 0.8443279255020153 0.5358267949789961 0
    outer loop
      vertex -3.505226720175454 -1.9270146964068615 28
      vertex -3.23606797749979 -2.3511410091698925 0
      vertex -3.505226720175454 -1.9270146964068615 0
    endloop
  endfacet
  facet normal 0.9822872507286887 0.18738131458572452 0
    outer loop
      vertex -3.8743326445145243 -0.9947595486594194 0
      vertex -3.953385873788958 -0.5803480081230072 0
      vertex -3.953385873788958 -0.5803480081230072 28
    endloop
  endfacet
  facet normal 0.3681245526846774 0.9297764858882516 0
    outer loop
      vertex -1.4752726813339159 -3.70951822309652 28
      vertex -1.2360679774997896 -3.804226065180614 0
      vertex -1.4752726813339159 -3.70951822309652 0
    endloop
  endfacet
  facet normal 0.24868988716485502 0.9685831611286312 0
    outer loop
      vertex -1.2360679774997896 -3.804226065180614 0
      vertex -1.2360679774997896 -3.804226065180614 28
      vertex -0.7495252583428993 -3.9291490029147544 0
    endloop
  endfacet
  facet normal 0.12533323356430495 0.9921147013144778 0
    outer loop
      vertex -0.25116207811725505 -3.9921069137130862 0
      vertex -0.7495252583428993 -3.9291490029147544 0
      vertex -0.7495252583428993 -3.9291490029147544 28
    endloop
  endfacet
  facet normal 0 1 0
    outer loop
      vertex -0.25116207811725505 -3.9921069137130862 28
      vertex 0.25116207811725505 -3.9921069137130862 0
      vertex -0.25116207811725505 -3.9921069137130862 0
    endloop
  endfacet
  facet normal 0.8443279255020153 0.5358267949789961 0
    outer loop
      vertex -3.23606797749979 -2.3511410091698925 0
      vertex -3.505226720175454 -1.9270146964068615 28
      vertex -3.23606797749979 -2.3511410091698925 28
    endloop
  endfacet
  facet normal 0.6845471059286891 0.7289686274214111 0
    outer loop
      vertex -2.9158745096856467 -2.738188423714754 28
      vertex -2.5496959589947585 -3.0820529711031575 28
      vertex -2.5496959589947585 -3.0820529711031575 0
    endloop
  endfacet
  facet normal 0.770513242775789 0.6374239897486899 0
    outer loop
      vertex -3.23606797749979 -2.3511410091698925 28
      vertex -2.9158745096856467 -2.738188423714754 28
      vertex -2.9158745096856467 -2.738188423714754 0
    endloop
  endfacet
  facet normal 0.5877852522924704 0.8090169943749496 0
    outer loop
      vertex -2.478935092785977 -3.1334637497223343 28
      vertex -2.478935092785977 -3.1334637497223343 0
      vertex -2.5496959589947585 -3.0820529711031575 28
    endloop
  endfacet
  facet normal 0.9510565162951538 0.3090169943749471 0
    outer loop
      vertex -3.719105943553006 -1.4724982107387115 0
      vertex -3.8743326445145243 -0.9947595486594194 28
      vertex -3.719105943553006 -1.4724982107387115 28
    endloop
  endfacet
  facet normal 0.9048270524660192 0.42577929156507316 0
    outer loop
      vertex -3.719105943553006 -1.4724982107387115 28
      vertex -3.505226720175454 -1.9270146964068615 28
      vertex -3.505226720175454 -1.9270146964068615 0
    endloop
  endfacet
  facet normal 0.9822872507286887 0.18738131458572452 0
    outer loop
      vertex -3.8743326445145243 -0.9947595486594194 0
      vertex -3.953385873788958 -0.5803480081230072 28
      vertex -3.8743326445145243 -0.9947595486594194 28
    endloop
  endfacet
  facet normal 0.3681245526846774 0.9297764858882516 0
    outer loop
      vertex -1.2360679774997896 -3.804226065180614 0
      vertex -1.4752726813339159 -3.70951822309652 28
      vertex -1.2360679774997896 -3.804226065180614 28
    endloop
  endfacet
  facet normal 0.24868988716485502 0.9685831611286312 0
    outer loop
      vertex -1.2360679774997896 -3.804226065180614 28
      vertex -0.7495252583428993 -3.9291490029147544 28
      vertex -0.7495252583428993 -3.9291490029147544 0
    endloop
  endfacet
  facet normal 0.12533323356430495 0.9921147013144778 0
    outer loop
      vertex -0.25116207811725505 -3.9921069137130862 0
      vertex -0.7495252583428993 -3.9291490029147544 28
      vertex -0.25116207811725505 -3.9921069137130862 28
    endloop
  endfacet
  facet normal 0.9822872507286887 -0.18738131458572452 0
    outer loop
      vertex -3.953385873788958 0.5803480081230072 0
      vertex -3.8743326445145243 0.9947595486594194 0
      vertex -3.8743326445145243 0.9947595486594194 28
    endloop
  endfacet
  facet normal 0.9510565162951538 -0.3090169943749471 0
    outer loop
      vertex -3.8743326445145243 0.9947595486594194 0
      vertex -3.719105943553006 1.4724982107387115 0
      vertex -3.719105943553006 1.4724982107387115 28
    endloop
  endfacet
  facet normal 0.9048270524660192 -0.42577929156507316 0
    outer loop
      vertex -3.505226720175454 1.9270146964068615 28
      vertex -3.719105943553006 1.4724982107387115 0
      vertex -3.505226720175454 1.9270146964068615 0
    endloop
  endfacet
  facet normal 0.8443279255020153 -0.5358267949789961 0
    outer loop
      vertex -3.23606797749979 2.3511410091698925 28
      vertex -3.505226720175454 1.9270146964068615 0
      vertex -3.23606797749979 2.3511410091698925 0
    endloop
  endfacet
  facet normal 0.770513242775789 -0.6374239897486899 0
    outer loop
      vertex -3.23606797749979 2.3511410091698925 0
      vertex -2.9158745096856467 2.738188423714754 0
      vertex -2.9158745096856467 2.738188423714754 28
    endloop
  endfacet
  facet normal 0.6845471059286891 -0.7289686274214111 0
    outer loop
      vertex -2.9158745096856467 2.738188423714754 0
      vertex -2.5496959589947585 3.0820529711031575 0
      vertex -2.5496959589947585 3.0820529711031575 28
    endloop
  endfacet
  facet normal 0.5877852522924704 -0.8090169943749496 0
    outer loop
      vertex -2.5496959589947585 3.0820529711031575 0
      vertex -2.478935092785977 3.1334637497223343 0
      vertex -2.478935092785977 3.1334637497223343 28
    endloop
  endfacet
  facet normal 0.3681245526846774 -0.9297764858882516 0
    outer loop
      vertex -1.2360679774997896 3.804226065180614 28
      vertex -1.4752726813339159 3.70951822309652 0
      vertex -1.2360679774997896 3.804226065180614 0
    endloop
  endfacet
  facet normal 0.24868988716485535 -0.968583161128631 0
    outer loop
      vertex -1.2360679774997896 3.804226065180614 0
      vertex -0.7495252583428983 3.929149002914755 0
      vertex -0.7495252583428983 3.929149002914755 28
    endloop
  endfacet
  facet normal 0.12533323356430387 -0.9921147013144779 -4.969565773350451e-18
    outer loop
      vertex -0.251162078117252 3.9921069137130862 28
      vertex -0.7495252583428983 3.929149002914755 0
      vertex -0.2511620781172531 3.9921069137130862 0
    endloop
  endfacet
  facet normal 0.9822872507286887 -0.18738131458572452 0
    outer loop
      vertex -3.953385873788958 0.5803480081230072 0
      vertex -3.8743326445145243 0.9947595486594194 28
      vertex -3.953385873788958 0.5803480081230072 28
    endloop
  endfacet
  facet normal 0.9510565162951538 -0.3090169943749471 0
    outer loop
      vertex -3.8743326445145243 0.9947595486594194 0
      vertex -3.719105943553006 1.4724982107387115 28
      vertex -3.8743326445145243 0.9947595486594194 28
    endloop
  endfacet
  facet normal 0.9048270524660192 -0.42577929156507316 0
    outer loop
      vertex -3.505226720175454 1.9270146964068615 28
      vertex -3.719105943553006 1.4724982107387115 28
      vertex -3.719105943553006 1.4724982107387115 0
    endloop
  endfacet
  facet normal 0.8443279255020153 -0.5358267949789961 0
    outer loop
      vertex -3.23606797749979 2.3511410091698925 28
      vertex -3.505226720175454 1.9270146964068615 28
      vertex -3.505226720175454 1.9270146964068615 0
    endloop
  endfacet
  facet normal 0.770513242775789 -0.6374239897486899 0
    outer loop
      vertex -3.23606797749979 2.3511410091698925 0
      vertex -2.9158745096856467 2.738188423714754 28
      vertex -3.23606797749979 2.3511410091698925 28
    endloop
  endfacet
  facet normal 0.6845471059286891 -0.7289686274214111 0
    outer loop
      vertex -2.9158745096856467 2.738188423714754 0
      vertex -2.5496959589947585 3.0820529711031575 28
      vertex -2.9158745096856467 2.738188423714754 28
    endloop
  endfacet
  facet normal 0.5877852522924704 -0.8090169943749496 0
    outer loop
      vertex -2.5496959589947585 3.0820529711031575 28
      vertex -2.5496959589947585 3.0820529711031575 0
      vertex -2.478935092785977 3.1334637497223343 28
    endloop
  endfacet
  facet normal 0.3681245526846774 -0.9297764858882516 0
    outer loop
      vertex -1.4752726813339159 3.70951822309652 28
      vertex -1.4752726813339159 3.70951822309652 0
      vertex -1.2360679774997896 3.804226065180614 28
    endloop
  endfacet
  facet normal 0.24868988716485535 -0.968583161128631 0
    outer loop
      vertex -1.2360679774997896 3.804226065180614 0
      vertex -0.7495252583428983 3.929149002914755 28
      vertex -1.2360679774997896 3.804226065180614 28
    endloop
  endfacet
  facet normal 0.1253332335643036 -0.9921147013144779 0
    outer loop
      vertex -0.7495252583428983 3.929149002914755 0
      vertex -0.251162078117252 3.9921069137130862 28
      vertex -0.7495252583428983 3.929149002914755 28
    endloop
  endfacet
  facet normal 0 -1 0
    outer loop
      vertex -0.251162078117252 3.9921069137130862 28
      vertex -0.2511620781172531 3.9921069137130862 0
      vertex 0.2511620781172531 3.9921069137130862 28
    endloop
  endfacet
  facet normal -0.12533323356430495 0.9921147013144778 0
    outer loop
      vertex 0.25116207811725505 -3.9921069137130862 28
      vertex 0.7495252583428993 -3.9291490029147544 0
      vertex 0.25116207811725505 -3.9921069137130862 0
    endloop
  endfacet
  facet normal -0.24868988716485502 0.9685831611286312 0
    outer loop
      vertex 1.2360679774997896 -3.804226065180614 0
      vertex 0.7495252583428993 -3.9291490029147544 0
      vertex 0.7495252583428993 -3.9291490029147544 28
    endloop
  endfacet
  facet normal -0.3681245526846774 0.9297764858882516 0
    outer loop
      vertex 1.2360679774997896 -3.804226065180614 28
      vertex 1.4752726813339159 -3.70951822309652 0
      vertex 1.2360679774997896 -3.804226065180614 0
    endloop
  endfacet
  facet normal -0.5877852522924729 0.8090169943749475 0
    outer loop
      vertex 2.478935092785977 -3.1334637497223343 0
      vertex 2.478935092785977 -3.1334637497223343 28
      vertex 2.54969595899476 -3.082052971103156 0
    endloop
  endfacet
  facet normal -0.6845471059286891 0.7289686274214112 0
    outer loop
      vertex 2.9158745096856467 -2.738188423714754 0
      vertex 2.54969595899476 -3.082052971103156 0
      vertex 2.54969595899476 -3.082052971103156 28
    endloop
  endfacet
  facet normal -0.770513242775789 0.6374239897486899 0
    outer loop
      vertex 3.23606797749979 -2.3511410091698925 0
      vertex 2.9158745096856467 -2.738188423714754 0
      vertex 2.9158745096856467 -2.738188423714754 28
    endloop
  endfacet
  facet normal -0.8443279255020153 0.5358267949789961 0
    outer loop
      vertex 3.23606797749979 -2.3511410091698925 28
      vertex 3.505226720175454 -1.9270146964068615 0
      vertex 3.23606797749979 -2.3511410091698925 0
    endloop
  endfacet
  facet normal -0.9048270524660192 0.42577929156507327 0
    outer loop
      vertex 3.719105943553005 -1.4724982107387135 0
      vertex 3.505226720175454 -1.9270146964068615 0
      vertex 3.505226720175454 -1.9270146964068615 28
    endloop
  endfacet
  facet normal -0.9510565162951535 0.30901699437494734 0
    outer loop
      vertex 3.719105943553005 -1.4724982107387135 28
      vertex 3.8743326445145247 -0.9947595486594177 0
      vertex 3.719105943553005 -1.4724982107387135 0
    endloop
  endfacet
  facet normal -0.9822872507286887 0.1873813145857242 0
    outer loop
      vertex 3.8743326445145247 -0.9947595486594177 28
      vertex 3.953385873788958 -0.5803480081230072 0
      vertex 3.8743326445145247 -0.9947595486594177 0
    endloop
  endfacet
  facet normal 0 1 0
    outer loop
      vertex -0.25116207811725505 -3.9921069137130862 28
      vertex 0.25116207811725505 -3.9921069137130862 28
      vertex 0.25116207811725505 -3.9921069137130862 0
    endloop
  endfacet
  facet normal -0.12533323356430495 0.9921147013144778 0
    outer loop
      vertex 0.7495252583428993 -3.9291490029147544 28
      vertex 0.7495252583428993 -3.9291490029147544 0
      vertex 0.25116207811725505 -3.9921069137130862 28
    endloop
  endfacet
  facet normal -0.24868988716485502 0.9685831611286312 0
    outer loop
      vertex 1.2360679774997896 -3.804226065180614 0
      vertex 0.7495252583428993 -3.9291490029147544 28
      vertex 1.2360679774997896 -3.804226065180614 28
    endloop
  endfacet
  facet normal -0.3681245526846774 0.9297764858882516 0
    outer loop
      vertex 1.4752726813339159 -3.70951822309652 0
      vertex 1.2360679774997896 -3.804226065180614 28
      vertex 1.4752726813339159 -3.70951822309652 28
    endloop
  endfacet
  facet normal -0.5877852522924729 0.8090169943749475 0
    outer loop
      vertex 2.54969595899476 -3.082052971103156 0
      vertex 2.478935092785977 -3.1334637497223343 28
      vertex 2.54969595899476 -3.082052971103156 28
    endloop
  endfacet
  facet normal -0.6845471059286891 0.7289686274214112 0
    outer loop
      vertex 2.9158745096856467 -2.738188423714754 28
      vertex 2.9158745096856467 -2.738188423714754 0
      vertex 2.54969595899476 -3.082052971103156 28
    endloop
  endfacet
  facet normal -0.770513242775789 0.6374239897486899 0
    outer loop
      vertex 3.23606797749979 -2.3511410091698925 0
      vertex 2.9158745096856467 -2.738188423714754 28
      vertex 3.23606797749979 -2.3511410091698925 28
    endloop
  endfacet
  facet normal -0.8443279255020153 0.5358267949789961 0
    outer loop
      vertex 3.505226720175454 -1.9270146964068615 0
      vertex 3.23606797749979 -2.3511410091698925 28
      vertex 3.505226720175454 -1.9270146964068615 28
    endloop
  endfacet
  facet normal -0.9048270524660192 0.42577929156507327 0
    outer loop
      vertex 3.505226720175454 -1.9270146964068615 28
      vertex 3.719105943553005 -1.4724982107387135 28
      vertex 3.719105943553005 -1.4724982107387135 0
    endloop
  endfacet
  facet normal -0.9510565162951535 0.30901699437494734 0
    outer loop
      vertex 3.719105943553005 -1.4724982107387135 28
      vertex 3.8743326445145247 -0.9947595486594177 28
      vertex 3.8743326445145247 -0.9947595486594177 0
    endloop
  endfacet
  facet normal -0.9822872507286887 0.1873813145857242 0
    outer loop
      vertex 3.953385873788958 -0.5803480081230072 28
      vertex 3.953385873788958 -0.5803480081230072 0
      vertex 3.8743326445145247 -0.9947595486594177 28
    endloop
  endfacet
  facet normal 0 -1 0
    outer loop
      vertex -0.2511620781172531 3.9921069137130862 0
      vertex 0.251162078117252 3.9921069137130862 0
      vertex 0.2511620781172531 3.9921069137130862 28
    endloop
  endfacet
  facet normal -0.1253332335643036 -0.9921147013144779 0
    outer loop
      vertex 0.251162078117252 3.9921069137130862 0
      vertex 0.7495252583428983 3.929149002914755 0
      vertex 0.7495252583428983 3.929149002914755 28
    endloop
  endfacet
  facet normal -0.24868988716485535 -0.968583161128631 0
    outer loop
      vertex 1.2360679774997896 3.804226065180614 0
      vertex 1.2360679774997896 3.804226065180614 28
      vertex 0.7495252583428983 3.929149002914755 0
    endloop
  endfacet
  facet normal -0.3681245526846774 -0.9297764858882516 0
    outer loop
      vertex 1.2360679774997896 3.804226065180614 0
      vertex 1.4752726813339159 3.70951822309652 0
      vertex 1.4752726813339159 3.70951822309652 28
    endloop
  endfacet
  facet normal -0.9822872507286885 -0.18738131458572568 0
    outer loop
      vertex 3.9533858737889584 0.5803480081230074 28
      vertex 3.8743326445145243 0.9947595486594192 0
      vertex 3.9533858737889584 0.5803480081230074 0
    endloop
  endfacet
  facet normal -0.8443279255020151 -0.5358267949789965 0
    outer loop
      vertex 3.23606797749979 2.3511410091698925 0
      vertex 3.5052267201754543 1.9270146964068613 0
      vertex 3.5052267201754543 1.9270146964068613 28
    endloop
  endfacet
  facet normal -0.9048270524660197 -0.42577929156507216 0
    outer loop
      vertex 3.5052267201754543 1.9270146964068613 0
      vertex 3.7191059435530054 1.472498210738712 0
      vertex 3.7191059435530054 1.472498210738712 28
    endloop
  endfacet
  facet normal -0.9510565162951535 -0.3090169943749475 0
    outer loop
      vertex 3.8743326445145243 0.9947595486594192 0
      vertex 3.8743326445145243 0.9947595486594192 28
      vertex 3.7191059435530054 1.472498210738712 0
    endloop
  endfacet
  facet normal -0.5877852522924745 -0.8090169943749463 0
    outer loop
      vertex 2.549695958994759 3.0820529711031566 0
      vertex 2.549695958994759 3.0820529711031566 28
      vertex 2.478935092785977 3.1334637497223343 0
    endloop
  endfacet
  facet normal -0.7705132427757894 -0.6374239897486895 0
    outer loop
      vertex 2.915874509685646 2.738188423714755 0
      vertex 3.23606797749979 2.3511410091698925 0
      vertex 3.23606797749979 2.3511410091698925 28
    endloop
  endfacet
  facet normal -0.6845471059286882 -0.7289686274214121 0
    outer loop
      vertex 2.549695958994759 3.0820529711031566 0
      vertex 2.915874509685646 2.738188423714755 0
      vertex 2.915874509685646 2.738188423714755 28
    endloop
  endfacet
  facet normal -0.12533323356430387 -0.9921147013144779 4.969565773350451e-18
    outer loop
      vertex 0.251162078117252 3.9921069137130862 0
      vertex 0.7495252583428983 3.929149002914755 28
      vertex 0.2511620781172531 3.9921069137130862 28
    endloop
  endfacet
  facet normal -0.24868988716485535 -0.968583161128631 0
    outer loop
      vertex 1.2360679774997896 3.804226065180614 28
      vertex 0.7495252583428983 3.929149002914755 28
      vertex 0.7495252583428983 3.929149002914755 0
    endloop
  endfacet
  facet normal -0.3681245526846774 -0.9297764858882516 0
    outer loop
      vertex 1.2360679774997896 3.804226065180614 0
      vertex 1.4752726813339159 3.70951822309652 28
      vertex 1.2360679774997896 3.804226065180614 28
    endloop
  endfacet
  facet normal -0.9822872507286885 -0.18738131458572568 0
    outer loop
      vertex 3.8743326445145243 0.9947595486594192 28
      vertex 3.8743326445145243 0.9947595486594192 0
      vertex 3.9533858737889584 0.5803480081230074 28
    endloop
  endfacet
  facet normal -0.9048270524660197 -0.42577929156507216 0
    outer loop
      vertex 3.7191059435530054 1.472498210738712 28
      vertex 3.5052267201754543 1.9270146964068613 28
      vertex 3.5052267201754543 1.9270146964068613 0
    endloop
  endfacet
  facet normal -0.9510565162951535 -0.3090169943749475 0
    outer loop
      vertex 3.8743326445145243 0.9947595486594192 28
      vertex 3.7191059435530054 1.472498210738712 28
      vertex 3.7191059435530054 1.472498210738712 0
    endloop
  endfacet
  facet normal -0.5877852522924745 -0.8090169943749463 0
    outer loop
      vertex 2.478935092785977 3.1334637497223343 0
      vertex 2.549695958994759 3.0820529711031566 28
      vertex 2.478935092785977 3.1334637497223343 28
    endloop
  endfacet
  facet normal -0.7705132427757894 -0.6374239897486895 0
    outer loop
      vertex 3.23606797749979 2.3511410091698925 28
      vertex 2.915874509685646 2.738188423714755 28
      vertex 2.915874509685646 2.738188423714755 0
    endloop
  endfacet
  facet normal -0.6845471059286882 -0.7289686274214121 0
    outer loop
      vertex 2.915874509685646 2.738188423714755 28
      vertex 2.549695958994759 3.0820529711031566 28
      vertex 2.549695958994759 3.0820529711031566 0
    endloop
  endfacet
  facet normal -0.8443279255020151 -0.5358267949789965 0
    outer loop
      vertex 3.23606797749979 2.3511410091698925 0
      vertex 3.5052267201754543 1.9270146964068613 28
      vertex 3.23606797749979 2.3511410091698925 28
    endloop
  endfacet
  facet normal -0.8443279255020151 -0.5358267949789968 0
    outer loop
      vertex -6.876644452187053 -4.996174644486022 0
      vertex -7.44860678037284 -4.094906229864581 28
      vertex -7.44860678037284 -4.094906229864581 0
    endloop
  endfacet
  facet normal -0.770513242775789 -0.63742398974869 0
    outer loop
      vertex -6.876644452187053 -4.996174644486022 0
      vertex -6.196233333081999 -5.818650400393852 0
      vertex -6.876644452187053 -4.996174644486022 28
    endloop
  endfacet
  facet normal -0.5877852522924721 -0.8090169943749481 0
    outer loop
      vertex -5.418103912863862 -6.54936256359421 0
      vertex -4.554527757321472 -7.176787366767127 0
      vertex -4.554527757321472 -7.176787366767127 28
    endloop
  endfacet
  facet normal -0.6845471059286896 -0.7289686274214107 0
    outer loop
      vertex -5.418103912863862 -6.54936256359421 0
      vertex -5.418103912863862 -6.54936256359421 28
      vertex -6.196233333081999 -5.818650400393852 0
    endloop
  endfacet
  facet normal 0 0 -1
    outer loop
      vertex -7.903100130050137 -3.1290586978197616 0
      vertex -8.232956869593364 -2.1138640409012663 0
      vertex -7.903100130050137 3.1290586978197616 0
    endloop
  endfacet
  facet normal 0 0 -1
    outer loop
      vertex -8.232956869593364 -2.1138640409012663 0
      vertex -8.432974961173063 -1.0653324852965846 0
      vertex -8.232956869593364 2.1138640409012663 0
    endloop
  endfacet
  facet normal 0 0 -1
    outer loop
      vertex -7.44860678037284 -4.094906229864581 0
      vertex -7.903100130050137 -3.1290586978197616 0
      vertex -7.44860678037284 4.094906229864581 0
    endloop
  endfacet
  facet normal 0 0 -1
    outer loop
      vertex -6.876644452187053 -4.996174644486022 0
      vertex -7.44860678037284 -4.094906229864581 0
      vertex -6.876644452187053 4.996174644486022 0
    endloop
  endfacet
  facet normal 0 0 -1
    outer loop
      vertex -6.876644452187053 -4.996174644486022 0
      vertex -6.196233333081999 5.818650400393852 0
      vertex -6.196233333081999 -5.818650400393852 0
    endloop
  endfacet
  facet normal 0 0 -1
    outer loop
      vertex -5.418103912863862 -6.54936256359421 0
      vertex -4.554527757321472 7.176787366767127 0
      vertex -4.554527757321472 -7.176787366767127 0
    endloop
  endfacet
  facet normal 0 0 -1
    outer loop
      vertex -5.418103912863862 -6.54936256359421 0
      vertex -6.196233333081999 -5.818650400393852 0
      vertex -5.418103912863862 6.54936256359421 0
    endloop
  endfacet
  facet normal -0.9048270524660196 -0.42577929156507255 0
    outer loop
      vertex -7.44860678037284 -4.094906229864581 0
      vertex -7.903100130050137 -3.1290586978197616 28
      vertex -7.903100130050137 -3.1290586978197616 0
    endloop
  endfacet
  facet normal -0.9510565162951535 -0.30901699437494745 0
    outer loop
      vertex -7.903100130050137 -3.1290586978197616 0
      vertex -8.232956869593364 -2.1138640409012663 28
      vertex -8.232956869593364 -2.1138640409012663 0
    endloop
  endfacet
  facet normal -0.9822872507286884 -0.1873813145857256 0
    outer loop
      vertex -8.232956869593364 -2.1138640409012663 0
      vertex -8.432974961173063 -1.0653324852965846 28
      vertex -8.432974961173063 -1.0653324852965846 0
    endloop
  endfacet
  facet normal -0.9980267284282717 -0.06279051952931243 0
    outer loop
      vertex -8.432974961173063 -1.0653324852965846 0
      vertex -8.5 0 28
      vertex -8.5 0 0
    endloop
  endfacet
  facet normal 0 0 -1
    outer loop
      vertex -4.554527757321472 -7.176787366767127 0
      vertex -3.505226720175454 -1.9270146964068615 0
      vertex -3.619123978303116 -7.691029945961167 0
    endloop
  endfacet
  facet normal 0 0 -1
    outer loop
      vertex -3.619123978303116 -7.691029945961167 0
      vertex -3.23606797749979 -2.3511410091698925 0
      vertex -2.9158745096856467 -2.738188423714754 0
    endloop
  endfacet
  facet normal 0 0 -1
    outer loop
      vertex -3.619123978303116 -7.691029945961167 0
      vertex -2.5496959589947585 -3.0820529711031575 0
      vertex -2.626644452187053 -8.083980388508804 0
    endloop
  endfacet
  facet normal 0 0 -1
    outer loop
      vertex -3.619123978303116 -7.691029945961167 0
      vertex -2.9158745096856467 -2.738188423714754 0
      vertex -2.5496959589947585 -3.0820529711031575 0
    endloop
  endfacet
  facet normal 0 0 -1
    outer loop
      vertex -2.626644452187053 -8.083980388508804 0
      vertex -2.478935092785977 -3.1334637497223343 0
      vertex -2.449302040104271 -3.1255235971870023 0
    endloop
  endfacet
  facet normal 0 0 -1
    outer loop
      vertex -2.626644452187053 -8.083980388508804 0
      vertex -2.449302040104271 -3.1255235971870023 0
      vertex -2.1524838937231285 -3.1410791770897464 0
    endloop
  endfacet
  facet normal 0 0 -1
    outer loop
      vertex -2.626644452187053 -8.083980388508804 0
      vertex -2.1524838937231285 -3.1410791770897464 0
      vertex -1.875 -3.2475952641916446 0
    endloop
  endfacet
  facet normal 0 0 -1
    outer loop
      vertex -2.626644452187053 -8.083980388508804 0
      vertex -2.5496959589947585 -3.0820529711031575 0
      vertex -2.478935092785977 -3.1334637497223343 0
    endloop
  endfacet
  facet normal 0 0 -1
    outer loop
      vertex -2.626644452187053 -8.083980388508804 0
      vertex -1.4821318152395295 -3.6839195868648513 0
      vertex -1.592741173978661 -8.349441631193853 0
    endloop
  endfacet
  facet normal 0 0 -1
    outer loop
      vertex -1.592741173978661 -8.349441631193853 0
      vertex -0.25116207811725505 -3.9921069137130862 0
      vertex -0.533719415999167 -8.483227191640308 0
    endloop
  endfacet
  facet normal 0 0 -1
    outer loop
      vertex -0.533719415999167 -8.483227191640308 0
      vertex -0.25116207811725505 -3.9921069137130862 0
      vertex 0.533719415999167 -8.483227191640308 0
    endloop
  endfacet
  facet normal 0 0 -1
    outer loop
      vertex -1.592741173978661 -8.349441631193853 0
      vertex -1.2360679774997896 -3.804226065180614 0
      vertex -0.7495252583428993 -3.9291490029147544 0
    endloop
  endfacet
  facet normal 0 0 -1
    outer loop
      vertex -2.626644452187053 -8.083980388508804 0
      vertex -1.6440124157964757 -3.4346453217459465 0
      vertex -1.4821318152395295 -3.6839195868648513 0
    endloop
  endfacet
  facet normal 0 0 -1
    outer loop
      vertex -2.626644452187053 -8.083980388508804 0
      vertex -1.875 -3.2475952641916446 0
      vertex -1.6440124157964757 -3.4346453217459465 0
    endloop
  endfacet
  facet normal 0 0 -1
    outer loop
      vertex -1.592741173978661 -8.349441631193853 0
      vertex -1.4821318152395295 -3.6839195868648513 0
      vertex -1.4752726813339159 -3.70951822309652 0
    endloop
  endfacet
  facet normal 0 0 -1
    outer loop
      vertex -1.592741173978661 -8.349441631193853 0
      vertex -1.4752726813339159 -3.70951822309652 0
      vertex -1.2360679774997896 -3.804226065180614 0
    endloop
  endfacet
  facet normal 0 0 -1
    outer loop
      vertex -1.592741173978661 -8.349441631193853 0
      vertex -0.7495252583428993 -3.9291490029147544 0
      vertex -0.25116207811725505 -3.9921069137130862 0
    endloop
  endfacet
  facet normal -0.4817536741017155 -0.8763066800438634 0
    outer loop
      vertex -4.554527757321472 -7.176787366767127 0
      vertex -3.619123978303116 -7.691029945961167 0
      vertex -3.619123978303116 -7.691029945961167 28
    endloop
  endfacet
  facet normal -0.3681245526846769 -0.9297764858882518 0
    outer loop
      vertex -3.619123978303116 -7.691029945961167 0
      vertex -2.626644452187053 -8.083980388508804 0
      vertex -2.626644452187053 -8.083980388508804 28
    endloop
  endfacet
  facet normal -0.2486898871648558 -0.9685831611286309 0
    outer loop
      vertex -2.626644452187053 -8.083980388508804 0
      vertex -1.592741173978661 -8.349441631193853 0
      vertex -1.592741173978661 -8.349441631193853 28
    endloop
  endfacet
  facet normal -0.12533323356430498 -0.9921147013144778 0
    outer loop
      vertex -1.592741173978661 -8.349441631193853 0
      vertex -0.533719415999167 -8.483227191640308 0
      vertex -0.533719415999167 -8.483227191640308 28
    endloop
  endfacet
  facet normal 0 0 -1
    outer loop
      vertex -4.554527757321472 -7.176787366767127 0
      vertex -3.8743326445145243 -0.9947595486594194 0
      vertex -3.719105943553006 -1.4724982107387115 0
    endloop
  endfacet
  facet normal 0 0 -1
    outer loop
      vertex -4.554527757321472 -7.176787366767127 0
      vertex -3.719105943553006 -1.4724982107387115 0
      vertex -3.505226720175454 -1.9270146964068615 0
    endloop
  endfacet
  facet normal 0 0 -1
    outer loop
      vertex -3.619123978303116 -7.691029945961167 0
      vertex -3.505226720175454 -1.9270146964068615 0
      vertex -3.23606797749979 -2.3511410091698925 0
    endloop
  endfacet
  facet normal 0 0 -1
    outer loop
      vertex -4.554527757321472 -7.176787366767127 0
      vertex -3.953385873788958 -0.5803480081230072 0
      vertex -3.8743326445145243 -0.9947595486594194 0
    endloop
  endfacet
  facet normal 0 0 -1
    outer loop
      vertex -4.554527757321472 -7.176787366767127 0
      vertex -3.953385873788958 0.5803480081230072 0
      vertex -3.953385873788958 -0.5803480081230072 0
    endloop
  endfacet
  facet normal 0 0 -1
    outer loop
      vertex -3.953385873788958 -0.5803480081230072 0
      vertex -3.953385873788958 0.5803480081230072 0
      vertex -3.9314338553438004 -0.5583959896778494 0
    endloop
  endfacet
  facet normal 0 0 -1
    outer loop
      vertex -3.7964963095196045 -0.2935661446562 0
      vertex -3.9314338553438004 -0.5583959896778494 0
      vertex -3.7964963095196045 0.2935661446562 0
    endloop
  endfacet
  facet normal -0.770513242775789 -0.63742398974869 0
    outer loop
      vertex -6.196233333081999 -5.818650400393852 0
      vertex -6.196233333081999 -5.818650400393852 28
      vertex -6.876644452187053 -4.996174644486022 28
    endloop
  endfacet
  facet normal -0.8443279255020151 -0.5358267949789968 0
    outer loop
      vertex -6.876644452187053 -4.996174644486022 0
      vertex -6.876644452187053 -4.996174644486022 28
      vertex -7.44860678037284 -4.094906229864581 28
    endloop
  endfacet
  facet normal -0.5877852522924721 -0.8090169943749481 0
    outer loop
      vertex -5.418103912863862 -6.54936256359421 0
      vertex -4.554527757321472 -7.176787366767127 28
      vertex -5.418103912863862 -6.54936256359421 28
    endloop
  endfacet
  facet normal -0.6845471059286896 -0.7289686274214107 0
    outer loop
      vertex -6.196233333081999 -5.818650400393852 0
      vertex -5.418103912863862 -6.54936256359421 28
      vertex -6.196233333081999 -5.818650400393852 28
    endloop
  endfacet
  facet normal -0.9048270524660196 -0.42577929156507255 0
    outer loop
      vertex -7.44860678037284 -4.094906229864581 0
      vertex -7.44860678037284 -4.094906229864581 28
      vertex -7.903100130050137 -3.1290586978197616 28
    endloop
  endfacet
  facet normal -0.9510565162951535 -0.30901699437494745 0
    outer loop
      vertex -7.903100130050137 -3.1290586978197616 0
      vertex -7.903100130050137 -3.1290586978197616 28
      vertex -8.232956869593364 -2.1138640409012663 28
    endloop
  endfacet
  facet normal -0.9822872507286884 -0.1873813145857256 0
    outer loop
      vertex -8.232956869593364 -2.1138640409012663 0
      vertex -8.232956869593364 -2.1138640409012663 28
      vertex -8.432974961173063 -1.0653324852965846 28
    endloop
  endfacet
  facet normal -0.9980267284282717 -0.06279051952931243 0
    outer loop
      vertex -8.432974961173063 -1.0653324852965846 0
      vertex -8.432974961173063 -1.0653324852965846 28
      vertex -8.5 0 28
    endloop
  endfacet
  facet normal 0 0 1
    outer loop
      vertex -7.44860678037284 -4.094906229864581 28
      vertex -7.903100130050137 3.1290586978197616 28
      vertex -7.903100130050137 -3.1290586978197616 28
    endloop
  endfacet
  facet normal 0 0 1
    outer loop
      vertex -8.232956869593364 -2.1138640409012663 28
      vertex -8.432974961173063 1.0653324852965846 28
      vertex -8.432974961173063 -1.0653324852965846 28
    endloop
  endfacet
  facet normal 0 0 1
    outer loop
      vertex -7.903100130050137 -3.1290586978197616 28
      vertex -8.232956869593364 2.1138640409012663 28
      vertex -8.232956869593364 -2.1138640409012663 28
    endloop
  endfacet
  facet normal 0 0 1
    outer loop
      vertex -6.876644452187053 -4.996174644486022 28
      vertex -7.44860678037284 4.094906229864581 28
      vertex -7.44860678037284 -4.094906229864581 28
    endloop
  endfacet
  facet normal 0 0 1
    outer loop
      vertex -6.876644452187053 -4.996174644486022 28
      vertex -6.196233333081999 -5.818650400393852 28
      vertex -6.876644452187053 4.996174644486022 28
    endloop
  endfacet
  facet normal 0 0 1
    outer loop
      vertex -5.418103912863862 -6.54936256359421 28
      vertex -6.196233333081999 5.818650400393852 28
      vertex -6.196233333081999 -5.818650400393852 28
    endloop
  endfacet
  facet normal 0 0 1
    outer loop
      vertex -5.418103912863862 -6.54936256359421 28
      vertex -4.554527757321472 -7.176787366767127 28
      vertex -5.418103912863862 6.54936256359421 28
    endloop
  endfacet
  facet normal -0.3681245526846769 -0.9297764858882518 0
    outer loop
      vertex -3.619123978303116 -7.691029945961167 0
      vertex -2.626644452187053 -8.083980388508804 28
      vertex -3.619123978303116 -7.691029945961167 28
    endloop
  endfacet
  facet normal -0.4817536741017155 -0.8763066800438634 0
    outer loop
      vertex -4.554527757321472 -7.176787366767127 0
      vertex -3.619123978303116 -7.691029945961167 28
      vertex -4.554527757321472 -7.176787366767127 28
    endloop
  endfacet
  facet normal -0.2486898871648558 -0.9685831611286309 0
    outer loop
      vertex -2.626644452187053 -8.083980388508804 0
      vertex -1.592741173978661 -8.349441631193853 28
      vertex -2.626644452187053 -8.083980388508804 28
    endloop
  endfacet
  facet normal -0.12533323356430498 -0.9921147013144778 0
    outer loop
      vertex -1.592741173978661 -8.349441631193853 0
      vertex -0.533719415999167 -8.483227191640308 28
      vertex -1.592741173978661 -8.349441631193853 28
    endloop
  endfacet
  facet normal 0 -1 0
    outer loop
      vertex -0.533719415999167 -8.483227191640308 0
      vertex 0.533719415999167 -8.483227191640308 28
      vertex -0.533719415999167 -8.483227191640308 28
    endloop
  endfacet
  facet normal 0 0 1
    outer loop
      vertex -3.619123978303116 -7.691029945961167 28
      vertex -2.626644452187053 -8.083980388508804 28
      vertex -3.23606797749979 -2.3511410091698925 28
    endloop
  endfacet
  facet normal 0 0 1
    outer loop
      vertex -2.626644452187053 -8.083980388508804 28
      vertex -2.9158745096856467 -2.738188423714754 28
      vertex -3.23606797749979 -2.3511410091698925 28
    endloop
  endfacet
  facet normal 0 0 1
    outer loop
      vertex -2.626644452187053 -8.083980388508804 28
      vertex -2.5496959589947585 -3.0820529711031575 28
      vertex -2.9158745096856467 -2.738188423714754 28
    endloop
  endfacet
  facet normal 0 0 1
    outer loop
      vertex -2.626644452187053 -8.083980388508804 28
      vertex -2.449302040104271 -3.1255235971870023 28
      vertex -2.478935092785977 -3.1334637497223343 28
    endloop
  endfacet
  facet normal 0 0 1
    outer loop
      vertex -2.626644452187053 -8.083980388508804 28
      vertex -2.1524838937231285 -3.1410791770897464 28
      vertex -2.449302040104271 -3.1255235971870023 28
    endloop
  endfacet
  facet normal 0 0 1
    outer loop
      vertex -2.626644452187053 -8.083980388508804 28
      vertex -2.478935092785977 -3.1334637497223343 28
      vertex -2.5496959589947585 -3.0820529711031575 28
    endloop
  endfacet
  facet normal 0 0 1
    outer loop
      vertex -2.626644452187053 -8.083980388508804 28
      vertex -1.592741173978661 -8.349441631193853 28
      vertex -2.1524838937231285 -3.1410791770897464 28
    endloop
  endfacet
  facet normal 0 0 1
    outer loop
      vertex -1.592741173978661 -8.349441631193853 28
      vertex -0.533719415999167 -8.483227191640308 28
      vertex -1.2360679774997896 -3.804226065180614 28
    endloop
  endfacet
  facet normal 0 0 1
    outer loop
      vertex -1.592741173978661 -8.349441631193853 28
      vertex -1.875 -3.2475952641916446 28
      vertex -2.1524838937231285 -3.1410791770897464 28
    endloop
  endfacet
  facet normal 0 0 1
    outer loop
      vertex -1.592741173978661 -8.349441631193853 28
      vertex -1.6440124157964757 -3.4346453217459465 28
      vertex -1.875 -3.2475952641916446 28
    endloop
  endfacet
  facet normal 0 0 1
    outer loop
      vertex -1.592741173978661 -8.349441631193853 28
      vertex -1.4752726813339159 -3.70951822309652 28
      vertex -1.4821318152395295 -3.6839195868648513 28
    endloop
  endfacet
  facet normal 0 0 1
    outer loop
      vertex -1.592741173978661 -8.349441631193853 28
      vertex -1.4821318152395295 -3.6839195868648513 28
      vertex -1.6440124157964757 -3.4346453217459465 28
    endloop
  endfacet
  facet normal 0 0 1
    outer loop
      vertex -1.592741173978661 -8.349441631193853 28
      vertex -1.2360679774997896 -3.804226065180614 28
      vertex -1.4752726813339159 -3.70951822309652 28
    endloop
  endfacet
  facet normal 0 0 1
    outer loop
      vertex -0.533719415999167 -8.483227191640308 28
      vertex -0.7495252583428993 -3.9291490029147544 28
      vertex -1.2360679774997896 -3.804226065180614 28
    endloop
  endfacet
  facet normal 0 0 1
    outer loop
      vertex -0.533719415999167 -8.483227191640308 28
      vertex -0.25116207811725505 -3.9921069137130862 28
      vertex -0.7495252583428993 -3.9291490029147544 28
    endloop
  endfacet
  facet normal 0 0 1
    outer loop
      vertex -0.533719415999167 -8.483227191640308 28
      vertex 0.25116207811725505 -3.9921069137130862 28
      vertex -0.25116207811725505 -3.9921069137130862 28
    endloop
  endfacet
  facet normal 0 0 1
    outer loop
      vertex -3.619123978303116 -7.691029945961167 28
      vertex -3.719105943553006 -1.4724982107387115 28
      vertex -3.8743326445145243 -0.9947595486594194 28
    endloop
  endfacet
  facet normal 0 0 1
    outer loop
      vertex -3.619123978303116 -7.691029945961167 28
      vertex -3.23606797749979 -2.3511410091698925 28
      vertex -3.505226720175454 -1.9270146964068615 28
    endloop
  endfacet
  facet normal 0 0 1
    outer loop
      vertex -3.619123978303116 -7.691029945961167 28
      vertex -3.505226720175454 -1.9270146964068615 28
      vertex -3.719105943553006 -1.4724982107387115 28
    endloop
  endfacet
  facet normal 0 0 1
    outer loop
      vertex -3.619123978303116 -7.691029945961167 28
      vertex -3.8743326445145243 -0.9947595486594194 28
      vertex -3.953385873788958 -0.5803480081230072 28
    endloop
  endfacet
  facet normal 0 0 1
    outer loop
      vertex -4.554527757321472 -7.176787366767127 28
      vertex -3.619123978303116 -7.691029945961167 28
      vertex -4.554527757321472 7.176787366767127 28
    endloop
  endfacet
  facet normal 0 0 1
    outer loop
      vertex -3.619123978303116 -7.691029945961167 28
      vertex -3.953385873788958 -0.5803480081230072 28
      vertex -4.554527757321472 7.176787366767127 28
    endloop
  endfacet
  facet normal 0 0 1
    outer loop
      vertex -3.9314338553438004 -0.5583959896778494 28
      vertex -3.953385873788958 0.5803480081230072 28
      vertex -3.953385873788958 -0.5803480081230072 28
    endloop
  endfacet
  facet normal 0 0 1
    outer loop
      vertex -3.9314338553438004 -0.5583959896778494 28
      vertex -3.7964963095196045 -0.2935661446562 28
      vertex -3.953385873788958 0.5803480081230072 28
    endloop
  endfacet
  facet normal 0 0 -1
    outer loop
      vertex -8.432974961173063 -1.0653324852965846 0
      vertex -8.5 0 0
      vertex -8.432974961173063 1.0653324852965846 0
    endloop
  endfacet
  facet normal 0 0 -1
    outer loop
      vertex -8.432974961173063 -1.0653324852965846 0
      vertex -8.432974961173063 1.0653324852965846 0
      vertex -8.232956869593364 2.1138640409012663 0
    endloop
  endfacet
  facet normal 0 0 -1
    outer loop
      vertex -8.232956869593364 -2.1138640409012663 0
      vertex -8.232956869593364 2.1138640409012663 0
      vertex -7.903100130050137 3.1290586978197616 0
    endloop
  endfacet
  facet normal 0 0 -1
    outer loop
      vertex -7.903100130050137 -3.1290586978197616 0
      vertex -7.903100130050137 3.1290586978197616 0
      vertex -7.44860678037284 4.094906229864581 0
    endloop
  endfacet
  facet normal 0 0 -1
    outer loop
      vertex -7.44860678037284 -4.094906229864581 0
      vertex -7.44860678037284 4.094906229864581 0
      vertex -6.876644452187053 4.996174644486022 0
    endloop
  endfacet
  facet normal 0 0 -1
    outer loop
      vertex -6.876644452187053 -4.996174644486022 0
      vertex -6.876644452187053 4.996174644486022 0
      vertex -6.196233333081999 5.818650400393852 0
    endloop
  endfacet
  facet normal 0 0 -1
    outer loop
      vertex -6.196233333081999 -5.818650400393852 0
      vertex -6.196233333081999 5.818650400393852 0
      vertex -5.418103912863862 6.54936256359421 0
    endloop
  endfacet
  facet normal 0 0 -1
    outer loop
      vertex -5.418103912863862 -6.54936256359421 0
      vertex -5.418103912863862 6.54936256359421 0
      vertex -4.554527757321472 7.176787366767127 0
    endloop
  endfacet
  facet normal -0.9980267284282717 0.06279051952931243 0
    outer loop
      vertex -8.5 0 0
      vertex -8.432974961173063 1.0653324852965846 28
      vertex -8.432974961173063 1.0653324852965846 0
    endloop
  endfacet
  facet normal -0.9822872507286884 0.1873813145857256 0
    outer loop
      vertex -8.432974961173063 1.0653324852965846 0
      vertex -8.232956869593364 2.1138640409012663 28
      vertex -8.232956869593364 2.1138640409012663 0
    endloop
  endfacet
  facet normal -0.9510565162951535 0.30901699437494745 0
    outer loop
      vertex -8.232956869593364 2.1138640409012663 0
      vertex -7.903100130050137 3.1290586978197616 28
      vertex -7.903100130050137 3.1290586978197616 0
    endloop
  endfacet
  facet normal -0.9048270524660196 0.42577929156507255 0
    outer loop
      vertex -7.903100130050137 3.1290586978197616 0
      vertex -7.44860678037284 4.094906229864581 28
      vertex -7.44860678037284 4.094906229864581 0
    endloop
  endfacet
  facet normal -0.8443279255020151 0.5358267949789968 0
    outer loop
      vertex -7.44860678037284 4.094906229864581 0
      vertex -6.876644452187053 4.996174644486022 28
      vertex -6.876644452187053 4.996174644486022 0
    endloop
  endfacet
  facet normal -0.770513242775789 0.63742398974869 0
    outer loop
      vertex -6.876644452187053 4.996174644486022 0
      vertex -6.196233333081999 5.818650400393852 28
      vertex -6.196233333081999 5.818650400393852 0
    endloop
  endfacet
  facet normal -0.6845471059286896 0.7289686274214107 0
    outer loop
      vertex -6.196233333081999 5.818650400393852 0
      vertex -6.196233333081999 5.818650400393852 28
      vertex -5.418103912863862 6.54936256359421 0
    endloop
  endfacet
  facet normal -0.5877852522924721 0.8090169943749481 0
    outer loop
      vertex -5.418103912863862 6.54936256359421 0
      vertex -5.418103912863862 6.54936256359421 28
      vertex -4.554527757321472 7.176787366767127 0
    endloop
  endfacet
  facet normal 0 0 -1
    outer loop
      vertex -4.554527757321472 -7.176787366767127 0
      vertex -3.619123978303118 7.691029945961166 0
      vertex -3.953385873788958 0.5803480081230072 0
    endloop
  endfacet
  facet normal 0 0 -1
    outer loop
      vertex -3.9314338553438004 -0.5583959896778494 0
      vertex -3.9314338553438004 0.5583959896778494 0
      vertex -3.7964963095196045 0.2935661446562 0
    endloop
  endfacet
  facet normal 0 0 -1
    outer loop
      vertex -3.9314338553438004 -0.5583959896778494 0
      vertex -3.953385873788958 0.5803480081230072 0
      vertex -3.9314338553438004 0.5583959896778494 0
    endloop
  endfacet
  facet normal 0 0 -1
    outer loop
      vertex -3.7964963095196045 -0.2935661446562 0
      vertex -3.7964963095196045 0.2935661446562 0
      vertex -3.75 0 0
    endloop
  endfacet
  facet normal 0 0 -1
    outer loop
      vertex -4.554527757321472 -7.176787366767127 0
      vertex -4.554527757321472 7.176787366767127 0
      vertex -3.619123978303118 7.691029945961166 0
    endloop
  endfacet
  facet normal 0 0 -1
    outer loop
      vertex -3.619123978303118 7.691029945961166 0
      vertex -3.8743326445145243 0.9947595486594194 0
      vertex -3.953385873788958 0.5803480081230072 0
    endloop
  endfacet
  facet normal 0 0 -1
    outer loop
      vertex -3.619123978303118 7.691029945961166 0
      vertex -3.719105943553006 1.4724982107387115 0
      vertex -3.8743326445145243 0.9947595486594194 0
    endloop
  endfacet
  facet normal 0 0 -1
    outer loop
      vertex -3.619123978303118 7.691029945961166 0
      vertex -3.505226720175454 1.9270146964068615 0
      vertex -3.719105943553006 1.4724982107387115 0
    endloop
  endfacet
  facet normal 0 0 -1
    outer loop
      vertex -3.619123978303118 7.691029945961166 0
      vertex -3.23606797749979 2.3511410091698925 0
      vertex -3.505226720175454 1.9270146964068615 0
    endloop
  endfacet
  facet normal 0 0 -1
    outer loop
      vertex -2.626644452187053 8.083980388508804 0
      vertex -2.9158745096856467 2.738188423714754 0
      vertex -3.23606797749979 2.3511410091698925 0
    endloop
  endfacet
  facet normal 0 0 -1
    outer loop
      vertex -2.626644452187053 8.083980388508804 0
      vertex -2.5496959589947585 3.0820529711031575 0
      vertex -2.9158745096856467 2.738188423714754 0
    endloop
  endfacet
  facet normal 0 0 -1
    outer loop
      vertex -2.626644452187053 8.083980388508804 0
      vertex -2.478935092785977 3.1334637497223343 0
      vertex -2.5496959589947585 3.0820529711031575 0
    endloop
  endfacet
  facet normal 0 0 -1
    outer loop
      vertex -2.626644452187053 8.083980388508804 0
      vertex -2.449302040104271 3.1255235971870023 0
      vertex -2.478935092785977 3.1334637497223343 0
    endloop
  endfacet
  facet normal 0 0 -1
    outer loop
      vertex -2.626644452187053 8.083980388508804 0
      vertex -2.1524838937231285 3.1410791770897464 0
      vertex -2.449302040104271 3.1255235971870023 0
    endloop
  endfacet
  facet normal 0 0 -1
    outer loop
      vertex -3.619123978303118 7.691029945961166 0
      vertex -2.626644452187053 8.083980388508804 0
      vertex -3.23606797749979 2.3511410091698925 0
    endloop
  endfacet
  facet normal 0 0 -1
    outer loop
      vertex -1.5927411739786588 8.349441631193853 0
      vertex -1.875 3.2475952641916446 0
      vertex -2.1524838937231285 3.1410791770897464 0
    endloop
  endfacet
  facet normal 0 0 -1
    outer loop
      vertex -1.5927411739786588 8.349441631193853 0
      vertex -1.6440124157964757 3.4346453217459465 0
      vertex -1.875 3.2475952641916446 0
    endloop
  endfacet
  facet normal 0 0 -1
    outer loop
      vertex -1.5927411739786588 8.349441631193853 0
      vertex -1.4821318152395295 3.6839195868648513 0
      vertex -1.6440124157964757 3.4346453217459465 0
    endloop
  endfacet
  facet normal 0 0 -1
    outer loop
      vertex -1.5927411739786588 8.349441631193853 0
      vertex -1.4752726813339159 3.70951822309652 0
      vertex -1.4821318152395295 3.6839195868648513 0
    endloop
  endfacet
  facet normal 0 0 -1
    outer loop
      vertex -1.5927411739786588 8.349441631193853 0
      vertex -1.2360679774997896 3.804226065180614 0
      vertex -1.4752726813339159 3.70951822309652 0
    endloop
  endfacet
  facet normal 0 0 -1
    outer loop
      vertex -0.5337194159991628 8.483227191640308 0
      vertex -0.7495252583428983 3.929149002914755 0
      vertex -1.2360679774997896 3.804226065180614 0
    endloop
  endfacet
  facet normal 0 0 -1
    outer loop
      vertex -0.5337194159991628 8.483227191640308 0
      vertex -0.2511620781172531 3.9921069137130862 0
      vertex -0.7495252583428983 3.929149002914755 0
    endloop
  endfacet
  facet normal 0 0 -1
    outer loop
      vertex -0.5337194159991628 8.483227191640308 0
      vertex 0.251162078117252 3.9921069137130862 0
      vertex -0.2511620781172531 3.9921069137130862 0
    endloop
  endfacet
  facet normal 0 0 -1
    outer loop
      vertex -2.626644452187053 8.083980388508804 0
      vertex -1.5927411739786588 8.349441631193853 0
      vertex -2.1524838937231285 3.1410791770897464 0
    endloop
  endfacet
  facet normal 0 0 -1
    outer loop
      vertex -1.5927411739786588 8.349441631193853 0
      vertex -0.5337194159991628 8.483227191640308 0
      vertex -1.2360679774997896 3.804226065180614 0
    endloop
  endfacet
  facet normal -0.4817536741017158 0.8763066800438634 0
    outer loop
      vertex -4.554527757321472 7.176787366767127 0
      vertex -4.554527757321472 7.176787366767127 28
      vertex -3.619123978303118 7.691029945961166 0
    endloop
  endfacet
  facet normal -0.368124552684677 0.9297764858882519 0
    outer loop
      vertex -3.619123978303118 7.691029945961166 0
      vertex -3.619123978303118 7.691029945961166 28
      vertex -2.626644452187053 8.083980388508804 0
    endloop
  endfacet
  facet normal -0.2486898871648553 0.968583161128631 0
    outer loop
      vertex -2.626644452187053 8.083980388508804 0
      vertex -2.626644452187053 8.083980388508804 28
      vertex -1.5927411739786588 8.349441631193853 0
    endloop
  endfacet
  facet normal -0.12533323356430473 0.9921147013144778 0
    outer loop
      vertex -1.5927411739786588 8.349441631193853 0
      vertex -1.5927411739786588 8.349441631193853 28
      vertex -0.5337194159991628 8.483227191640308 0
    endloop
  endfacet
  facet normal 0 1 0
    outer loop
      vertex -0.5337194159991628 8.483227191640308 0
      vertex -0.5337194159991628 8.483227191640308 28
      vertex 0.5337194159991628 8.483227191640308 0
    endloop
  endfacet
  facet normal -0.9980267284282717 0.06279051952931243 0
    outer loop
      vertex -8.5 0 0
      vertex -8.5 0 28
      vertex -8.432974961173063 1.0653324852965846 28
    endloop
  endfacet
  facet normal -0.9822872507286884 0.1873813145857256 0
    outer loop
      vertex -8.432974961173063 1.0653324852965846 0
      vertex -8.432974961173063 1.0653324852965846 28
      vertex -8.232956869593364 2.1138640409012663 28
    endloop
  endfacet
  facet normal -0.9510565162951535 0.30901699437494745 0
    outer loop
      vertex -8.232956869593364 2.1138640409012663 0
      vertex -8.232956869593364 2.1138640409012663 28
      vertex -7.903100130050137 3.1290586978197616 28
    endloop
  endfacet
  facet normal -0.9048270524660196 0.42577929156507255 0
    outer loop
      vertex -7.903100130050137 3.1290586978197616 0
      vertex -7.903100130050137 3.1290586978197616 28
      vertex -7.44860678037284 4.094906229864581 28
    endloop
  endfacet
  facet normal 0 0 1
    outer loop
      vertex -8.432974961173063 -1.0653324852965846 28
      vertex -8.432974961173063 1.0653324852965846 28
      vertex -8.5 0 28
    endloop
  endfacet
  facet normal 0 0 1
    outer loop
      vertex -8.232956869593364 -2.1138640409012663 28
      vertex -8.232956869593364 2.1138640409012663 28
      vertex -8.432974961173063 1.0653324852965846 28
    endloop
  endfacet
  facet normal 0 0 1
    outer loop
      vertex -7.903100130050137 -3.1290586978197616 28
      vertex -7.903100130050137 3.1290586978197616 28
      vertex -8.232956869593364 2.1138640409012663 28
    endloop
  endfacet
  facet normal 0 0 1
    outer loop
      vertex -7.44860678037284 -4.094906229864581 28
      vertex -7.44860678037284 4.094906229864581 28
      vertex -7.903100130050137 3.1290586978197616 28
    endloop
  endfacet
  facet normal 0 0 1
    outer loop
      vertex -6.876644452187053 -4.996174644486022 28
      vertex -6.876644452187053 4.996174644486022 28
      vertex -7.44860678037284 4.094906229864581 28
    endloop
  endfacet
  facet normal 0 0 1
    outer loop
      vertex -6.196233333081999 -5.818650400393852 28
      vertex -6.196233333081999 5.818650400393852 28
      vertex -6.876644452187053 4.996174644486022 28
    endloop
  endfacet
  facet normal 0 0 1
    outer loop
      vertex -5.418103912863862 -6.54936256359421 28
      vertex -5.418103912863862 6.54936256359421 28
      vertex -6.196233333081999 5.818650400393852 28
    endloop
  endfacet
  facet normal 0 0 1
    outer loop
      vertex -4.554527757321472 -7.176787366767127 28
      vertex -4.554527757321472 7.176787366767127 28
      vertex -5.418103912863862 6.54936256359421 28
    endloop
  endfacet
  facet normal -0.8443279255020151 0.5358267949789968 0
    outer loop
      vertex -7.44860678037284 4.094906229864581 0
      vertex -7.44860678037284 4.094906229864581 28
      vertex -6.876644452187053 4.996174644486022 28
    endloop
  endfacet
  facet normal -0.770513242775789 0.63742398974869 0
    outer loop
      vertex -6.876644452187053 4.996174644486022 0
      vertex -6.876644452187053 4.996174644486022 28
      vertex -6.196233333081999 5.818650400393852 28
    endloop
  endfacet
  facet normal -0.6845471059286896 0.7289686274214107 0
    outer loop
      vertex -5.418103912863862 6.54936256359421 0
      vertex -6.196233333081999 5.818650400393852 28
      vertex -5.418103912863862 6.54936256359421 28
    endloop
  endfacet
  facet normal -0.5877852522924721 0.8090169943749481 0
    outer loop
      vertex -4.554527757321472 7.176787366767127 0
      vertex -5.418103912863862 6.54936256359421 28
      vertex -4.554527757321472 7.176787366767127 28
    endloop
  endfacet
  facet normal 0 0 1
    outer loop
      vertex -3.7964963095196045 -0.2935661446562 28
      vertex -3.75 0 28
      vertex -3.953385873788958 0.5803480081230072 28
    endloop
  endfacet
  facet normal 0 0 1
    outer loop
      vertex -3.75 0 28
      vertex -3.9314338553438004 0.5583959896778494 28
      vertex -3.953385873788958 0.5803480081230072 28
    endloop
  endfacet
  facet normal 0 0 1
    outer loop
      vertex -3.75 0 28
      vertex -3.7964963095196045 0.2935661446562 28
      vertex -3.9314338553438004 0.5583959896778494 28
    endloop
  endfacet
  facet normal 0 0 1
    outer loop
      vertex -4.554527757321472 7.176787366767127 28
      vertex -3.953385873788958 -0.5803480081230072 28
      vertex -3.953385873788958 0.5803480081230072 28
    endloop
  endfacet
  facet normal 0 0 1
    outer loop
      vertex -4.554527757321472 7.176787366767127 28
      vertex -3.953385873788958 0.5803480081230072 28
      vertex -3.8743326445145243 0.9947595486594194 28
    endloop
  endfacet
  facet normal 0 0 1
    outer loop
      vertex -4.554527757321472 7.176787366767127 28
      vertex -3.8743326445145243 0.9947595486594194 28
      vertex -3.719105943553006 1.4724982107387115 28
    endloop
  endfacet
  facet normal 0 0 1
    outer loop
      vertex -4.554527757321472 7.176787366767127 28
      vertex -3.719105943553006 1.4724982107387115 28
      vertex -3.505226720175454 1.9270146964068615 28
    endloop
  endfacet
  facet normal 0 0 1
    outer loop
      vertex -3.619123978303118 7.691029945961166 28
      vertex -3.505226720175454 1.9270146964068615 28
      vertex -3.23606797749979 2.3511410091698925 28
    endloop
  endfacet
  facet normal -0.4817536741017158 0.8763066800438634 0
    outer loop
      vertex -3.619123978303118 7.691029945961166 0
      vertex -4.554527757321472 7.176787366767127 28
      vertex -3.619123978303118 7.691029945961166 28
    endloop
  endfacet
  facet normal -0.368124552684677 0.9297764858882519 0
    outer loop
      vertex -2.626644452187053 8.083980388508804 0
      vertex -3.619123978303118 7.691029945961166 28
      vertex -2.626644452187053 8.083980388508804 28
    endloop
  endfacet
  facet normal -0.2486898871648553 0.968583161128631 0
    outer loop
      vertex -1.5927411739786588 8.349441631193853 0
      vertex -2.626644452187053 8.083980388508804 28
      vertex -1.5927411739786588 8.349441631193853 28
    endloop
  endfacet
  facet normal -0.12533323356430473 0.9921147013144778 0
    outer loop
      vertex -0.5337194159991628 8.483227191640308 0
      vertex -1.5927411739786588 8.349441631193853 28
      vertex -0.5337194159991628 8.483227191640308 28
    endloop
  endfacet
  facet normal 0 0 1
    outer loop
      vertex -3.619123978303118 7.691029945961166 28
      vertex -3.23606797749979 2.3511410091698925 28
      vertex -2.9158745096856467 2.738188423714754 28
    endloop
  endfacet
  facet normal 0 0 1
    outer loop
      vertex -4.554527757321472 7.176787366767127 28
      vertex -3.505226720175454 1.9270146964068615 28
      vertex -3.619123978303118 7.691029945961166 28
    endloop
  endfacet
  facet normal 0 0 1
    outer loop
      vertex -3.619123978303118 7.691029945961166 28
      vertex -2.9158745096856467 2.738188423714754 28
      vertex -2.5496959589947585 3.0820529711031575 28
    endloop
  endfacet
  facet normal 0 0 1
    outer loop
      vertex -2.626644452187053 8.083980388508804 28
      vertex -2.5496959589947585 3.0820529711031575 28
      vertex -2.478935092785977 3.1334637497223343 28
    endloop
  endfacet
  facet normal 0 0 1
    outer loop
      vertex -2.626644452187053 8.083980388508804 28
      vertex -2.478935092785977 3.1334637497223343 28
      vertex -2.449302040104271 3.1255235971870023 28
    endloop
  endfacet
  facet normal 0 0 1
    outer loop
      vertex -2.626644452187053 8.083980388508804 28
      vertex -2.449302040104271 3.1255235971870023 28
      vertex -2.1524838937231285 3.1410791770897464 28
    endloop
  endfacet
  facet normal 0 0 1
    outer loop
      vertex -2.626644452187053 8.083980388508804 28
      vertex -2.1524838937231285 3.1410791770897464 28
      vertex -1.875 3.2475952641916446 28
    endloop
  endfacet
  facet normal 0 0 1
    outer loop
      vertex -3.619123978303118 7.691029945961166 28
      vertex -2.5496959589947585 3.0820529711031575 28
      vertex -2.626644452187053 8.083980388508804 28
    endloop
  endfacet
  facet normal 0 0 1
    outer loop
      vertex -2.626644452187053 8.083980388508804 28
      vertex -1.875 3.2475952641916446 28
      vertex -1.6440124157964757 3.4346453217459465 28
    endloop
  endfacet
  facet normal 0 0 1
    outer loop
      vertex -2.626644452187053 8.083980388508804 28
      vertex -1.6440124157964757 3.4346453217459465 28
      vertex -1.4821318152395295 3.6839195868648513 28
    endloop
  endfacet
  facet normal 0 0 1
    outer loop
      vertex -1.5927411739786588 8.349441631193853 28
      vertex -1.4821318152395295 3.6839195868648513 28
      vertex -1.4752726813339159 3.70951822309652 28
    endloop
  endfacet
  facet normal 0 0 1
    outer loop
      vertex -1.5927411739786588 8.349441631193853 28
      vertex -1.4752726813339159 3.70951822309652 28
      vertex -1.2360679774997896 3.804226065180614 28
    endloop
  endfacet
  facet normal 0 0 1
    outer loop
      vertex -1.5927411739786588 8.349441631193853 28
      vertex -1.2360679774997896 3.804226065180614 28
      vertex -0.7495252583428983 3.929149002914755 28
    endloop
  endfacet
  facet normal 0 0 1
    outer loop
      vertex -1.5927411739786588 8.349441631193853 28
      vertex -0.7495252583428983 3.929149002914755 28
      vertex -0.251162078117252 3.9921069137130862 28
    endloop
  endfacet
  facet normal 0 0 1
    outer loop
      vertex -2.626644452187053 8.083980388508804 28
      vertex -1.4821318152395295 3.6839195868648513 28
      vertex -1.5927411739786588 8.349441631193853 28
    endloop
  endfacet
  facet normal 0 0 1
    outer loop
      vertex -1.5927411739786588 8.349441631193853 28
      vertex -0.251162078117252 3.9921069137130862 28
      vertex -0.5337194159991628 8.483227191640308 28
    endloop
  endfacet
  facet normal 0 0 1
    outer loop
      vertex -0.5337194159991628 8.483227191640308 28
      vertex -0.251162078117252 3.9921069137130862 28
      vertex 0.5337194159991628 8.483227191640308 28
    endloop
  endfacet
  facet normal 0 0 -1
    outer loop
      vertex 0.533719415999167 -8.483227191640308 0
      vertex 1.2360679774997896 -3.804226065180614 0
      vertex 1.592741173978661 -8.349441631193853 0
    endloop
  endfacet
  facet normal 0 0 -1
    outer loop
      vertex 1.592741173978661 -8.349441631193853 0
      vertex 2.1524838937231285 -3.1410791770897464 0
      vertex 2.626644452187053 -8.083980388508804 0
    endloop
  endfacet
  facet normal 0 0 -1
    outer loop
      vertex 0.533719415999167 -8.483227191640308 0
      vertex -0.25116207811725505 -3.9921069137130862 0
      vertex 0.25116207811725505 -3.9921069137130862 0
    endloop
  endfacet
  facet normal 0 0 -1
    outer loop
      vertex 0.533719415999167 -8.483227191640308 0
      vertex 0.25116207811725505 -3.9921069137130862 0
      vertex 0.7495252583428993 -3.9291490029147544 0
    endloop
  endfacet
  facet normal 0 0 -1
    outer loop
      vertex 0.533719415999167 -8.483227191640308 0
      vertex 0.7495252583428993 -3.9291490029147544 0
      vertex 1.2360679774997896 -3.804226065180614 0
    endloop
  endfacet
  facet normal 0 0 -1
    outer loop
      vertex 1.592741173978661 -8.349441631193853 0
      vertex 1.2360679774997896 -3.804226065180614 0
      vertex 1.4752726813339159 -3.70951822309652 0
    endloop
  endfacet
  facet normal 0 0 -1
    outer loop
      vertex 1.592741173978661 -8.349441631193853 0
      vertex 1.4752726813339159 -3.70951822309652 0
      vertex 1.4821318152395295 -3.6839195868648513 0
    endloop
  endfacet
  facet normal 0 0 -1
    outer loop
      vertex 1.592741173978661 -8.349441631193853 0
      vertex 1.4821318152395295 -3.6839195868648513 0
      vertex 1.6440124157964757 -3.4346453217459465 0
    endloop
  endfacet
  facet normal 0 0 -1
    outer loop
      vertex 1.592741173978661 -8.349441631193853 0
      vertex 1.6440124157964757 -3.4346453217459465 0
      vertex 1.875 -3.2475952641916446 0
    endloop
  endfacet
  facet normal 0 0 -1
    outer loop
      vertex 1.592741173978661 -8.349441631193853 0
      vertex 1.875 -3.2475952641916446 0
      vertex 2.1524838937231285 -3.1410791770897464 0
    endloop
  endfacet
  facet normal 0 0 -1
    outer loop
      vertex 2.626644452187053 -8.083980388508804 0
      vertex 3.23606797749979 -2.3511410091698925 0
      vertex 3.619123978303116 -7.691029945961167 0
    endloop
  endfacet
  facet normal 0 0 -1
    outer loop
      vertex 2.626644452187053 -8.083980388508804 0
      vertex 2.1524838937231285 -3.1410791770897464 0
      vertex 2.449302040104271 -3.1255235971870023 0
    endloop
  endfacet
  facet normal 0 0 -1
    outer loop
      vertex 2.626644452187053 -8.083980388508804 0
      vertex 2.449302040104271 -3.1255235971870023 0
      vertex 2.478935092785977 -3.1334637497223343 0
    endloop
  endfacet
  facet normal 0 0 -1
    outer loop
      vertex 2.626644452187053 -8.083980388508804 0
      vertex 2.478935092785977 -3.1334637497223343 0
      vertex 2.54969595899476 -3.082052971103156 0
    endloop
  endfacet
  facet normal 0 0 -1
    outer loop
      vertex 2.626644452187053 -8.083980388508804 0
      vertex 2.54969595899476 -3.082052971103156 0
      vertex 2.9158745096856467 -2.738188423714754 0
    endloop
  endfacet
  facet normal 0 0 -1
    outer loop
      vertex 2.626644452187053 -8.083980388508804 0
      vertex 2.9158745096856467 -2.738188423714754 0
      vertex 3.23606797749979 -2.3511410091698925 0
    endloop
  endfacet
  facet normal 0 -1 0
    outer loop
      vertex -0.533719415999167 -8.483227191640308 0
      vertex 0.533719415999167 -8.483227191640308 0
      vertex 0.533719415999167 -8.483227191640308 28
    endloop
  endfacet
  facet normal 0.12533323356430498 -0.9921147013144778 0
    outer loop
      vertex 0.533719415999167 -8.483227191640308 0
      vertex 1.592741173978661 -8.349441631193853 0
      vertex 1.592741173978661 -8.349441631193853 28
    endloop
  endfacet
  facet normal 0.2486898871648558 -0.9685831611286309 0
    outer loop
      vertex 1.592741173978661 -8.349441631193853 0
      vertex 2.626644452187053 -8.083980388508804 0
      vertex 2.626644452187053 -8.083980388508804 28
    endloop
  endfacet
  facet normal 0.3681245526846769 -0.9297764858882518 0
    outer loop
      vertex 2.626644452187053 -8.083980388508804 0
      vertex 3.619123978303116 -7.691029945961167 0
      vertex 3.619123978303116 -7.691029945961167 28
    endloop
  endfacet
  facet normal 0.48175367410171543 -0.8763066800438636 0
    outer loop
      vertex 3.619123978303116 -7.691029945961167 0
      vertex 4.554527757321468 -7.17678736676713 0
      vertex 4.554527757321468 -7.17678736676713 28
    endloop
  endfacet
  facet normal 0 0 -1
    outer loop
      vertex 3.619123978303116 -7.691029945961167 0
      vertex 3.23606797749979 -2.3511410091698925 0
      vertex 3.505226720175454 -1.9270146964068615 0
    endloop
  endfacet
  facet normal 0 0 -1
    outer loop
      vertex 3.619123978303116 -7.691029945961167 0
      vertex 3.505226720175454 -1.9270146964068615 0
      vertex 3.719105943553005 -1.4724982107387135 0
    endloop
  endfacet
  facet normal 0 0 -1
    outer loop
      vertex 3.619123978303116 -7.691029945961167 0
      vertex 3.719105943553005 -1.4724982107387135 0
      vertex 3.8743326445145247 -0.9947595486594177 0
    endloop
  endfacet
  facet normal 0 0 -1
    outer loop
      vertex 3.619123978303116 -7.691029945961167 0
      vertex 3.8743326445145247 -0.9947595486594177 0
      vertex 3.953385873788958 -0.5803480081230072 0
    endloop
  endfacet
  facet normal 0 0 -1
    outer loop
      vertex 3.619123978303116 -7.691029945961167 0
      vertex 4.5545277573214715 7.176787366767128 0
      vertex 4.554527757321468 -7.17678736676713 0
    endloop
  endfacet
  facet normal 0 0 -1
    outer loop
      vertex 3.953385873788958 -0.5803480081230072 0
      vertex 3.9314338553438004 -0.5583959896778494 0
      vertex 3.9533858737889584 0.5803480081230074 0
    endloop
  endfacet
  facet normal 0 0 -1
    outer loop
      vertex 3.9314338553438004 -0.5583959896778494 0
      vertex 3.7964963095196045 -0.2935661446562 0
      vertex 3.9533858737889584 0.5803480081230074 0
    endloop
  endfacet
  facet normal 0 0 -1
    outer loop
      vertex 3.619123978303116 -7.691029945961167 0
      vertex 3.953385873788958 -0.5803480081230072 0
      vertex 4.5545277573214715 7.176787366767128 0
    endloop
  endfacet
  facet normal 0.5877852522924728 -0.8090169943749477 0
    outer loop
      vertex 4.554527757321468 -7.17678736676713 0
      vertex 5.418103912863865 -6.549362563594206 0
      vertex 5.418103912863865 -6.549362563594206 28
    endloop
  endfacet
  facet normal 0.6845471059286892 -0.7289686274214112 0
    outer loop
      vertex 5.418103912863865 -6.549362563594206 0
      vertex 6.196233333081999 -5.818650400393852 0
      vertex 6.196233333081999 -5.818650400393852 28
    endloop
  endfacet
  facet normal 0.770513242775789 -0.63742398974869 0
    outer loop
      vertex 6.196233333081999 -5.818650400393852 0
      vertex 6.876644452187053 -4.996174644486022 0
      vertex 6.196233333081999 -5.818650400393852 28
    endloop
  endfacet
  facet normal 0.8443279255020151 -0.5358267949789968 0
    outer loop
      vertex 6.876644452187053 -4.996174644486022 0
      vertex 7.44860678037284 -4.094906229864581 0
      vertex 6.876644452187053 -4.996174644486022 28
    endloop
  endfacet
  facet normal 0 0 -1
    outer loop
      vertex 4.554527757321468 -7.17678736676713 0
      vertex 5.418103912863863 6.549362563594208 0
      vertex 5.418103912863865 -6.549362563594206 0
    endloop
  endfacet
  facet normal 0 0 -1
    outer loop
      vertex 5.418103912863865 -6.549362563594206 0
      vertex 6.196233333081998 5.818650400393854 0
      vertex 6.196233333081999 -5.818650400393852 0
    endloop
  endfacet
  facet normal 0 0 -1
    outer loop
      vertex 6.196233333081999 -5.818650400393852 0
      vertex 6.876644452187053 4.996174644486022 0
      vertex 6.876644452187053 -4.996174644486022 0
    endloop
  endfacet
  facet normal 0 0 -1
    outer loop
      vertex 6.876644452187053 -4.996174644486022 0
      vertex 7.448606780372841 4.094906229864581 0
      vertex 7.44860678037284 -4.094906229864581 0
    endloop
  endfacet
  facet normal 0 0 -1
    outer loop
      vertex 7.44860678037284 -4.094906229864581 0
      vertex 7.903100130050136 3.129058697819763 0
      vertex 7.903100130050135 -3.129058697819766 0
    endloop
  endfacet
  facet normal 0 0 -1
    outer loop
      vertex 7.903100130050135 -3.129058697819766 0
      vertex 8.232956869593364 2.113864040901266 0
      vertex 8.232956869593366 -2.113864040901263 0
    endloop
  endfacet
  facet normal 0 0 -1
    outer loop
      vertex 8.232956869593366 -2.113864040901263 0
      vertex 8.432974961173063 1.0653324852965862 0
      vertex 8.432974961173063 -1.0653324852965846 0
    endloop
  endfacet
  facet normal 0.9048270524660195 -0.42577929156507277 0
    outer loop
      vertex 7.44860678037284 -4.094906229864581 0
      vertex 7.903100130050135 -3.129058697819766 0
      vertex 7.44860678037284 -4.094906229864581 28
    endloop
  endfacet
  facet normal 0.9510565162951533 -0.3090169943749482 0
    outer loop
      vertex 7.903100130050135 -3.129058697819766 0
      vertex 8.232956869593366 -2.113864040901263 0
      vertex 7.903100130050135 -3.129058697819766 28
    endloop
  endfacet
  facet normal 0.9822872507286887 -0.18738131458572463 0
    outer loop
      vertex 8.232956869593366 -2.113864040901263 0
      vertex 8.432974961173063 -1.0653324852965846 0
      vertex 8.232956869593366 -2.113864040901263 28
    endloop
  endfacet
  facet normal 0.9980267284282717 -0.06279051952931243 0
    outer loop
      vertex 8.432974961173063 -1.0653324852965846 0
      vertex 8.5 0 0
      vertex 8.432974961173063 -1.0653324852965846 28
    endloop
  endfacet
  facet normal 0.12533323356430498 -0.9921147013144778 0
    outer loop
      vertex 0.533719415999167 -8.483227191640308 0
      vertex 1.592741173978661 -8.349441631193853 28
      vertex 0.533719415999167 -8.483227191640308 28
    endloop
  endfacet
  facet normal 0.2486898871648558 -0.9685831611286309 0
    outer loop
      vertex 1.592741173978661 -8.349441631193853 0
      vertex 2.626644452187053 -8.083980388508804 28
      vertex 1.592741173978661 -8.349441631193853 28
    endloop
  endfacet
  facet normal 0.3681245526846769 -0.9297764858882518 0
    outer loop
      vertex 2.626644452187053 -8.083980388508804 0
      vertex 3.619123978303116 -7.691029945961167 28
      vertex 2.626644452187053 -8.083980388508804 28
    endloop
  endfacet
  facet normal 0.48175367410171543 -0.8763066800438636 0
    outer loop
      vertex 3.619123978303116 -7.691029945961167 0
      vertex 4.554527757321468 -7.17678736676713 28
      vertex 3.619123978303116 -7.691029945961167 28
    endloop
  endfacet
  facet normal 0 0 1
    outer loop
      vertex -0.533719415999167 -8.483227191640308 28
      vertex 0.533719415999167 -8.483227191640308 28
      vertex 0.25116207811725505 -3.9921069137130862 28
    endloop
  endfacet
  facet normal 0 0 1
    outer loop
      vertex 0.533719415999167 -8.483227191640308 28
      vertex 1.592741173978661 -8.349441631193853 28
      vertex 0.25116207811725505 -3.9921069137130862 28
    endloop
  endfacet
  facet normal 0 0 1
    outer loop
      vertex 1.592741173978661 -8.349441631193853 28
      vertex 2.626644452187053 -8.083980388508804 28
      vertex 1.4821318152395295 -3.6839195868648513 28
    endloop
  endfacet
  facet normal 0 0 1
    outer loop
      vertex 1.592741173978661 -8.349441631193853 28
      vertex 0.7495252583428993 -3.9291490029147544 28
      vertex 0.25116207811725505 -3.9921069137130862 28
    endloop
  endfacet
  facet normal 0 0 1
    outer loop
      vertex 1.592741173978661 -8.349441631193853 28
      vertex 1.2360679774997896 -3.804226065180614 28
      vertex 0.7495252583428993 -3.9291490029147544 28
    endloop
  endfacet
  facet normal 0 0 1
    outer loop
      vertex 1.592741173978661 -8.349441631193853 28
      vertex 1.4752726813339159 -3.70951822309652 28
      vertex 1.2360679774997896 -3.804226065180614 28
    endloop
  endfacet
  facet normal 0 0 1
    outer loop
      vertex 1.592741173978661 -8.349441631193853 28
      vertex 1.4821318152395295 -3.6839195868648513 28
      vertex 1.4752726813339159 -3.70951822309652 28
    endloop
  endfacet
  facet normal 0 0 1
    outer loop
      vertex 2.626644452187053 -8.083980388508804 28
      vertex 1.6440124157964757 -3.4346453217459465 28
      vertex 1.4821318152395295 -3.6839195868648513 28
    endloop
  endfacet
  facet normal 0 0 1
    outer loop
      vertex 2.626644452187053 -8.083980388508804 28
      vertex 1.875 -3.2475952641916446 28
      vertex 1.6440124157964757 -3.4346453217459465 28
    endloop
  endfacet
  facet normal 0 0 1
    outer loop
      vertex 2.626644452187053 -8.083980388508804 28
      vertex 3.619123978303116 -7.691029945961167 28
      vertex 2.54969595899476 -3.082052971103156 28
    endloop
  endfacet
  facet normal 0 0 1
    outer loop
      vertex 2.626644452187053 -8.083980388508804 28
      vertex 2.1524838937231285 -3.1410791770897464 28
      vertex 1.875 -3.2475952641916446 28
    endloop
  endfacet
  facet normal 0 0 1
    outer loop
      vertex 2.626644452187053 -8.083980388508804 28
      vertex 2.449302040104271 -3.1255235971870023 28
      vertex 2.1524838937231285 -3.1410791770897464 28
    endloop
  endfacet
  facet normal 0 0 1
    outer loop
      vertex 2.626644452187053 -8.083980388508804 28
      vertex 2.478935092785977 -3.1334637497223343 28
      vertex 2.449302040104271 -3.1255235971870023 28
    endloop
  endfacet
  facet normal 0 0 1
    outer loop
      vertex 2.626644452187053 -8.083980388508804 28
      vertex 2.54969595899476 -3.082052971103156 28
      vertex 2.478935092785977 -3.1334637497223343 28
    endloop
  endfacet
  facet normal 0 0 1
    outer loop
      vertex 3.619123978303116 -7.691029945961167 28
      vertex 2.9158745096856467 -2.738188423714754 28
      vertex 2.54969595899476 -3.082052971103156 28
    endloop
  endfacet
  facet normal 0 0 1
    outer loop
      vertex 3.619123978303116 -7.691029945961167 28
      vertex 4.554527757321468 -7.17678736676713 28
      vertex 3.505226720175454 -1.9270146964068615 28
    endloop
  endfacet
  facet normal 0 0 1
    outer loop
      vertex 3.619123978303116 -7.691029945961167 28
      vertex 3.23606797749979 -2.3511410091698925 28
      vertex 2.9158745096856467 -2.738188423714754 28
    endloop
  endfacet
  facet normal 0 0 1
    outer loop
      vertex 3.619123978303116 -7.691029945961167 28
      vertex 3.505226720175454 -1.9270146964068615 28
      vertex 3.23606797749979 -2.3511410091698925 28
    endloop
  endfacet
  facet normal 0 0 1
    outer loop
      vertex 4.554527757321468 -7.17678736676713 28
      vertex 3.719105943553005 -1.4724982107387135 28
      vertex 3.505226720175454 -1.9270146964068615 28
    endloop
  endfacet
  facet normal 0 0 1
    outer loop
      vertex 4.554527757321468 -7.17678736676713 28
      vertex 3.8743326445145247 -0.9947595486594177 28
      vertex 3.719105943553005 -1.4724982107387135 28
    endloop
  endfacet
  facet normal 0 0 1
    outer loop
      vertex 4.554527757321468 -7.17678736676713 28
      vertex 3.953385873788958 -0.5803480081230072 28
      vertex 3.8743326445145247 -0.9947595486594177 28
    endloop
  endfacet
  facet normal 0 0 1
    outer loop
      vertex 4.554527757321468 -7.17678736676713 28
      vertex 3.9533858737889584 0.5803480081230074 28
      vertex 3.953385873788958 -0.5803480081230072 28
    endloop
  endfacet
  facet normal 0 0 1
    outer loop
      vertex 3.9314338553438004 -0.5583959896778494 28
      vertex 3.75 0 28
      vertex 3.7964963095196045 -0.2935661446562 28
    endloop
  endfacet
  facet normal 0 0 1
    outer loop
      vertex 3.953385873788958 -0.5803480081230072 28
      vertex 3.75 0 28
      vertex 3.9314338553438004 -0.5583959896778494 28
    endloop
  endfacet
  facet normal 0 0 1
    outer loop
      vertex 3.953385873788958 -0.5803480081230072 28
      vertex 3.7964963095196045 0.2935661446562 28
      vertex 3.75 0 28
    endloop
  endfacet
  facet normal 0.5877852522924728 -0.8090169943749477 0
    outer loop
      vertex 4.554527757321468 -7.17678736676713 0
      vertex 5.418103912863865 -6.549362563594206 28
      vertex 4.554527757321468 -7.17678736676713 28
    endloop
  endfacet
  facet normal 0.6845471059286892 -0.7289686274214112 0
    outer loop
      vertex 5.418103912863865 -6.549362563594206 0
      vertex 6.196233333081999 -5.818650400393852 28
      vertex 5.418103912863865 -6.549362563594206 28
    endloop
  endfacet
  facet normal 0.770513242775789 -0.63742398974869 0
    outer loop
      vertex 6.876644452187053 -4.996174644486022 0
      vertex 6.876644452187053 -4.996174644486022 28
      vertex 6.196233333081999 -5.818650400393852 28
    endloop
  endfacet
  facet normal 0.8443279255020151 -0.5358267949789968 0
    outer loop
      vertex 7.44860678037284 -4.094906229864581 0
      vertex 7.44860678037284 -4.094906229864581 28
      vertex 6.876644452187053 -4.996174644486022 28
    endloop
  endfacet
  facet normal 0.9048270524660195 -0.42577929156507277 0
    outer loop
      vertex 7.903100130050135 -3.129058697819766 0
      vertex 7.903100130050135 -3.129058697819766 28
      vertex 7.44860678037284 -4.094906229864581 28
    endloop
  endfacet
  facet normal 0.9510565162951533 -0.3090169943749482 0
    outer loop
      vertex 8.232956869593366 -2.113864040901263 0
      vertex 8.232956869593366 -2.113864040901263 28
      vertex 7.903100130050135 -3.129058697819766 28
    endloop
  endfacet
  facet normal 0.9822872507286887 -0.18738131458572463 0
    outer loop
      vertex 8.432974961173063 -1.0653324852965846 0
      vertex 8.432974961173063 -1.0653324852965846 28
      vertex 8.232956869593366 -2.113864040901263 28
    endloop
  endfacet
  facet normal 0.9980267284282717 -0.06279051952931243 0
    outer loop
      vertex 8.432974961173063 -1.0653324852965846 28
      vertex 8.5 0 0
      vertex 8.5 0 28
    endloop
  endfacet
  facet normal 0 0 1
    outer loop
      vertex 4.554527757321468 -7.17678736676713 28
      vertex 5.418103912863865 -6.549362563594206 28
      vertex 4.5545277573214715 7.176787366767128 28
    endloop
  endfacet
  facet normal 0 0 1
    outer loop
      vertex 5.418103912863865 -6.549362563594206 28
      vertex 6.196233333081999 -5.818650400393852 28
      vertex 5.418103912863863 6.549362563594208 28
    endloop
  endfacet
  facet normal 0 0 1
    outer loop
      vertex 6.196233333081999 -5.818650400393852 28
      vertex 6.876644452187053 -4.996174644486022 28
      vertex 6.196233333081998 5.818650400393854 28
    endloop
  endfacet
  facet normal 0 0 1
    outer loop
      vertex 6.876644452187053 -4.996174644486022 28
      vertex 7.44860678037284 -4.094906229864581 28
      vertex 6.876644452187053 4.996174644486022 28
    endloop
  endfacet
  facet normal 0 0 1
    outer loop
      vertex 7.44860678037284 -4.094906229864581 28
      vertex 7.903100130050135 -3.129058697819766 28
      vertex 7.448606780372841 4.094906229864581 28
    endloop
  endfacet
  facet normal 0 0 1
    outer loop
      vertex 7.903100130050135 -3.129058697819766 28
      vertex 8.232956869593366 -2.113864040901263 28
      vertex 7.903100130050136 3.129058697819763 28
    endloop
  endfacet
  facet normal 0 0 1
    outer loop
      vertex 8.232956869593366 -2.113864040901263 28
      vertex 8.432974961173063 -1.0653324852965846 28
      vertex 8.232956869593364 2.113864040901266 28
    endloop
  endfacet
  facet normal 0 0 -1
    outer loop
      vertex 3.7964963095196045 -0.2935661446562 0
      vertex 3.75 0 0
      vertex 3.7964963095196045 0.2935661446562 0
    endloop
  endfacet
  facet normal 0 0 -1
    outer loop
      vertex 3.7964963095196045 -0.2935661446562 0
      vertex 3.7964963095196045 0.2935661446562 0
      vertex 3.9314338553438004 0.5583959896778494 0
    endloop
  endfacet
  facet normal 0 0 -1
    outer loop
      vertex 3.7964963095196045 -0.2935661446562 0
      vertex 3.9314338553438004 0.5583959896778494 0
      vertex 3.9533858737889584 0.5803480081230074 0
    endloop
  endfacet
  facet normal 0 0 -1
    outer loop
      vertex 4.5545277573214715 7.176787366767128 0
      vertex 3.953385873788958 -0.5803480081230072 0
      vertex 3.9533858737889584 0.5803480081230074 0
    endloop
  endfacet
  facet normal 0 0 -1
    outer loop
      vertex 4.5545277573214715 7.176787366767128 0
      vertex 3.9533858737889584 0.5803480081230074 0
      vertex 3.8743326445145243 0.9947595486594192 0
    endloop
  endfacet
  facet normal 0 0 -1
    outer loop
      vertex 3.619123978303118 7.691029945961166 0
      vertex 3.5052267201754543 1.9270146964068613 0
      vertex 3.23606797749979 2.3511410091698925 0
    endloop
  endfacet
  facet normal 0 0 -1
    outer loop
      vertex 4.5545277573214715 7.176787366767128 0
      vertex 3.7191059435530054 1.472498210738712 0
      vertex 3.5052267201754543 1.9270146964068613 0
    endloop
  endfacet
  facet normal 0 0 -1
    outer loop
      vertex 4.5545277573214715 7.176787366767128 0
      vertex 3.8743326445145243 0.9947595486594192 0
      vertex 3.7191059435530054 1.472498210738712 0
    endloop
  endfacet
  facet normal 0 0 -1
    outer loop
      vertex 1.5927411739786588 8.349441631193853 0
      vertex 0.7495252583428983 3.929149002914755 0
      vertex 0.251162078117252 3.9921069137130862 0
    endloop
  endfacet
  facet normal 0 0 -1
    outer loop
      vertex 1.5927411739786588 8.349441631193853 0
      vertex 1.4752726813339159 3.70951822309652 0
      vertex 1.2360679774997896 3.804226065180614 0
    endloop
  endfacet
  facet normal 0 0 -1
    outer loop
      vertex 1.5927411739786588 8.349441631193853 0
      vertex 1.4821318152395295 3.6839195868648513 0
      vertex 1.4752726813339159 3.70951822309652 0
    endloop
  endfacet
  facet normal 0 0 -1
    outer loop
      vertex 2.626644452187053 8.083980388508804 0
      vertex 1.875 3.2475952641916446 0
      vertex 1.6440124157964757 3.4346453217459465 0
    endloop
  endfacet
  facet normal 0 0 -1
    outer loop
      vertex 2.626644452187053 8.083980388508804 0
      vertex 1.6440124157964757 3.4346453217459465 0
      vertex 1.4821318152395295 3.6839195868648513 0
    endloop
  endfacet
  facet normal 0 0 -1
    outer loop
      vertex 1.5927411739786588 8.349441631193853 0
      vertex 1.2360679774997896 3.804226065180614 0
      vertex 0.7495252583428983 3.929149002914755 0
    endloop
  endfacet
  facet normal 0 0 -1
    outer loop
      vertex -0.5337194159991628 8.483227191640308 0
      vertex 0.5337194159991628 8.483227191640308 0
      vertex 0.251162078117252 3.9921069137130862 0
    endloop
  endfacet
  facet normal 0 0 -1
    outer loop
      vertex 0.5337194159991628 8.483227191640308 0
      vertex 1.5927411739786588 8.349441631193853 0
      vertex 0.251162078117252 3.9921069137130862 0
    endloop
  endfacet
  facet normal 0 0 -1
    outer loop
      vertex 1.5927411739786588 8.349441631193853 0
      vertex 2.626644452187053 8.083980388508804 0
      vertex 1.4821318152395295 3.6839195868648513 0
    endloop
  endfacet
  facet normal 0 0 -1
    outer loop
      vertex 2.626644452187053 8.083980388508804 0
      vertex 2.549695958994759 3.0820529711031566 0
      vertex 2.478935092785977 3.1334637497223343 0
    endloop
  endfacet
  facet normal 0 0 -1
    outer loop
      vertex 2.626644452187053 8.083980388508804 0
      vertex 2.1524838937231285 3.1410791770897464 0
      vertex 1.875 3.2475952641916446 0
    endloop
  endfacet
  facet normal 0 0 -1
    outer loop
      vertex 2.626644452187053 8.083980388508804 0
      vertex 2.449302040104271 3.1255235971870023 0
      vertex 2.1524838937231285 3.1410791770897464 0
    endloop
  endfacet
  facet normal 0 0 -1
    outer loop
      vertex 2.626644452187053 8.083980388508804 0
      vertex 2.478935092785977 3.1334637497223343 0
      vertex 2.449302040104271 3.1255235971870023 0
    endloop
  endfacet
  facet normal 0 0 -1
    outer loop
      vertex 3.619123978303118 7.691029945961166 0
      vertex 2.915874509685646 2.738188423714755 0
      vertex 2.549695958994759 3.0820529711031566 0
    endloop
  endfacet
  facet normal 0 0 -1
    outer loop
      vertex 2.626644452187053 8.083980388508804 0
      vertex 3.619123978303118 7.691029945961166 0
      vertex 2.549695958994759 3.0820529711031566 0
    endloop
  endfacet
  facet normal 0 0 -1
    outer loop
      vertex 3.619123978303118 7.691029945961166 0
      vertex 3.23606797749979 2.3511410091698925 0
      vertex 2.915874509685646 2.738188423714755 0
    endloop
  endfacet
  facet normal 0 0 -1
    outer loop
      vertex 3.619123978303118 7.691029945961166 0
      vertex 4.5545277573214715 7.176787366767128 0
      vertex 3.5052267201754543 1.9270146964068613 0
    endloop
  endfacet
  facet normal 0.12533323356430473 0.9921147013144778 0
    outer loop
      vertex 0.5337194159991628 8.483227191640308 0
      vertex 0.5337194159991628 8.483227191640308 28
      vertex 1.5927411739786588 8.349441631193853 0
    endloop
  endfacet
  facet normal 0.2486898871648553 0.968583161128631 0
    outer loop
      vertex 1.5927411739786588 8.349441631193853 0
      vertex 1.5927411739786588 8.349441631193853 28
      vertex 2.626644452187053 8.083980388508804 0
    endloop
  endfacet
  facet normal 0.368124552684677 0.9297764858882519 0
    outer loop
      vertex 2.626644452187053 8.083980388508804 0
      vertex 2.626644452187053 8.083980388508804 28
      vertex 3.619123978303118 7.691029945961166 0
    endloop
  endfacet
  facet normal 0.4817536741017155 0.8763066800438636 0
    outer loop
      vertex 3.619123978303118 7.691029945961166 0
      vertex 3.619123978303118 7.691029945961166 28
      vertex 4.5545277573214715 7.176787366767128 0
    endloop
  endfacet
  facet normal 0 0 -1
    outer loop
      vertex 5.418103912863865 -6.549362563594206 0
      vertex 5.418103912863863 6.549362563594208 0
      vertex 6.196233333081998 5.818650400393854 0
    endloop
  endfacet
  facet normal 0 0 -1
    outer loop
      vertex 4.554527757321468 -7.17678736676713 0
      vertex 4.5545277573214715 7.176787366767128 0
      vertex 5.418103912863863 6.549362563594208 0
    endloop
  endfacet
  facet normal 0 0 -1
    outer loop
      vertex 6.196233333081999 -5.818650400393852 0
      vertex 6.196233333081998 5.818650400393854 0
      vertex 6.876644452187053 4.996174644486022 0
    endloop
  endfacet
  facet normal 0 0 -1
    outer loop
      vertex 6.876644452187053 -4.996174644486022 0
      vertex 6.876644452187053 4.996174644486022 0
      vertex 7.448606780372841 4.094906229864581 0
    endloop
  endfacet
  facet normal 0 0 -1
    outer loop
      vertex 7.44860678037284 -4.094906229864581 0
      vertex 7.448606780372841 4.094906229864581 0
      vertex 7.903100130050136 3.129058697819763 0
    endloop
  endfacet
  facet normal 0 0 -1
    outer loop
      vertex 8.432974961173063 -1.0653324852965846 0
      vertex 8.432974961173063 1.0653324852965862 0
      vertex 8.5 0 0
    endloop
  endfacet
  facet normal 0 0 -1
    outer loop
      vertex 8.232956869593366 -2.113864040901263 0
      vertex 8.232956869593364 2.113864040901266 0
      vertex 8.432974961173063 1.0653324852965862 0
    endloop
  endfacet
  facet normal 0 0 -1
    outer loop
      vertex 7.903100130050135 -3.129058697819766 0
      vertex 7.903100130050136 3.129058697819763 0
      vertex 8.232956869593364 2.113864040901266 0
    endloop
  endfacet
  facet normal 0.9980267284282717 0.06279051952931235 0
    outer loop
      vertex 8.5 0 0
      vertex 8.432974961173063 1.0653324852965862 0
      vertex 8.5 0 28
    endloop
  endfacet
  facet normal 0.9822872507286884 0.18738131458572593 0
    outer loop
      vertex 8.432974961173063 1.0653324852965862 0
      vertex 8.232956869593364 2.113864040901266 0
      vertex 8.432974961173063 1.0653324852965862 28
    endloop
  endfacet
  facet normal 0.9510565162951535 0.30901699437494773 0
    outer loop
      vertex 8.232956869593364 2.113864040901266 0
      vertex 7.903100130050136 3.129058697819763 0
      vertex 8.232956869593364 2.113864040901266 28
    endloop
  endfacet
  facet normal 0.90482705246602 0.42577929156507166 0
    outer loop
      vertex 7.903100130050136 3.129058697819763 0
      vertex 7.448606780372841 4.094906229864581 0
      vertex 7.903100130050136 3.129058697819763 28
    endloop
  endfacet
  facet normal 0.6845471059286887 0.7289686274214116 0
    outer loop
      vertex 6.196233333081998 5.818650400393854 0
      vertex 5.418103912863863 6.549362563594208 0
      vertex 5.418103912863863 6.549362563594208 28
    endloop
  endfacet
  facet normal 0.587785252292473 0.8090169943749475 0
    outer loop
      vertex 4.5545277573214715 7.176787366767128 0
      vertex 4.5545277573214715 7.176787366767128 28
      vertex 5.418103912863863 6.549362563594208 0
    endloop
  endfacet
  facet normal 0.7705132427757893 0.6374239897486896 0
    outer loop
      vertex 6.196233333081998 5.818650400393854 0
      vertex 6.876644452187053 4.996174644486022 28
      vertex 6.876644452187053 4.996174644486022 0
    endloop
  endfacet
  facet normal 0.8443279255020147 0.5358267949789973 0
    outer loop
      vertex 7.448606780372841 4.094906229864581 0
      vertex 6.876644452187053 4.996174644486022 0
      vertex 7.448606780372841 4.094906229864581 28
    endloop
  endfacet
  facet normal 0 0 1
    outer loop
      vertex 3.953385873788958 -0.5803480081230072 28
      vertex 3.9314338553438004 0.5583959896778494 28
      vertex 3.7964963095196045 0.2935661446562 28
    endloop
  endfacet
  facet normal 0 0 1
    outer loop
      vertex 3.953385873788958 -0.5803480081230072 28
      vertex 3.9533858737889584 0.5803480081230074 28
      vertex 3.9314338553438004 0.5583959896778494 28
    endloop
  endfacet
  facet normal 0 0 1
    outer loop
      vertex 4.554527757321468 -7.17678736676713 28
      vertex 3.619123978303118 7.691029945961166 28
      vertex 3.9533858737889584 0.5803480081230074 28
    endloop
  endfacet
  facet normal 0 0 1
    outer loop
      vertex 4.554527757321468 -7.17678736676713 28
      vertex 4.5545277573214715 7.176787366767128 28
      vertex 3.619123978303118 7.691029945961166 28
    endloop
  endfacet
  facet normal 0 0 1
    outer loop
      vertex 3.619123978303118 7.691029945961166 28
      vertex 3.8743326445145243 0.9947595486594192 28
      vertex 3.9533858737889584 0.5803480081230074 28
    endloop
  endfacet
  facet normal 0 0 1
    outer loop
      vertex 3.619123978303118 7.691029945961166 28
      vertex 3.5052267201754543 1.9270146964068613 28
      vertex 3.7191059435530054 1.472498210738712 28
    endloop
  endfacet
  facet normal 0 0 1
    outer loop
      vertex 3.619123978303118 7.691029945961166 28
      vertex 3.23606797749979 2.3511410091698925 28
      vertex 3.5052267201754543 1.9270146964068613 28
    endloop
  endfacet
  facet normal 0 0 1
    outer loop
      vertex 3.619123978303118 7.691029945961166 28
      vertex 3.7191059435530054 1.472498210738712 28
      vertex 3.8743326445145243 0.9947595486594192 28
    endloop
  endfacet
  facet normal 0 1 0
    outer loop
      vertex -0.5337194159991628 8.483227191640308 28
      vertex 0.5337194159991628 8.483227191640308 28
      vertex 0.5337194159991628 8.483227191640308 0
    endloop
  endfacet
  facet normal 0.12533323356430473 0.9921147013144778 0
    outer loop
      vertex 1.5927411739786588 8.349441631193853 0
      vertex 0.5337194159991628 8.483227191640308 28
      vertex 1.5927411739786588 8.349441631193853 28
    endloop
  endfacet
  facet normal 0.2486898871648553 0.968583161128631 0
    outer loop
      vertex 2.626644452187053 8.083980388508804 0
      vertex 1.5927411739786588 8.349441631193853 28
      vertex 2.626644452187053 8.083980388508804 28
    endloop
  endfacet
  facet normal 0.4817536741017155 0.8763066800438636 0
    outer loop
      vertex 4.5545277573214715 7.176787366767128 0
      vertex 3.619123978303118 7.691029945961166 28
      vertex 4.5545277573214715 7.176787366767128 28
    endloop
  endfacet
  facet normal 0.368124552684677 0.9297764858882519 0
    outer loop
      vertex 3.619123978303118 7.691029945961166 0
      vertex 2.626644452187053 8.083980388508804 28
      vertex 3.619123978303118 7.691029945961166 28
    endloop
  endfacet
  facet normal 0 0 1
    outer loop
      vertex 0.5337194159991628 8.483227191640308 28
      vertex -0.251162078117252 3.9921069137130862 28
      vertex 0.2511620781172531 3.9921069137130862 28
    endloop
  endfacet
  facet normal 0 0 1
    outer loop
      vertex 0.5337194159991628 8.483227191640308 28
      vertex 0.2511620781172531 3.9921069137130862 28
      vertex 0.7495252583428983 3.929149002914755 28
    endloop
  endfacet
  facet normal 0 0 1
    outer loop
      vertex 0.5337194159991628 8.483227191640308 28
      vertex 0.7495252583428983 3.929149002914755 28
      vertex 1.2360679774997896 3.804226065180614 28
    endloop
  endfacet
  facet normal 0 0 1
    outer loop
      vertex 1.5927411739786588 8.349441631193853 28
      vertex 1.2360679774997896 3.804226065180614 28
      vertex 1.4752726813339159 3.70951822309652 28
    endloop
  endfacet
  facet normal 0 0 1
    outer loop
      vertex 1.5927411739786588 8.349441631193853 28
      vertex 1.4821318152395295 3.6839195868648513 28
      vertex 1.6440124157964757 3.4346453217459465 28
    endloop
  endfacet
  facet normal 0 0 1
    outer loop
      vertex 1.5927411739786588 8.349441631193853 28
      vertex 1.4752726813339159 3.70951822309652 28
      vertex 1.4821318152395295 3.6839195868648513 28
    endloop
  endfacet
  facet normal 0 0 1
    outer loop
      vertex 1.5927411739786588 8.349441631193853 28
      vertex 1.6440124157964757 3.4346453217459465 28
      vertex 1.875 3.2475952641916446 28
    endloop
  endfacet
  facet normal 0 0 1
    outer loop
      vertex 1.5927411739786588 8.349441631193853 28
      vertex 1.875 3.2475952641916446 28
      vertex 2.1524838937231285 3.1410791770897464 28
    endloop
  endfacet
  facet normal 0 0 1
    outer loop
      vertex 0.5337194159991628 8.483227191640308 28
      vertex 1.2360679774997896 3.804226065180614 28
      vertex 1.5927411739786588 8.349441631193853 28
    endloop
  endfacet
  facet normal 0 0 1
    outer loop
      vertex 1.5927411739786588 8.349441631193853 28
      vertex 2.1524838937231285 3.1410791770897464 28
      vertex 2.626644452187053 8.083980388508804 28
    endloop
  endfacet
  facet normal 0 0 1
    outer loop
      vertex 2.626644452187053 8.083980388508804 28
      vertex 2.478935092785977 3.1334637497223343 28
      vertex 2.549695958994759 3.0820529711031566 28
    endloop
  endfacet
  facet normal 0 0 1
    outer loop
      vertex 2.626644452187053 8.083980388508804 28
      vertex 2.1524838937231285 3.1410791770897464 28
      vertex 2.449302040104271 3.1255235971870023 28
    endloop
  endfacet
  facet normal 0 0 1
    outer loop
      vertex 2.626644452187053 8.083980388508804 28
      vertex 2.449302040104271 3.1255235971870023 28
      vertex 2.478935092785977 3.1334637497223343 28
    endloop
  endfacet
  facet normal 0 0 1
    outer loop
      vertex 2.626644452187053 8.083980388508804 28
      vertex 2.549695958994759 3.0820529711031566 28
      vertex 2.915874509685646 2.738188423714755 28
    endloop
  endfacet
  facet normal 0 0 1
    outer loop
      vertex 2.626644452187053 8.083980388508804 28
      vertex 2.915874509685646 2.738188423714755 28
      vertex 3.23606797749979 2.3511410091698925 28
    endloop
  endfacet
  facet normal 0 0 1
    outer loop
      vertex 2.626644452187053 8.083980388508804 28
      vertex 3.23606797749979 2.3511410091698925 28
      vertex 3.619123978303118 7.691029945961166 28
    endloop
  endfacet
  facet normal 0.9980267284282717 0.06279051952931235 0
    outer loop
      vertex 8.432974961173063 1.0653324852965862 0
      vertex 8.432974961173063 1.0653324852965862 28
      vertex 8.5 0 28
    endloop
  endfacet
  facet normal 0.9822872507286884 0.18738131458572593 0
    outer loop
      vertex 8.232956869593364 2.113864040901266 0
      vertex 8.232956869593364 2.113864040901266 28
      vertex 8.432974961173063 1.0653324852965862 28
    endloop
  endfacet
  facet normal 0.9510565162951535 0.30901699437494773 0
    outer loop
      vertex 7.903100130050136 3.129058697819763 0
      vertex 7.903100130050136 3.129058697819763 28
      vertex 8.232956869593364 2.113864040901266 28
    endloop
  endfacet
  facet normal 0.90482705246602 0.42577929156507166 0
    outer loop
      vertex 7.448606780372841 4.094906229864581 0
      vertex 7.448606780372841 4.094906229864581 28
      vertex 7.903100130050136 3.129058697819763 28
    endloop
  endfacet
  facet normal 0 0 1
    outer loop
      vertex 5.418103912863865 -6.549362563594206 28
      vertex 5.418103912863863 6.549362563594208 28
      vertex 4.5545277573214715 7.176787366767128 28
    endloop
  endfacet
  facet normal 0 0 1
    outer loop
      vertex 6.196233333081999 -5.818650400393852 28
      vertex 6.196233333081998 5.818650400393854 28
      vertex 5.418103912863863 6.549362563594208 28
    endloop
  endfacet
  facet normal 0 0 1
    outer loop
      vertex 6.876644452187053 -4.996174644486022 28
      vertex 6.876644452187053 4.996174644486022 28
      vertex 6.196233333081998 5.818650400393854 28
    endloop
  endfacet
  facet normal 0 0 1
    outer loop
      vertex 7.44860678037284 -4.094906229864581 28
      vertex 7.448606780372841 4.094906229864581 28
      vertex 6.876644452187053 4.996174644486022 28
    endloop
  endfacet
  facet normal 0 0 1
    outer loop
      vertex 8.432974961173063 -1.0653324852965846 28
      vertex 8.5 0 28
      vertex 8.432974961173063 1.0653324852965862 28
    endloop
  endfacet
  facet normal 0 0 1
    outer loop
      vertex 8.232956869593366 -2.113864040901263 28
      vertex 8.232956869593364 2.113864040901266 28
      vertex 7.903100130050136 3.129058697819763 28
    endloop
  endfacet
  facet normal 0 0 1
    outer loop
      vertex 8.432974961173063 -1.0653324852965846 28
      vertex 8.432974961173063 1.0653324852965862 28
      vertex 8.232956869593364 2.113864040901266 28
    endloop
  endfacet
  facet normal 0 0 1
    outer loop
      vertex 7.903100130050135 -3.129058697819766 28
      vertex 7.903100130050136 3.129058697819763 28
      vertex 7.448606780372841 4.094906229864581 28
    endloop
  endfacet
  facet normal 0.6845471059286887 0.7289686274214116 0
    outer loop
      vertex 6.196233333081998 5.818650400393854 0
      vertex 5.418103912863863 6.549362563594208 28
      vertex 6.196233333081998 5.818650400393854 28
    endloop
  endfacet
  facet normal 0.587785252292473 0.8090169943749475 0
    outer loop
      vertex 5.418103912863863 6.549362563594208 0
      vertex 4.5545277573214715 7.176787366767128 28
      vertex 5.418103912863863 6.549362563594208 28
    endloop
  endfacet
  facet normal 0.8443279255020147 0.5358267949789973 0
    outer loop
      vertex 6.876644452187053 4.996174644486022 0
      vertex 6.876644452187053 4.996174644486022 28
      vertex 7.448606780372841 4.094906229864581 28
    endloop
  endfacet
  facet normal 0.7705132427757893 0.6374239897486896 0
    outer loop
      vertex 6.196233333081998 5.818650400393854 0
      vertex 6.196233333081998 5.818650400393854 28
      vertex 6.876644452187053 4.996174644486022 28
    endloop
  endfacet
endsolid OpenSCAD_Model
