solid OpenSCAD_Model
  facet normal 0.5453729577287454 0.45117174802102394 0.7064080908128486
    outer loop
      vertex -1.2756950979874704 -1.197957435375205 46
      vertex -1.129901372503188 -1.0610480141894674 45.8
      vertex -1.415779740156158 -1.028624191511828 46
    endloop
  endfacet
  facet normal 0.4845257149897136 0.5159674803200807 0.7064080908128487
    outer loop
      vertex -1.115491982060207 -1.3483981748576315 46
      vertex -0.988007184110469 -1.1942955263024735 45.8
      vertex -1.2756950979874704 -1.197957435375205 46
    endloop
  endfacet
  facet normal 0.48452571498971353 0.5159674803200811 0.7064080908128486
    outer loop
      vertex -1.2756950979874704 -1.197957435375205 46
      vertex -0.988007184110469 -1.1942955263024735 45.8
      vertex -1.129901372503188 -1.0610480141894674 45.8
    endloop
  endfacet
  facet normal 0.7705132427757894 0.6374239897486897 0
    outer loop
      vertex -1.2756950979874704 -1.197957435375205 46
      vertex -1.415779740156158 -1.028624191511828 46
      vertex -1.2756950979874704 -1.197957435375205 69
    endloop
  endfacet
  facet normal 0.5877852522924721 0.8090169943749481 0
    outer loop
      vertex -1.115491982060207 -1.3483981748576315 46
      vertex -1.115491982060207 -1.3483981748576315 69
      vertex -0.9376968912132444 -1.477573869628526 46
    endloop
  endfacet
  facet normal 0.6845471059286895 0.7289686274214109 0
    outer loop
      vertex -1.115491982060207 -1.3483981748576315 46
      vertex -1.2756950979874704 -1.197957435375205 46
      vertex -1.2756950979874704 -1.197957435375205 69
    endloop
  endfacet
  facet normal 0.6731623500597188 0.21872370629683321 0.7064080908128484
    outer loop
      vertex -1.62710885030444 -0.6442179671981862 46
      vertex -1.4411535531267898 -0.5705930566612507 45.8
      vertex -1.6950205319751044 -0.435207302538496 46
    endloop
  endfacet
  facet normal 0.9048270524660195 0.4257792915650727 0
    outer loop
      vertex -1.62710885030444 -0.6442179671981862 46
      vertex -1.62710885030444 -0.6442179671981862 69
      vertex -1.533536690076761 -0.843068929678002 46
    endloop
  endfacet
  facet normal 0.6731623500597186 0.21872370629683252 0.7064080908128485
    outer loop
      vertex -1.6950205319751044 -0.435207302538496 46
      vertex -1.4411535531267898 -0.5705930566612507 45.8
      vertex -1.5013038997493782 -0.385469325105525 45.8
    endloop
  endfacet
  facet normal 0.6952676132330008 0.132629390496348 0.7064080908128486
    outer loop
      vertex -1.6950205319751044 -0.435207302538496 46
      vertex -1.5013038997493782 -0.385469325105525 45.8
      vertex -1.7362007273003364 -0.21933315873753212 46
    endloop
  endfacet
  facet normal 0.6952676132330007 0.13262939049634775 0.7064080908128486
    outer loop
      vertex -1.5013038997493782 -0.385469325105525 45.8
      vertex -1.5377777870374407 -0.1942665120246713 45.8
      vertex -1.7362007273003364 -0.21933315873753212 46
    endloop
  endfacet
  facet normal 0.7064080908128585 0.04444342997877653 0.7064080908128487
    outer loop
      vertex -1.7362007273003364 -0.21933315873753212 46
      vertex -1.5377777870374407 -0.1942665120246713 45.8
      vertex -1.75 0 46
    endloop
  endfacet
  facet normal 0.7064080908128587 0.04444342997877691 0.7064080908128485
    outer loop
      vertex -1.5377777870374407 -0.1942665120246713 45.8
      vertex -1.55 0 45.8
      vertex -1.75 0 46
    endloop
  endfacet
  facet normal 0.9510565162951536 0.30901699437494745 0
    outer loop
      vertex -1.62710885030444 -0.6442179671981862 46
      vertex -1.6950205319751044 -0.435207302538496 46
      vertex -1.6950205319751044 -0.435207302538496 69
    endloop
  endfacet
  facet normal 0.9822872507286886 0.18738131458572532 0
    outer loop
      vertex -1.6950205319751044 -0.435207302538496 46
      vertex -1.7362007273003364 -0.21933315873753212 46
      vertex -1.6950205319751044 -0.435207302538496 69
    endloop
  endfacet
  facet normal 0.9980267284282716 0.06279051952931274 0
    outer loop
      vertex -1.7362007273003364 -0.21933315873753212 46
      vertex -1.75 0 46
      vertex -1.75 0 69
    endloop
  endfacet
  facet normal 0.5976193431343824 0.37926076773873674 0.7064080908128483
    outer loop
      vertex -1.533536690076761 -0.843068929678002 46
      vertex -1.415779740156158 -1.028624191511828 46
      vertex -1.2539763412811686 -0.9110671410533334 45.8
    endloop
  endfacet
  facet normal 0.5453729577287453 0.45117174802102455 0.7064080908128483
    outer loop
      vertex -1.415779740156158 -1.028624191511828 46
      vertex -1.129901372503188 -1.0610480141894674 45.8
      vertex -1.2539763412811686 -0.9110671410533334 45.8
    endloop
  endfacet
  facet normal 0.5976193431343825 0.37926076773873624 0.7064080908128485
    outer loop
      vertex -1.533536690076761 -0.843068929678002 46
      vertex -1.2539763412811686 -0.9110671410533334 45.8
      vertex -1.3582753540679884 -0.7467181948576589 45.8
    endloop
  endfacet
  facet normal 0.6404409144982983 0.30136861858980885 0.7064080908128486
    outer loop
      vertex -1.62710885030444 -0.6442179671981862 46
      vertex -1.533536690076761 -0.843068929678002 46
      vertex -1.3582753540679884 -0.7467181948576589 45.8
    endloop
  endfacet
  facet normal 0.6404409144982983 0.30136861858980946 0.7064080908128483
    outer loop
      vertex -1.62710885030444 -0.6442179671981862 46
      vertex -1.3582753540679884 -0.7467181948576589 45.8
      vertex -1.4411535531267898 -0.5705930566612507 45.8
    endloop
  endfacet
  facet normal 0.8443279255020152 0.5358267949789963 0
    outer loop
      vertex -1.533536690076761 -0.843068929678002 46
      vertex -1.415779740156158 -1.028624191511828 69
      vertex -1.415779740156158 -1.028624191511828 46
    endloop
  endfacet
  facet normal 0.2605603187129578 0.6581002427794327 0.7064080908128485
    outer loop
      vertex -0.7451137602388768 -1.5834473418155341 46
      vertex -0.5407797401561579 -1.6643489035165187 46
      vertex -0.47897634128116845 -1.474137600257488 45.8
    endloop
  endfacet
  facet normal 0.48175367410171477 0.8763066800438638 0
    outer loop
      vertex -0.7451137602388768 -1.5834473418155341 46
      vertex -0.9376968912132444 -1.477573869628526 46
      vertex -0.7451137602388768 -1.5834473418155341 69
    endloop
  endfacet
  facet normal 0.36812455268467814 0.9297764858882513 0
    outer loop
      vertex -0.7451137602388768 -1.5834473418155341 46
      vertex -0.5407797401561579 -1.6643489035165187 69
      vertex -0.5407797401561579 -1.6643489035165187 46
    endloop
  endfacet
  facet normal 0.4160372122836603 0.5726260972304591 0.7064080908128484
    outer loop
      vertex -1.115491982060207 -1.3483981748576315 46
      vertex -0.9376968912132444 -1.477573869628526 46
      vertex -0.830531532217445 -1.3087082845281233 45.8
    endloop
  endfacet
  facet normal 0.4160372122836607 0.5726260972304582 0.7064080908128488
    outer loop
      vertex -1.115491982060207 -1.3483981748576315 46
      vertex -0.830531532217445 -1.3087082845281233 45.8
      vertex -0.988007184110469 -1.1942955263024735 45.8
    endloop
  endfacet
  facet normal 0.3409875542113111 0.620254058517262 0.7064080908128482
    outer loop
      vertex -0.7451137602388768 -1.5834473418155341 46
      vertex -0.6599579019258623 -1.4024819313223305 45.8
      vertex -0.9376968912132444 -1.477573869628526 46
    endloop
  endfacet
  facet normal 0.3409875542113112 0.6202540585172617 0.7064080908128483
    outer loop
      vertex -0.9376968912132444 -1.477573869628526 46
      vertex -0.6599579019258623 -1.4024819313223305 45.8
      vertex -0.830531532217445 -1.3087082845281233 45.8
    endloop
  endfacet
  facet normal 0.2605603187129574 0.6581002427794334 0.706408090812848
    outer loop
      vertex -0.7451137602388768 -1.5834473418155341 46
      vertex -0.47897634128116845 -1.474137600257488 45.8
      vertex -0.6599579019258623 -1.4024819313223305 45.8
    endloop
  endfacet
  facet normal 0.1760238913373113 0.6855677930829429 0.7064080908128484
    outer loop
      vertex -0.5407797401561579 -1.6643489035165187 46
      vertex -0.32791730052501844 -1.719002688775205 46
      vertex -0.2904410376078735 -1.5225452386294673 45.8
    endloop
  endfacet
  facet normal 0.17602389133731144 0.6855677930829429 0.7064080908128485
    outer loop
      vertex -0.5407797401561579 -1.6643489035165187 46
      vertex -0.2904410376078735 -1.5225452386294673 45.8
      vertex -0.47897634128116845 -1.474137600257488 45.8
    endloop
  endfacet
  facet normal 0.08871146204370009 0.7022235297511868 0.7064080908128483
    outer loop
      vertex -0.32791730052501844 -1.719002688775205 46
      vertex -0.10988340917629909 -1.7465467747494752 46
      vertex -0.09732530527043634 -1.546941429063821 45.8
    endloop
  endfacet
  facet normal 0.08871146204370055 0.7022235297511864 0.7064080908128485
    outer loop
      vertex -0.32791730052501844 -1.719002688775205 46
      vertex -0.09732530527043634 -1.546941429063821 45.8
      vertex -0.2904410376078735 -1.5225452386294673 45.8
    endloop
  endfacet
  facet normal 0 0.7078047818672509 0.7064080908128483
    outer loop
      vertex -0.10988340917629909 -1.7465467747494752 46
      vertex 0.09732530527043634 -1.546941429063821 45.8
      vertex -0.09732530527043634 -1.546941429063821 45.8
    endloop
  endfacet
  facet normal 0.24868988716485488 0.968583161128631 0
    outer loop
      vertex -0.5407797401561579 -1.6643489035165187 46
      vertex -0.5407797401561579 -1.6643489035165187 69
      vertex -0.32791730052501844 -1.719002688775205 46
    endloop
  endfacet
  facet normal 0.12533323356430495 0.9921147013144777 0
    outer loop
      vertex -0.32791730052501844 -1.719002688775205 46
      vertex -0.10988340917629909 -1.7465467747494752 69
      vertex -0.10988340917629909 -1.7465467747494752 46
    endloop
  endfacet
  facet normal 0 1 0
    outer loop
      vertex -0.10988340917629909 -1.7465467747494752 46
      vertex -0.10988340917629909 -1.7465467747494752 69
      vertex 0.10988340917629909 -1.7465467747494752 46
    endloop
  endfacet
  facet normal 0.7705132427757894 0.6374239897486897 0
    outer loop
      vertex -1.415779740156158 -1.028624191511828 46
      vertex -1.415779740156158 -1.028624191511828 69
      vertex -1.2756950979874704 -1.197957435375205 69
    endloop
  endfacet
  facet normal 0.6845471059286895 0.7289686274214109 0
    outer loop
      vertex -1.115491982060207 -1.3483981748576315 46
      vertex -1.2756950979874704 -1.197957435375205 69
      vertex -1.115491982060207 -1.3483981748576315 69
    endloop
  endfacet
  facet normal 0.5453729577287455 0.45117174802102405 -0.7064080908128485
    outer loop
      vertex -1.2756950979874704 -1.197957435375205 69
      vertex -1.415779740156158 -1.028624191511828 69
      vertex -1.2539763412811686 -0.9110671410533333 69.2
    endloop
  endfacet
  facet normal 0.4160372122836601 0.5726260972304588 -0.7064080908128487
    outer loop
      vertex -1.115491982060207 -1.3483981748576315 69
      vertex -0.988007184110469 -1.1942955263024735 69.2
      vertex -0.9376968912132444 -1.477573869628526 69
    endloop
  endfacet
  facet normal 0.4845257149897137 0.5159674803200808 -0.7064080908128486
    outer loop
      vertex -1.115491982060207 -1.3483981748576315 69
      vertex -1.2756950979874704 -1.197957435375205 69
      vertex -1.1299013725031881 -1.0610480141894671 69.2
    endloop
  endfacet
  facet normal 0.5453729577287453 0.45117174802102405 -0.7064080908128486
    outer loop
      vertex -1.2756950979874704 -1.197957435375205 69
      vertex -1.2539763412811686 -0.9110671410533333 69.2
      vertex -1.1299013725031881 -1.0610480141894671 69.2
    endloop
  endfacet
  facet normal 0.4845257149897133 0.515967480320081 -0.7064080908128487
    outer loop
      vertex -1.115491982060207 -1.3483981748576315 69
      vertex -1.1299013725031881 -1.0610480141894671 69.2
      vertex -0.988007184110469 -1.1942955263024735 69.2
    endloop
  endfacet
  facet normal 0.9048270524660195 0.4257792915650727 0
    outer loop
      vertex -1.533536690076761 -0.843068929678002 46
      vertex -1.62710885030444 -0.6442179671981862 69
      vertex -1.533536690076761 -0.843068929678002 69
    endloop
  endfacet
  facet normal 0.9510565162951536 0.30901699437494745 0
    outer loop
      vertex -1.62710885030444 -0.6442179671981862 46
      vertex -1.6950205319751044 -0.435207302538496 69
      vertex -1.62710885030444 -0.6442179671981862 69
    endloop
  endfacet
  facet normal 0.9822872507286886 0.18738131458572532 0
    outer loop
      vertex -1.7362007273003364 -0.21933315873753212 46
      vertex -1.7362007273003364 -0.21933315873753212 69
      vertex -1.6950205319751044 -0.435207302538496 69
    endloop
  endfacet
  facet normal 0.9980267284282716 0.06279051952931274 0
    outer loop
      vertex -1.7362007273003364 -0.21933315873753212 46
      vertex -1.75 0 69
      vertex -1.7362007273003364 -0.21933315873753212 69
    endloop
  endfacet
  facet normal 0.8443279255020152 0.5358267949789963 0
    outer loop
      vertex -1.533536690076761 -0.843068929678002 46
      vertex -1.533536690076761 -0.843068929678002 69
      vertex -1.415779740156158 -1.028624191511828 69
    endloop
  endfacet
  facet normal 0.6404409144982985 0.30136861858980896 -0.7064080908128484
    outer loop
      vertex -1.62710885030444 -0.6442179671981862 69
      vertex -1.4411535531267898 -0.5705930566612507 69.2
      vertex -1.533536690076761 -0.843068929678002 69
    endloop
  endfacet
  facet normal 0.6731623500597189 0.2187237062968327 -0.7064080908128484
    outer loop
      vertex -1.62710885030444 -0.6442179671981862 69
      vertex -1.5013038997493782 -0.385469325105525 69.2
      vertex -1.4411535531267898 -0.5705930566612507 69.2
    endloop
  endfacet
  facet normal 0.6952676132330007 0.13262939049634798 -0.7064080908128486
    outer loop
      vertex -1.6950205319751044 -0.435207302538496 69
      vertex -1.7362007273003364 -0.21933315873753212 69
      vertex -1.5377777870374407 -0.1942665120246713 69.2
    endloop
  endfacet
  facet normal 0.6731623500597186 0.21872370629683313 -0.7064080908128485
    outer loop
      vertex -1.62710885030444 -0.6442179671981862 69
      vertex -1.6950205319751044 -0.435207302538496 69
      vertex -1.5013038997493782 -0.385469325105525 69.2
    endloop
  endfacet
  facet normal 0.6952676132330008 0.1326293904963478 -0.7064080908128485
    outer loop
      vertex -1.6950205319751044 -0.435207302538496 69
      vertex -1.5377777870374407 -0.1942665120246713 69.2
      vertex -1.5013038997493782 -0.385469325105525 69.2
    endloop
  endfacet
  facet normal 0.7064080908128587 0.044443429978776545 -0.7064080908128485
    outer loop
      vertex -1.7362007273003364 -0.21933315873753212 69
      vertex -1.75 0 69
      vertex -1.55 0 69.2
    endloop
  endfacet
  facet normal 0.7064080908128584 0.044443429978776906 -0.7064080908128487
    outer loop
      vertex -1.7362007273003364 -0.21933315873753212 69
      vertex -1.55 0 69.2
      vertex -1.5377777870374407 -0.1942665120246713 69.2
    endloop
  endfacet
  facet normal 0.5976193431343821 0.37926076773873657 -0.7064080908128485
    outer loop
      vertex -1.533536690076761 -0.843068929678002 69
      vertex -1.3582753540679884 -0.7467181948576589 69.2
      vertex -1.415779740156158 -1.028624191511828 69
    endloop
  endfacet
  facet normal 0.5976193431343824 0.37926076773873646 -0.7064080908128484
    outer loop
      vertex -1.415779740156158 -1.028624191511828 69
      vertex -1.3582753540679884 -0.7467181948576589 69.2
      vertex -1.2539763412811686 -0.9110671410533333 69.2
    endloop
  endfacet
  facet normal 0.6404409144982981 0.3013686185898093 -0.7064080908128486
    outer loop
      vertex -1.533536690076761 -0.843068929678002 69
      vertex -1.4411535531267898 -0.5705930566612507 69.2
      vertex -1.3582753540679884 -0.7467181948576589 69.2
    endloop
  endfacet
  facet normal 0.36812455268467814 0.9297764858882513 0
    outer loop
      vertex -0.7451137602388768 -1.5834473418155341 46
      vertex -0.7451137602388768 -1.5834473418155341 69
      vertex -0.5407797401561579 -1.6643489035165187 69
    endloop
  endfacet
  facet normal 0.5877852522924721 0.8090169943749481 0
    outer loop
      vertex -0.9376968912132444 -1.477573869628526 46
      vertex -1.115491982060207 -1.3483981748576315 69
      vertex -0.9376968912132444 -1.477573869628526 69
    endloop
  endfacet
  facet normal 0.48175367410171477 0.8763066800438638 0
    outer loop
      vertex -0.9376968912132444 -1.477573869628526 46
      vertex -0.9376968912132444 -1.477573869628526 69
      vertex -0.7451137602388768 -1.5834473418155341 69
    endloop
  endfacet
  facet normal 0.24868988716485488 0.968583161128631 0
    outer loop
      vertex -0.32791730052501844 -1.719002688775205 46
      vertex -0.5407797401561579 -1.6643489035165187 69
      vertex -0.32791730052501844 -1.719002688775205 69
    endloop
  endfacet
  facet normal 0.12533323356430495 0.9921147013144777 0
    outer loop
      vertex -0.32791730052501844 -1.719002688775205 46
      vertex -0.32791730052501844 -1.719002688775205 69
      vertex -0.10988340917629909 -1.7465467747494752 69
    endloop
  endfacet
  facet normal 0.260560318712958 0.658100242779433 -0.7064080908128482
    outer loop
      vertex -0.7451137602388768 -1.5834473418155341 69
      vertex -0.6599579019258623 -1.4024819313223305 69.2
      vertex -0.5407797401561579 -1.6643489035165187 69
    endloop
  endfacet
  facet normal 0.4160372122836612 0.5726260972304585 -0.7064080908128483
    outer loop
      vertex -0.9376968912132444 -1.477573869628526 69
      vertex -0.988007184110469 -1.1942955263024735 69.2
      vertex -0.8305315322174451 -1.3087082845281233 69.2
    endloop
  endfacet
  facet normal 0.34098755421131105 0.620254058517262 -0.7064080908128483
    outer loop
      vertex -0.7451137602388768 -1.5834473418155341 69
      vertex -0.9376968912132444 -1.477573869628526 69
      vertex -0.8305315322174451 -1.3087082845281233 69.2
    endloop
  endfacet
  facet normal 0.3409875542113112 0.620254058517262 -0.7064080908128482
    outer loop
      vertex -0.7451137602388768 -1.5834473418155341 69
      vertex -0.8305315322174451 -1.3087082845281233 69.2
      vertex -0.6599579019258623 -1.4024819313223305 69.2
    endloop
  endfacet
  facet normal 0.26056031871295715 0.6581002427794329 -0.7064080908128485
    outer loop
      vertex -0.5407797401561579 -1.6643489035165187 69
      vertex -0.6599579019258623 -1.4024819313223305 69.2
      vertex -0.47897634128116845 -1.474137600257488 69.2
    endloop
  endfacet
  facet normal 0.1760238913373113 0.6855677930829429 -0.7064080908128485
    outer loop
      vertex -0.5407797401561579 -1.6643489035165187 69
      vertex -0.47897634128116845 -1.474137600257488 69.2
      vertex -0.32791730052501844 -1.719002688775205 69
    endloop
  endfacet
  facet normal 0.17602389133731142 0.6855677930829429 -0.7064080908128485
    outer loop
      vertex -0.47897634128116845 -1.474137600257488 69.2
      vertex -0.2904410376078735 -1.5225452386294673 69.2
      vertex -0.32791730052501844 -1.719002688775205 69
    endloop
  endfacet
  facet normal 0.08871146204370006 0.7022235297511866 -0.7064080908128484
    outer loop
      vertex -0.32791730052501844 -1.719002688775205 69
      vertex -0.2904410376078735 -1.5225452386294673 69.2
      vertex -0.10988340917629909 -1.7465467747494752 69
    endloop
  endfacet
  facet normal 0.08871146204370058 0.7022235297511868 -0.7064080908128483
    outer loop
      vertex -0.10988340917629909 -1.7465467747494752 69
      vertex -0.2904410376078735 -1.5225452386294673 69.2
      vertex -0.09732530527043634 -1.546941429063821 69.2
    endloop
  endfacet
  facet normal 0 0.7078047818672509 -0.7064080908128482
    outer loop
      vertex -0.10988340917629909 -1.7465467747494752 69
      vertex -0.09732530527043634 -1.546941429063821 69.2
      vertex 0.10988340917629909 -1.7465467747494752 69
    endloop
  endfacet
  facet normal 0.7064080908128587 -0.044443429978776545 0.7064080908128485
    outer loop
      vertex -1.75 0 46
      vertex -1.55 0 45.8
      vertex -1.7362007273003364 0.21933315873753212 46
    endloop
  endfacet
  facet normal 0.7064080908128584 -0.044443429978776906 0.7064080908128487
    outer loop
      vertex -1.7362007273003364 0.21933315873753212 46
      vertex -1.55 0 45.8
      vertex -1.5377777870374407 0.1942665120246713 45.8
    endloop
  endfacet
  facet normal 0.6952676132330007 -0.13262939049634798 0.7064080908128487
    outer loop
      vertex -1.7362007273003364 0.21933315873753212 46
      vertex -1.5377777870374407 0.1942665120246713 45.8
      vertex -1.6950205319751044 0.435207302538496 46
    endloop
  endfacet
  facet normal 0.6952676132330008 -0.13262939049634778 0.7064080908128485
    outer loop
      vertex -1.5377777870374407 0.1942665120246713 45.8
      vertex -1.5013038997493782 0.385469325105525 45.8
      vertex -1.6950205319751044 0.435207302538496 46
    endloop
  endfacet
  facet normal 0.6731623500597186 -0.21872370629683313 0.7064080908128485
    outer loop
      vertex -1.6950205319751044 0.435207302538496 46
      vertex -1.5013038997493782 0.385469325105525 45.8
      vertex -1.62710885030444 0.6442179671981862 46
    endloop
  endfacet
  facet normal 0.9980267284282716 -0.06279051952931274 0
    outer loop
      vertex -1.75 0 46
      vertex -1.7362007273003364 0.21933315873753212 46
      vertex -1.75 0 69
    endloop
  endfacet
  facet normal 0.9822872507286886 -0.18738131458572532 0
    outer loop
      vertex -1.7362007273003364 0.21933315873753212 46
      vertex -1.6950205319751044 0.435207302538496 46
      vertex -1.7362007273003364 0.21933315873753212 69
    endloop
  endfacet
  facet normal 0.9510565162951536 -0.30901699437494745 0
    outer loop
      vertex -1.6950205319751044 0.435207302538496 46
      vertex -1.62710885030444 0.6442179671981862 46
      vertex -1.6950205319751044 0.435207302538496 69
    endloop
  endfacet
  facet normal 0.673162350059719 -0.2187237062968327 0.7064080908128483
    outer loop
      vertex -1.5013038997493782 0.385469325105525 45.8
      vertex -1.4411535531267898 0.5705930566612507 45.8
      vertex -1.62710885030444 0.6442179671981862 46
    endloop
  endfacet
  facet normal 0.6404409144982985 -0.30136861858980896 0.7064080908128484
    outer loop
      vertex -1.4411535531267898 0.5705930566612507 45.8
      vertex -1.533536690076761 0.843068929678002 46
      vertex -1.62710885030444 0.6442179671981862 46
    endloop
  endfacet
  facet normal 0.9048270524660195 -0.4257792915650727 0
    outer loop
      vertex -1.62710885030444 0.6442179671981862 46
      vertex -1.533536690076761 0.843068929678002 46
      vertex -1.533536690076761 0.843068929678002 69
    endloop
  endfacet
  facet normal 0.6404409144982981 -0.3013686185898093 0.7064080908128485
    outer loop
      vertex -1.4411535531267898 0.5705930566612507 45.8
      vertex -1.3582753540679884 0.7467181948576589 45.8
      vertex -1.533536690076761 0.843068929678002 46
    endloop
  endfacet
  facet normal 0.5976193431343821 -0.37926076773873657 0.7064080908128485
    outer loop
      vertex -1.533536690076761 0.843068929678002 46
      vertex -1.3582753540679884 0.7467181948576589 45.8
      vertex -1.415779740156158 1.028624191511828 46
    endloop
  endfacet
  facet normal 0.5976193431343825 -0.3792607677387364 0.7064080908128484
    outer loop
      vertex -1.3582753540679884 0.7467181948576589 45.8
      vertex -1.2539763412811686 0.9110671410533333 45.8
      vertex -1.415779740156158 1.028624191511828 46
    endloop
  endfacet
  facet normal 0.8443279255020152 -0.5358267949789963 0
    outer loop
      vertex -1.533536690076761 0.843068929678002 46
      vertex -1.415779740156158 1.028624191511828 46
      vertex -1.415779740156158 1.028624191511828 69
    endloop
  endfacet
  facet normal 0.5453729577287455 -0.45117174802102405 0.7064080908128485
    outer loop
      vertex -1.2539763412811686 0.9110671410533333 45.8
      vertex -1.2756950979874704 1.197957435375205 46
      vertex -1.415779740156158 1.028624191511828 46
    endloop
  endfacet
  facet normal 0.5453729577287453 -0.4511717480210241 0.7064080908128486
    outer loop
      vertex -1.2539763412811686 0.9110671410533333 45.8
      vertex -1.1299013725031881 1.0610480141894671 45.8
      vertex -1.2756950979874704 1.197957435375205 46
    endloop
  endfacet
  facet normal 0.48452571498971375 -0.5159674803200808 0.7064080908128485
    outer loop
      vertex -1.2756950979874704 1.197957435375205 46
      vertex -1.1299013725031881 1.0610480141894671 45.8
      vertex -1.115491982060207 1.3483981748576315 46
    endloop
  endfacet
  facet normal 0.4845257149897134 -0.5159674803200809 0.7064080908128487
    outer loop
      vertex -1.1299013725031881 1.0610480141894671 45.8
      vertex -0.988007184110469 1.1942955263024735 45.8
      vertex -1.115491982060207 1.3483981748576315 46
    endloop
  endfacet
  facet normal 0.41603721228366003 -0.5726260972304587 0.7064080908128487
    outer loop
      vertex -0.988007184110469 1.1942955263024735 45.8
      vertex -0.9376968912132444 1.477573869628526 46
      vertex -1.115491982060207 1.3483981748576315 46
    endloop
  endfacet
  facet normal 0.7705132427757894 -0.6374239897486897 0
    outer loop
      vertex -1.415779740156158 1.028624191511828 46
      vertex -1.2756950979874704 1.197957435375205 46
      vertex -1.2756950979874704 1.197957435375205 69
    endloop
  endfacet
  facet normal 0.6845471059286895 -0.7289686274214109 0
    outer loop
      vertex -1.2756950979874704 1.197957435375205 46
      vertex -1.115491982060207 1.3483981748576315 46
      vertex -1.115491982060207 1.3483981748576315 69
    endloop
  endfacet
  facet normal 0.5877852522924721 -0.8090169943749481 0
    outer loop
      vertex -1.115491982060207 1.3483981748576315 46
      vertex -0.9376968912132444 1.477573869628526 46
      vertex -1.115491982060207 1.3483981748576315 69
    endloop
  endfacet
  facet normal 0.4160372122836612 -0.5726260972304587 0.7064080908128482
    outer loop
      vertex -0.988007184110469 1.1942955263024735 45.8
      vertex -0.8305315322174451 1.3087082845281233 45.8
      vertex -0.9376968912132444 1.477573869628526 46
    endloop
  endfacet
  facet normal 0.3409875542113116 -0.6202540585172616 0.7064080908128483
    outer loop
      vertex -0.9376968912132444 1.477573869628526 46
      vertex -0.8305315322174451 1.3087082845281233 45.8
      vertex -0.7451137602388772 1.5834473418155341 46
    endloop
  endfacet
  facet normal 0.34098755421131083 -0.6202540585172616 0.7064080908128485
    outer loop
      vertex -0.8305315322174451 1.3087082845281233 45.8
      vertex -0.6599579019258627 1.4024819313223302 45.8
      vertex -0.7451137602388772 1.5834473418155341 46
    endloop
  endfacet
  facet normal 0.26056031871295743 -0.6581002427794328 0.7064080908128485
    outer loop
      vertex -0.6599579019258627 1.4024819313223302 45.8
      vertex -0.47897634128116845 1.474137600257488 45.8
      vertex -0.5407797401561579 1.6643489035165187 46
    endloop
  endfacet
  facet normal 0.2605603187129574 -0.6581002427794329 0.7064080908128485
    outer loop
      vertex -0.7451137602388772 1.5834473418155341 46
      vertex -0.6599579019258627 1.4024819313223302 45.8
      vertex -0.5407797401561579 1.6643489035165187 46
    endloop
  endfacet
  facet normal 0.4817536741017157 -0.8763066800438634 0
    outer loop
      vertex -0.9376968912132444 1.477573869628526 46
      vertex -0.7451137602388772 1.5834473418155341 46
      vertex -0.7451137602388772 1.5834473418155341 69
    endloop
  endfacet
  facet normal 0.36812455268467736 -0.9297764858882516 0
    outer loop
      vertex -0.7451137602388772 1.5834473418155341 46
      vertex -0.5407797401561579 1.6643489035165187 46
      vertex -0.5407797401561579 1.6643489035165187 69
    endloop
  endfacet
  facet normal 0.17602389133731156 -0.6855677930829428 0.7064080908128484
    outer loop
      vertex -0.47897634128116845 1.474137600257488 45.8
      vertex -0.327917300525018 1.7190026887752052 46
      vertex -0.5407797401561579 1.6643489035165187 46
    endloop
  endfacet
  facet normal 0.17602389133731183 -0.6855677930829429 0.7064080908128485
    outer loop
      vertex -0.47897634128116845 1.474137600257488 45.8
      vertex -0.2904410376078731 1.5225452386294676 45.8
      vertex -0.327917300525018 1.7190026887752052 46
    endloop
  endfacet
  facet normal 0.08871146204369963 -0.702223529751187 0.7064080908128483
    outer loop
      vertex -0.2904410376078731 1.5225452386294676 45.8
      vertex -0.09732530527043559 1.546941429063821 45.8
      vertex -0.10988340917629824 1.7465467747494752 46
    endloop
  endfacet
  facet normal 0.08871146204369927 -0.7022235297511866 0.7064080908128485
    outer loop
      vertex -0.2904410376078731 1.5225452386294676 45.8
      vertex -0.10988340917629824 1.7465467747494752 46
      vertex -0.327917300525018 1.7190026887752052 46
    endloop
  endfacet
  facet normal 0 -0.707804781867251 0.7064080908128483
    outer loop
      vertex -0.09732530527043559 1.546941429063821 45.8
      vertex 0.10988340917629824 1.7465467747494752 46
      vertex -0.10988340917629824 1.7465467747494752 46
    endloop
  endfacet
  facet normal 0.24868988716485535 -0.9685831611286311 0
    outer loop
      vertex -0.5407797401561579 1.6643489035165187 46
      vertex -0.327917300525018 1.7190026887752052 46
      vertex -0.5407797401561579 1.6643489035165187 69
    endloop
  endfacet
  facet normal 0.12533323356430373 -0.9921147013144779 0
    outer loop
      vertex -0.327917300525018 1.7190026887752052 46
      vertex -0.10988340917629824 1.7465467747494752 46
      vertex -0.327917300525018 1.7190026887752052 69
    endloop
  endfacet
  facet normal 0.9980267284282716 -0.06279051952931274 0
    outer loop
      vertex -1.7362007273003364 0.21933315873753212 46
      vertex -1.7362007273003364 0.21933315873753212 69
      vertex -1.75 0 69
    endloop
  endfacet
  facet normal 0.9822872507286886 -0.18738131458572532 0
    outer loop
      vertex -1.6950205319751044 0.435207302538496 46
      vertex -1.6950205319751044 0.435207302538496 69
      vertex -1.7362007273003364 0.21933315873753212 69
    endloop
  endfacet
  facet normal 0.9510565162951536 -0.30901699437494745 0
    outer loop
      vertex -1.6950205319751044 0.435207302538496 69
      vertex -1.62710885030444 0.6442179671981862 46
      vertex -1.62710885030444 0.6442179671981862 69
    endloop
  endfacet
  facet normal 0.9048270524660195 -0.4257792915650727 0
    outer loop
      vertex -1.62710885030444 0.6442179671981862 46
      vertex -1.533536690076761 0.843068929678002 69
      vertex -1.62710885030444 0.6442179671981862 69
    endloop
  endfacet
  facet normal 0.8443279255020152 -0.5358267949789963 0
    outer loop
      vertex -1.533536690076761 0.843068929678002 46
      vertex -1.415779740156158 1.028624191511828 69
      vertex -1.533536690076761 0.843068929678002 69
    endloop
  endfacet
  facet normal 0.7064080908128585 -0.04444342997877654 -0.7064080908128487
    outer loop
      vertex -1.75 0 69
      vertex -1.7362007273003364 0.21933315873753212 69
      vertex -1.5377777870374407 0.1942665120246713 69.2
    endloop
  endfacet
  facet normal 0.7064080908128587 -0.04444342997877691 -0.7064080908128485
    outer loop
      vertex -1.75 0 69
      vertex -1.5377777870374407 0.1942665120246713 69.2
      vertex -1.55 0 69.2
    endloop
  endfacet
  facet normal 0.6952676132330007 -0.13262939049634778 -0.7064080908128486
    outer loop
      vertex -1.7362007273003364 0.21933315873753212 69
      vertex -1.5013038997493782 0.385469325105525 69.2
      vertex -1.5377777870374407 0.1942665120246713 69.2
    endloop
  endfacet
  facet normal 0.6952676132330007 -0.132629390496348 -0.7064080908128486
    outer loop
      vertex -1.7362007273003364 0.21933315873753212 69
      vertex -1.6950205319751044 0.435207302538496 69
      vertex -1.5013038997493782 0.385469325105525 69.2
    endloop
  endfacet
  facet normal 0.6731623500597186 -0.21872370629683252 -0.7064080908128485
    outer loop
      vertex -1.6950205319751044 0.435207302538496 69
      vertex -1.4411535531267898 0.5705930566612507 69.2
      vertex -1.5013038997493782 0.385469325105525 69.2
    endloop
  endfacet
  facet normal 0.6731623500597188 -0.21872370629683321 -0.7064080908128484
    outer loop
      vertex -1.6950205319751044 0.435207302538496 69
      vertex -1.62710885030444 0.6442179671981862 69
      vertex -1.4411535531267898 0.5705930566612507 69.2
    endloop
  endfacet
  facet normal 0.6404409144982983 -0.3013686185898094 -0.7064080908128483
    outer loop
      vertex -1.4411535531267898 0.5705930566612507 69.2
      vertex -1.62710885030444 0.6442179671981862 69
      vertex -1.3582753540679884 0.7467181948576589 69.2
    endloop
  endfacet
  facet normal 0.6404409144982983 -0.30136861858980885 -0.7064080908128486
    outer loop
      vertex -1.62710885030444 0.6442179671981862 69
      vertex -1.533536690076761 0.843068929678002 69
      vertex -1.3582753540679884 0.7467181948576589 69.2
    endloop
  endfacet
  facet normal 0.5976193431343824 -0.37926076773873674 -0.7064080908128483
    outer loop
      vertex -1.533536690076761 0.843068929678002 69
      vertex -1.415779740156158 1.028624191511828 69
      vertex -1.2539763412811686 0.9110671410533334 69.2
    endloop
  endfacet
  facet normal 0.5976193431343825 -0.37926076773873624 -0.7064080908128485
    outer loop
      vertex -1.533536690076761 0.843068929678002 69
      vertex -1.2539763412811686 0.9110671410533334 69.2
      vertex -1.3582753540679884 0.7467181948576589 69.2
    endloop
  endfacet
  facet normal 0.5453729577287452 -0.45117174802102455 -0.7064080908128483
    outer loop
      vertex -1.2539763412811686 0.9110671410533334 69.2
      vertex -1.415779740156158 1.028624191511828 69
      vertex -1.129901372503188 1.0610480141894674 69.2
    endloop
  endfacet
  facet normal 0.7705132427757894 -0.6374239897486897 0
    outer loop
      vertex -1.415779740156158 1.028624191511828 46
      vertex -1.2756950979874704 1.197957435375205 69
      vertex -1.415779740156158 1.028624191511828 69
    endloop
  endfacet
  facet normal 0.6845471059286895 -0.7289686274214109 0
    outer loop
      vertex -1.2756950979874704 1.197957435375205 46
      vertex -1.115491982060207 1.3483981748576315 69
      vertex -1.2756950979874704 1.197957435375205 69
    endloop
  endfacet
  facet normal 0.5453729577287454 -0.45117174802102394 -0.7064080908128486
    outer loop
      vertex -1.415779740156158 1.028624191511828 69
      vertex -1.2756950979874704 1.197957435375205 69
      vertex -1.129901372503188 1.0610480141894674 69.2
    endloop
  endfacet
  facet normal 0.48452571498971353 -0.5159674803200811 -0.7064080908128486
    outer loop
      vertex -1.2756950979874704 1.197957435375205 69
      vertex -0.988007184110469 1.1942955263024735 69.2
      vertex -1.129901372503188 1.0610480141894674 69.2
    endloop
  endfacet
  facet normal 0.4845257149897136 -0.5159674803200807 -0.7064080908128487
    outer loop
      vertex -1.2756950979874704 1.197957435375205 69
      vertex -1.115491982060207 1.3483981748576315 69
      vertex -0.988007184110469 1.1942955263024735 69.2
    endloop
  endfacet
  facet normal 0.5877852522924721 -0.8090169943749481 0
    outer loop
      vertex -0.9376968912132444 1.477573869628526 46
      vertex -0.9376968912132444 1.477573869628526 69
      vertex -1.115491982060207 1.3483981748576315 69
    endloop
  endfacet
  facet normal 0.4817536741017157 -0.8763066800438634 0
    outer loop
      vertex -0.9376968912132444 1.477573869628526 46
      vertex -0.7451137602388772 1.5834473418155341 69
      vertex -0.9376968912132444 1.477573869628526 69
    endloop
  endfacet
  facet normal 0.36812455268467736 -0.9297764858882516 0
    outer loop
      vertex -0.7451137602388772 1.5834473418155341 46
      vertex -0.5407797401561579 1.6643489035165187 69
      vertex -0.7451137602388772 1.5834473418155341 69
    endloop
  endfacet
  facet normal 0.24868988716485535 -0.9685831611286311 0
    outer loop
      vertex -0.327917300525018 1.7190026887752052 46
      vertex -0.327917300525018 1.7190026887752052 69
      vertex -0.5407797401561579 1.6643489035165187 69
    endloop
  endfacet
  facet normal 0.12533323356430373 -0.9921147013144779 0
    outer loop
      vertex -0.10988340917629824 1.7465467747494752 46
      vertex -0.10988340917629824 1.7465467747494752 69
      vertex -0.327917300525018 1.7190026887752052 69
    endloop
  endfacet
  facet normal 0 -1 0
    outer loop
      vertex -0.10988340917629824 1.7465467747494752 46
      vertex 0.10988340917629824 1.7465467747494752 69
      vertex -0.10988340917629824 1.7465467747494752 69
    endloop
  endfacet
  facet normal 0.41603721228366064 -0.5726260972304583 -0.7064080908128488
    outer loop
      vertex -0.988007184110469 1.1942955263024735 69.2
      vertex -1.115491982060207 1.3483981748576315 69
      vertex -0.830531532217445 1.3087082845281233 69.2
    endloop
  endfacet
  facet normal 0.4160372122836603 -0.5726260972304591 -0.7064080908128484
    outer loop
      vertex -1.115491982060207 1.3483981748576315 69
      vertex -0.9376968912132444 1.477573869628526 69
      vertex -0.830531532217445 1.3087082845281233 69.2
    endloop
  endfacet
  facet normal 0.34098755421131116 -0.6202540585172618 -0.7064080908128483
    outer loop
      vertex -0.9376968912132444 1.477573869628526 69
      vertex -0.6599579019258627 1.4024819313223302 69.2
      vertex -0.830531532217445 1.3087082845281233 69.2
    endloop
  endfacet
  facet normal 0.3409875542113115 -0.6202540585172613 -0.7064080908128485
    outer loop
      vertex -0.9376968912132444 1.477573869628526 69
      vertex -0.7451137602388772 1.5834473418155341 69
      vertex -0.6599579019258627 1.4024819313223302 69.2
    endloop
  endfacet
  facet normal 0.26056031871295743 -0.6581002427794329 -0.7064080908128485
    outer loop
      vertex -0.7451137602388772 1.5834473418155341 69
      vertex -0.47897634128116845 1.474137600257488 69.2
      vertex -0.6599579019258627 1.4024819313223302 69.2
    endloop
  endfacet
  facet normal 0.2605603187129574 -0.6581002427794329 -0.7064080908128485
    outer loop
      vertex -0.7451137602388772 1.5834473418155341 69
      vertex -0.5407797401561579 1.6643489035165187 69
      vertex -0.47897634128116845 1.474137600257488 69.2
    endloop
  endfacet
  facet normal 0.1760238913373118 -0.6855677930829428 -0.7064080908128485
    outer loop
      vertex -0.47897634128116845 1.474137600257488 69.2
      vertex -0.5407797401561579 1.6643489035165187 69
      vertex -0.2904410376078731 1.5225452386294676 69.2
    endloop
  endfacet
  facet normal 0.17602389133731164 -0.6855677930829429 -0.7064080908128484
    outer loop
      vertex -0.5407797401561579 1.6643489035165187 69
      vertex -0.327917300525018 1.7190026887752052 69
      vertex -0.2904410376078731 1.5225452386294676 69.2
    endloop
  endfacet
  facet normal 0.08871146204369959 -0.7022235297511866 -0.7064080908128485
    outer loop
      vertex -0.2904410376078731 1.5225452386294676 69.2
      vertex -0.327917300525018 1.7190026887752052 69
      vertex -0.09732530527043558 1.546941429063821 69.2
    endloop
  endfacet
  facet normal 0.08871146204369919 -0.7022235297511868 -0.7064080908128483
    outer loop
      vertex -0.09732530527043558 1.546941429063821 69.2
      vertex -0.327917300525018 1.7190026887752052 69
      vertex -0.10988340917629824 1.7465467747494752 69
    endloop
  endfacet
  facet normal 0 -0.707804781867251 -0.7064080908128483
    outer loop
      vertex -0.09732530527043558 1.546941429063821 69.2
      vertex -0.10988340917629824 1.7465467747494752 69
      vertex 0.09732530527043559 1.546941429063821 69.2
    endloop
  endfacet
  facet normal 0 0.7078047818672509 0.7064080908128482
    outer loop
      vertex -0.10988340917629909 -1.7465467747494752 46
      vertex 0.10988340917629909 -1.7465467747494752 46
      vertex 0.09732530527043634 -1.546941429063821 45.8
    endloop
  endfacet
  facet normal -0.08871146204370006 0.7022235297511866 0.7064080908128484
    outer loop
      vertex 0.10988340917629909 -1.7465467747494752 46
      vertex 0.32791730052501844 -1.719002688775205 46
      vertex 0.2904410376078735 -1.5225452386294673 45.8
    endloop
  endfacet
  facet normal -0.08871146204370058 0.7022235297511868 0.7064080908128483
    outer loop
      vertex 0.10988340917629909 -1.7465467747494752 46
      vertex 0.2904410376078735 -1.5225452386294673 45.8
      vertex 0.09732530527043634 -1.546941429063821 45.8
    endloop
  endfacet
  facet normal -0.17602389133731144 0.6855677930829429 0.7064080908128485
    outer loop
      vertex 0.32791730052501844 -1.719002688775205 46
      vertex 0.47897634128116845 -1.474137600257488 45.8
      vertex 0.2904410376078735 -1.5225452386294673 45.8
    endloop
  endfacet
  facet normal -0.1760238913373113 0.6855677930829429 0.7064080908128485
    outer loop
      vertex 0.32791730052501844 -1.719002688775205 46
      vertex 0.5407797401561579 -1.6643489035165187 46
      vertex 0.47897634128116845 -1.474137600257488 45.8
    endloop
  endfacet
  facet normal -0.12533323356430495 0.9921147013144777 0
    outer loop
      vertex 0.10988340917629909 -1.7465467747494752 46
      vertex 0.10988340917629909 -1.7465467747494752 69
      vertex 0.32791730052501844 -1.719002688775205 46
    endloop
  endfacet
  facet normal -0.24868988716485488 0.968583161128631 0
    outer loop
      vertex 0.32791730052501844 -1.719002688775205 46
      vertex 0.5407797401561579 -1.6643489035165187 69
      vertex 0.5407797401561579 -1.6643489035165187 46
    endloop
  endfacet
  facet normal -0.260560318712958 0.658100242779433 0.7064080908128482
    outer loop
      vertex 0.5407797401561579 -1.6643489035165187 46
      vertex 0.7451137602388768 -1.5834473418155341 46
      vertex 0.6599579019258623 -1.4024819313223305 45.8
    endloop
  endfacet
  facet normal -0.36812455268467814 0.9297764858882513 0
    outer loop
      vertex 0.5407797401561579 -1.6643489035165187 46
      vertex 0.5407797401561579 -1.6643489035165187 69
      vertex 0.7451137602388768 -1.5834473418155341 46
    endloop
  endfacet
  facet normal -0.26056031871295715 0.6581002427794329 0.7064080908128485
    outer loop
      vertex 0.5407797401561579 -1.6643489035165187 46
      vertex 0.6599579019258623 -1.4024819313223305 45.8
      vertex 0.47897634128116845 -1.474137600257488 45.8
    endloop
  endfacet
  facet normal -0.34098755421131144 0.6202540585172618 0.706408090812848
    outer loop
      vertex 0.6599579019258623 -1.4024819313223305 45.8
      vertex 0.7451137602388768 -1.5834473418155341 46
      vertex 0.8305315322174441 -1.3087082845281237 45.8
    endloop
  endfacet
  facet normal -0.34098755421131055 0.6202540585172618 0.7064080908128486
    outer loop
      vertex 0.7451137602388768 -1.5834473418155341 46
      vertex 0.9376968912132434 -1.4775738696285268 46
      vertex 0.8305315322174441 -1.3087082845281237 45.8
    endloop
  endfacet
  facet normal -0.4160372122836604 0.5726260972304588 0.7064080908128485
    outer loop
      vertex 0.8305315322174441 -1.3087082845281237 45.8
      vertex 0.9376968912132434 -1.4775738696285268 46
      vertex 0.9880071841104695 -1.194295526302473 45.8
    endloop
  endfacet
  facet normal -0.48175367410171444 0.8763066800438641 0
    outer loop
      vertex 0.7451137602388768 -1.5834473418155341 46
      vertex 0.9376968912132434 -1.4775738696285268 69
      vertex 0.9376968912132434 -1.4775738696285268 46
    endloop
  endfacet
  facet normal -0.41603721228366086 0.5726260972304588 0.7064080908128484
    outer loop
      vertex 0.9376968912132434 -1.4775738696285268 46
      vertex 1.1154919820602074 -1.3483981748576308 46
      vertex 0.9880071841104695 -1.194295526302473 45.8
    endloop
  endfacet
  facet normal -0.4845257149897138 0.5159674803200811 0.7064080908128484
    outer loop
      vertex 1.1154919820602074 -1.3483981748576308 46
      vertex 1.1299013725031881 -1.0610480141894671 45.8
      vertex 0.9880071841104695 -1.194295526302473 45.8
    endloop
  endfacet
  facet normal -0.4845257149897133 0.5159674803200812 0.7064080908128486
    outer loop
      vertex 1.1154919820602074 -1.3483981748576308 46
      vertex 1.2756950979874704 -1.197957435375205 46
      vertex 1.1299013725031881 -1.0610480141894671 45.8
    endloop
  endfacet
  facet normal -0.5453729577287453 0.45117174802102417 0.7064080908128485
    outer loop
      vertex 1.1299013725031881 -1.0610480141894671 45.8
      vertex 1.2756950979874704 -1.197957435375205 46
      vertex 1.2539763412811686 -0.9110671410533333 45.8
    endloop
  endfacet
  facet normal -0.5453729577287455 0.45117174802102405 0.7064080908128485
    outer loop
      vertex 1.2756950979874704 -1.197957435375205 46
      vertex 1.415779740156158 -1.028624191511828 46
      vertex 1.2539763412811686 -0.9110671410533333 45.8
    endloop
  endfacet
  facet normal -0.587785252292473 0.8090169943749475 0
    outer loop
      vertex 0.9376968912132434 -1.4775738696285268 46
      vertex 1.1154919820602074 -1.3483981748576308 69
      vertex 1.1154919820602074 -1.3483981748576308 46
    endloop
  endfacet
  facet normal -0.6845471059286888 0.7289686274214114 0
    outer loop
      vertex 1.1154919820602074 -1.3483981748576308 46
      vertex 1.2756950979874704 -1.197957435375205 69
      vertex 1.2756950979874704 -1.197957435375205 46
    endloop
  endfacet
  facet normal -0.7705132427757894 0.6374239897486897 0
    outer loop
      vertex 1.2756950979874704 -1.197957435375205 46
      vertex 1.2756950979874704 -1.197957435375205 69
      vertex 1.415779740156158 -1.028624191511828 46
    endloop
  endfacet
  facet normal -0.5976193431343824 0.37926076773873646 0.7064080908128484
    outer loop
      vertex 1.415779740156158 -1.028624191511828 46
      vertex 1.3582753540679884 -0.7467181948576589 45.8
      vertex 1.2539763412811686 -0.9110671410533333 45.8
    endloop
  endfacet
  facet normal -0.5976193431343821 0.37926076773873657 0.7064080908128485
    outer loop
      vertex 1.415779740156158 -1.028624191511828 46
      vertex 1.533536690076761 -0.843068929678002 46
      vertex 1.3582753540679884 -0.7467181948576589 45.8
    endloop
  endfacet
  facet normal -0.6404409144982983 0.3013686185898089 0.7064080908128485
    outer loop
      vertex 1.3582753540679884 -0.7467181948576589 45.8
      vertex 1.533536690076761 -0.843068929678002 46
      vertex 1.4411535531267894 -0.5705930566612514 45.8
    endloop
  endfacet
  facet normal -0.8443279255020152 0.5358267949789963 0
    outer loop
      vertex 1.415779740156158 -1.028624191511828 46
      vertex 1.415779740156158 -1.028624191511828 69
      vertex 1.533536690076761 -0.843068929678002 46
    endloop
  endfacet
  facet normal -0.6404409144982979 0.30136861858980923 0.7064080908128488
    outer loop
      vertex 1.533536690076761 -0.843068929678002 46
      vertex 1.6271088503044397 -0.6442179671981871 46
      vertex 1.4411535531267894 -0.5705930566612514 45.8
    endloop
  endfacet
  facet normal -0.6731623500597184 0.21872370629683344 0.7064080908128487
    outer loop
      vertex 1.6271088503044397 -0.6442179671981871 46
      vertex 1.5013038997493784 -0.3854693251055244 45.8
      vertex 1.4411535531267894 -0.5705930566612514 45.8
    endloop
  endfacet
  facet normal -0.9048270524660192 0.42577929156507355 0
    outer loop
      vertex 1.533536690076761 -0.843068929678002 46
      vertex 1.6271088503044397 -0.6442179671981871 69
      vertex 1.6271088503044397 -0.6442179671981871 46
    endloop
  endfacet
  facet normal -0.9510565162951536 0.3090169943749471 0
    outer loop
      vertex 1.6271088503044397 -0.6442179671981871 46
      vertex 1.6271088503044397 -0.6442179671981871 69
      vertex 1.6950205319751046 -0.43520730253849527 46
    endloop
  endfacet
  facet normal -0.6731623500597187 0.21872370629683288 0.7064080908128485
    outer loop
      vertex 1.6271088503044397 -0.6442179671981871 46
      vertex 1.6950205319751046 -0.43520730253849527 46
      vertex 1.5013038997493784 -0.3854693251055244 45.8
    endloop
  endfacet
  facet normal -0.6952676132330009 0.13262939049634745 0.7064080908128485
    outer loop
      vertex 1.5013038997493784 -0.3854693251055244 45.8
      vertex 1.6950205319751046 -0.43520730253849527 46
      vertex 1.5377777870374407 -0.1942665120246713 45.8
    endloop
  endfacet
  facet normal -0.6952676132330007 0.1326293904963477 0.7064080908128487
    outer loop
      vertex 1.6950205319751046 -0.43520730253849527 46
      vertex 1.7362007273003364 -0.21933315873753212 46
      vertex 1.5377777870374407 -0.1942665120246713 45.8
    endloop
  endfacet
  facet normal -0.7064080908128585 0.044443429978776906 0.7064080908128487
    outer loop
      vertex 1.5377777870374407 -0.1942665120246713 45.8
      vertex 1.7362007273003364 -0.21933315873753212 46
      vertex 1.55 0 45.8
    endloop
  endfacet
  facet normal -0.7064080908128587 0.044443429978776545 0.7064080908128485
    outer loop
      vertex 1.7362007273003364 -0.21933315873753212 46
      vertex 1.75 0 46
      vertex 1.55 0 45.8
    endloop
  endfacet
  facet normal -0.9822872507286887 0.187381314585725 0
    outer loop
      vertex 1.6950205319751046 -0.43520730253849527 46
      vertex 1.7362007273003364 -0.21933315873753212 69
      vertex 1.7362007273003364 -0.21933315873753212 46
    endloop
  endfacet
  facet normal -0.9980267284282716 0.06279051952931274 0
    outer loop
      vertex 1.7362007273003364 -0.21933315873753212 46
      vertex 1.75 0 69
      vertex 1.75 0 46
    endloop
  endfacet
  facet normal 0 1 0
    outer loop
      vertex -0.10988340917629909 -1.7465467747494752 69
      vertex 0.10988340917629909 -1.7465467747494752 69
      vertex 0.10988340917629909 -1.7465467747494752 46
    endloop
  endfacet
  facet normal -0.12533323356430495 0.9921147013144777 0
    outer loop
      vertex 0.32791730052501844 -1.719002688775205 46
      vertex 0.10988340917629909 -1.7465467747494752 69
      vertex 0.32791730052501844 -1.719002688775205 69
    endloop
  endfacet
  facet normal -0.24868988716485488 0.968583161128631 0
    outer loop
      vertex 0.32791730052501844 -1.719002688775205 46
      vertex 0.32791730052501844 -1.719002688775205 69
      vertex 0.5407797401561579 -1.6643489035165187 69
    endloop
  endfacet
  facet normal -0.36812455268467814 0.9297764858882513 0
    outer loop
      vertex 0.5407797401561579 -1.6643489035165187 69
      vertex 0.7451137602388768 -1.5834473418155341 69
      vertex 0.7451137602388768 -1.5834473418155341 46
    endloop
  endfacet
  facet normal -0.48175367410171444 0.8763066800438641 0
    outer loop
      vertex 0.7451137602388768 -1.5834473418155341 46
      vertex 0.7451137602388768 -1.5834473418155341 69
      vertex 0.9376968912132434 -1.4775738696285268 69
    endloop
  endfacet
  facet normal -0.587785252292473 0.8090169943749475 0
    outer loop
      vertex 0.9376968912132434 -1.4775738696285268 46
      vertex 0.9376968912132434 -1.4775738696285268 69
      vertex 1.1154919820602074 -1.3483981748576308 69
    endloop
  endfacet
  facet normal 0 0.7078047818672509 -0.7064080908128482
    outer loop
      vertex -0.09732530527043634 -1.546941429063821 69.2
      vertex 0.09732530527043634 -1.546941429063821 69.2
      vertex 0.10988340917629909 -1.7465467747494752 69
    endloop
  endfacet
  facet normal -0.08871146204370009 0.7022235297511868 -0.7064080908128483
    outer loop
      vertex 0.10988340917629909 -1.7465467747494752 69
      vertex 0.09732530527043634 -1.546941429063821 69.2
      vertex 0.32791730052501844 -1.719002688775205 69
    endloop
  endfacet
  facet normal -0.08871146204370055 0.7022235297511864 -0.7064080908128485
    outer loop
      vertex 0.32791730052501844 -1.719002688775205 69
      vertex 0.09732530527043634 -1.546941429063821 69.2
      vertex 0.2904410376078735 -1.5225452386294673 69.2
    endloop
  endfacet
  facet normal -0.1760238913373113 0.6855677930829429 -0.7064080908128484
    outer loop
      vertex 0.32791730052501844 -1.719002688775205 69
      vertex 0.2904410376078735 -1.5225452386294673 69.2
      vertex 0.5407797401561579 -1.6643489035165187 69
    endloop
  endfacet
  facet normal -0.1760238913373114 0.6855677930829428 -0.7064080908128485
    outer loop
      vertex 0.2904410376078735 -1.5225452386294673 69.2
      vertex 0.47897634128116845 -1.474137600257488 69.2
      vertex 0.5407797401561579 -1.6643489035165187 69
    endloop
  endfacet
  facet normal -0.2605603187129578 0.6581002427794327 -0.7064080908128485
    outer loop
      vertex 0.5407797401561579 -1.6643489035165187 69
      vertex 0.47897634128116845 -1.474137600257488 69.2
      vertex 0.7451137602388768 -1.5834473418155341 69
    endloop
  endfacet
  facet normal -0.2605603187129573 0.6581002427794332 -0.706408090812848
    outer loop
      vertex 0.47897634128116845 -1.474137600257488 69.2
      vertex 0.6599579019258623 -1.4024819313223305 69.2
      vertex 0.7451137602388768 -1.5834473418155341 69
    endloop
  endfacet
  facet normal -0.34098755421131083 0.6202540585172622 -0.706408090812848
    outer loop
      vertex 0.6599579019258623 -1.4024819313223305 69.2
      vertex 0.9376968912132434 -1.4775738696285268 69
      vertex 0.7451137602388768 -1.5834473418155341 69
    endloop
  endfacet
  facet normal -0.3409875542113113 0.6202540585172615 -0.7064080908128486
    outer loop
      vertex 0.6599579019258623 -1.4024819313223305 69.2
      vertex 0.8305315322174441 -1.3087082845281237 69.2
      vertex 0.9376968912132434 -1.4775738696285268 69
    endloop
  endfacet
  facet normal -0.4160372122836608 0.5726260972304585 -0.7064080908128486
    outer loop
      vertex 0.8305315322174441 -1.3087082845281237 69.2
      vertex 1.1154919820602074 -1.3483981748576308 69
      vertex 0.9376968912132434 -1.4775738696285268 69
    endloop
  endfacet
  facet normal -0.4160372122836606 0.572626097230459 -0.7064080908128483
    outer loop
      vertex 0.8305315322174441 -1.3087082845281237 69.2
      vertex 0.9880071841104695 -1.194295526302473 69.2
      vertex 1.1154919820602074 -1.3483981748576308 69
    endloop
  endfacet
  facet normal -0.6845471059286888 0.7289686274214114 0
    outer loop
      vertex 1.1154919820602074 -1.3483981748576308 46
      vertex 1.1154919820602074 -1.3483981748576308 69
      vertex 1.2756950979874704 -1.197957435375205 69
    endloop
  endfacet
  facet normal -0.7705132427757894 0.6374239897486897 0
    outer loop
      vertex 1.415779740156158 -1.028624191511828 46
      vertex 1.2756950979874704 -1.197957435375205 69
      vertex 1.415779740156158 -1.028624191511828 69
    endloop
  endfacet
  facet normal -0.4845257149897135 0.5159674803200813 -0.7064080908128484
    outer loop
      vertex 1.1154919820602074 -1.3483981748576308 69
      vertex 0.9880071841104695 -1.194295526302473 69.2
      vertex 1.2756950979874704 -1.197957435375205 69
    endloop
  endfacet
  facet normal -0.48452571498971364 0.5159674803200809 -0.7064080908128485
    outer loop
      vertex 0.9880071841104695 -1.194295526302473 69.2
      vertex 1.129901372503188 -1.0610480141894674 69.2
      vertex 1.2756950979874704 -1.197957435375205 69
    endloop
  endfacet
  facet normal -0.5453729577287454 0.45117174802102394 -0.7064080908128486
    outer loop
      vertex 1.129901372503188 -1.0610480141894674 69.2
      vertex 1.415779740156158 -1.028624191511828 69
      vertex 1.2756950979874704 -1.197957435375205 69
    endloop
  endfacet
  facet normal -0.8443279255020152 0.5358267949789963 0
    outer loop
      vertex 1.415779740156158 -1.028624191511828 69
      vertex 1.533536690076761 -0.843068929678002 69
      vertex 1.533536690076761 -0.843068929678002 46
    endloop
  endfacet
  facet normal -0.9048270524660192 0.42577929156507355 0
    outer loop
      vertex 1.533536690076761 -0.843068929678002 46
      vertex 1.533536690076761 -0.843068929678002 69
      vertex 1.6271088503044397 -0.6442179671981871 69
    endloop
  endfacet
  facet normal -0.9510565162951536 0.3090169943749471 0
    outer loop
      vertex 1.6271088503044397 -0.6442179671981871 69
      vertex 1.6950205319751046 -0.43520730253849527 69
      vertex 1.6950205319751046 -0.43520730253849527 46
    endloop
  endfacet
  facet normal -0.9822872507286887 0.187381314585725 0
    outer loop
      vertex 1.6950205319751046 -0.43520730253849527 46
      vertex 1.6950205319751046 -0.43520730253849527 69
      vertex 1.7362007273003364 -0.21933315873753212 69
    endloop
  endfacet
  facet normal -0.9980267284282716 0.06279051952931274 0
    outer loop
      vertex 1.7362007273003364 -0.21933315873753212 46
      vertex 1.7362007273003364 -0.21933315873753212 69
      vertex 1.75 0 69
    endloop
  endfacet
  facet normal -0.5453729577287452 0.45117174802102455 -0.7064080908128483
    outer loop
      vertex 1.129901372503188 -1.0610480141894674 69.2
      vertex 1.2539763412811686 -0.9110671410533334 69.2
      vertex 1.415779740156158 -1.028624191511828 69
    endloop
  endfacet
  facet normal -0.5976193431343825 0.3792607677387362 -0.7064080908128485
    outer loop
      vertex 1.2539763412811686 -0.9110671410533334 69.2
      vertex 1.3582753540679884 -0.7467181948576589 69.2
      vertex 1.533536690076761 -0.843068929678002 69
    endloop
  endfacet
  facet normal -0.5976193431343824 0.3792607677387367 -0.7064080908128483
    outer loop
      vertex 1.415779740156158 -1.028624191511828 69
      vertex 1.2539763412811686 -0.9110671410533334 69.2
      vertex 1.533536690076761 -0.843068929678002 69
    endloop
  endfacet
  facet normal -0.6404409144982981 0.3013686185898094 -0.7064080908128485
    outer loop
      vertex 1.3582753540679884 -0.7467181948576589 69.2
      vertex 1.6271088503044397 -0.6442179671981871 69
      vertex 1.533536690076761 -0.843068929678002 69
    endloop
  endfacet
  facet normal -0.6404409144982981 0.301368618589809 -0.7064080908128487
    outer loop
      vertex 1.3582753540679884 -0.7467181948576589 69.2
      vertex 1.4411535531267894 -0.5705930566612515 69.2
      vertex 1.6271088503044397 -0.6442179671981871 69
    endloop
  endfacet
  facet normal -0.6731623500597185 0.21872370629683283 -0.7064080908128487
    outer loop
      vertex 1.6271088503044397 -0.6442179671981871 69
      vertex 1.4411535531267894 -0.5705930566612515 69.2
      vertex 1.6950205319751046 -0.43520730253849527 69
    endloop
  endfacet
  facet normal -0.6731623500597186 0.2187237062968333 -0.7064080908128485
    outer loop
      vertex 1.4411535531267894 -0.5705930566612515 69.2
      vertex 1.5013038997493784 -0.3854693251055244 69.2
      vertex 1.6950205319751046 -0.43520730253849527 69
    endloop
  endfacet
  facet normal -0.6952676132330009 0.13262939049634773 -0.7064080908128485
    outer loop
      vertex 1.5013038997493784 -0.3854693251055244 69.2
      vertex 1.7362007273003364 -0.21933315873753212 69
      vertex 1.6950205319751046 -0.43520730253849527 69
    endloop
  endfacet
  facet normal -0.6952676132330007 0.1326293904963474 -0.7064080908128487
    outer loop
      vertex 1.5013038997493784 -0.3854693251055244 69.2
      vertex 1.5377777870374407 -0.1942665120246713 69.2
      vertex 1.7362007273003364 -0.21933315873753212 69
    endloop
  endfacet
  facet normal -0.7064080908128587 0.04444342997877691 -0.7064080908128485
    outer loop
      vertex 1.5377777870374407 -0.1942665120246713 69.2
      vertex 1.55 0 69.2
      vertex 1.75 0 69
    endloop
  endfacet
  facet normal -0.7064080908128585 0.04444342997877661 -0.7064080908128486
    outer loop
      vertex 1.5377777870374407 -0.1942665120246713 69.2
      vertex 1.75 0 69
      vertex 1.7362007273003364 -0.21933315873753212 69
    endloop
  endfacet
  facet normal 0 -0.707804781867251 0.7064080908128483
    outer loop
      vertex -0.09732530527043559 1.546941429063821 45.8
      vertex 0.09732530527043558 1.546941429063821 45.8
      vertex 0.10988340917629824 1.7465467747494752 46
    endloop
  endfacet
  facet normal -0.08871146204369959 -0.7022235297511866 0.7064080908128484
    outer loop
      vertex 0.09732530527043558 1.546941429063821 45.8
      vertex 0.2904410376078731 1.5225452386294676 45.8
      vertex 0.327917300525018 1.7190026887752052 46
    endloop
  endfacet
  facet normal -0.08871146204369919 -0.7022235297511868 0.7064080908128483
    outer loop
      vertex 0.09732530527043558 1.546941429063821 45.8
      vertex 0.327917300525018 1.7190026887752052 46
      vertex 0.10988340917629824 1.7465467747494752 46
    endloop
  endfacet
  facet normal -0.17602389133731178 -0.6855677930829427 0.7064080908128485
    outer loop
      vertex 0.2904410376078731 1.5225452386294676 45.8
      vertex 0.47897634128116845 1.474137600257488 45.8
      vertex 0.5407797401561579 1.6643489035165187 46
    endloop
  endfacet
  facet normal -0.1760238913373116 -0.6855677930829428 0.7064080908128484
    outer loop
      vertex 0.2904410376078731 1.5225452386294676 45.8
      vertex 0.5407797401561579 1.6643489035165187 46
      vertex 0.327917300525018 1.7190026887752052 46
    endloop
  endfacet
  facet normal 0 -1 0
    outer loop
      vertex -0.10988340917629824 1.7465467747494752 46
      vertex 0.10988340917629824 1.7465467747494752 46
      vertex 0.10988340917629824 1.7465467747494752 69
    endloop
  endfacet
  facet normal -0.12533323356430373 -0.9921147013144779 0
    outer loop
      vertex 0.10988340917629824 1.7465467747494752 46
      vertex 0.327917300525018 1.7190026887752052 46
      vertex 0.10988340917629824 1.7465467747494752 69
    endloop
  endfacet
  facet normal -0.24868988716485535 -0.9685831611286311 0
    outer loop
      vertex 0.327917300525018 1.7190026887752052 46
      vertex 0.5407797401561579 1.6643489035165187 46
      vertex 0.5407797401561579 1.6643489035165187 69
    endloop
  endfacet
  facet normal -0.2605603187129574 -0.6581002427794327 0.7064080908128485
    outer loop
      vertex 0.47897634128116845 1.474137600257488 45.8
      vertex 0.6599579019258627 1.4024819313223302 45.8
      vertex 0.7451137602388772 1.5834473418155341 46
    endloop
  endfacet
  facet normal -0.34098755421131083 -0.6202540585172619 0.7064080908128483
    outer loop
      vertex 0.6599579019258627 1.4024819313223302 45.8
      vertex 0.8305315322174448 1.3087082845281235 45.8
      vertex 0.9376968912132442 1.4775738696285263 46
    endloop
  endfacet
  facet normal -0.34098755421131116 -0.6202540585172615 0.7064080908128485
    outer loop
      vertex 0.6599579019258627 1.4024819313223302 45.8
      vertex 0.9376968912132442 1.4775738696285263 46
      vertex 0.7451137602388772 1.5834473418155341 46
    endloop
  endfacet
  facet normal -0.41603721228366136 -0.5726260972304582 0.7064080908128484
    outer loop
      vertex 0.9880071841104691 1.1942955263024733 45.8
      vertex 1.115491982060207 1.348398174857631 46
      vertex 0.8305315322174448 1.3087082845281235 45.8
    endloop
  endfacet
  facet normal -0.4160372122836613 -0.5726260972304584 0.7064080908128483
    outer loop
      vertex 0.8305315322174448 1.3087082845281235 45.8
      vertex 1.115491982060207 1.348398174857631 46
      vertex 0.9376968912132442 1.4775738696285263 46
    endloop
  endfacet
  facet normal -0.26056031871295743 -0.6581002427794329 0.7064080908128485
    outer loop
      vertex 0.47897634128116845 1.474137600257488 45.8
      vertex 0.7451137602388772 1.5834473418155341 46
      vertex 0.5407797401561579 1.6643489035165187 46
    endloop
  endfacet
  facet normal -0.36812455268467736 -0.9297764858882516 0
    outer loop
      vertex 0.5407797401561579 1.6643489035165187 46
      vertex 0.7451137602388772 1.5834473418155341 46
      vertex 0.5407797401561579 1.6643489035165187 69
    endloop
  endfacet
  facet normal -0.48175367410171543 -0.8763066800438635 0
    outer loop
      vertex 0.9376968912132442 1.4775738696285263 46
      vertex 0.7451137602388772 1.5834473418155341 69
      vertex 0.7451137602388772 1.5834473418155341 46
    endloop
  endfacet
  facet normal -0.6404409144982985 -0.3013686185898084 0.7064080908128486
    outer loop
      vertex 1.3582753540679886 0.7467181948576588 45.8
      vertex 1.4411535531267896 0.5705930566612509 45.8
      vertex 1.62710885030444 0.6442179671981865 46
    endloop
  endfacet
  facet normal -0.6404409144982984 -0.30136861858980873 0.7064080908128485
    outer loop
      vertex 1.3582753540679886 0.7467181948576588 45.8
      vertex 1.62710885030444 0.6442179671981865 46
      vertex 1.5335366900767613 0.8430689296780018 46
    endloop
  endfacet
  facet normal -0.5976193431343823 -0.3792607677387366 0.7064080908128486
    outer loop
      vertex 1.3582753540679886 0.7467181948576588 45.8
      vertex 1.5335366900767613 0.8430689296780018 46
      vertex 1.2539763412811686 0.9110671410533334 45.8
    endloop
  endfacet
  facet normal -0.5453729577287456 -0.4511717480210242 0.7064080908128484
    outer loop
      vertex 1.2539763412811686 0.9110671410533334 45.8
      vertex 1.415779740156158 1.028624191511828 46
      vertex 1.129901372503188 1.0610480141894676 45.8
    endloop
  endfacet
  facet normal -0.5976193431343821 -0.379260767738737 0.7064080908128483
    outer loop
      vertex 1.2539763412811686 0.9110671410533334 45.8
      vertex 1.5335366900767613 0.8430689296780018 46
      vertex 1.415779740156158 1.028624191511828 46
    endloop
  endfacet
  facet normal -0.844327925502015 -0.5358267949789969 0
    outer loop
      vertex 1.415779740156158 1.028624191511828 46
      vertex 1.5335366900767613 0.8430689296780018 46
      vertex 1.415779740156158 1.028624191511828 69
    endloop
  endfacet
  facet normal -0.7064080908128586 -0.044443429978776844 0.7064080908128485
    outer loop
      vertex 1.55 0 45.8
      vertex 1.75 0 46
      vertex 1.5377777870374407 0.1942665120246716 45.8
    endloop
  endfacet
  facet normal -0.7064080908128585 -0.044443429978776545 0.7064080908128486
    outer loop
      vertex 1.5377777870374407 0.1942665120246716 45.8
      vertex 1.75 0 46
      vertex 1.7362007273003364 0.21933315873753245 46
    endloop
  endfacet
  facet normal -0.6952676132330007 -0.132629390496348 0.7064080908128486
    outer loop
      vertex 1.5377777870374407 0.1942665120246716 45.8
      vertex 1.7362007273003364 0.21933315873753245 46
      vertex 1.5013038997493782 0.38546932510552495 45.8
    endloop
  endfacet
  facet normal -0.6952676132330007 -0.13262939049634825 0.7064080908128486
    outer loop
      vertex 1.7362007273003364 0.21933315873753245 46
      vertex 1.6950205319751044 0.4352073025384959 46
      vertex 1.5013038997493782 0.38546932510552495 45.8
    endloop
  endfacet
  facet normal -0.6731623500597186 -0.218723706296833 0.7064080908128485
    outer loop
      vertex 1.5013038997493782 0.38546932510552495 45.8
      vertex 1.6950205319751044 0.4352073025384959 46
      vertex 1.4411535531267896 0.5705930566612509 45.8
    endloop
  endfacet
  facet normal -0.9980267284282716 -0.06279051952931264 0
    outer loop
      vertex 1.75 0 46
      vertex 1.75 0 69
      vertex 1.7362007273003364 0.21933315873753245 46
    endloop
  endfacet
  facet normal -0.9822872507286884 -0.18738131458572566 0
    outer loop
      vertex 1.7362007273003364 0.21933315873753245 46
      vertex 1.6950205319751044 0.4352073025384959 69
      vertex 1.6950205319751044 0.4352073025384959 46
    endloop
  endfacet
  facet normal -0.6731623500597185 -0.21872370629683277 0.7064080908128487
    outer loop
      vertex 1.4411535531267896 0.5705930566612509 45.8
      vertex 1.6950205319751044 0.4352073025384959 46
      vertex 1.62710885030444 0.6442179671981865 46
    endloop
  endfacet
  facet normal -0.9048270524660197 -0.4257792915650725 0
    outer loop
      vertex 1.5335366900767613 0.8430689296780018 46
      vertex 1.62710885030444 0.6442179671981865 46
      vertex 1.62710885030444 0.6442179671981865 69
    endloop
  endfacet
  facet normal -0.9510565162951536 -0.309016994374947 0
    outer loop
      vertex 1.6950205319751044 0.4352073025384959 46
      vertex 1.62710885030444 0.6442179671981865 69
      vertex 1.62710885030444 0.6442179671981865 46
    endloop
  endfacet
  facet normal -0.4845257149897128 -0.5159674803200817 0.7064080908128485
    outer loop
      vertex 0.9880071841104691 1.1942955263024733 45.8
      vertex 1.129901372503188 1.0610480141894676 45.8
      vertex 1.2756950979874702 1.1979574353752054 46
    endloop
  endfacet
  facet normal -0.48452571498971264 -0.515967480320082 0.7064080908128484
    outer loop
      vertex 0.9880071841104691 1.1942955263024733 45.8
      vertex 1.2756950979874702 1.1979574353752054 46
      vertex 1.115491982060207 1.348398174857631 46
    endloop
  endfacet
  facet normal -0.5453729577287456 -0.45117174802102367 0.7064080908128485
    outer loop
      vertex 1.129901372503188 1.0610480141894676 45.8
      vertex 1.415779740156158 1.028624191511828 46
      vertex 1.2756950979874702 1.1979574353752054 46
    endloop
  endfacet
  facet normal -0.5877852522924736 -0.809016994374947 0
    outer loop
      vertex 0.9376968912132442 1.4775738696285263 46
      vertex 1.115491982060207 1.348398174857631 46
      vertex 1.115491982060207 1.348398174857631 69
    endloop
  endfacet
  facet normal -0.6845471059286878 -0.7289686274214123 0
    outer loop
      vertex 1.2756950979874702 1.1979574353752054 46
      vertex 1.115491982060207 1.348398174857631 69
      vertex 1.115491982060207 1.348398174857631 46
    endloop
  endfacet
  facet normal -0.7705132427757896 -0.6374239897486893 0
    outer loop
      vertex 1.415779740156158 1.028624191511828 46
      vertex 1.415779740156158 1.028624191511828 69
      vertex 1.2756950979874702 1.1979574353752054 46
    endloop
  endfacet
  facet normal -0.12533323356430373 -0.9921147013144779 0
    outer loop
      vertex 0.327917300525018 1.7190026887752052 46
      vertex 0.327917300525018 1.7190026887752052 69
      vertex 0.10988340917629824 1.7465467747494752 69
    endloop
  endfacet
  facet normal -0.24868988716485535 -0.9685831611286311 0
    outer loop
      vertex 0.327917300525018 1.7190026887752052 46
      vertex 0.5407797401561579 1.6643489035165187 69
      vertex 0.327917300525018 1.7190026887752052 69
    endloop
  endfacet
  facet normal -0.48175367410171543 -0.8763066800438635 0
    outer loop
      vertex 0.9376968912132442 1.4775738696285263 46
      vertex 0.9376968912132442 1.4775738696285263 69
      vertex 0.7451137602388772 1.5834473418155341 69
    endloop
  endfacet
  facet normal -0.5877852522924736 -0.809016994374947 0
    outer loop
      vertex 0.9376968912132442 1.4775738696285263 46
      vertex 1.115491982060207 1.348398174857631 69
      vertex 0.9376968912132442 1.4775738696285263 69
    endloop
  endfacet
  facet normal -0.36812455268467736 -0.9297764858882516 0
    outer loop
      vertex 0.5407797401561579 1.6643489035165187 69
      vertex 0.7451137602388772 1.5834473418155341 46
      vertex 0.7451137602388772 1.5834473418155341 69
    endloop
  endfacet
  facet normal 0 -0.707804781867251 -0.7064080908128483
    outer loop
      vertex -0.10988340917629824 1.7465467747494752 69
      vertex 0.10988340917629824 1.7465467747494752 69
      vertex 0.09732530527043559 1.546941429063821 69.2
    endloop
  endfacet
  facet normal -0.08871146204369963 -0.702223529751187 -0.7064080908128483
    outer loop
      vertex 0.09732530527043559 1.546941429063821 69.2
      vertex 0.10988340917629824 1.7465467747494752 69
      vertex 0.2904410376078731 1.5225452386294676 69.2
    endloop
  endfacet
  facet normal -0.08871146204369927 -0.7022235297511866 -0.7064080908128485
    outer loop
      vertex 0.2904410376078731 1.5225452386294676 69.2
      vertex 0.10988340917629824 1.7465467747494752 69
      vertex 0.327917300525018 1.7190026887752052 69
    endloop
  endfacet
  facet normal -0.17602389133731183 -0.6855677930829429 -0.7064080908128485
    outer loop
      vertex 0.2904410376078731 1.5225452386294676 69.2
      vertex 0.327917300525018 1.7190026887752052 69
      vertex 0.47897634128116845 1.474137600257488 69.2
    endloop
  endfacet
  facet normal -0.1760238913373116 -0.6855677930829428 -0.7064080908128484
    outer loop
      vertex 0.327917300525018 1.7190026887752052 69
      vertex 0.5407797401561579 1.6643489035165187 69
      vertex 0.47897634128116845 1.474137600257488 69.2
    endloop
  endfacet
  facet normal -0.2605603187129575 -0.6581002427794328 -0.7064080908128485
    outer loop
      vertex 0.47897634128116845 1.474137600257488 69.2
      vertex 0.5407797401561579 1.6643489035165187 69
      vertex 0.6599579019258627 1.4024819313223302 69.2
    endloop
  endfacet
  facet normal -0.34098755421131055 -0.6202540585172618 -0.7064080908128486
    outer loop
      vertex 0.6599579019258627 1.4024819313223302 69.2
      vertex 0.7451137602388772 1.5834473418155341 69
      vertex 0.8305315322174449 1.3087082845281235 69.2
    endloop
  endfacet
  facet normal -0.3409875542113114 -0.6202540585172617 -0.7064080908128482
    outer loop
      vertex 0.8305315322174449 1.3087082845281235 69.2
      vertex 0.7451137602388772 1.5834473418155341 69
      vertex 0.9376968912132442 1.4775738696285263 69
    endloop
  endfacet
  facet normal -0.4160372122836615 -0.5726260972304584 -0.7064080908128482
    outer loop
      vertex 0.9880071841104692 1.1942955263024733 69.2
      vertex 0.8305315322174449 1.3087082845281235 69.2
      vertex 0.9376968912132442 1.4775738696285263 69
    endloop
  endfacet
  facet normal -0.2605603187129574 -0.6581002427794329 -0.7064080908128485
    outer loop
      vertex 0.6599579019258627 1.4024819313223302 69.2
      vertex 0.5407797401561579 1.6643489035165187 69
      vertex 0.7451137602388772 1.5834473418155341 69
    endloop
  endfacet
  facet normal -0.844327925502015 -0.5358267949789969 0
    outer loop
      vertex 1.415779740156158 1.028624191511828 69
      vertex 1.5335366900767613 0.8430689296780018 46
      vertex 1.5335366900767613 0.8430689296780018 69
    endloop
  endfacet
  facet normal -0.9980267284282716 -0.06279051952931264 0
    outer loop
      vertex 1.7362007273003364 0.21933315873753245 46
      vertex 1.75 0 69
      vertex 1.7362007273003364 0.21933315873753245 69
    endloop
  endfacet
  facet normal -0.9822872507286884 -0.18738131458572566 0
    outer loop
      vertex 1.7362007273003364 0.21933315873753245 46
      vertex 1.7362007273003364 0.21933315873753245 69
      vertex 1.6950205319751044 0.4352073025384959 69
    endloop
  endfacet
  facet normal -0.9510565162951536 -0.309016994374947 0
    outer loop
      vertex 1.6950205319751044 0.4352073025384959 46
      vertex 1.6950205319751044 0.4352073025384959 69
      vertex 1.62710885030444 0.6442179671981865 69
    endloop
  endfacet
  facet normal -0.9048270524660197 -0.4257792915650725 0
    outer loop
      vertex 1.5335366900767613 0.8430689296780018 46
      vertex 1.62710885030444 0.6442179671981865 69
      vertex 1.5335366900767613 0.8430689296780018 69
    endloop
  endfacet
  facet normal -0.6404409144982987 -0.3013686185898083 -0.7064080908128485
    outer loop
      vertex 1.3582753540679886 0.7467181948576588 69.2
      vertex 1.5335366900767613 0.8430689296780018 69
      vertex 1.4411535531267896 0.5705930566612508 69.2
    endloop
  endfacet
  facet normal -0.5976193431343823 -0.37926076773873685 -0.7064080908128484
    outer loop
      vertex 1.3582753540679886 0.7467181948576588 69.2
      vertex 1.2539763412811686 0.9110671410533333 69.2
      vertex 1.415779740156158 1.028624191511828 69
    endloop
  endfacet
  facet normal -0.597619343134382 -0.3792607677387369 -0.7064080908128485
    outer loop
      vertex 1.3582753540679886 0.7467181948576588 69.2
      vertex 1.415779740156158 1.028624191511828 69
      vertex 1.5335366900767613 0.8430689296780018 69
    endloop
  endfacet
  facet normal -0.7064080908128585 -0.04444342997877684 -0.7064080908128486
    outer loop
      vertex 1.55 0 69.2
      vertex 1.5377777870374407 0.1942665120246716 69.2
      vertex 1.7362007273003364 0.21933315873753245 69
    endloop
  endfacet
  facet normal -0.7064080908128586 -0.04444342997877656 -0.7064080908128485
    outer loop
      vertex 1.55 0 69.2
      vertex 1.7362007273003364 0.21933315873753245 69
      vertex 1.75 0 69
    endloop
  endfacet
  facet normal -0.6952676132330008 -0.13262939049634806 -0.7064080908128485
    outer loop
      vertex 1.5377777870374407 0.1942665120246716 69.2
      vertex 1.5013038997493782 0.3854693251055249 69.2
      vertex 1.6950205319751044 0.4352073025384959 69
    endloop
  endfacet
  facet normal -0.6731623500597186 -0.21872370629683285 -0.7064080908128486
    outer loop
      vertex 1.5013038997493782 0.3854693251055249 69.2
      vertex 1.62710885030444 0.6442179671981865 69
      vertex 1.6950205319751044 0.4352073025384959 69
    endloop
  endfacet
  facet normal -0.6952676132330006 -0.1326293904963482 -0.7064080908128487
    outer loop
      vertex 1.5377777870374407 0.1942665120246716 69.2
      vertex 1.6950205319751044 0.4352073025384959 69
      vertex 1.7362007273003364 0.21933315873753245 69
    endloop
  endfacet
  facet normal -0.6731623500597184 -0.21872370629683302 -0.7064080908128487
    outer loop
      vertex 1.5013038997493782 0.3854693251055249 69.2
      vertex 1.4411535531267896 0.5705930566612508 69.2
      vertex 1.62710885030444 0.6442179671981865 69
    endloop
  endfacet
  facet normal -0.6404409144982982 -0.3013686185898086 -0.7064080908128487
    outer loop
      vertex 1.4411535531267896 0.5705930566612508 69.2
      vertex 1.5335366900767613 0.8430689296780018 69
      vertex 1.62710885030444 0.6442179671981865 69
    endloop
  endfacet
  facet normal -0.6845471059286878 -0.7289686274214123 0
    outer loop
      vertex 1.2756950979874702 1.1979574353752054 46
      vertex 1.2756950979874702 1.1979574353752054 69
      vertex 1.115491982060207 1.348398174857631 69
    endloop
  endfacet
  facet normal -0.7705132427757896 -0.6374239897486893 0
    outer loop
      vertex 1.2756950979874702 1.1979574353752054 46
      vertex 1.415779740156158 1.028624191511828 69
      vertex 1.2756950979874702 1.1979574353752054 69
    endloop
  endfacet
  facet normal -0.48452571498971325 -0.5159674803200818 -0.7064080908128483
    outer loop
      vertex 0.9880071841104692 1.1942955263024733 69.2
      vertex 1.115491982060207 1.348398174857631 69
      vertex 1.129901372503188 1.0610480141894676 69.2
    endloop
  endfacet
  facet normal -0.5453729577287456 -0.45117174802102383 -0.7064080908128485
    outer loop
      vertex 1.2539763412811686 0.9110671410533333 69.2
      vertex 1.129901372503188 1.0610480141894676 69.2
      vertex 1.2756950979874702 1.1979574353752054 69
    endloop
  endfacet
  facet normal -0.48452571498971264 -0.5159674803200819 -0.7064080908128486
    outer loop
      vertex 1.129901372503188 1.0610480141894676 69.2
      vertex 1.115491982060207 1.348398174857631 69
      vertex 1.2756950979874702 1.1979574353752054 69
    endloop
  endfacet
  facet normal -0.4160372122836614 -0.5726260972304584 -0.7064080908128482
    outer loop
      vertex 0.9880071841104692 1.1942955263024733 69.2
      vertex 0.9376968912132442 1.4775738696285263 69
      vertex 1.115491982060207 1.348398174857631 69
    endloop
  endfacet
  facet normal -0.5453729577287459 -0.4511717480210237 -0.7064080908128485
    outer loop
      vertex 1.2539763412811686 0.9110671410533333 69.2
      vertex 1.2756950979874702 1.1979574353752054 69
      vertex 1.415779740156158 1.028624191511828 69
    endloop
  endfacet
  facet normal 0.5453729577287412 0.45117174802102045 0.7064080908128542
    outer loop
      vertex -1.2756950979874704 -1.197957435375205 3
      vertex -1.129901372503188 -1.0610480141894674 2.8000000000000003
      vertex -1.415779740156158 -1.028624191511828 3
    endloop
  endfacet
  facet normal 0.48452571498971037 0.5159674803200772 0.7064080908128535
    outer loop
      vertex -1.115491982060207 -1.3483981748576315 3
      vertex -0.988007184110469 -1.1942955263024735 2.8
      vertex -1.2756950979874704 -1.197957435375205 3
    endloop
  endfacet
  facet normal 0.48452571498971087 0.515967480320076 0.706408090812854
    outer loop
      vertex -1.2756950979874704 -1.197957435375205 3
      vertex -0.988007184110469 -1.1942955263024735 2.8
      vertex -1.129901372503188 -1.0610480141894674 2.8000000000000003
    endloop
  endfacet
  facet normal 0.7705132427757894 0.6374239897486897 0
    outer loop
      vertex -1.2756950979874704 -1.197957435375205 3
      vertex -1.415779740156158 -1.028624191511828 3
      vertex -1.2756950979874704 -1.197957435375205 26
    endloop
  endfacet
  facet normal 0.5877852522924721 0.8090169943749481 0
    outer loop
      vertex -1.115491982060207 -1.3483981748576315 3
      vertex -1.115491982060207 -1.3483981748576315 26
      vertex -0.9376968912132444 -1.477573869628526 3
    endloop
  endfacet
  facet normal 0.6845471059286895 0.7289686274214109 0
    outer loop
      vertex -1.115491982060207 -1.3483981748576315 3
      vertex -1.2756950979874704 -1.197957435375205 3
      vertex -1.2756950979874704 -1.197957435375205 26
    endloop
  endfacet
  facet normal 0.6731623500597136 0.2187237062968315 0.7064080908128538
    outer loop
      vertex -1.62710885030444 -0.6442179671981862 3
      vertex -1.4411535531267898 -0.5705930566612507 2.8000000000000003
      vertex -1.6950205319751044 -0.435207302538496 3
    endloop
  endfacet
  facet normal 0.6731623500597138 0.21872370629683272 0.7064080908128533
    outer loop
      vertex -1.6950205319751044 -0.435207302538496 3
      vertex -1.4411535531267898 -0.5705930566612507 2.8000000000000003
      vertex -1.5013038997493782 -0.385469325105525 2.8
    endloop
  endfacet
  facet normal 0.6952676132329961 0.13262939049634712 0.7064080908128532
    outer loop
      vertex -1.6950205319751044 -0.435207302538496 3
      vertex -1.5013038997493782 -0.385469325105525 2.8
      vertex -1.7362007273003364 -0.21933315873753212 3
    endloop
  endfacet
  facet normal 0.6952676132329961 0.1326293904963469 0.7064080908128534
    outer loop
      vertex -1.5013038997493782 -0.385469325105525 2.8
      vertex -1.5377777870374407 -0.1942665120246713 2.8
      vertex -1.7362007273003364 -0.21933315873753212 3
    endloop
  endfacet
  facet normal 0.7064080908128537 0.04444342997877623 0.7064080908128534
    outer loop
      vertex -1.7362007273003364 -0.21933315873753212 3
      vertex -1.5377777870374407 -0.1942665120246713 2.8
      vertex -1.75 0 3
    endloop
  endfacet
  facet normal 0.7064080908128539 0.04444342997877662 0.7064080908128532
    outer loop
      vertex -1.5377777870374407 -0.1942665120246713 2.8
      vertex -1.55 0 2.8
      vertex -1.75 0 3
    endloop
  endfacet
  facet normal 0.5976193431343778 0.3792607677387338 0.7064080908128538
    outer loop
      vertex -1.533536690076761 -0.843068929678002 3
      vertex -1.415779740156158 -1.028624191511828 3
      vertex -1.2539763412811686 -0.9110671410533334 2.8000000000000003
    endloop
  endfacet
  facet normal 0.5453729577287411 0.45117174802102106 0.7064080908128538
    outer loop
      vertex -1.415779740156158 -1.028624191511828 3
      vertex -1.129901372503188 -1.0610480141894674 2.8000000000000003
      vertex -1.2539763412811686 -0.9110671410533334 2.8000000000000003
    endloop
  endfacet
  facet normal 0.5976193431343776 0.3792607677387351 0.7064080908128533
    outer loop
      vertex -1.533536690076761 -0.843068929678002 3
      vertex -1.2539763412811686 -0.9110671410533334 2.8000000000000003
      vertex -1.3582753540679884 -0.7467181948576589 2.8
    endloop
  endfacet
  facet normal 0.6404409144982941 0.3013686185898068 0.7064080908128532
    outer loop
      vertex -1.62710885030444 -0.6442179671981862 3
      vertex -1.533536690076761 -0.843068929678002 3
      vertex -1.3582753540679884 -0.7467181948576589 2.8
    endloop
  endfacet
  facet normal 0.640440914498294 0.30136861858980557 0.7064080908128538
    outer loop
      vertex -1.62710885030444 -0.6442179671981862 3
      vertex -1.3582753540679884 -0.7467181948576589 2.8
      vertex -1.4411535531267898 -0.5705930566612507 2.8000000000000003
    endloop
  endfacet
  facet normal 0.9048270524660195 0.4257792915650727 0
    outer loop
      vertex -1.62710885030444 -0.6442179671981862 3
      vertex -1.62710885030444 -0.6442179671981862 26
      vertex -1.533536690076761 -0.843068929678002 3
    endloop
  endfacet
  facet normal 0.9510565162951536 0.30901699437494745 0
    outer loop
      vertex -1.62710885030444 -0.6442179671981862 3
      vertex -1.6950205319751044 -0.435207302538496 3
      vertex -1.6950205319751044 -0.435207302538496 26
    endloop
  endfacet
  facet normal 0.9822872507286886 0.18738131458572532 0
    outer loop
      vertex -1.6950205319751044 -0.435207302538496 3
      vertex -1.7362007273003364 -0.21933315873753212 3
      vertex -1.6950205319751044 -0.435207302538496 26
    endloop
  endfacet
  facet normal 0.9980267284282716 0.06279051952931274 0
    outer loop
      vertex -1.7362007273003364 -0.21933315873753212 3
      vertex -1.75 0 3
      vertex -1.75 0 26
    endloop
  endfacet
  facet normal 0.8443279255020152 0.5358267949789963 0
    outer loop
      vertex -1.533536690076761 -0.843068929678002 3
      vertex -1.415779740156158 -1.028624191511828 26
      vertex -1.415779740156158 -1.028624191511828 3
    endloop
  endfacet
  facet normal 0.2605603187129561 0.6581002427794281 0.7064080908128532
    outer loop
      vertex -0.7451137602388768 -1.5834473418155341 3
      vertex -0.5407797401561579 -1.6643489035165187 3
      vertex -0.47897634128116845 -1.474137600257488 2.8
    endloop
  endfacet
  facet normal 0.4160372122836575 0.5726260972304553 0.706408090812853
    outer loop
      vertex -1.115491982060207 -1.3483981748576315 3
      vertex -0.9376968912132444 -1.477573869628526 3
      vertex -0.830531532217445 -1.3087082845281233 2.8
    endloop
  endfacet
  facet normal 0.416037212283658 0.5726260972304544 0.7064080908128536
    outer loop
      vertex -1.115491982060207 -1.3483981748576315 3
      vertex -0.830531532217445 -1.3087082845281233 2.8
      vertex -0.988007184110469 -1.1942955263024735 2.8
    endloop
  endfacet
  facet normal 0.34098755421130844 0.6202540585172572 0.7064080908128536
    outer loop
      vertex -0.7451137602388768 -1.5834473418155341 3
      vertex -0.6599579019258623 -1.4024819313223305 2.8000000000000003
      vertex -0.9376968912132444 -1.477573869628526 3
    endloop
  endfacet
  facet normal 0.3409875542113077 0.6202540585172583 0.7064080908128529
    outer loop
      vertex -0.9376968912132444 -1.477573869628526 3
      vertex -0.6599579019258623 -1.4024819313223305 2.8000000000000003
      vertex -0.830531532217445 -1.3087082845281233 2.8
    endloop
  endfacet
  facet normal 0.26056031871295676 0.6581002427794276 0.7064080908128536
    outer loop
      vertex -0.7451137602388768 -1.5834473418155341 3
      vertex -0.47897634128116845 -1.474137600257488 2.8
      vertex -0.6599579019258623 -1.4024819313223305 2.8000000000000003
    endloop
  endfacet
  facet normal 0.17602389133730995 0.6855677930829377 0.7064080908128539
    outer loop
      vertex -0.5407797401561579 -1.6643489035165187 3
      vertex -0.32791730052501844 -1.719002688775205 3
      vertex -0.2904410376078735 -1.5225452386294673 2.8000000000000003
    endloop
  endfacet
  facet normal 0.17602389133730864 0.6855677930829389 0.706408090812853
    outer loop
      vertex -0.5407797401561579 -1.6643489035165187 3
      vertex -0.2904410376078735 -1.5225452386294673 2.8000000000000003
      vertex -0.47897634128116845 -1.474137600257488 2.8
    endloop
  endfacet
  facet normal 0.0887114620436994 0.7022235297511813 0.7064080908128537
    outer loop
      vertex -0.32791730052501844 -1.719002688775205 3
      vertex -0.10988340917629909 -1.7465467747494752 3
      vertex -0.09732530527043634 -1.546941429063821 2.8000000000000003
    endloop
  endfacet
  facet normal 0.08871146204369985 0.7022235297511811 0.706408090812854
    outer loop
      vertex -0.32791730052501844 -1.719002688775205 3
      vertex -0.09732530527043634 -1.546941429063821 2.8000000000000003
      vertex -0.2904410376078735 -1.5225452386294673 2.8000000000000003
    endloop
  endfacet
  facet normal 0 0.7078047818672454 0.7064080908128538
    outer loop
      vertex -0.10988340917629909 -1.7465467747494752 3
      vertex 0.09732530527043634 -1.546941429063821 2.8000000000000003
      vertex -0.09732530527043634 -1.546941429063821 2.8000000000000003
    endloop
  endfacet
  facet normal 0.48175367410171477 0.8763066800438638 0
    outer loop
      vertex -0.7451137602388768 -1.5834473418155341 3
      vertex -0.9376968912132444 -1.477573869628526 3
      vertex -0.7451137602388768 -1.5834473418155341 26
    endloop
  endfacet
  facet normal 0.36812455268467814 0.9297764858882513 0
    outer loop
      vertex -0.7451137602388768 -1.5834473418155341 3
      vertex -0.5407797401561579 -1.6643489035165187 26
      vertex -0.5407797401561579 -1.6643489035165187 3
    endloop
  endfacet
  facet normal 0.24868988716485488 0.968583161128631 0
    outer loop
      vertex -0.5407797401561579 -1.6643489035165187 3
      vertex -0.5407797401561579 -1.6643489035165187 26
      vertex -0.32791730052501844 -1.719002688775205 3
    endloop
  endfacet
  facet normal 0.12533323356430495 0.9921147013144777 0
    outer loop
      vertex -0.32791730052501844 -1.719002688775205 3
      vertex -0.10988340917629909 -1.7465467747494752 26
      vertex -0.10988340917629909 -1.7465467747494752 3
    endloop
  endfacet
  facet normal 0 1 0
    outer loop
      vertex -0.10988340917629909 -1.7465467747494752 3
      vertex -0.10988340917629909 -1.7465467747494752 26
      vertex 0.10988340917629909 -1.7465467747494752 3
    endloop
  endfacet
  facet normal 0.7705132427757894 0.6374239897486897 0
    outer loop
      vertex -1.415779740156158 -1.028624191511828 3
      vertex -1.415779740156158 -1.028624191511828 26
      vertex -1.2756950979874704 -1.197957435375205 26
    endloop
  endfacet
  facet normal 0.6845471059286895 0.7289686274214109 0
    outer loop
      vertex -1.115491982060207 -1.3483981748576315 3
      vertex -1.2756950979874704 -1.197957435375205 26
      vertex -1.115491982060207 -1.3483981748576315 26
    endloop
  endfacet
  facet normal 0.5453729577287407 0.45117174802102006 -0.7064080908128548
    outer loop
      vertex -1.2756950979874704 -1.197957435375205 26
      vertex -1.415779740156158 -1.028624191511828 26
      vertex -1.2539763412811686 -0.9110671410533333 26.2
    endloop
  endfacet
  facet normal 0.41603721228365637 0.5726260972304537 -0.706408090812855
    outer loop
      vertex -1.115491982060207 -1.3483981748576315 26
      vertex -0.988007184110469 -1.1942955263024735 26.2
      vertex -0.9376968912132444 -1.477573869628526 26
    endloop
  endfacet
  facet normal 0.4845257149897094 0.5159674803200762 -0.7064080908128548
    outer loop
      vertex -1.115491982060207 -1.3483981748576315 26
      vertex -1.2756950979874704 -1.197957435375205 26
      vertex -1.1299013725031881 -1.0610480141894671 26.2
    endloop
  endfacet
  facet normal 0.5453729577287405 0.4511717480210201 -0.7064080908128549
    outer loop
      vertex -1.2756950979874704 -1.197957435375205 26
      vertex -1.2539763412811686 -0.9110671410533333 26.2
      vertex -1.1299013725031881 -1.0610480141894671 26.2
    endloop
  endfacet
  facet normal 0.48452571498970903 0.5159674803200763 -0.7064080908128549
    outer loop
      vertex -1.115491982060207 -1.3483981748576315 26
      vertex -1.1299013725031881 -1.0610480141894671 26.2
      vertex -0.988007184110469 -1.1942955263024735 26.2
    endloop
  endfacet
  facet normal 0.9048270524660195 0.4257792915650727 0
    outer loop
      vertex -1.533536690076761 -0.843068929678002 3
      vertex -1.62710885030444 -0.6442179671981862 26
      vertex -1.533536690076761 -0.843068929678002 26
    endloop
  endfacet
  facet normal 0.9510565162951536 0.30901699437494745 0
    outer loop
      vertex -1.62710885030444 -0.6442179671981862 3
      vertex -1.6950205319751044 -0.435207302538496 26
      vertex -1.62710885030444 -0.6442179671981862 26
    endloop
  endfacet
  facet normal 0.6404409144982929 0.30136861858980624 -0.7064080908128546
    outer loop
      vertex -1.62710885030444 -0.6442179671981862 26
      vertex -1.4411535531267898 -0.5705930566612507 26.2
      vertex -1.533536690076761 -0.843068929678002 26
    endloop
  endfacet
  facet normal 0.6731623500597129 0.21872370629683074 -0.7064080908128545
    outer loop
      vertex -1.62710885030444 -0.6442179671981862 26
      vertex -1.5013038997493782 -0.385469325105525 26.2
      vertex -1.4411535531267898 -0.5705930566612507 26.2
    endloop
  endfacet
  facet normal 0.9822872507286886 0.18738131458572532 0
    outer loop
      vertex -1.7362007273003364 -0.21933315873753212 3
      vertex -1.7362007273003364 -0.21933315873753212 26
      vertex -1.6950205319751044 -0.435207302538496 26
    endloop
  endfacet
  facet normal 0.9980267284282716 0.06279051952931274 0
    outer loop
      vertex -1.7362007273003364 -0.21933315873753212 3
      vertex -1.75 0 26
      vertex -1.7362007273003364 -0.21933315873753212 26
    endloop
  endfacet
  facet normal 0.6952676132329945 0.1326293904963468 -0.7064080908128548
    outer loop
      vertex -1.6950205319751044 -0.435207302538496 26
      vertex -1.7362007273003364 -0.21933315873753212 26
      vertex -1.5377777870374407 -0.1942665120246713 26.2
    endloop
  endfacet
  facet normal 0.6731623500597126 0.2187237062968312 -0.7064080908128548
    outer loop
      vertex -1.62710885030444 -0.6442179671981862 26
      vertex -1.6950205319751044 -0.435207302538496 26
      vertex -1.5013038997493782 -0.385469325105525 26.2
    endloop
  endfacet
  facet normal 0.6952676132329946 0.13262939049634662 -0.7064080908128548
    outer loop
      vertex -1.6950205319751044 -0.435207302538496 26
      vertex -1.5377777870374407 -0.1942665120246713 26.2
      vertex -1.5013038997493782 -0.385469325105525 26.2
    endloop
  endfacet
  facet normal 0.7064080908128525 0.04444342997877616 -0.7064080908128548
    outer loop
      vertex -1.7362007273003364 -0.21933315873753212 26
      vertex -1.75 0 26
      vertex -1.55 0 26.2
    endloop
  endfacet
  facet normal 0.7064080908128523 0.044443429978776545 -0.706408090812855
    outer loop
      vertex -1.7362007273003364 -0.21933315873753212 26
      vertex -1.55 0 26.2
      vertex -1.5377777870374407 -0.1942665120246713 26.2
    endloop
  endfacet
  facet normal 0.8443279255020152 0.5358267949789963 0
    outer loop
      vertex -1.533536690076761 -0.843068929678002 3
      vertex -1.533536690076761 -0.843068929678002 26
      vertex -1.415779740156158 -1.028624191511828 26
    endloop
  endfacet
  facet normal 0.5976193431343769 0.37926076773873324 -0.7064080908128549
    outer loop
      vertex -1.533536690076761 -0.843068929678002 26
      vertex -1.3582753540679884 -0.7467181948576589 26.2
      vertex -1.415779740156158 -1.028624191511828 26
    endloop
  endfacet
  facet normal 0.597619343134377 0.3792607677387331 -0.7064080908128547
    outer loop
      vertex -1.415779740156158 -1.028624191511828 26
      vertex -1.3582753540679884 -0.7467181948576589 26.2
      vertex -1.2539763412811686 -0.9110671410533333 26.2
    endloop
  endfacet
  facet normal 0.6404409144982924 0.3013686185898067 -0.7064080908128548
    outer loop
      vertex -1.533536690076761 -0.843068929678002 26
      vertex -1.4411535531267898 -0.5705930566612507 26.2
      vertex -1.3582753540679884 -0.7467181948576589 26.2
    endloop
  endfacet
  facet normal 0.36812455268467814 0.9297764858882513 0
    outer loop
      vertex -0.7451137602388768 -1.5834473418155341 3
      vertex -0.7451137602388768 -1.5834473418155341 26
      vertex -0.5407797401561579 -1.6643489035165187 26
    endloop
  endfacet
  facet normal 0.2605603187129557 0.6581002427794271 -0.7064080908128545
    outer loop
      vertex -0.7451137602388768 -1.5834473418155341 26
      vertex -0.6599579019258623 -1.4024819313223305 26.2
      vertex -0.5407797401561579 -1.6643489035165187 26
    endloop
  endfacet
  facet normal 0.5877852522924721 0.8090169943749481 0
    outer loop
      vertex -0.9376968912132444 -1.477573869628526 3
      vertex -1.115491982060207 -1.3483981748576315 26
      vertex -0.9376968912132444 -1.477573869628526 26
    endloop
  endfacet
  facet normal 0.48175367410171477 0.8763066800438638 0
    outer loop
      vertex -0.9376968912132444 -1.477573869628526 3
      vertex -0.9376968912132444 -1.477573869628526 26
      vertex -0.7451137602388768 -1.5834473418155341 26
    endloop
  endfacet
  facet normal 0.4160372122836575 0.5726260972304534 -0.7064080908128546
    outer loop
      vertex -0.9376968912132444 -1.477573869628526 26
      vertex -0.988007184110469 -1.1942955263024735 26.2
      vertex -0.8305315322174451 -1.3087082845281233 26.2
    endloop
  endfacet
  facet normal 0.340987554211308 0.6202540585172565 -0.7064080908128545
    outer loop
      vertex -0.7451137602388768 -1.5834473418155341 26
      vertex -0.9376968912132444 -1.477573869628526 26
      vertex -0.8305315322174451 -1.3087082845281233 26.2
    endloop
  endfacet
  facet normal 0.3409875542113082 0.6202540585172565 -0.7064080908128545
    outer loop
      vertex -0.7451137602388768 -1.5834473418155341 26
      vertex -0.8305315322174451 -1.3087082845281233 26.2
      vertex -0.6599579019258623 -1.4024819313223305 26.2
    endloop
  endfacet
  facet normal 0.26056031871295493 0.658100242779427 -0.7064080908128547
    outer loop
      vertex -0.5407797401561579 -1.6643489035165187 26
      vertex -0.6599579019258623 -1.4024819313223305 26.2
      vertex -0.47897634128116845 -1.474137600257488 26.2
    endloop
  endfacet
  facet normal 0.24868988716485488 0.968583161128631 0
    outer loop
      vertex -0.32791730052501844 -1.719002688775205 3
      vertex -0.5407797401561579 -1.6643489035165187 26
      vertex -0.32791730052501844 -1.719002688775205 26
    endloop
  endfacet
  facet normal 0.12533323356430495 0.9921147013144777 0
    outer loop
      vertex -0.32791730052501844 -1.719002688775205 3
      vertex -0.32791730052501844 -1.719002688775205 26
      vertex -0.10988340917629909 -1.7465467747494752 26
    endloop
  endfacet
  facet normal 0.17602389133730975 0.6855677930829368 -0.7064080908128548
    outer loop
      vertex -0.5407797401561579 -1.6643489035165187 26
      vertex -0.47897634128116845 -1.474137600257488 26.2
      vertex -0.32791730052501844 -1.719002688775205 26
    endloop
  endfacet
  facet normal 0.1760238913373098 0.6855677930829368 -0.7064080908128547
    outer loop
      vertex -0.47897634128116845 -1.474137600257488 26.2
      vertex -0.2904410376078735 -1.5225452386294673 26.2
      vertex -0.32791730052501844 -1.719002688775205 26
    endloop
  endfacet
  facet normal 0.08871146204369927 0.7022235297511803 -0.7064080908128547
    outer loop
      vertex -0.32791730052501844 -1.719002688775205 26
      vertex -0.2904410376078735 -1.5225452386294673 26.2
      vertex -0.10988340917629909 -1.7465467747494752 26
    endloop
  endfacet
  facet normal 0.08871146204369972 0.7022235297511805 -0.7064080908128545
    outer loop
      vertex -0.10988340917629909 -1.7465467747494752 26
      vertex -0.2904410376078735 -1.5225452386294673 26.2
      vertex -0.09732530527043634 -1.546941429063821 26.2
    endloop
  endfacet
  facet normal 0 0.7078047818672447 -0.7064080908128545
    outer loop
      vertex -0.10988340917629909 -1.7465467747494752 26
      vertex -0.09732530527043634 -1.546941429063821 26.2
      vertex 0.10988340917629909 -1.7465467747494752 26
    endloop
  endfacet
  facet normal 0.7064080908128539 -0.04444342997877625 0.7064080908128532
    outer loop
      vertex -1.75 0 3
      vertex -1.55 0 2.8
      vertex -1.7362007273003364 0.21933315873753212 3
    endloop
  endfacet
  facet normal 0.7064080908128537 -0.044443429978776566 0.7064080908128533
    outer loop
      vertex -1.7362007273003364 0.21933315873753212 3
      vertex -1.55 0 2.8
      vertex -1.5377777870374407 0.1942665120246713 2.8
    endloop
  endfacet
  facet normal 0.695267613232996 -0.1326293904963471 0.7064080908128534
    outer loop
      vertex -1.7362007273003364 0.21933315873753212 3
      vertex -1.5377777870374407 0.1942665120246713 2.8
      vertex -1.6950205319751044 0.435207302538496 3
    endloop
  endfacet
  facet normal 0.6952676132329961 -0.13262939049634692 0.7064080908128534
    outer loop
      vertex -1.5377777870374407 0.1942665120246713 2.8
      vertex -1.5013038997493782 0.385469325105525 2.8
      vertex -1.6950205319751044 0.435207302538496 3
    endloop
  endfacet
  facet normal 0.673162350059714 -0.21872370629683166 0.7064080908128532
    outer loop
      vertex -1.6950205319751044 0.435207302538496 3
      vertex -1.5013038997493782 0.385469325105525 2.8
      vertex -1.62710885030444 0.6442179671981862 3
    endloop
  endfacet
  facet normal 0.6731623500597131 -0.21872370629683247 0.7064080908128538
    outer loop
      vertex -1.5013038997493782 0.385469325105525 2.8
      vertex -1.4411535531267898 0.5705930566612507 2.8000000000000003
      vertex -1.62710885030444 0.6442179671981862 3
    endloop
  endfacet
  facet normal 0.6404409144982935 -0.3013686185898066 0.7064080908128538
    outer loop
      vertex -1.4411535531267898 0.5705930566612507 2.8000000000000003
      vertex -1.533536690076761 0.843068929678002 3
      vertex -1.62710885030444 0.6442179671981862 3
    endloop
  endfacet
  facet normal 0.6404409144982945 -0.30136861858980585 0.7064080908128533
    outer loop
      vertex -1.4411535531267898 0.5705930566612507 2.8000000000000003
      vertex -1.3582753540679884 0.7467181948576589 2.8
      vertex -1.533536690076761 0.843068929678002 3
    endloop
  endfacet
  facet normal 0.5976193431343781 -0.379260767738734 0.7064080908128533
    outer loop
      vertex -1.533536690076761 0.843068929678002 3
      vertex -1.3582753540679884 0.7467181948576589 2.8
      vertex -1.415779740156158 1.028624191511828 3
    endloop
  endfacet
  facet normal 0.5976193431343768 -0.3792607677387348 0.7064080908128539
    outer loop
      vertex -1.3582753540679884 0.7467181948576589 2.8
      vertex -1.2539763412811686 0.9110671410533333 2.8000000000000003
      vertex -1.415779740156158 1.028624191511828 3
    endloop
  endfacet
  facet normal 0.9980267284282716 -0.06279051952931274 0
    outer loop
      vertex -1.75 0 3
      vertex -1.7362007273003364 0.21933315873753212 3
      vertex -1.75 0 26
    endloop
  endfacet
  facet normal 0.9822872507286886 -0.18738131458572532 0
    outer loop
      vertex -1.7362007273003364 0.21933315873753212 3
      vertex -1.6950205319751044 0.435207302538496 3
      vertex -1.7362007273003364 0.21933315873753212 26
    endloop
  endfacet
  facet normal 0.9510565162951536 -0.30901699437494745 0
    outer loop
      vertex -1.6950205319751044 0.435207302538496 3
      vertex -1.62710885030444 0.6442179671981862 3
      vertex -1.6950205319751044 0.435207302538496 26
    endloop
  endfacet
  facet normal 0.9048270524660195 -0.4257792915650727 0
    outer loop
      vertex -1.62710885030444 0.6442179671981862 3
      vertex -1.533536690076761 0.843068929678002 3
      vertex -1.533536690076761 0.843068929678002 26
    endloop
  endfacet
  facet normal 0.8443279255020152 -0.5358267949789963 0
    outer loop
      vertex -1.533536690076761 0.843068929678002 3
      vertex -1.415779740156158 1.028624191511828 3
      vertex -1.415779740156158 1.028624191511828 26
    endloop
  endfacet
  facet normal 0.5453729577287413 -0.4511717480210206 0.7064080908128539
    outer loop
      vertex -1.2539763412811686 0.9110671410533333 2.8000000000000003
      vertex -1.2756950979874704 1.197957435375205 3
      vertex -1.415779740156158 1.028624191511828 3
    endloop
  endfacet
  facet normal 0.5453729577287411 -0.4511717480210206 0.706408090812854
    outer loop
      vertex -1.2539763412811686 0.9110671410533333 2.8000000000000003
      vertex -1.1299013725031881 1.0610480141894671 2.8000000000000003
      vertex -1.2756950979874704 1.197957435375205 3
    endloop
  endfacet
  facet normal 0.48452571498971003 -0.5159674803200768 0.706408090812854
    outer loop
      vertex -1.2756950979874704 1.197957435375205 3
      vertex -1.1299013725031881 1.0610480141894671 2.8000000000000003
      vertex -1.115491982060207 1.3483981748576315 3
    endloop
  endfacet
  facet normal 0.4845257149897114 -0.5159674803200764 0.7064080908128534
    outer loop
      vertex -1.1299013725031881 1.0610480141894671 2.8000000000000003
      vertex -0.988007184110469 1.1942955263024735 2.8
      vertex -1.115491982060207 1.3483981748576315 3
    endloop
  endfacet
  facet normal 0.4160372122836572 -0.5726260972304549 0.7064080908128535
    outer loop
      vertex -0.988007184110469 1.1942955263024735 2.8
      vertex -0.9376968912132444 1.477573869628526 3
      vertex -1.115491982060207 1.3483981748576315 3
    endloop
  endfacet
  facet normal 0.7705132427757894 -0.6374239897486897 0
    outer loop
      vertex -1.415779740156158 1.028624191511828 3
      vertex -1.2756950979874704 1.197957435375205 3
      vertex -1.2756950979874704 1.197957435375205 26
    endloop
  endfacet
  facet normal 0.6845471059286895 -0.7289686274214109 0
    outer loop
      vertex -1.2756950979874704 1.197957435375205 3
      vertex -1.115491982060207 1.3483981748576315 3
      vertex -1.115491982060207 1.3483981748576315 26
    endloop
  endfacet
  facet normal 0.5877852522924721 -0.8090169943749481 0
    outer loop
      vertex -1.115491982060207 1.3483981748576315 3
      vertex -0.9376968912132444 1.477573869628526 3
      vertex -1.115491982060207 1.3483981748576315 26
    endloop
  endfacet
  facet normal 0.4160372122836584 -0.5726260972304548 0.7064080908128529
    outer loop
      vertex -0.988007184110469 1.1942955263024735 2.8
      vertex -0.8305315322174451 1.3087082845281233 2.8
      vertex -0.9376968912132444 1.477573869628526 3
    endloop
  endfacet
  facet normal 0.3409875542113093 -0.6202540585172573 0.7064080908128529
    outer loop
      vertex -0.9376968912132444 1.477573869628526 3
      vertex -0.8305315322174451 1.3087082845281233 2.8
      vertex -0.7451137602388772 1.5834473418155341 3
    endloop
  endfacet
  facet normal 0.3409875542113086 -0.6202540585172576 0.7064080908128533
    outer loop
      vertex -0.8305315322174451 1.3087082845281233 2.8
      vertex -0.6599579019258627 1.4024819313223302 2.8
      vertex -0.7451137602388772 1.5834473418155341 3
    endloop
  endfacet
  facet normal 0.2605603187129557 -0.6581002427794284 0.7064080908128533
    outer loop
      vertex -0.6599579019258627 1.4024819313223302 2.8
      vertex -0.47897634128116845 1.474137600257488 2.8
      vertex -0.5407797401561579 1.6643489035165187 3
    endloop
  endfacet
  facet normal 0.26056031871295565 -0.6581002427794285 0.7064080908128533
    outer loop
      vertex -0.7451137602388772 1.5834473418155341 3
      vertex -0.6599579019258627 1.4024819313223302 2.8
      vertex -0.5407797401561579 1.6643489035165187 3
    endloop
  endfacet
  facet normal 0.1760238913373104 -0.6855677930829382 0.7064080908128532
    outer loop
      vertex -0.47897634128116845 1.474137600257488 2.8
      vertex -0.327917300525018 1.7190026887752052 3
      vertex -0.5407797401561579 1.6643489035165187 3
    endloop
  endfacet
  facet normal 0.1760238913373089 -0.6855677930829379 0.7064080908128539
    outer loop
      vertex -0.47897634128116845 1.474137600257488 2.8
      vertex -0.2904410376078731 1.5225452386294676 2.8000000000000003
      vertex -0.327917300525018 1.7190026887752052 3
    endloop
  endfacet
  facet normal 0.08871146204370063 -0.7022235297511821 0.7064080908128529
    outer loop
      vertex -0.2904410376078731 1.5225452386294676 2.8000000000000003
      vertex -0.09732530527043559 1.546941429063821 2.8
      vertex -0.10988340917629824 1.7465467747494752 3
    endloop
  endfacet
  facet normal 0.08871146204369851 -0.7022235297511813 0.7064080908128539
    outer loop
      vertex -0.2904410376078731 1.5225452386294676 2.8000000000000003
      vertex -0.10988340917629824 1.7465467747494752 3
      vertex -0.327917300525018 1.7190026887752052 3
    endloop
  endfacet
  facet normal 0 -0.7078047818672462 0.7064080908128529
    outer loop
      vertex -0.09732530527043559 1.546941429063821 2.8
      vertex 0.10988340917629824 1.7465467747494752 3
      vertex -0.10988340917629824 1.7465467747494752 3
    endloop
  endfacet
  facet normal 0.4817536741017157 -0.8763066800438634 0
    outer loop
      vertex -0.9376968912132444 1.477573869628526 3
      vertex -0.7451137602388772 1.5834473418155341 3
      vertex -0.7451137602388772 1.5834473418155341 26
    endloop
  endfacet
  facet normal 0.36812455268467736 -0.9297764858882516 0
    outer loop
      vertex -0.7451137602388772 1.5834473418155341 3
      vertex -0.5407797401561579 1.6643489035165187 3
      vertex -0.5407797401561579 1.6643489035165187 26
    endloop
  endfacet
  facet normal 0.24868988716485535 -0.9685831611286311 0
    outer loop
      vertex -0.5407797401561579 1.6643489035165187 3
      vertex -0.327917300525018 1.7190026887752052 3
      vertex -0.5407797401561579 1.6643489035165187 26
    endloop
  endfacet
  facet normal 0.12533323356430373 -0.9921147013144779 0
    outer loop
      vertex -0.327917300525018 1.7190026887752052 3
      vertex -0.10988340917629824 1.7465467747494752 3
      vertex -0.327917300525018 1.7190026887752052 26
    endloop
  endfacet
  facet normal 0.9980267284282716 -0.06279051952931274 0
    outer loop
      vertex -1.7362007273003364 0.21933315873753212 3
      vertex -1.7362007273003364 0.21933315873753212 26
      vertex -1.75 0 26
    endloop
  endfacet
  facet normal 0.9822872507286886 -0.18738131458572532 0
    outer loop
      vertex -1.6950205319751044 0.435207302538496 3
      vertex -1.6950205319751044 0.435207302538496 26
      vertex -1.7362007273003364 0.21933315873753212 26
    endloop
  endfacet
  facet normal 0.7064080908128523 -0.04444342997877614 -0.706408090812855
    outer loop
      vertex -1.75 0 26
      vertex -1.7362007273003364 0.21933315873753212 26
      vertex -1.5377777870374407 0.1942665120246713 26.2
    endloop
  endfacet
  facet normal 0.7064080908128524 -0.04444342997877655 -0.7064080908128548
    outer loop
      vertex -1.75 0 26
      vertex -1.5377777870374407 0.1942665120246713 26.2
      vertex -1.55 0 26.2
    endloop
  endfacet
  facet normal 0.6952676132329946 -0.1326293904963466 -0.7064080908128549
    outer loop
      vertex -1.7362007273003364 0.21933315873753212 26
      vertex -1.5013038997493782 0.385469325105525 26.2
      vertex -1.5377777870374407 0.1942665120246713 26.2
    endloop
  endfacet
  facet normal 0.6952676132329946 -0.1326293904963468 -0.7064080908128548
    outer loop
      vertex -1.7362007273003364 0.21933315873753212 26
      vertex -1.6950205319751044 0.435207302538496 26
      vertex -1.5013038997493782 0.385469325105525 26.2
    endloop
  endfacet
  facet normal 0.6731623500597128 -0.2187237062968307 -0.7064080908128548
    outer loop
      vertex -1.6950205319751044 0.435207302538496 26
      vertex -1.4411535531267898 0.5705930566612507 26.2
      vertex -1.5013038997493782 0.385469325105525 26.2
    endloop
  endfacet
  facet normal 0.9510565162951536 -0.30901699437494745 0
    outer loop
      vertex -1.6950205319751044 0.435207302538496 26
      vertex -1.62710885030444 0.6442179671981862 3
      vertex -1.62710885030444 0.6442179671981862 26
    endloop
  endfacet
  facet normal 0.9048270524660195 -0.4257792915650727 0
    outer loop
      vertex -1.62710885030444 0.6442179671981862 3
      vertex -1.533536690076761 0.843068929678002 26
      vertex -1.62710885030444 0.6442179671981862 26
    endloop
  endfacet
  facet normal 0.6731623500597127 -0.21872370629683124 -0.7064080908128546
    outer loop
      vertex -1.6950205319751044 0.435207302538496 26
      vertex -1.62710885030444 0.6442179671981862 26
      vertex -1.4411535531267898 0.5705930566612507 26.2
    endloop
  endfacet
  facet normal 0.8443279255020152 -0.5358267949789963 0
    outer loop
      vertex -1.533536690076761 0.843068929678002 3
      vertex -1.415779740156158 1.028624191511828 26
      vertex -1.533536690076761 0.843068929678002 26
    endloop
  endfacet
  facet normal 0.6404409144982925 -0.30136861858980674 -0.7064080908128545
    outer loop
      vertex -1.4411535531267898 0.5705930566612507 26.2
      vertex -1.62710885030444 0.6442179671981862 26
      vertex -1.3582753540679884 0.7467181948576589 26.2
    endloop
  endfacet
  facet normal 0.6404409144982927 -0.3013686185898061 -0.7064080908128548
    outer loop
      vertex -1.62710885030444 0.6442179671981862 26
      vertex -1.533536690076761 0.843068929678002 26
      vertex -1.3582753540679884 0.7467181948576589 26.2
    endloop
  endfacet
  facet normal 0.5976193431343771 -0.37926076773873335 -0.7064080908128546
    outer loop
      vertex -1.533536690076761 0.843068929678002 26
      vertex -1.415779740156158 1.028624191511828 26
      vertex -1.2539763412811686 0.9110671410533334 26.2
    endloop
  endfacet
  facet normal 0.5976193431343771 -0.3792607677387328 -0.7064080908128548
    outer loop
      vertex -1.533536690076761 0.843068929678002 26
      vertex -1.2539763412811686 0.9110671410533334 26.2
      vertex -1.3582753540679884 0.7467181948576589 26.2
    endloop
  endfacet
  facet normal 0.5453729577287404 -0.4511717480210206 -0.7064080908128546
    outer loop
      vertex -1.2539763412811686 0.9110671410533334 26.2
      vertex -1.415779740156158 1.028624191511828 26
      vertex -1.129901372503188 1.0610480141894674 26.2
    endloop
  endfacet
  facet normal 0.7705132427757894 -0.6374239897486897 0
    outer loop
      vertex -1.415779740156158 1.028624191511828 3
      vertex -1.2756950979874704 1.197957435375205 26
      vertex -1.415779740156158 1.028624191511828 26
    endloop
  endfacet
  facet normal 0.6845471059286895 -0.7289686274214109 0
    outer loop
      vertex -1.2756950979874704 1.197957435375205 3
      vertex -1.115491982060207 1.3483981748576315 26
      vertex -1.2756950979874704 1.197957435375205 26
    endloop
  endfacet
  facet normal 0.5453729577287406 -0.45117174802101995 -0.7064080908128549
    outer loop
      vertex -1.415779740156158 1.028624191511828 26
      vertex -1.2756950979874704 1.197957435375205 26
      vertex -1.129901372503188 1.0610480141894674 26.2
    endloop
  endfacet
  facet normal 0.48452571498970914 -0.5159674803200764 -0.7064080908128548
    outer loop
      vertex -1.2756950979874704 1.197957435375205 26
      vertex -0.988007184110469 1.1942955263024735 26.2
      vertex -1.129901372503188 1.0610480141894674 26.2
    endloop
  endfacet
  facet normal 0.4845257149897093 -0.5159674803200761 -0.706408090812855
    outer loop
      vertex -1.2756950979874704 1.197957435375205 26
      vertex -1.115491982060207 1.3483981748576315 26
      vertex -0.988007184110469 1.1942955263024735 26.2
    endloop
  endfacet
  facet normal 0.5877852522924721 -0.8090169943749481 0
    outer loop
      vertex -0.9376968912132444 1.477573869628526 3
      vertex -0.9376968912132444 1.477573869628526 26
      vertex -1.115491982060207 1.3483981748576315 26
    endloop
  endfacet
  facet normal 0.4817536741017157 -0.8763066800438634 0
    outer loop
      vertex -0.9376968912132444 1.477573869628526 3
      vertex -0.7451137602388772 1.5834473418155341 26
      vertex -0.9376968912132444 1.477573869628526 26
    endloop
  endfacet
  facet normal 0.4160372122836569 -0.5726260972304531 -0.706408090812855
    outer loop
      vertex -0.988007184110469 1.1942955263024735 26.2
      vertex -1.115491982060207 1.3483981748576315 26
      vertex -0.830531532217445 1.3087082845281233 26.2
    endloop
  endfacet
  facet normal 0.4160372122836566 -0.572626097230454 -0.7064080908128547
    outer loop
      vertex -1.115491982060207 1.3483981748576315 26
      vertex -0.9376968912132444 1.477573869628526 26
      vertex -0.830531532217445 1.3087082845281233 26.2
    endloop
  endfacet
  facet normal 0.3409875542113082 -0.6202540585172563 -0.7064080908128546
    outer loop
      vertex -0.9376968912132444 1.477573869628526 26
      vertex -0.6599579019258627 1.4024819313223302 26.2
      vertex -0.830531532217445 1.3087082845281233 26.2
    endloop
  endfacet
  facet normal 0.3409875542113084 -0.6202540585172558 -0.7064080908128548
    outer loop
      vertex -0.9376968912132444 1.477573869628526 26
      vertex -0.7451137602388772 1.5834473418155341 26
      vertex -0.6599579019258627 1.4024819313223302 26.2
    endloop
  endfacet
  facet normal 0.2605603187129551 -0.6581002427794269 -0.7064080908128548
    outer loop
      vertex -0.7451137602388772 1.5834473418155341 26
      vertex -0.47897634128116845 1.474137600257488 26.2
      vertex -0.6599579019258627 1.4024819313223302 26.2
    endloop
  endfacet
  facet normal 0.36812455268467736 -0.9297764858882516 0
    outer loop
      vertex -0.7451137602388772 1.5834473418155341 3
      vertex -0.5407797401561579 1.6643489035165187 26
      vertex -0.7451137602388772 1.5834473418155341 26
    endloop
  endfacet
  facet normal 0.260560318712955 -0.6581002427794269 -0.7064080908128548
    outer loop
      vertex -0.7451137602388772 1.5834473418155341 26
      vertex -0.5407797401561579 1.6643489035165187 26
      vertex -0.47897634128116845 1.474137600257488 26.2
    endloop
  endfacet
  facet normal 0.24868988716485535 -0.9685831611286311 0
    outer loop
      vertex -0.327917300525018 1.7190026887752052 3
      vertex -0.327917300525018 1.7190026887752052 26
      vertex -0.5407797401561579 1.6643489035165187 26
    endloop
  endfacet
  facet normal 0.12533323356430373 -0.9921147013144779 0
    outer loop
      vertex -0.10988340917629824 1.7465467747494752 3
      vertex -0.10988340917629824 1.7465467747494752 26
      vertex -0.327917300525018 1.7190026887752052 26
    endloop
  endfacet
  facet normal 0 -1 0
    outer loop
      vertex -0.10988340917629824 1.7465467747494752 3
      vertex 0.10988340917629824 1.7465467747494752 26
      vertex -0.10988340917629824 1.7465467747494752 26
    endloop
  endfacet
  facet normal 0.17602389133731025 -0.6855677930829367 -0.7064080908128547
    outer loop
      vertex -0.47897634128116845 1.474137600257488 26.2
      vertex -0.5407797401561579 1.6643489035165187 26
      vertex -0.2904410376078731 1.5225452386294676 26.2
    endloop
  endfacet
  facet normal 0.17602389133731008 -0.6855677930829368 -0.7064080908128547
    outer loop
      vertex -0.5407797401561579 1.6643489035165187 26
      vertex -0.327917300525018 1.7190026887752052 26
      vertex -0.2904410376078731 1.5225452386294676 26.2
    endloop
  endfacet
  facet normal 0.0887114620436988 -0.7022235297511804 -0.7064080908128547
    outer loop
      vertex -0.2904410376078731 1.5225452386294676 26.2
      vertex -0.327917300525018 1.7190026887752052 26
      vertex -0.09732530527043558 1.546941429063821 26.2
    endloop
  endfacet
  facet normal 0.08871146204369841 -0.7022235297511807 -0.7064080908128546
    outer loop
      vertex -0.09732530527043558 1.546941429063821 26.2
      vertex -0.327917300525018 1.7190026887752052 26
      vertex -0.10988340917629824 1.7465467747494752 26
    endloop
  endfacet
  facet normal 0 -0.7078047818672447 -0.7064080908128545
    outer loop
      vertex -0.09732530527043558 1.546941429063821 26.2
      vertex -0.10988340917629824 1.7465467747494752 26
      vertex 0.09732530527043559 1.546941429063821 26.2
    endloop
  endfacet
  facet normal 0 0.7078047818672455 0.7064080908128537
    outer loop
      vertex -0.10988340917629909 -1.7465467747494752 3
      vertex 0.10988340917629909 -1.7465467747494752 3
      vertex 0.09732530527043634 -1.546941429063821 2.8000000000000003
    endloop
  endfacet
  facet normal -0.08871146204369937 0.7022235297511811 0.7064080908128539
    outer loop
      vertex 0.10988340917629909 -1.7465467747494752 3
      vertex 0.32791730052501844 -1.719002688775205 3
      vertex 0.2904410376078735 -1.5225452386294673 2.8000000000000003
    endloop
  endfacet
  facet normal -0.08871146204369987 0.7022235297511813 0.7064080908128537
    outer loop
      vertex 0.10988340917629909 -1.7465467747494752 3
      vertex 0.2904410376078735 -1.5225452386294673 2.8000000000000003
      vertex 0.09732530527043634 -1.546941429063821 2.8000000000000003
    endloop
  endfacet
  facet normal -0.17602389133730842 0.6855677930829379 0.7064080908128539
    outer loop
      vertex 0.32791730052501844 -1.719002688775205 3
      vertex 0.47897634128116845 -1.474137600257488 2.8
      vertex 0.2904410376078735 -1.5225452386294673 2.8000000000000003
    endloop
  endfacet
  facet normal -0.17602389133731014 0.6855677930829382 0.7064080908128532
    outer loop
      vertex 0.32791730052501844 -1.719002688775205 3
      vertex 0.5407797401561579 -1.6643489035165187 3
      vertex 0.47897634128116845 -1.474137600257488 2.8
    endloop
  endfacet
  facet normal -0.260560318712956 0.6581002427794279 0.7064080908128537
    outer loop
      vertex 0.5407797401561579 -1.6643489035165187 3
      vertex 0.7451137602388768 -1.5834473418155341 3
      vertex 0.6599579019258623 -1.4024819313223305 2.8000000000000003
    endloop
  endfacet
  facet normal -0.260560318712957 0.658100242779428 0.7064080908128533
    outer loop
      vertex 0.5407797401561579 -1.6643489035165187 3
      vertex 0.6599579019258623 -1.4024819313223305 2.8000000000000003
      vertex 0.47897634128116845 -1.474137600257488 2.8
    endloop
  endfacet
  facet normal -0.3409875542113074 0.6202540585172578 0.7064080908128537
    outer loop
      vertex 0.6599579019258623 -1.4024819313223305 2.8000000000000003
      vertex 0.7451137602388768 -1.5834473418155341 3
      vertex 0.8305315322174441 -1.3087082845281237 2.8
    endloop
  endfacet
  facet normal -0.34098755421130833 0.6202540585172577 0.7064080908128533
    outer loop
      vertex 0.7451137602388768 -1.5834473418155341 3
      vertex 0.9376968912132434 -1.4775738696285268 3
      vertex 0.8305315322174441 -1.3087082845281237 2.8
    endloop
  endfacet
  facet normal -0.41603721228365903 0.572626097230454 0.7064080908128533
    outer loop
      vertex 0.8305315322174441 -1.3087082845281237 2.8
      vertex 0.9376968912132434 -1.4775738696285268 3
      vertex 0.9880071841104695 -1.194295526302473 2.8000000000000003
    endloop
  endfacet
  facet normal -0.12533323356430495 0.9921147013144777 0
    outer loop
      vertex 0.10988340917629909 -1.7465467747494752 3
      vertex 0.10988340917629909 -1.7465467747494752 26
      vertex 0.32791730052501844 -1.719002688775205 3
    endloop
  endfacet
  facet normal -0.24868988716485488 0.968583161128631 0
    outer loop
      vertex 0.32791730052501844 -1.719002688775205 3
      vertex 0.5407797401561579 -1.6643489035165187 26
      vertex 0.5407797401561579 -1.6643489035165187 3
    endloop
  endfacet
  facet normal -0.36812455268467814 0.9297764858882513 0
    outer loop
      vertex 0.5407797401561579 -1.6643489035165187 3
      vertex 0.5407797401561579 -1.6643489035165187 26
      vertex 0.7451137602388768 -1.5834473418155341 3
    endloop
  endfacet
  facet normal -0.48175367410171444 0.8763066800438641 0
    outer loop
      vertex 0.7451137602388768 -1.5834473418155341 3
      vertex 0.9376968912132434 -1.4775738696285268 26
      vertex 0.9376968912132434 -1.4775738696285268 3
    endloop
  endfacet
  facet normal -0.41603721228365764 0.5726260972304542 0.7064080908128538
    outer loop
      vertex 0.9376968912132434 -1.4775738696285268 3
      vertex 1.1154919820602074 -1.3483981748576308 3
      vertex 0.9880071841104695 -1.194295526302473 2.8000000000000003
    endloop
  endfacet
  facet normal -0.48452571498971014 0.5159674803200771 0.7064080908128538
    outer loop
      vertex 1.1154919820602074 -1.3483981748576308 3
      vertex 1.1299013725031881 -1.0610480141894671 2.8000000000000003
      vertex 0.9880071841104695 -1.194295526302473 2.8000000000000003
    endloop
  endfacet
  facet normal -0.48452571498970953 0.5159674803200771 0.706408090812854
    outer loop
      vertex 1.1154919820602074 -1.3483981748576308 3
      vertex 1.2756950979874704 -1.197957435375205 3
      vertex 1.1299013725031881 -1.0610480141894671 2.8000000000000003
    endloop
  endfacet
  facet normal -0.5453729577287412 0.45117174802102067 0.706408090812854
    outer loop
      vertex 1.1299013725031881 -1.0610480141894671 2.8000000000000003
      vertex 1.2756950979874704 -1.197957435375205 3
      vertex 1.2539763412811686 -0.9110671410533333 2.8000000000000003
    endloop
  endfacet
  facet normal -0.5453729577287413 0.45117174802102056 0.7064080908128539
    outer loop
      vertex 1.2756950979874704 -1.197957435375205 3
      vertex 1.415779740156158 -1.028624191511828 3
      vertex 1.2539763412811686 -0.9110671410533333 2.8000000000000003
    endloop
  endfacet
  facet normal -0.587785252292473 0.8090169943749475 0
    outer loop
      vertex 0.9376968912132434 -1.4775738696285268 3
      vertex 1.1154919820602074 -1.3483981748576308 26
      vertex 1.1154919820602074 -1.3483981748576308 3
    endloop
  endfacet
  facet normal -0.6845471059286888 0.7289686274214114 0
    outer loop
      vertex 1.1154919820602074 -1.3483981748576308 3
      vertex 1.2756950979874704 -1.197957435375205 26
      vertex 1.2756950979874704 -1.197957435375205 3
    endloop
  endfacet
  facet normal -0.7705132427757894 0.6374239897486897 0
    outer loop
      vertex 1.2756950979874704 -1.197957435375205 3
      vertex 1.2756950979874704 -1.197957435375205 26
      vertex 1.415779740156158 -1.028624191511828 3
    endloop
  endfacet
  facet normal -0.5976193431343769 0.3792607677387348 0.7064080908128539
    outer loop
      vertex 1.415779740156158 -1.028624191511828 3
      vertex 1.3582753540679884 -0.7467181948576589 2.8
      vertex 1.2539763412811686 -0.9110671410533333 2.8000000000000003
    endloop
  endfacet
  facet normal -0.5976193431343781 0.379260767738734 0.7064080908128533
    outer loop
      vertex 1.415779740156158 -1.028624191511828 3
      vertex 1.533536690076761 -0.843068929678002 3
      vertex 1.3582753540679884 -0.7467181948576589 2.8
    endloop
  endfacet
  facet normal -0.640440914498294 0.30136861858980685 0.7064080908128532
    outer loop
      vertex 1.3582753540679884 -0.7467181948576589 2.8
      vertex 1.533536690076761 -0.843068929678002 3
      vertex 1.4411535531267894 -0.5705930566612514 2.8
    endloop
  endfacet
  facet normal -0.6404409144982935 0.30136861858980724 0.7064080908128535
    outer loop
      vertex 1.533536690076761 -0.843068929678002 3
      vertex 1.6271088503044397 -0.6442179671981871 3
      vertex 1.4411535531267894 -0.5705930566612514 2.8
    endloop
  endfacet
  facet normal -0.6731623500597137 0.21872370629683188 0.7064080908128535
    outer loop
      vertex 1.6271088503044397 -0.6442179671981871 3
      vertex 1.5013038997493784 -0.3854693251055244 2.8
      vertex 1.4411535531267894 -0.5705930566612514 2.8
    endloop
  endfacet
  facet normal -0.6731623500597141 0.21872370629683144 0.7064080908128532
    outer loop
      vertex 1.6271088503044397 -0.6442179671981871 3
      vertex 1.6950205319751046 -0.43520730253849527 3
      vertex 1.5013038997493784 -0.3854693251055244 2.8
    endloop
  endfacet
  facet normal -0.6952676132329964 0.13262939049634656 0.7064080908128533
    outer loop
      vertex 1.5013038997493784 -0.3854693251055244 2.8
      vertex 1.6950205319751046 -0.43520730253849527 3
      vertex 1.5377777870374407 -0.1942665120246713 2.8
    endloop
  endfacet
  facet normal -0.695267613232996 0.1326293904963468 0.7064080908128533
    outer loop
      vertex 1.6950205319751046 -0.43520730253849527 3
      vertex 1.7362007273003364 -0.21933315873753212 3
      vertex 1.5377777870374407 -0.1942665120246713 2.8
    endloop
  endfacet
  facet normal -0.7064080908128537 0.0444434299787766 0.7064080908128533
    outer loop
      vertex 1.5377777870374407 -0.1942665120246713 2.8
      vertex 1.7362007273003364 -0.21933315873753212 3
      vertex 1.55 0 2.8
    endloop
  endfacet
  facet normal -0.7064080908128539 0.04444342997877625 0.7064080908128532
    outer loop
      vertex 1.7362007273003364 -0.21933315873753212 3
      vertex 1.75 0 3
      vertex 1.55 0 2.8
    endloop
  endfacet
  facet normal -0.8443279255020152 0.5358267949789963 0
    outer loop
      vertex 1.415779740156158 -1.028624191511828 3
      vertex 1.415779740156158 -1.028624191511828 26
      vertex 1.533536690076761 -0.843068929678002 3
    endloop
  endfacet
  facet normal -0.9048270524660192 0.42577929156507355 0
    outer loop
      vertex 1.533536690076761 -0.843068929678002 3
      vertex 1.6271088503044397 -0.6442179671981871 26
      vertex 1.6271088503044397 -0.6442179671981871 3
    endloop
  endfacet
  facet normal -0.9510565162951536 0.3090169943749471 0
    outer loop
      vertex 1.6271088503044397 -0.6442179671981871 3
      vertex 1.6271088503044397 -0.6442179671981871 26
      vertex 1.6950205319751046 -0.43520730253849527 3
    endloop
  endfacet
  facet normal -0.9822872507286887 0.187381314585725 0
    outer loop
      vertex 1.6950205319751046 -0.43520730253849527 3
      vertex 1.7362007273003364 -0.21933315873753212 26
      vertex 1.7362007273003364 -0.21933315873753212 3
    endloop
  endfacet
  facet normal -0.9980267284282716 0.06279051952931274 0
    outer loop
      vertex 1.7362007273003364 -0.21933315873753212 3
      vertex 1.75 0 26
      vertex 1.75 0 3
    endloop
  endfacet
  facet normal 0 1 0
    outer loop
      vertex -0.10988340917629909 -1.7465467747494752 26
      vertex 0.10988340917629909 -1.7465467747494752 26
      vertex 0.10988340917629909 -1.7465467747494752 3
    endloop
  endfacet
  facet normal -0.12533323356430495 0.9921147013144777 0
    outer loop
      vertex 0.32791730052501844 -1.719002688775205 3
      vertex 0.10988340917629909 -1.7465467747494752 26
      vertex 0.32791730052501844 -1.719002688775205 26
    endloop
  endfacet
  facet normal -0.24868988716485488 0.968583161128631 0
    outer loop
      vertex 0.32791730052501844 -1.719002688775205 3
      vertex 0.32791730052501844 -1.719002688775205 26
      vertex 0.5407797401561579 -1.6643489035165187 26
    endloop
  endfacet
  facet normal 0 0.7078047818672447 -0.7064080908128545
    outer loop
      vertex -0.09732530527043634 -1.546941429063821 26.2
      vertex 0.09732530527043634 -1.546941429063821 26.2
      vertex 0.10988340917629909 -1.7465467747494752 26
    endloop
  endfacet
  facet normal -0.0887114620436993 0.7022235297511805 -0.7064080908128545
    outer loop
      vertex 0.10988340917629909 -1.7465467747494752 26
      vertex 0.09732530527043634 -1.546941429063821 26.2
      vertex 0.32791730052501844 -1.719002688775205 26
    endloop
  endfacet
  facet normal -0.08871146204369983 0.7022235297511802 -0.7064080908128548
    outer loop
      vertex 0.32791730052501844 -1.719002688775205 26
      vertex 0.09732530527043634 -1.546941429063821 26.2
      vertex 0.2904410376078735 -1.5225452386294673 26.2
    endloop
  endfacet
  facet normal -0.17602389133730975 0.6855677930829368 -0.7064080908128547
    outer loop
      vertex 0.32791730052501844 -1.719002688775205 26
      vertex 0.2904410376078735 -1.5225452386294673 26.2
      vertex 0.5407797401561579 -1.6643489035165187 26
    endloop
  endfacet
  facet normal -0.1760238913373098 0.6855677930829368 -0.7064080908128548
    outer loop
      vertex 0.2904410376078735 -1.5225452386294673 26.2
      vertex 0.47897634128116845 -1.474137600257488 26.2
      vertex 0.5407797401561579 -1.6643489035165187 26
    endloop
  endfacet
  facet normal -0.36812455268467814 0.9297764858882513 0
    outer loop
      vertex 0.5407797401561579 -1.6643489035165187 26
      vertex 0.7451137602388768 -1.5834473418155341 26
      vertex 0.7451137602388768 -1.5834473418155341 3
    endloop
  endfacet
  facet normal -0.48175367410171444 0.8763066800438641 0
    outer loop
      vertex 0.7451137602388768 -1.5834473418155341 3
      vertex 0.7451137602388768 -1.5834473418155341 26
      vertex 0.9376968912132434 -1.4775738696285268 26
    endloop
  endfacet
  facet normal -0.26056031871295554 0.6581002427794268 -0.7064080908128548
    outer loop
      vertex 0.5407797401561579 -1.6643489035165187 26
      vertex 0.47897634128116845 -1.474137600257488 26.2
      vertex 0.7451137602388768 -1.5834473418155341 26
    endloop
  endfacet
  facet normal -0.587785252292473 0.8090169943749475 0
    outer loop
      vertex 0.9376968912132434 -1.4775738696285268 3
      vertex 0.9376968912132434 -1.4775738696285268 26
      vertex 1.1154919820602074 -1.3483981748576308 26
    endloop
  endfacet
  facet normal -0.260560318712955 0.6581002427794275 -0.7064080908128543
    outer loop
      vertex 0.47897634128116845 -1.474137600257488 26.2
      vertex 0.6599579019258623 -1.4024819313223305 26.2
      vertex 0.7451137602388768 -1.5834473418155341 26
    endloop
  endfacet
  facet normal -0.3409875542113078 0.6202540585172568 -0.7064080908128544
    outer loop
      vertex 0.6599579019258623 -1.4024819313223305 26.2
      vertex 0.9376968912132434 -1.4775738696285268 26
      vertex 0.7451137602388768 -1.5834473418155341 26
    endloop
  endfacet
  facet normal -0.3409875542113082 0.6202540585172559 -0.7064080908128548
    outer loop
      vertex 0.6599579019258623 -1.4024819313223305 26.2
      vertex 0.8305315322174441 -1.3087082845281237 26.2
      vertex 0.9376968912132434 -1.4775738696285268 26
    endloop
  endfacet
  facet normal -0.41603721228365703 0.5726260972304534 -0.7064080908128548
    outer loop
      vertex 0.8305315322174441 -1.3087082845281237 26.2
      vertex 1.1154919820602074 -1.3483981748576308 26
      vertex 0.9376968912132434 -1.4775738696285268 26
    endloop
  endfacet
  facet normal -0.41603721228365687 0.5726260972304539 -0.7064080908128546
    outer loop
      vertex 0.8305315322174441 -1.3087082845281237 26.2
      vertex 0.9880071841104695 -1.194295526302473 26.2
      vertex 1.1154919820602074 -1.3483981748576308 26
    endloop
  endfacet
  facet normal -0.6845471059286888 0.7289686274214114 0
    outer loop
      vertex 1.1154919820602074 -1.3483981748576308 3
      vertex 1.1154919820602074 -1.3483981748576308 26
      vertex 1.2756950979874704 -1.197957435375205 26
    endloop
  endfacet
  facet normal -0.7705132427757894 0.6374239897486897 0
    outer loop
      vertex 1.415779740156158 -1.028624191511828 3
      vertex 1.2756950979874704 -1.197957435375205 26
      vertex 1.415779740156158 -1.028624191511828 26
    endloop
  endfacet
  facet normal -0.48452571498970914 0.5159674803200768 -0.7064080908128546
    outer loop
      vertex 1.1154919820602074 -1.3483981748576308 26
      vertex 0.9880071841104695 -1.194295526302473 26.2
      vertex 1.2756950979874704 -1.197957435375205 26
    endloop
  endfacet
  facet normal -0.48452571498970926 0.5159674803200763 -0.7064080908128548
    outer loop
      vertex 0.9880071841104695 -1.194295526302473 26.2
      vertex 1.129901372503188 -1.0610480141894674 26.2
      vertex 1.2756950979874704 -1.197957435375205 26
    endloop
  endfacet
  facet normal -0.5453729577287406 0.45117174802102 -0.7064080908128549
    outer loop
      vertex 1.129901372503188 -1.0610480141894674 26.2
      vertex 1.415779740156158 -1.028624191511828 26
      vertex 1.2756950979874704 -1.197957435375205 26
    endloop
  endfacet
  facet normal -0.8443279255020152 0.5358267949789963 0
    outer loop
      vertex 1.415779740156158 -1.028624191511828 26
      vertex 1.533536690076761 -0.843068929678002 26
      vertex 1.533536690076761 -0.843068929678002 3
    endloop
  endfacet
  facet normal -0.5453729577287404 0.4511717480210206 -0.7064080908128546
    outer loop
      vertex 1.129901372503188 -1.0610480141894674 26.2
      vertex 1.2539763412811686 -0.9110671410533334 26.2
      vertex 1.415779740156158 -1.028624191511828 26
    endloop
  endfacet
  facet normal -0.5976193431343771 0.3792607677387328 -0.7064080908128548
    outer loop
      vertex 1.2539763412811686 -0.9110671410533334 26.2
      vertex 1.3582753540679884 -0.7467181948576589 26.2
      vertex 1.533536690076761 -0.843068929678002 26
    endloop
  endfacet
  facet normal -0.597619343134377 0.37926076773873335 -0.7064080908128546
    outer loop
      vertex 1.415779740156158 -1.028624191511828 26
      vertex 1.2539763412811686 -0.9110671410533334 26.2
      vertex 1.533536690076761 -0.843068929678002 26
    endloop
  endfacet
  facet normal -0.6404409144982924 0.3013686185898066 -0.7064080908128548
    outer loop
      vertex 1.3582753540679884 -0.7467181948576589 26.2
      vertex 1.6271088503044397 -0.6442179671981871 26
      vertex 1.533536690076761 -0.843068929678002 26
    endloop
  endfacet
  facet normal -0.6404409144982923 0.3013686185898063 -0.7064080908128549
    outer loop
      vertex 1.3582753540679884 -0.7467181948576589 26.2
      vertex 1.4411535531267894 -0.5705930566612515 26.2
      vertex 1.6271088503044397 -0.6442179671981871 26
    endloop
  endfacet
  facet normal -0.9048270524660192 0.42577929156507355 0
    outer loop
      vertex 1.533536690076761 -0.843068929678002 3
      vertex 1.533536690076761 -0.843068929678002 26
      vertex 1.6271088503044397 -0.6442179671981871 26
    endloop
  endfacet
  facet normal -0.6731623500597125 0.21872370629683086 -0.7064080908128549
    outer loop
      vertex 1.6271088503044397 -0.6442179671981871 26
      vertex 1.4411535531267894 -0.5705930566612515 26.2
      vertex 1.6950205319751046 -0.43520730253849527 26
    endloop
  endfacet
  facet normal -0.9510565162951536 0.3090169943749471 0
    outer loop
      vertex 1.6271088503044397 -0.6442179671981871 26
      vertex 1.6950205319751046 -0.43520730253849527 26
      vertex 1.6950205319751046 -0.43520730253849527 3
    endloop
  endfacet
  facet normal -0.9822872507286887 0.187381314585725 0
    outer loop
      vertex 1.6950205319751046 -0.43520730253849527 3
      vertex 1.6950205319751046 -0.43520730253849527 26
      vertex 1.7362007273003364 -0.21933315873753212 26
    endloop
  endfacet
  facet normal -0.9980267284282716 0.06279051952931274 0
    outer loop
      vertex 1.7362007273003364 -0.21933315873753212 3
      vertex 1.7362007273003364 -0.21933315873753212 26
      vertex 1.75 0 26
    endloop
  endfacet
  facet normal -0.6731623500597125 0.21872370629683136 -0.7064080908128548
    outer loop
      vertex 1.4411535531267894 -0.5705930566612515 26.2
      vertex 1.5013038997493784 -0.3854693251055244 26.2
      vertex 1.6950205319751046 -0.43520730253849527 26
    endloop
  endfacet
  facet normal -0.6952676132329947 0.13262939049634656 -0.7064080908128548
    outer loop
      vertex 1.5013038997493784 -0.3854693251055244 26.2
      vertex 1.7362007273003364 -0.21933315873753212 26
      vertex 1.6950205319751046 -0.43520730253849527 26
    endloop
  endfacet
  facet normal -0.6952676132329945 0.1326293904963462 -0.706408090812855
    outer loop
      vertex 1.5013038997493784 -0.3854693251055244 26.2
      vertex 1.5377777870374407 -0.1942665120246713 26.2
      vertex 1.7362007273003364 -0.21933315873753212 26
    endloop
  endfacet
  facet normal -0.7064080908128524 0.044443429978776525 -0.7064080908128548
    outer loop
      vertex 1.5377777870374407 -0.1942665120246713 26.2
      vertex 1.55 0 26.2
      vertex 1.75 0 26
    endloop
  endfacet
  facet normal -0.7064080908128523 0.04444342997877612 -0.706408090812855
    outer loop
      vertex 1.5377777870374407 -0.1942665120246713 26.2
      vertex 1.75 0 26
      vertex 1.7362007273003364 -0.21933315873753212 26
    endloop
  endfacet
  facet normal -1.6116477107833246e-15 -0.7078047818672455 0.7064080908128537
    outer loop
      vertex -0.09732530527043559 1.546941429063821 2.8
      vertex 0.09732530527043558 1.546941429063821 2.8000000000000003
      vertex 0.10988340917629824 1.7465467747494752 3
    endloop
  endfacet
  facet normal -0.0887114620436989 -0.7022235297511812 0.7064080908128539
    outer loop
      vertex 0.09732530527043558 1.546941429063821 2.8000000000000003
      vertex 0.2904410376078731 1.5225452386294676 2.8000000000000003
      vertex 0.327917300525018 1.7190026887752052 3
    endloop
  endfacet
  facet normal -0.08871146204369852 -0.7022235297511814 0.7064080908128537
    outer loop
      vertex 0.09732530527043558 1.546941429063821 2.8000000000000003
      vertex 0.327917300525018 1.7190026887752052 3
      vertex 0.10988340917629824 1.7465467747494752 3
    endloop
  endfacet
  facet normal -0.17602389133730906 -0.6855677930829386 0.7064080908128532
    outer loop
      vertex 0.2904410376078731 1.5225452386294676 2.8000000000000003
      vertex 0.47897634128116845 1.474137600257488 2.8
      vertex 0.5407797401561579 1.6643489035165187 3
    endloop
  endfacet
  facet normal -0.17602389133731025 -0.6855677930829376 0.7064080908128539
    outer loop
      vertex 0.2904410376078731 1.5225452386294676 2.8000000000000003
      vertex 0.5407797401561579 1.6643489035165187 3
      vertex 0.327917300525018 1.7190026887752052 3
    endloop
  endfacet
  facet normal -0.2605603187129557 -0.6581002427794284 0.7064080908128534
    outer loop
      vertex 0.47897634128116845 1.474137600257488 2.8
      vertex 0.6599579019258627 1.4024819313223302 2.8
      vertex 0.7451137602388772 1.5834473418155341 3
    endloop
  endfacet
  facet normal -0.3409875542113086 -0.6202540585172578 0.706408090812853
    outer loop
      vertex 0.6599579019258627 1.4024819313223302 2.8
      vertex 0.8305315322174448 1.3087082845281235 2.8
      vertex 0.9376968912132442 1.4775738696285263 3
    endloop
  endfacet
  facet normal -0.3409875542113089 -0.6202540585172572 0.7064080908128533
    outer loop
      vertex 0.6599579019258627 1.4024819313223302 2.8
      vertex 0.9376968912132442 1.4775738696285263 3
      vertex 0.7451137602388772 1.5834473418155341 3
    endloop
  endfacet
  facet normal -0.41603721228365936 -0.5726260972304528 0.7064080908128539
    outer loop
      vertex 0.9880071841104691 1.1942955263024733 2.8000000000000003
      vertex 1.115491982060207 1.348398174857631 3
      vertex 0.8305315322174448 1.3087082845281235 2.8
    endloop
  endfacet
  facet normal -0.41603721228365853 -0.5726260972304545 0.706408090812853
    outer loop
      vertex 0.8305315322174448 1.3087082845281235 2.8
      vertex 1.115491982060207 1.348398174857631 3
      vertex 0.9376968912132442 1.4775738696285263 3
    endloop
  endfacet
  facet normal -0.2605603187129557 -0.6581002427794285 0.7064080908128533
    outer loop
      vertex 0.47897634128116845 1.474137600257488 2.8
      vertex 0.7451137602388772 1.5834473418155341 3
      vertex 0.5407797401561579 1.6643489035165187 3
    endloop
  endfacet
  facet normal 0 -1 0
    outer loop
      vertex -0.10988340917629824 1.7465467747494752 3
      vertex 0.10988340917629824 1.7465467747494752 3
      vertex 0.10988340917629824 1.7465467747494752 26
    endloop
  endfacet
  facet normal -0.12533323356430373 -0.9921147013144779 0
    outer loop
      vertex 0.10988340917629824 1.7465467747494752 3
      vertex 0.327917300525018 1.7190026887752052 3
      vertex 0.10988340917629824 1.7465467747494752 26
    endloop
  endfacet
  facet normal -0.24868988716485535 -0.9685831611286311 0
    outer loop
      vertex 0.327917300525018 1.7190026887752052 3
      vertex 0.5407797401561579 1.6643489035165187 3
      vertex 0.5407797401561579 1.6643489035165187 26
    endloop
  endfacet
  facet normal -0.36812455268467736 -0.9297764858882516 0
    outer loop
      vertex 0.5407797401561579 1.6643489035165187 3
      vertex 0.7451137602388772 1.5834473418155341 3
      vertex 0.5407797401561579 1.6643489035165187 26
    endloop
  endfacet
  facet normal -0.48175367410171543 -0.8763066800438635 0
    outer loop
      vertex 0.9376968912132442 1.4775738696285263 3
      vertex 0.7451137602388772 1.5834473418155341 26
      vertex 0.7451137602388772 1.5834473418155341 3
    endloop
  endfacet
  facet normal -0.6404409144982941 -0.30136861858980635 0.7064080908128533
    outer loop
      vertex 1.3582753540679886 0.7467181948576588 2.8
      vertex 1.4411535531267896 0.5705930566612509 2.8
      vertex 1.62710885030444 0.6442179671981865 3
    endloop
  endfacet
  facet normal -0.6404409144982942 -0.3013686185898067 0.7064080908128532
    outer loop
      vertex 1.3582753540679886 0.7467181948576588 2.8
      vertex 1.62710885030444 0.6442179671981865 3
      vertex 1.5335366900767613 0.8430689296780018 3
    endloop
  endfacet
  facet normal -0.5976193431343774 -0.3792607677387354 0.7064080908128532
    outer loop
      vertex 1.3582753540679886 0.7467181948576588 2.8
      vertex 1.5335366900767613 0.8430689296780018 3
      vertex 1.2539763412811686 0.9110671410533334 2.8000000000000003
    endloop
  endfacet
  facet normal -0.5453729577287414 -0.4511717480210206 0.7064080908128538
    outer loop
      vertex 1.2539763412811686 0.9110671410533334 2.8000000000000003
      vertex 1.415779740156158 1.028624191511828 3
      vertex 1.129901372503188 1.0610480141894676 2.8000000000000003
    endloop
  endfacet
  facet normal -0.5976193431343775 -0.3792607677387341 0.7064080908128538
    outer loop
      vertex 1.2539763412811686 0.9110671410533334 2.8000000000000003
      vertex 1.5335366900767613 0.8430689296780018 3
      vertex 1.415779740156158 1.028624191511828 3
    endloop
  endfacet
  facet normal -0.7064080908128539 -0.044443429978776545 0.7064080908128532
    outer loop
      vertex 1.55 0 2.8
      vertex 1.75 0 3
      vertex 1.5377777870374407 0.1942665120246716 2.8
    endloop
  endfacet
  facet normal -0.7064080908128538 -0.04444342997877617 0.7064080908128534
    outer loop
      vertex 1.5377777870374407 0.1942665120246716 2.8
      vertex 1.75 0 3
      vertex 1.7362007273003364 0.21933315873753245 3
    endloop
  endfacet
  facet normal -0.695267613232996 -0.13262939049634714 0.7064080908128534
    outer loop
      vertex 1.5377777870374407 0.1942665120246716 2.8
      vertex 1.7362007273003364 0.21933315873753245 3
      vertex 1.5013038997493782 0.38546932510552495 2.8
    endloop
  endfacet
  facet normal -0.6952676132329961 -0.13262939049634737 0.7064080908128532
    outer loop
      vertex 1.7362007273003364 0.21933315873753245 3
      vertex 1.6950205319751044 0.4352073025384959 3
      vertex 1.5013038997493782 0.38546932510552495 2.8
    endloop
  endfacet
  facet normal -0.6731623500597141 -0.21872370629683158 0.7064080908128533
    outer loop
      vertex 1.5013038997493782 0.38546932510552495 2.8
      vertex 1.6950205319751044 0.4352073025384959 3
      vertex 1.4411535531267896 0.5705930566612509 2.8
    endloop
  endfacet
  facet normal -0.673162350059714 -0.2187237062968313 0.7064080908128534
    outer loop
      vertex 1.4411535531267896 0.5705930566612509 2.8
      vertex 1.6950205319751044 0.4352073025384959 3
      vertex 1.62710885030444 0.6442179671981865 3
    endloop
  endfacet
  facet normal -0.844327925502015 -0.5358267949789969 0
    outer loop
      vertex 1.415779740156158 1.028624191511828 3
      vertex 1.5335366900767613 0.8430689296780018 3
      vertex 1.415779740156158 1.028624191511828 26
    endloop
  endfacet
  facet normal -0.9980267284282716 -0.06279051952931264 0
    outer loop
      vertex 1.75 0 3
      vertex 1.75 0 26
      vertex 1.7362007273003364 0.21933315873753245 3
    endloop
  endfacet
  facet normal -0.9822872507286884 -0.18738131458572566 0
    outer loop
      vertex 1.7362007273003364 0.21933315873753245 3
      vertex 1.6950205319751044 0.4352073025384959 26
      vertex 1.6950205319751044 0.4352073025384959 3
    endloop
  endfacet
  facet normal -0.9048270524660197 -0.4257792915650725 0
    outer loop
      vertex 1.5335366900767613 0.8430689296780018 3
      vertex 1.62710885030444 0.6442179671981865 3
      vertex 1.62710885030444 0.6442179671981865 26
    endloop
  endfacet
  facet normal -0.9510565162951536 -0.309016994374947 0
    outer loop
      vertex 1.6950205319751044 0.4352073025384959 3
      vertex 1.62710885030444 0.6442179671981865 26
      vertex 1.62710885030444 0.6442179671981865 3
    endloop
  endfacet
  facet normal -0.48452571498970903 -0.5159674803200777 0.706408090812854
    outer loop
      vertex 0.9880071841104691 1.1942955263024733 2.8000000000000003
      vertex 1.129901372503188 1.0610480141894676 2.8000000000000003
      vertex 1.2756950979874702 1.1979574353752054 3
    endloop
  endfacet
  facet normal -0.4845257149897089 -0.5159674803200781 0.7064080908128539
    outer loop
      vertex 0.9880071841104691 1.1942955263024733 2.8000000000000003
      vertex 1.2756950979874702 1.1979574353752054 3
      vertex 1.115491982060207 1.348398174857631 3
    endloop
  endfacet
  facet normal -0.5453729577287414 -0.45117174802102017 0.706408090812854
    outer loop
      vertex 1.129901372503188 1.0610480141894676 2.8000000000000003
      vertex 1.415779740156158 1.028624191511828 3
      vertex 1.2756950979874702 1.1979574353752054 3
    endloop
  endfacet
  facet normal -0.5877852522924736 -0.809016994374947 0
    outer loop
      vertex 0.9376968912132442 1.4775738696285263 3
      vertex 1.115491982060207 1.348398174857631 3
      vertex 1.115491982060207 1.348398174857631 26
    endloop
  endfacet
  facet normal -0.6845471059286878 -0.7289686274214123 0
    outer loop
      vertex 1.2756950979874702 1.1979574353752054 3
      vertex 1.115491982060207 1.348398174857631 26
      vertex 1.115491982060207 1.348398174857631 3
    endloop
  endfacet
  facet normal -0.7705132427757896 -0.6374239897486893 0
    outer loop
      vertex 1.415779740156158 1.028624191511828 3
      vertex 1.415779740156158 1.028624191511828 26
      vertex 1.2756950979874702 1.1979574353752054 3
    endloop
  endfacet
  facet normal -0.12533323356430373 -0.9921147013144779 0
    outer loop
      vertex 0.327917300525018 1.7190026887752052 3
      vertex 0.327917300525018 1.7190026887752052 26
      vertex 0.10988340917629824 1.7465467747494752 26
    endloop
  endfacet
  facet normal -0.24868988716485535 -0.9685831611286311 0
    outer loop
      vertex 0.327917300525018 1.7190026887752052 3
      vertex 0.5407797401561579 1.6643489035165187 26
      vertex 0.327917300525018 1.7190026887752052 26
    endloop
  endfacet
  facet normal 0 -0.7078047818672447 -0.7064080908128545
    outer loop
      vertex -0.10988340917629824 1.7465467747494752 26
      vertex 0.10988340917629824 1.7465467747494752 26
      vertex 0.09732530527043559 1.546941429063821 26.2
    endloop
  endfacet
  facet normal -0.08871146204369884 -0.7022235297511807 -0.7064080908128546
    outer loop
      vertex 0.09732530527043559 1.546941429063821 26.2
      vertex 0.10988340917629824 1.7465467747494752 26
      vertex 0.2904410376078731 1.5225452386294676 26.2
    endloop
  endfacet
  facet normal -0.08871146204369838 -0.7022235297511805 -0.7064080908128547
    outer loop
      vertex 0.2904410376078731 1.5225452386294676 26.2
      vertex 0.10988340917629824 1.7465467747494752 26
      vertex 0.327917300525018 1.7190026887752052 26
    endloop
  endfacet
  facet normal -0.17602389133731025 -0.6855677930829368 -0.7064080908128547
    outer loop
      vertex 0.2904410376078731 1.5225452386294676 26.2
      vertex 0.327917300525018 1.7190026887752052 26
      vertex 0.47897634128116845 1.474137600257488 26.2
    endloop
  endfacet
  facet normal -0.17602389133731006 -0.6855677930829368 -0.7064080908128547
    outer loop
      vertex 0.327917300525018 1.7190026887752052 26
      vertex 0.5407797401561579 1.6643489035165187 26
      vertex 0.47897634128116845 1.474137600257488 26.2
    endloop
  endfacet
  facet normal -0.48175367410171543 -0.8763066800438635 0
    outer loop
      vertex 0.9376968912132442 1.4775738696285263 3
      vertex 0.9376968912132442 1.4775738696285263 26
      vertex 0.7451137602388772 1.5834473418155341 26
    endloop
  endfacet
  facet normal -0.5877852522924736 -0.809016994374947 0
    outer loop
      vertex 0.9376968912132442 1.4775738696285263 3
      vertex 1.115491982060207 1.348398174857631 26
      vertex 0.9376968912132442 1.4775738696285263 26
    endloop
  endfacet
  facet normal -0.2605603187129552 -0.658100242779427 -0.7064080908128547
    outer loop
      vertex 0.47897634128116845 1.474137600257488 26.2
      vertex 0.5407797401561579 1.6643489035165187 26
      vertex 0.6599579019258627 1.4024819313223302 26.2
    endloop
  endfacet
  facet normal -0.3409875542113075 -0.6202540585172562 -0.7064080908128548
    outer loop
      vertex 0.6599579019258627 1.4024819313223302 26.2
      vertex 0.7451137602388772 1.5834473418155341 26
      vertex 0.8305315322174449 1.3087082845281235 26.2
    endloop
  endfacet
  facet normal -0.3409875542113083 -0.6202540585172562 -0.7064080908128545
    outer loop
      vertex 0.8305315322174449 1.3087082845281235 26.2
      vertex 0.7451137602388772 1.5834473418155341 26
      vertex 0.9376968912132442 1.4775738696285263 26
    endloop
  endfacet
  facet normal -0.4160372122836578 -0.5726260972304533 -0.7064080908128545
    outer loop
      vertex 0.9880071841104692 1.1942955263024733 26.2
      vertex 0.8305315322174449 1.3087082845281235 26.2
      vertex 0.9376968912132442 1.4775738696285263 26
    endloop
  endfacet
  facet normal -0.36812455268467736 -0.9297764858882516 0
    outer loop
      vertex 0.5407797401561579 1.6643489035165187 26
      vertex 0.7451137602388772 1.5834473418155341 3
      vertex 0.7451137602388772 1.5834473418155341 26
    endloop
  endfacet
  facet normal -0.26056031871295504 -0.6581002427794269 -0.7064080908128548
    outer loop
      vertex 0.6599579019258627 1.4024819313223302 26.2
      vertex 0.5407797401561579 1.6643489035165187 26
      vertex 0.7451137602388772 1.5834473418155341 26
    endloop
  endfacet
  facet normal -0.844327925502015 -0.5358267949789969 0
    outer loop
      vertex 1.415779740156158 1.028624191511828 26
      vertex 1.5335366900767613 0.8430689296780018 3
      vertex 1.5335366900767613 0.8430689296780018 26
    endloop
  endfacet
  facet normal -0.6404409144982929 -0.3013686185898056 -0.7064080908128547
    outer loop
      vertex 1.3582753540679886 0.7467181948576588 26.2
      vertex 1.5335366900767613 0.8430689296780018 26
      vertex 1.4411535531267896 0.5705930566612508 26.2
    endloop
  endfacet
  facet normal -0.5976193431343769 -0.37926076773873346 -0.7064080908128546
    outer loop
      vertex 1.3582753540679886 0.7467181948576588 26.2
      vertex 1.2539763412811686 0.9110671410533333 26.2
      vertex 1.415779740156158 1.028624191511828 26
    endloop
  endfacet
  facet normal -0.5976193431343766 -0.3792607677387336 -0.7064080908128548
    outer loop
      vertex 1.3582753540679886 0.7467181948576588 26.2
      vertex 1.415779740156158 1.028624191511828 26
      vertex 1.5335366900767613 0.8430689296780018 26
    endloop
  endfacet
  facet normal -0.9980267284282716 -0.06279051952931264 0
    outer loop
      vertex 1.7362007273003364 0.21933315873753245 3
      vertex 1.75 0 26
      vertex 1.7362007273003364 0.21933315873753245 26
    endloop
  endfacet
  facet normal -0.9822872507286884 -0.18738131458572566 0
    outer loop
      vertex 1.7362007273003364 0.21933315873753245 3
      vertex 1.7362007273003364 0.21933315873753245 26
      vertex 1.6950205319751044 0.4352073025384959 26
    endloop
  endfacet
  facet normal -0.9510565162951536 -0.309016994374947 0
    outer loop
      vertex 1.6950205319751044 0.4352073025384959 3
      vertex 1.6950205319751044 0.4352073025384959 26
      vertex 1.62710885030444 0.6442179671981865 26
    endloop
  endfacet
  facet normal -0.7064080908128522 -0.04444342997877644 -0.7064080908128548
    outer loop
      vertex 1.55 0 26.2
      vertex 1.5377777870374407 0.1942665120246716 26.2
      vertex 1.7362007273003364 0.21933315873753245 26
    endloop
  endfacet
  facet normal -0.7064080908128525 -0.04444342997877607 -0.7064080908128548
    outer loop
      vertex 1.55 0 26.2
      vertex 1.7362007273003364 0.21933315873753245 26
      vertex 1.75 0 26
    endloop
  endfacet
  facet normal -0.6952676132329945 -0.1326293904963469 -0.7064080908128548
    outer loop
      vertex 1.5377777870374407 0.1942665120246716 26.2
      vertex 1.5013038997493782 0.3854693251055249 26.2
      vertex 1.6950205319751044 0.4352073025384959 26
    endloop
  endfacet
  facet normal -0.6731623500597127 -0.2187237062968308 -0.7064080908128548
    outer loop
      vertex 1.5013038997493782 0.3854693251055249 26.2
      vertex 1.62710885030444 0.6442179671981865 26
      vertex 1.6950205319751044 0.4352073025384959 26
    endloop
  endfacet
  facet normal -0.6952676132329945 -0.13262939049634712 -0.7064080908128549
    outer loop
      vertex 1.5377777870374407 0.1942665120246716 26.2
      vertex 1.6950205319751044 0.4352073025384959 26
      vertex 1.7362007273003364 0.21933315873753245 26
    endloop
  endfacet
  facet normal -0.9048270524660197 -0.4257792915650725 0
    outer loop
      vertex 1.5335366900767613 0.8430689296780018 3
      vertex 1.62710885030444 0.6442179671981865 26
      vertex 1.5335366900767613 0.8430689296780018 26
    endloop
  endfacet
  facet normal -0.6731623500597124 -0.21872370629683108 -0.7064080908128549
    outer loop
      vertex 1.5013038997493782 0.3854693251055249 26.2
      vertex 1.4411535531267896 0.5705930566612508 26.2
      vertex 1.62710885030444 0.6442179671981865 26
    endloop
  endfacet
  facet normal -0.6404409144982925 -0.3013686185898059 -0.706408090812855
    outer loop
      vertex 1.4411535531267896 0.5705930566612508 26.2
      vertex 1.5335366900767613 0.8430689296780018 26
      vertex 1.62710885030444 0.6442179671981865 26
    endloop
  endfacet
  facet normal -0.6845471059286878 -0.7289686274214123 0
    outer loop
      vertex 1.2756950979874702 1.1979574353752054 3
      vertex 1.2756950979874702 1.1979574353752054 26
      vertex 1.115491982060207 1.348398174857631 26
    endloop
  endfacet
  facet normal -0.7705132427757896 -0.6374239897486893 0
    outer loop
      vertex 1.2756950979874702 1.1979574353752054 3
      vertex 1.415779740156158 1.028624191511828 26
      vertex 1.2756950979874702 1.1979574353752054 26
    endloop
  endfacet
  facet normal -0.4845257149897089 -0.5159674803200771 -0.7064080908128545
    outer loop
      vertex 0.9880071841104692 1.1942955263024733 26.2
      vertex 1.115491982060207 1.348398174857631 26
      vertex 1.129901372503188 1.0610480141894676 26.2
    endloop
  endfacet
  facet normal -0.5453729577287407 -0.4511717480210199 -0.7064080908128548
    outer loop
      vertex 1.2539763412811686 0.9110671410533333 26.2
      vertex 1.129901372503188 1.0610480141894676 26.2
      vertex 1.2756950979874702 1.1979574353752054 26
    endloop
  endfacet
  facet normal -0.4845257149897083 -0.5159674803200773 -0.7064080908128548
    outer loop
      vertex 1.129901372503188 1.0610480141894676 26.2
      vertex 1.115491982060207 1.348398174857631 26
      vertex 1.2756950979874702 1.1979574353752054 26
    endloop
  endfacet
  facet normal -0.41603721228365775 -0.5726260972304533 -0.7064080908128545
    outer loop
      vertex 0.9880071841104692 1.1942955263024733 26.2
      vertex 0.9376968912132442 1.4775738696285263 26
      vertex 1.115491982060207 1.348398174857631 26
    endloop
  endfacet
  facet normal -0.545372957728741 -0.45117174802101967 -0.7064080908128547
    outer loop
      vertex 1.2539763412811686 0.9110671410533333 26.2
      vertex 1.2756950979874702 1.1979574353752054 26
      vertex 1.415779740156158 1.028624191511828 26
    endloop
  endfacet
  facet normal 0.5453729577287406 0.45117174802101995 0.7064080908128549
    outer loop
      vertex -1.2756950979874704 -1.197957435375205 29.5
      vertex -1.129901372503188 -1.0610480141894674 29.3
      vertex -1.415779740156158 -1.028624191511828 29.5
    endloop
  endfacet
  facet normal 0.4845257149897093 0.5159674803200761 0.706408090812855
    outer loop
      vertex -1.115491982060207 -1.3483981748576315 29.5
      vertex -0.988007184110469 -1.1942955263024735 29.3
      vertex -1.2756950979874704 -1.197957435375205 29.5
    endloop
  endfacet
  facet normal 0.48452571498970914 0.5159674803200764 0.7064080908128548
    outer loop
      vertex -1.2756950979874704 -1.197957435375205 29.5
      vertex -0.988007184110469 -1.1942955263024735 29.3
      vertex -1.129901372503188 -1.0610480141894674 29.3
    endloop
  endfacet
  facet normal 0.7705132427757891 0.6374239897486896 0
    outer loop
      vertex -1.2756950979874704 -1.197957435375205 29.5
      vertex -1.415779740156158 -1.028624191511828 29.5
      vertex -1.415779740156158 -1.028624191511828 42.5
    endloop
  endfacet
  facet normal 0.6845471059286894 0.7289686274214109 0
    outer loop
      vertex -1.115491982060207 -1.3483981748576315 29.5
      vertex -1.2756950979874704 -1.197957435375205 29.5
      vertex -1.115491982060207 -1.3483981748576315 42.5
    endloop
  endfacet
  facet normal 0.5877852522924721 0.8090169943749482 0
    outer loop
      vertex -1.115491982060207 -1.3483981748576315 29.5
      vertex -1.115491982060207 -1.3483981748576315 42.5
      vertex -0.9376968912132444 -1.477573869628526 29.5
    endloop
  endfacet
  facet normal 0.6731623500597127 0.21872370629683124 0.7064080908128546
    outer loop
      vertex -1.62710885030444 -0.6442179671981862 29.5
      vertex -1.4411535531267898 -0.5705930566612507 29.3
      vertex -1.6950205319751044 -0.435207302538496 29.5
    endloop
  endfacet
  facet normal 0.9048270524660194 0.4257792915650727 0
    outer loop
      vertex -1.62710885030444 -0.6442179671981862 29.5
      vertex -1.62710885030444 -0.6442179671981862 42.5
      vertex -1.533536690076761 -0.843068929678002 29.5
    endloop
  endfacet
  facet normal 0.6731623500597128 0.2187237062968307 0.7064080908128548
    outer loop
      vertex -1.6950205319751044 -0.435207302538496 29.5
      vertex -1.4411535531267898 -0.5705930566612507 29.3
      vertex -1.5013038997493782 -0.385469325105525 29.3
    endloop
  endfacet
  facet normal 0.6952676132329947 0.13262939049634684 0.7064080908128548
    outer loop
      vertex -1.6950205319751044 -0.435207302538496 29.5
      vertex -1.5013038997493782 -0.385469325105525 29.3
      vertex -1.7362007273003364 -0.21933315873753212 29.5
    endloop
  endfacet
  facet normal 0.6952676132329946 0.1326293904963466 0.7064080908128549
    outer loop
      vertex -1.5013038997493782 -0.385469325105525 29.3
      vertex -1.5377777870374407 -0.1942665120246713 29.3
      vertex -1.7362007273003364 -0.21933315873753212 29.5
    endloop
  endfacet
  facet normal 0.7064080908128523 0.04444342997877614 0.706408090812855
    outer loop
      vertex -1.7362007273003364 -0.21933315873753212 29.5
      vertex -1.5377777870374407 -0.1942665120246713 29.3
      vertex -1.75 0 29.5
    endloop
  endfacet
  facet normal 0.7064080908128524 0.044443429978776525 0.7064080908128548
    outer loop
      vertex -1.5377777870374407 -0.1942665120246713 29.3
      vertex -1.55 0 29.3
      vertex -1.75 0 29.5
    endloop
  endfacet
  facet normal 0.9510565162951536 0.30901699437494745 0
    outer loop
      vertex -1.62710885030444 -0.6442179671981862 29.5
      vertex -1.6950205319751044 -0.435207302538496 29.5
      vertex -1.6950205319751044 -0.435207302538496 42.5
    endloop
  endfacet
  facet normal 0.9822872507286886 0.18738131458572535 0
    outer loop
      vertex -1.6950205319751044 -0.435207302538496 29.5
      vertex -1.7362007273003364 -0.21933315873753212 29.5
      vertex -1.6950205319751044 -0.435207302538496 42.5
    endloop
  endfacet
  facet normal 0.9980267284282717 0.06279051952931274 0
    outer loop
      vertex -1.7362007273003364 -0.21933315873753212 29.5
      vertex -1.75 0 29.5
      vertex -1.75 0 42.5
    endloop
  endfacet
  facet normal 0.5976193431343771 0.37926076773873335 0.7064080908128546
    outer loop
      vertex -1.533536690076761 -0.843068929678002 29.5
      vertex -1.415779740156158 -1.028624191511828 29.5
      vertex -1.2539763412811686 -0.9110671410533334 29.3
    endloop
  endfacet
  facet normal 0.5453729577287404 0.45117174802102067 0.7064080908128546
    outer loop
      vertex -1.415779740156158 -1.028624191511828 29.5
      vertex -1.129901372503188 -1.0610480141894674 29.3
      vertex -1.2539763412811686 -0.9110671410533334 29.3
    endloop
  endfacet
  facet normal 0.5976193431343771 0.3792607677387328 0.7064080908128548
    outer loop
      vertex -1.533536690076761 -0.843068929678002 29.5
      vertex -1.2539763412811686 -0.9110671410533334 29.3
      vertex -1.3582753540679884 -0.7467181948576589 29.3
    endloop
  endfacet
  facet normal 0.6404409144982927 0.3013686185898061 0.7064080908128548
    outer loop
      vertex -1.62710885030444 -0.6442179671981862 29.5
      vertex -1.533536690076761 -0.843068929678002 29.5
      vertex -1.3582753540679884 -0.7467181948576589 29.3
    endloop
  endfacet
  facet normal 0.6404409144982925 0.30136861858980674 0.7064080908128545
    outer loop
      vertex -1.62710885030444 -0.6442179671981862 29.5
      vertex -1.3582753540679884 -0.7467181948576589 29.3
      vertex -1.4411535531267898 -0.5705930566612507 29.3
    endloop
  endfacet
  facet normal 0.8443279255020153 0.5358267949789963 0
    outer loop
      vertex -1.533536690076761 -0.843068929678002 29.5
      vertex -1.533536690076761 -0.843068929678002 42.5
      vertex -1.415779740156158 -1.028624191511828 29.5
    endloop
  endfacet
  facet normal 0.26056031871295554 0.6581002427794268 0.7064080908128548
    outer loop
      vertex -0.7451137602388768 -1.5834473418155341 29.5
      vertex -0.5407797401561579 -1.6643489035165187 29.5
      vertex -0.47897634128116845 -1.474137600257488 29.3
    endloop
  endfacet
  facet normal 0.36812455268467814 0.9297764858882513 0
    outer loop
      vertex -0.7451137602388768 -1.5834473418155341 29.5
      vertex -0.5407797401561579 -1.6643489035165187 42.5
      vertex -0.5407797401561579 -1.6643489035165187 29.5
    endloop
  endfacet
  facet normal 0.4160372122836566 0.572626097230454 0.7064080908128547
    outer loop
      vertex -1.115491982060207 -1.3483981748576315 29.5
      vertex -0.9376968912132444 -1.477573869628526 29.5
      vertex -0.830531532217445 -1.3087082845281233 29.3
    endloop
  endfacet
  facet normal 0.4160372122836569 0.5726260972304531 0.706408090812855
    outer loop
      vertex -1.115491982060207 -1.3483981748576315 29.5
      vertex -0.830531532217445 -1.3087082845281233 29.3
      vertex -0.988007184110469 -1.1942955263024735 29.3
    endloop
  endfacet
  facet normal 0.340987554211308 0.6202540585172565 0.7064080908128544
    outer loop
      vertex -0.7451137602388768 -1.5834473418155341 29.5
      vertex -0.6599579019258623 -1.4024819313223305 29.3
      vertex -0.9376968912132444 -1.477573869628526 29.5
    endloop
  endfacet
  facet normal 0.3409875542113083 0.6202540585172562 0.7064080908128547
    outer loop
      vertex -0.9376968912132444 -1.477573869628526 29.5
      vertex -0.6599579019258623 -1.4024819313223305 29.3
      vertex -0.830531532217445 -1.3087082845281233 29.3
    endloop
  endfacet
  facet normal 0.26056031871295504 0.6581002427794275 0.7064080908128543
    outer loop
      vertex -0.7451137602388768 -1.5834473418155341 29.5
      vertex -0.47897634128116845 -1.474137600257488 29.3
      vertex -0.6599579019258623 -1.4024819313223305 29.3
    endloop
  endfacet
  facet normal 0.4817536741017149 0.8763066800438639 0
    outer loop
      vertex -0.7451137602388768 -1.5834473418155341 29.5
      vertex -0.9376968912132444 -1.477573869628526 29.5
      vertex -0.9376968912132444 -1.477573869628526 42.5
    endloop
  endfacet
  facet normal 0.17602389133730975 0.6855677930829368 0.7064080908128547
    outer loop
      vertex -0.5407797401561579 -1.6643489035165187 29.5
      vertex -0.32791730052501844 -1.719002688775205 29.5
      vertex -0.2904410376078735 -1.5225452386294673 29.3
    endloop
  endfacet
  facet normal 0.17602389133730978 0.6855677930829369 0.7064080908128547
    outer loop
      vertex -0.5407797401561579 -1.6643489035165187 29.5
      vertex -0.2904410376078735 -1.5225452386294673 29.3
      vertex -0.47897634128116845 -1.474137600257488 29.3
    endloop
  endfacet
  facet normal 0.0887114620436993 0.7022235297511805 0.7064080908128545
    outer loop
      vertex -0.32791730052501844 -1.719002688775205 29.5
      vertex -0.10988340917629909 -1.7465467747494752 29.5
      vertex -0.09732530527043634 -1.546941429063821 29.3
    endloop
  endfacet
  facet normal 0.08871146204369983 0.7022235297511802 0.7064080908128548
    outer loop
      vertex -0.32791730052501844 -1.719002688775205 29.5
      vertex -0.09732530527043634 -1.546941429063821 29.3
      vertex -0.2904410376078735 -1.5225452386294673 29.3
    endloop
  endfacet
  facet normal 0 0.7078047818672447 0.7064080908128546
    outer loop
      vertex -0.10988340917629909 -1.7465467747494752 29.5
      vertex 0.09732530527043634 -1.546941429063821 29.3
      vertex -0.09732530527043634 -1.546941429063821 29.3
    endloop
  endfacet
  facet normal 0.2486898871648549 0.9685831611286311 0
    outer loop
      vertex -0.5407797401561579 -1.6643489035165187 29.5
      vertex -0.5407797401561579 -1.6643489035165187 42.5
      vertex -0.32791730052501844 -1.719002688775205 29.5
    endloop
  endfacet
  facet normal 0.12533323356430498 0.9921147013144779 0
    outer loop
      vertex -0.32791730052501844 -1.719002688775205 29.5
      vertex -0.32791730052501844 -1.719002688775205 42.5
      vertex -0.10988340917629909 -1.7465467747494752 29.5
    endloop
  endfacet
  facet normal 0.7705132427757891 0.6374239897486896 0
    outer loop
      vertex -1.2756950979874704 -1.197957435375205 29.5
      vertex -1.415779740156158 -1.028624191511828 42.5
      vertex -1.2756950979874704 -1.197957435375205 42.5
    endloop
  endfacet
  facet normal 0.6845471059286894 0.7289686274214109 0
    outer loop
      vertex -1.115491982060207 -1.3483981748576315 42.5
      vertex -1.2756950979874704 -1.197957435375205 29.5
      vertex -1.2756950979874704 -1.197957435375205 42.5
    endloop
  endfacet
  facet normal 0.5453729577287455 0.45117174802102405 -0.7064080908128485
    outer loop
      vertex -1.2756950979874704 -1.197957435375205 42.5
      vertex -1.415779740156158 -1.028624191511828 42.5
      vertex -1.2539763412811686 -0.9110671410533333 42.7
    endloop
  endfacet
  facet normal 0.4160372122836601 0.5726260972304588 -0.7064080908128487
    outer loop
      vertex -1.115491982060207 -1.3483981748576315 42.5
      vertex -0.988007184110469 -1.1942955263024735 42.7
      vertex -0.9376968912132444 -1.477573869628526 42.5
    endloop
  endfacet
  facet normal 0.4845257149897137 0.5159674803200808 -0.7064080908128486
    outer loop
      vertex -1.115491982060207 -1.3483981748576315 42.5
      vertex -1.2756950979874704 -1.197957435375205 42.5
      vertex -1.1299013725031881 -1.0610480141894671 42.7
    endloop
  endfacet
  facet normal 0.5453729577287453 0.45117174802102405 -0.7064080908128486
    outer loop
      vertex -1.2756950979874704 -1.197957435375205 42.5
      vertex -1.2539763412811686 -0.9110671410533333 42.7
      vertex -1.1299013725031881 -1.0610480141894671 42.7
    endloop
  endfacet
  facet normal 0.4845257149897133 0.515967480320081 -0.7064080908128487
    outer loop
      vertex -1.115491982060207 -1.3483981748576315 42.5
      vertex -1.1299013725031881 -1.0610480141894671 42.7
      vertex -0.988007184110469 -1.1942955263024735 42.7
    endloop
  endfacet
  facet normal 0.9048270524660194 0.4257792915650727 0
    outer loop
      vertex -1.533536690076761 -0.843068929678002 29.5
      vertex -1.62710885030444 -0.6442179671981862 42.5
      vertex -1.533536690076761 -0.843068929678002 42.5
    endloop
  endfacet
  facet normal 0.9510565162951536 0.30901699437494745 0
    outer loop
      vertex -1.62710885030444 -0.6442179671981862 29.5
      vertex -1.6950205319751044 -0.435207302538496 42.5
      vertex -1.62710885030444 -0.6442179671981862 42.5
    endloop
  endfacet
  facet normal 0.6404409144982985 0.30136861858980896 -0.7064080908128484
    outer loop
      vertex -1.62710885030444 -0.6442179671981862 42.5
      vertex -1.4411535531267898 -0.5705930566612507 42.7
      vertex -1.533536690076761 -0.843068929678002 42.5
    endloop
  endfacet
  facet normal 0.6731623500597189 0.2187237062968327 -0.7064080908128484
    outer loop
      vertex -1.62710885030444 -0.6442179671981862 42.5
      vertex -1.5013038997493782 -0.385469325105525 42.7
      vertex -1.4411535531267898 -0.5705930566612507 42.7
    endloop
  endfacet
  facet normal 0.9822872507286886 0.18738131458572535 0
    outer loop
      vertex -1.7362007273003364 -0.21933315873753212 29.5
      vertex -1.7362007273003364 -0.21933315873753212 42.5
      vertex -1.6950205319751044 -0.435207302538496 42.5
    endloop
  endfacet
  facet normal 0.9980267284282717 0.06279051952931274 0
    outer loop
      vertex -1.7362007273003364 -0.21933315873753212 29.5
      vertex -1.75 0 42.5
      vertex -1.7362007273003364 -0.21933315873753212 42.5
    endloop
  endfacet
  facet normal 0.6952676132330007 0.13262939049634798 -0.7064080908128486
    outer loop
      vertex -1.6950205319751044 -0.435207302538496 42.5
      vertex -1.7362007273003364 -0.21933315873753212 42.5
      vertex -1.5377777870374407 -0.1942665120246713 42.7
    endloop
  endfacet
  facet normal 0.6731623500597186 0.21872370629683313 -0.7064080908128485
    outer loop
      vertex -1.62710885030444 -0.6442179671981862 42.5
      vertex -1.6950205319751044 -0.435207302538496 42.5
      vertex -1.5013038997493782 -0.385469325105525 42.7
    endloop
  endfacet
  facet normal 0.6952676132330008 0.1326293904963478 -0.7064080908128485
    outer loop
      vertex -1.6950205319751044 -0.435207302538496 42.5
      vertex -1.5377777870374407 -0.1942665120246713 42.7
      vertex -1.5013038997493782 -0.385469325105525 42.7
    endloop
  endfacet
  facet normal 0.7064080908128587 0.044443429978776545 -0.7064080908128485
    outer loop
      vertex -1.7362007273003364 -0.21933315873753212 42.5
      vertex -1.75 0 42.5
      vertex -1.55 0 42.7
    endloop
  endfacet
  facet normal 0.7064080908128584 0.044443429978776906 -0.7064080908128487
    outer loop
      vertex -1.7362007273003364 -0.21933315873753212 42.5
      vertex -1.55 0 42.7
      vertex -1.5377777870374407 -0.1942665120246713 42.7
    endloop
  endfacet
  facet normal 0.8443279255020153 0.5358267949789963 0
    outer loop
      vertex -1.533536690076761 -0.843068929678002 42.5
      vertex -1.415779740156158 -1.028624191511828 42.5
      vertex -1.415779740156158 -1.028624191511828 29.5
    endloop
  endfacet
  facet normal 0.5976193431343821 0.37926076773873657 -0.7064080908128485
    outer loop
      vertex -1.533536690076761 -0.843068929678002 42.5
      vertex -1.3582753540679884 -0.7467181948576589 42.7
      vertex -1.415779740156158 -1.028624191511828 42.5
    endloop
  endfacet
  facet normal 0.5976193431343824 0.37926076773873646 -0.7064080908128484
    outer loop
      vertex -1.415779740156158 -1.028624191511828 42.5
      vertex -1.3582753540679884 -0.7467181948576589 42.7
      vertex -1.2539763412811686 -0.9110671410533333 42.7
    endloop
  endfacet
  facet normal 0.6404409144982981 0.3013686185898093 -0.7064080908128486
    outer loop
      vertex -1.533536690076761 -0.843068929678002 42.5
      vertex -1.4411535531267898 -0.5705930566612507 42.7
      vertex -1.3582753540679884 -0.7467181948576589 42.7
    endloop
  endfacet
  facet normal 0.4817536741017149 0.8763066800438639 0
    outer loop
      vertex -0.7451137602388768 -1.5834473418155341 29.5
      vertex -0.9376968912132444 -1.477573869628526 42.5
      vertex -0.7451137602388768 -1.5834473418155341 42.5
    endloop
  endfacet
  facet normal 0.36812455268467814 0.9297764858882513 0
    outer loop
      vertex -0.7451137602388768 -1.5834473418155341 29.5
      vertex -0.7451137602388768 -1.5834473418155341 42.5
      vertex -0.5407797401561579 -1.6643489035165187 42.5
    endloop
  endfacet
  facet normal 0.260560318712958 0.658100242779433 -0.7064080908128482
    outer loop
      vertex -0.7451137602388768 -1.5834473418155341 42.5
      vertex -0.6599579019258623 -1.4024819313223305 42.7
      vertex -0.5407797401561579 -1.6643489035165187 42.5
    endloop
  endfacet
  facet normal 0.5877852522924721 0.8090169943749482 0
    outer loop
      vertex -0.9376968912132444 -1.477573869628526 29.5
      vertex -1.115491982060207 -1.3483981748576315 42.5
      vertex -0.9376968912132444 -1.477573869628526 42.5
    endloop
  endfacet
  facet normal 0.4160372122836612 0.5726260972304585 -0.7064080908128483
    outer loop
      vertex -0.9376968912132444 -1.477573869628526 42.5
      vertex -0.988007184110469 -1.1942955263024735 42.7
      vertex -0.8305315322174451 -1.3087082845281233 42.7
    endloop
  endfacet
  facet normal 0.34098755421131105 0.620254058517262 -0.7064080908128483
    outer loop
      vertex -0.7451137602388768 -1.5834473418155341 42.5
      vertex -0.9376968912132444 -1.477573869628526 42.5
      vertex -0.8305315322174451 -1.3087082845281233 42.7
    endloop
  endfacet
  facet normal 0.3409875542113112 0.620254058517262 -0.7064080908128482
    outer loop
      vertex -0.7451137602388768 -1.5834473418155341 42.5
      vertex -0.8305315322174451 -1.3087082845281233 42.7
      vertex -0.6599579019258623 -1.4024819313223305 42.7
    endloop
  endfacet
  facet normal 0.26056031871295715 0.6581002427794329 -0.7064080908128485
    outer loop
      vertex -0.5407797401561579 -1.6643489035165187 42.5
      vertex -0.6599579019258623 -1.4024819313223305 42.7
      vertex -0.47897634128116845 -1.474137600257488 42.7
    endloop
  endfacet
  facet normal 0.2486898871648549 0.9685831611286311 0
    outer loop
      vertex -0.32791730052501844 -1.719002688775205 29.5
      vertex -0.5407797401561579 -1.6643489035165187 42.5
      vertex -0.32791730052501844 -1.719002688775205 42.5
    endloop
  endfacet
  facet normal 0.12533323356430498 0.9921147013144779 0
    outer loop
      vertex -0.10988340917629909 -1.7465467747494752 29.5
      vertex -0.32791730052501844 -1.719002688775205 42.5
      vertex -0.10988340917629909 -1.7465467747494752 42.5
    endloop
  endfacet
  facet normal 0 1 0
    outer loop
      vertex -0.10988340917629909 -1.7465467747494752 29.5
      vertex -0.10988340917629909 -1.7465467747494752 42.5
      vertex 0.10988340917629909 -1.7465467747494752 42.5
    endloop
  endfacet
  facet normal 0.1760238913373113 0.6855677930829429 -0.7064080908128485
    outer loop
      vertex -0.5407797401561579 -1.6643489035165187 42.5
      vertex -0.47897634128116845 -1.474137600257488 42.7
      vertex -0.32791730052501844 -1.719002688775205 42.5
    endloop
  endfacet
  facet normal 0.17602389133731142 0.6855677930829429 -0.7064080908128485
    outer loop
      vertex -0.47897634128116845 -1.474137600257488 42.7
      vertex -0.2904410376078735 -1.5225452386294673 42.7
      vertex -0.32791730052501844 -1.719002688775205 42.5
    endloop
  endfacet
  facet normal 0.08871146204370006 0.7022235297511866 -0.7064080908128484
    outer loop
      vertex -0.32791730052501844 -1.719002688775205 42.5
      vertex -0.2904410376078735 -1.5225452386294673 42.7
      vertex -0.10988340917629909 -1.7465467747494752 42.5
    endloop
  endfacet
  facet normal 0.08871146204370058 0.7022235297511868 -0.7064080908128483
    outer loop
      vertex -0.10988340917629909 -1.7465467747494752 42.5
      vertex -0.2904410376078735 -1.5225452386294673 42.7
      vertex -0.09732530527043634 -1.546941429063821 42.7
    endloop
  endfacet
  facet normal 0 0.7078047818672509 -0.7064080908128482
    outer loop
      vertex -0.10988340917629909 -1.7465467747494752 42.5
      vertex -0.09732530527043634 -1.546941429063821 42.7
      vertex 0.10988340917629909 -1.7465467747494752 42.5
    endloop
  endfacet
  facet normal 0.7064080908128525 -0.04444342997877616 0.7064080908128548
    outer loop
      vertex -1.75 0 29.5
      vertex -1.55 0 29.3
      vertex -1.7362007273003364 0.21933315873753212 29.5
    endloop
  endfacet
  facet normal 0.7064080908128523 -0.044443429978776545 0.706408090812855
    outer loop
      vertex -1.7362007273003364 0.21933315873753212 29.5
      vertex -1.55 0 29.3
      vertex -1.5377777870374407 0.1942665120246713 29.3
    endloop
  endfacet
  facet normal 0.6952676132329945 -0.1326293904963468 0.7064080908128549
    outer loop
      vertex -1.7362007273003364 0.21933315873753212 29.5
      vertex -1.5377777870374407 0.1942665120246713 29.3
      vertex -1.6950205319751044 0.435207302538496 29.5
    endloop
  endfacet
  facet normal 0.6952676132329946 -0.13262939049634662 0.7064080908128548
    outer loop
      vertex -1.5377777870374407 0.1942665120246713 29.3
      vertex -1.5013038997493782 0.385469325105525 29.3
      vertex -1.6950205319751044 0.435207302538496 29.5
    endloop
  endfacet
  facet normal 0.6731623500597126 -0.2187237062968312 0.7064080908128548
    outer loop
      vertex -1.6950205319751044 0.435207302538496 29.5
      vertex -1.5013038997493782 0.385469325105525 29.3
      vertex -1.62710885030444 0.6442179671981862 29.5
    endloop
  endfacet
  facet normal 0.9980267284282717 -0.06279051952931274 0
    outer loop
      vertex -1.75 0 29.5
      vertex -1.7362007273003364 0.21933315873753212 29.5
      vertex -1.7362007273003364 0.21933315873753212 42.5
    endloop
  endfacet
  facet normal 0.9822872507286886 -0.18738131458572535 0
    outer loop
      vertex -1.7362007273003364 0.21933315873753212 29.5
      vertex -1.6950205319751044 0.435207302538496 29.5
      vertex -1.7362007273003364 0.21933315873753212 42.5
    endloop
  endfacet
  facet normal 0.6731623500597129 -0.21872370629683072 0.7064080908128545
    outer loop
      vertex -1.5013038997493782 0.385469325105525 29.3
      vertex -1.4411535531267898 0.5705930566612507 29.3
      vertex -1.62710885030444 0.6442179671981862 29.5
    endloop
  endfacet
  facet normal 0.6404409144982929 -0.3013686185898063 0.7064080908128546
    outer loop
      vertex -1.4411535531267898 0.5705930566612507 29.3
      vertex -1.533536690076761 0.843068929678002 29.5
      vertex -1.62710885030444 0.6442179671981862 29.5
    endloop
  endfacet
  facet normal 0.9510565162951536 -0.30901699437494745 0
    outer loop
      vertex -1.6950205319751044 0.435207302538496 29.5
      vertex -1.62710885030444 0.6442179671981862 29.5
      vertex -1.62710885030444 0.6442179671981862 42.5
    endloop
  endfacet
  facet normal 0.9048270524660194 -0.4257792915650727 0
    outer loop
      vertex -1.62710885030444 0.6442179671981862 29.5
      vertex -1.533536690076761 0.843068929678002 29.5
      vertex -1.533536690076761 0.843068929678002 42.5
    endloop
  endfacet
  facet normal 0.6404409144982924 -0.3013686185898066 0.7064080908128548
    outer loop
      vertex -1.4411535531267898 0.5705930566612507 29.3
      vertex -1.3582753540679884 0.7467181948576589 29.3
      vertex -1.533536690076761 0.843068929678002 29.5
    endloop
  endfacet
  facet normal 0.5976193431343769 -0.37926076773873324 0.7064080908128549
    outer loop
      vertex -1.533536690076761 0.843068929678002 29.5
      vertex -1.3582753540679884 0.7467181948576589 29.3
      vertex -1.415779740156158 1.028624191511828 29.5
    endloop
  endfacet
  facet normal 0.597619343134377 -0.3792607677387331 0.7064080908128547
    outer loop
      vertex -1.3582753540679884 0.7467181948576589 29.3
      vertex -1.2539763412811686 0.9110671410533333 29.3
      vertex -1.415779740156158 1.028624191511828 29.5
    endloop
  endfacet
  facet normal 0.8443279255020153 -0.5358267949789963 0
    outer loop
      vertex -1.533536690076761 0.843068929678002 29.5
      vertex -1.415779740156158 1.028624191511828 29.5
      vertex -1.533536690076761 0.843068929678002 42.5
    endloop
  endfacet
  facet normal 0.5453729577287407 -0.45117174802102 0.7064080908128547
    outer loop
      vertex -1.2539763412811686 0.9110671410533333 29.3
      vertex -1.2756950979874704 1.197957435375205 29.5
      vertex -1.415779740156158 1.028624191511828 29.5
    endloop
  endfacet
  facet normal 0.5453729577287404 -0.4511717480210201 0.7064080908128549
    outer loop
      vertex -1.2539763412811686 0.9110671410533333 29.3
      vertex -1.1299013725031881 1.0610480141894671 29.3
      vertex -1.2756950979874704 1.197957435375205 29.5
    endloop
  endfacet
  facet normal 0.4845257149897095 -0.5159674803200762 0.7064080908128548
    outer loop
      vertex -1.2756950979874704 1.197957435375205 29.5
      vertex -1.1299013725031881 1.0610480141894671 29.3
      vertex -1.115491982060207 1.3483981748576315 29.5
    endloop
  endfacet
  facet normal 0.4845257149897091 -0.5159674803200763 0.7064080908128549
    outer loop
      vertex -1.1299013725031881 1.0610480141894671 29.3
      vertex -0.988007184110469 1.1942955263024735 29.3
      vertex -1.115491982060207 1.3483981748576315 29.5
    endloop
  endfacet
  facet normal 0.41603721228365637 -0.5726260972304537 0.706408090812855
    outer loop
      vertex -0.988007184110469 1.1942955263024735 29.3
      vertex -0.9376968912132444 1.477573869628526 29.5
      vertex -1.115491982060207 1.3483981748576315 29.5
    endloop
  endfacet
  facet normal 0.7705132427757891 -0.6374239897486896 0
    outer loop
      vertex -1.415779740156158 1.028624191511828 29.5
      vertex -1.2756950979874704 1.197957435375205 29.5
      vertex -1.2756950979874704 1.197957435375205 42.5
    endloop
  endfacet
  facet normal 0.6845471059286894 -0.7289686274214109 0
    outer loop
      vertex -1.2756950979874704 1.197957435375205 29.5
      vertex -1.115491982060207 1.3483981748576315 29.5
      vertex -1.2756950979874704 1.197957435375205 42.5
    endloop
  endfacet
  facet normal 0.41603721228365753 -0.5726260972304535 0.7064080908128545
    outer loop
      vertex -0.988007184110469 1.1942955263024735 29.3
      vertex -0.8305315322174451 1.3087082845281233 29.3
      vertex -0.9376968912132444 1.477573869628526 29.5
    endloop
  endfacet
  facet normal 0.34098755421130855 -0.6202540585172561 0.7064080908128545
    outer loop
      vertex -0.9376968912132444 1.477573869628526 29.5
      vertex -0.8305315322174451 1.3087082845281233 29.3
      vertex -0.7451137602388772 1.5834473418155341 29.5
    endloop
  endfacet
  facet normal 0.34098755421130783 -0.6202540585172561 0.7064080908128548
    outer loop
      vertex -0.8305315322174451 1.3087082845281233 29.3
      vertex -0.6599579019258627 1.4024819313223302 29.3
      vertex -0.7451137602388772 1.5834473418155341 29.5
    endloop
  endfacet
  facet normal 0.26056031871295515 -0.6581002427794269 0.7064080908128548
    outer loop
      vertex -0.6599579019258627 1.4024819313223302 29.3
      vertex -0.47897634128116845 1.474137600257488 29.3
      vertex -0.5407797401561579 1.6643489035165187 29.5
    endloop
  endfacet
  facet normal 0.5877852522924721 -0.8090169943749482 0
    outer loop
      vertex -1.115491982060207 1.3483981748576315 29.5
      vertex -0.9376968912132444 1.477573869628526 29.5
      vertex -0.9376968912132444 1.477573869628526 42.5
    endloop
  endfacet
  facet normal 0.4817536741017157 -0.8763066800438634 0
    outer loop
      vertex -0.9376968912132444 1.477573869628526 29.5
      vertex -0.7451137602388772 1.5834473418155341 29.5
      vertex -0.9376968912132444 1.477573869628526 42.5
    endloop
  endfacet
  facet normal 0.260560318712955 -0.6581002427794269 0.7064080908128548
    outer loop
      vertex -0.7451137602388772 1.5834473418155341 29.5
      vertex -0.6599579019258627 1.4024819313223302 29.3
      vertex -0.5407797401561579 1.6643489035165187 29.5
    endloop
  endfacet
  facet normal 0.3681245526846775 -0.9297764858882517 0
    outer loop
      vertex -0.7451137602388772 1.5834473418155341 29.5
      vertex -0.5407797401561579 1.6643489035165187 29.5
      vertex -0.7451137602388772 1.5834473418155341 42.5
    endloop
  endfacet
  facet normal 0.1760238913373101 -0.6855677930829368 0.7064080908128547
    outer loop
      vertex -0.47897634128116845 1.474137600257488 29.3
      vertex -0.327917300525018 1.7190026887752052 29.5
      vertex -0.5407797401561579 1.6643489035165187 29.5
    endloop
  endfacet
  facet normal 0.17602389133731025 -0.6855677930829368 0.7064080908128547
    outer loop
      vertex -0.47897634128116845 1.474137600257488 29.3
      vertex -0.2904410376078731 1.5225452386294676 29.3
      vertex -0.327917300525018 1.7190026887752052 29.5
    endloop
  endfacet
  facet normal 0.08871146204369884 -0.7022235297511807 0.7064080908128546
    outer loop
      vertex -0.2904410376078731 1.5225452386294676 29.3
      vertex -0.09732530527043559 1.546941429063821 29.3
      vertex -0.10988340917629824 1.7465467747494752 29.5
    endloop
  endfacet
  facet normal 0.08871146204369838 -0.7022235297511805 0.7064080908128547
    outer loop
      vertex -0.2904410376078731 1.5225452386294676 29.3
      vertex -0.10988340917629824 1.7465467747494752 29.5
      vertex -0.327917300525018 1.7190026887752052 29.5
    endloop
  endfacet
  facet normal 0 -0.7078047818672447 0.7064080908128545
    outer loop
      vertex -0.09732530527043559 1.546941429063821 29.3
      vertex 0.10988340917629824 1.7465467747494752 29.5
      vertex -0.10988340917629824 1.7465467747494752 29.5
    endloop
  endfacet
  facet normal 0.24868988716485538 -0.968583161128631 0
    outer loop
      vertex -0.5407797401561579 1.6643489035165187 29.5
      vertex -0.327917300525018 1.7190026887752052 29.5
      vertex -0.327917300525018 1.7190026887752052 42.5
    endloop
  endfacet
  facet normal 0.12533323356430373 -0.9921147013144779 0
    outer loop
      vertex -0.327917300525018 1.7190026887752052 29.5
      vertex -0.10988340917629824 1.7465467747494752 29.5
      vertex -0.10988340917629824 1.7465467747494752 42.5
    endloop
  endfacet
  facet normal 0.9980267284282717 -0.06279051952931274 0
    outer loop
      vertex -1.75 0 29.5
      vertex -1.7362007273003364 0.21933315873753212 42.5
      vertex -1.75 0 42.5
    endloop
  endfacet
  facet normal 0.9822872507286886 -0.18738131458572535 0
    outer loop
      vertex -1.6950205319751044 0.435207302538496 29.5
      vertex -1.6950205319751044 0.435207302538496 42.5
      vertex -1.7362007273003364 0.21933315873753212 42.5
    endloop
  endfacet
  facet normal 0.9510565162951536 -0.30901699437494745 0
    outer loop
      vertex -1.6950205319751044 0.435207302538496 29.5
      vertex -1.62710885030444 0.6442179671981862 42.5
      vertex -1.6950205319751044 0.435207302538496 42.5
    endloop
  endfacet
  facet normal 0.7064080908128585 -0.04444342997877654 -0.7064080908128487
    outer loop
      vertex -1.75 0 42.5
      vertex -1.7362007273003364 0.21933315873753212 42.5
      vertex -1.5377777870374407 0.1942665120246713 42.7
    endloop
  endfacet
  facet normal 0.7064080908128587 -0.04444342997877691 -0.7064080908128485
    outer loop
      vertex -1.75 0 42.5
      vertex -1.5377777870374407 0.1942665120246713 42.7
      vertex -1.55 0 42.7
    endloop
  endfacet
  facet normal 0.6952676132330007 -0.13262939049634778 -0.7064080908128486
    outer loop
      vertex -1.7362007273003364 0.21933315873753212 42.5
      vertex -1.5013038997493782 0.385469325105525 42.7
      vertex -1.5377777870374407 0.1942665120246713 42.7
    endloop
  endfacet
  facet normal 0.6952676132330007 -0.132629390496348 -0.7064080908128486
    outer loop
      vertex -1.7362007273003364 0.21933315873753212 42.5
      vertex -1.6950205319751044 0.435207302538496 42.5
      vertex -1.5013038997493782 0.385469325105525 42.7
    endloop
  endfacet
  facet normal 0.6731623500597186 -0.21872370629683252 -0.7064080908128485
    outer loop
      vertex -1.6950205319751044 0.435207302538496 42.5
      vertex -1.4411535531267898 0.5705930566612507 42.7
      vertex -1.5013038997493782 0.385469325105525 42.7
    endloop
  endfacet
  facet normal 0.9048270524660194 -0.4257792915650727 0
    outer loop
      vertex -1.62710885030444 0.6442179671981862 29.5
      vertex -1.533536690076761 0.843068929678002 42.5
      vertex -1.62710885030444 0.6442179671981862 42.5
    endloop
  endfacet
  facet normal 0.6731623500597188 -0.21872370629683321 -0.7064080908128484
    outer loop
      vertex -1.6950205319751044 0.435207302538496 42.5
      vertex -1.62710885030444 0.6442179671981862 42.5
      vertex -1.4411535531267898 0.5705930566612507 42.7
    endloop
  endfacet
  facet normal 0.8443279255020153 -0.5358267949789963 0
    outer loop
      vertex -1.533536690076761 0.843068929678002 42.5
      vertex -1.415779740156158 1.028624191511828 29.5
      vertex -1.415779740156158 1.028624191511828 42.5
    endloop
  endfacet
  facet normal 0.6404409144982983 -0.3013686185898094 -0.7064080908128483
    outer loop
      vertex -1.4411535531267898 0.5705930566612507 42.7
      vertex -1.62710885030444 0.6442179671981862 42.5
      vertex -1.3582753540679884 0.7467181948576589 42.7
    endloop
  endfacet
  facet normal 0.6404409144982983 -0.30136861858980885 -0.7064080908128486
    outer loop
      vertex -1.62710885030444 0.6442179671981862 42.5
      vertex -1.533536690076761 0.843068929678002 42.5
      vertex -1.3582753540679884 0.7467181948576589 42.7
    endloop
  endfacet
  facet normal 0.5976193431343824 -0.37926076773873674 -0.7064080908128483
    outer loop
      vertex -1.533536690076761 0.843068929678002 42.5
      vertex -1.415779740156158 1.028624191511828 42.5
      vertex -1.2539763412811686 0.9110671410533334 42.7
    endloop
  endfacet
  facet normal 0.5976193431343825 -0.37926076773873624 -0.7064080908128485
    outer loop
      vertex -1.533536690076761 0.843068929678002 42.5
      vertex -1.2539763412811686 0.9110671410533334 42.7
      vertex -1.3582753540679884 0.7467181948576589 42.7
    endloop
  endfacet
  facet normal 0.5453729577287452 -0.45117174802102455 -0.7064080908128483
    outer loop
      vertex -1.2539763412811686 0.9110671410533334 42.7
      vertex -1.415779740156158 1.028624191511828 42.5
      vertex -1.129901372503188 1.0610480141894674 42.7
    endloop
  endfacet
  facet normal 0.7705132427757891 -0.6374239897486896 0
    outer loop
      vertex -1.415779740156158 1.028624191511828 29.5
      vertex -1.2756950979874704 1.197957435375205 42.5
      vertex -1.415779740156158 1.028624191511828 42.5
    endloop
  endfacet
  facet normal 0.6845471059286894 -0.7289686274214109 0
    outer loop
      vertex -1.2756950979874704 1.197957435375205 42.5
      vertex -1.115491982060207 1.3483981748576315 29.5
      vertex -1.115491982060207 1.3483981748576315 42.5
    endloop
  endfacet
  facet normal 0.5877852522924721 -0.8090169943749482 0
    outer loop
      vertex -1.115491982060207 1.3483981748576315 29.5
      vertex -0.9376968912132444 1.477573869628526 42.5
      vertex -1.115491982060207 1.3483981748576315 42.5
    endloop
  endfacet
  facet normal 0.5453729577287454 -0.45117174802102394 -0.7064080908128486
    outer loop
      vertex -1.415779740156158 1.028624191511828 42.5
      vertex -1.2756950979874704 1.197957435375205 42.5
      vertex -1.129901372503188 1.0610480141894674 42.7
    endloop
  endfacet
  facet normal 0.48452571498971353 -0.5159674803200811 -0.7064080908128486
    outer loop
      vertex -1.2756950979874704 1.197957435375205 42.5
      vertex -0.988007184110469 1.1942955263024735 42.7
      vertex -1.129901372503188 1.0610480141894674 42.7
    endloop
  endfacet
  facet normal 0.4845257149897136 -0.5159674803200807 -0.7064080908128487
    outer loop
      vertex -1.2756950979874704 1.197957435375205 42.5
      vertex -1.115491982060207 1.3483981748576315 42.5
      vertex -0.988007184110469 1.1942955263024735 42.7
    endloop
  endfacet
  facet normal 0.41603721228366064 -0.5726260972304583 -0.7064080908128488
    outer loop
      vertex -0.988007184110469 1.1942955263024735 42.7
      vertex -1.115491982060207 1.3483981748576315 42.5
      vertex -0.830531532217445 1.3087082845281233 42.7
    endloop
  endfacet
  facet normal 0.4160372122836603 -0.5726260972304591 -0.7064080908128484
    outer loop
      vertex -1.115491982060207 1.3483981748576315 42.5
      vertex -0.9376968912132444 1.477573869628526 42.5
      vertex -0.830531532217445 1.3087082845281233 42.7
    endloop
  endfacet
  facet normal 0.34098755421131116 -0.6202540585172618 -0.7064080908128483
    outer loop
      vertex -0.9376968912132444 1.477573869628526 42.5
      vertex -0.6599579019258627 1.4024819313223302 42.7
      vertex -0.830531532217445 1.3087082845281233 42.7
    endloop
  endfacet
  facet normal 0.3409875542113115 -0.6202540585172613 -0.7064080908128485
    outer loop
      vertex -0.9376968912132444 1.477573869628526 42.5
      vertex -0.7451137602388772 1.5834473418155341 42.5
      vertex -0.6599579019258627 1.4024819313223302 42.7
    endloop
  endfacet
  facet normal 0.26056031871295743 -0.6581002427794329 -0.7064080908128485
    outer loop
      vertex -0.7451137602388772 1.5834473418155341 42.5
      vertex -0.47897634128116845 1.474137600257488 42.7
      vertex -0.6599579019258627 1.4024819313223302 42.7
    endloop
  endfacet
  facet normal 0.4817536741017157 -0.8763066800438634 0
    outer loop
      vertex -0.7451137602388772 1.5834473418155341 29.5
      vertex -0.7451137602388772 1.5834473418155341 42.5
      vertex -0.9376968912132444 1.477573869628526 42.5
    endloop
  endfacet
  facet normal 0.3681245526846775 -0.9297764858882517 0
    outer loop
      vertex -0.5407797401561579 1.6643489035165187 29.5
      vertex -0.5407797401561579 1.6643489035165187 42.5
      vertex -0.7451137602388772 1.5834473418155341 42.5
    endloop
  endfacet
  facet normal 0.2605603187129574 -0.6581002427794329 -0.7064080908128485
    outer loop
      vertex -0.7451137602388772 1.5834473418155341 42.5
      vertex -0.5407797401561579 1.6643489035165187 42.5
      vertex -0.47897634128116845 1.474137600257488 42.7
    endloop
  endfacet
  facet normal 0.24868988716485538 -0.968583161128631 0
    outer loop
      vertex -0.5407797401561579 1.6643489035165187 29.5
      vertex -0.327917300525018 1.7190026887752052 42.5
      vertex -0.5407797401561579 1.6643489035165187 42.5
    endloop
  endfacet
  facet normal 0.12533323356430373 -0.9921147013144779 0
    outer loop
      vertex -0.327917300525018 1.7190026887752052 29.5
      vertex -0.10988340917629824 1.7465467747494752 42.5
      vertex -0.327917300525018 1.7190026887752052 42.5
    endloop
  endfacet
  facet normal 0 -1 0
    outer loop
      vertex -0.10988340917629824 1.7465467747494752 29.5
      vertex 0.10988340917629824 1.7465467747494752 42.5
      vertex -0.10988340917629824 1.7465467747494752 42.5
    endloop
  endfacet
  facet normal 0.1760238913373118 -0.6855677930829428 -0.7064080908128485
    outer loop
      vertex -0.47897634128116845 1.474137600257488 42.7
      vertex -0.5407797401561579 1.6643489035165187 42.5
      vertex -0.2904410376078731 1.5225452386294676 42.7
    endloop
  endfacet
  facet normal 0.17602389133731164 -0.6855677930829429 -0.7064080908128484
    outer loop
      vertex -0.5407797401561579 1.6643489035165187 42.5
      vertex -0.327917300525018 1.7190026887752052 42.5
      vertex -0.2904410376078731 1.5225452386294676 42.7
    endloop
  endfacet
  facet normal 0.08871146204369959 -0.7022235297511866 -0.7064080908128485
    outer loop
      vertex -0.2904410376078731 1.5225452386294676 42.7
      vertex -0.327917300525018 1.7190026887752052 42.5
      vertex -0.09732530527043558 1.546941429063821 42.7
    endloop
  endfacet
  facet normal 0.08871146204369919 -0.7022235297511868 -0.7064080908128483
    outer loop
      vertex -0.09732530527043558 1.546941429063821 42.7
      vertex -0.327917300525018 1.7190026887752052 42.5
      vertex -0.10988340917629824 1.7465467747494752 42.5
    endloop
  endfacet
  facet normal 0 -0.707804781867251 -0.7064080908128483
    outer loop
      vertex -0.09732530527043558 1.546941429063821 42.7
      vertex -0.10988340917629824 1.7465467747494752 42.5
      vertex 0.09732530527043559 1.546941429063821 42.7
    endloop
  endfacet
  facet normal 0 0.7078047818672447 0.7064080908128545
    outer loop
      vertex -0.10988340917629909 -1.7465467747494752 29.5
      vertex 0.10988340917629909 -1.7465467747494752 29.5
      vertex 0.09732530527043634 -1.546941429063821 29.3
    endloop
  endfacet
  facet normal -0.08871146204369927 0.7022235297511803 0.7064080908128547
    outer loop
      vertex 0.10988340917629909 -1.7465467747494752 29.5
      vertex 0.32791730052501844 -1.719002688775205 29.5
      vertex 0.2904410376078735 -1.5225452386294673 29.3
    endloop
  endfacet
  facet normal -0.08871146204369972 0.7022235297511805 0.7064080908128545
    outer loop
      vertex 0.10988340917629909 -1.7465467747494752 29.5
      vertex 0.2904410376078735 -1.5225452386294673 29.3
      vertex 0.09732530527043634 -1.546941429063821 29.3
    endloop
  endfacet
  facet normal -0.17602389133730986 0.6855677930829368 0.7064080908128547
    outer loop
      vertex 0.32791730052501844 -1.719002688775205 29.5
      vertex 0.47897634128116845 -1.474137600257488 29.3
      vertex 0.2904410376078735 -1.5225452386294673 29.3
    endloop
  endfacet
  facet normal -0.17602389133730975 0.6855677930829368 0.7064080908128548
    outer loop
      vertex 0.32791730052501844 -1.719002688775205 29.5
      vertex 0.5407797401561579 -1.6643489035165187 29.5
      vertex 0.47897634128116845 -1.474137600257488 29.3
    endloop
  endfacet
  facet normal 0 1 0
    outer loop
      vertex -0.10988340917629909 -1.7465467747494752 29.5
      vertex 0.10988340917629909 -1.7465467747494752 42.5
      vertex 0.10988340917629909 -1.7465467747494752 29.5
    endloop
  endfacet
  facet normal -0.12533323356430498 0.9921147013144779 0
    outer loop
      vertex 0.10988340917629909 -1.7465467747494752 29.5
      vertex 0.10988340917629909 -1.7465467747494752 42.5
      vertex 0.32791730052501844 -1.719002688775205 29.5
    endloop
  endfacet
  facet normal -0.2486898871648549 0.9685831611286311 0
    outer loop
      vertex 0.32791730052501844 -1.719002688775205 29.5
      vertex 0.5407797401561579 -1.6643489035165187 42.5
      vertex 0.5407797401561579 -1.6643489035165187 29.5
    endloop
  endfacet
  facet normal -0.2605603187129557 0.6581002427794271 0.7064080908128545
    outer loop
      vertex 0.5407797401561579 -1.6643489035165187 29.5
      vertex 0.7451137602388768 -1.5834473418155341 29.5
      vertex 0.6599579019258623 -1.4024819313223305 29.3
    endloop
  endfacet
  facet normal -0.36812455268467814 0.9297764858882513 0
    outer loop
      vertex 0.5407797401561579 -1.6643489035165187 29.5
      vertex 0.5407797401561579 -1.6643489035165187 42.5
      vertex 0.7451137602388768 -1.5834473418155341 29.5
    endloop
  endfacet
  facet normal -0.4817536741017145 0.876306680043864 0
    outer loop
      vertex 0.7451137602388768 -1.5834473418155341 29.5
      vertex 0.7451137602388768 -1.5834473418155341 42.5
      vertex 0.9376968912132434 -1.4775738696285268 29.5
    endloop
  endfacet
  facet normal -0.26056031871295493 0.658100242779427 0.7064080908128547
    outer loop
      vertex 0.5407797401561579 -1.6643489035165187 29.5
      vertex 0.6599579019258623 -1.4024819313223305 29.3
      vertex 0.47897634128116845 -1.474137600257488 29.3
    endloop
  endfacet
  facet normal -0.34098755421130844 0.6202540585172563 0.7064080908128544
    outer loop
      vertex 0.6599579019258623 -1.4024819313223305 29.3
      vertex 0.7451137602388768 -1.5834473418155341 29.5
      vertex 0.8305315322174441 -1.3087082845281237 29.3
    endloop
  endfacet
  facet normal -0.34098755421130755 0.6202540585172563 0.7064080908128549
    outer loop
      vertex 0.7451137602388768 -1.5834473418155341 29.5
      vertex 0.9376968912132434 -1.4775738696285268 29.5
      vertex 0.8305315322174441 -1.3087082845281237 29.3
    endloop
  endfacet
  facet normal -0.4160372122836567 0.5726260972304537 0.7064080908128548
    outer loop
      vertex 0.8305315322174441 -1.3087082845281237 29.3
      vertex 0.9376968912132434 -1.4775738696285268 29.5
      vertex 0.9880071841104695 -1.194295526302473 29.3
    endloop
  endfacet
  facet normal -0.41603721228365714 0.5726260972304535 0.7064080908128546
    outer loop
      vertex 0.9376968912132434 -1.4775738696285268 29.5
      vertex 1.1154919820602074 -1.3483981748576308 29.5
      vertex 0.9880071841104695 -1.194295526302473 29.3
    endloop
  endfacet
  facet normal -0.48452571498970953 0.5159674803200766 0.7064080908128546
    outer loop
      vertex 1.1154919820602074 -1.3483981748576308 29.5
      vertex 1.1299013725031881 -1.0610480141894671 29.3
      vertex 0.9880071841104695 -1.194295526302473 29.3
    endloop
  endfacet
  facet normal -0.48452571498970903 0.5159674803200767 0.7064080908128549
    outer loop
      vertex 1.1154919820602074 -1.3483981748576308 29.5
      vertex 1.2756950979874704 -1.197957435375205 29.5
      vertex 1.1299013725031881 -1.0610480141894671 29.3
    endloop
  endfacet
  facet normal -0.5453729577287405 0.45117174802102017 0.7064080908128548
    outer loop
      vertex 1.1299013725031881 -1.0610480141894671 29.3
      vertex 1.2756950979874704 -1.197957435375205 29.5
      vertex 1.2539763412811686 -0.9110671410533333 29.3
    endloop
  endfacet
  facet normal -0.5453729577287407 0.45117174802102006 0.7064080908128548
    outer loop
      vertex 1.2756950979874704 -1.197957435375205 29.5
      vertex 1.415779740156158 -1.028624191511828 29.5
      vertex 1.2539763412811686 -0.9110671410533333 29.3
    endloop
  endfacet
  facet normal -0.587785252292473 0.8090169943749476 0
    outer loop
      vertex 0.9376968912132434 -1.4775738696285268 29.5
      vertex 1.1154919820602074 -1.3483981748576308 42.5
      vertex 1.1154919820602074 -1.3483981748576308 29.5
    endloop
  endfacet
  facet normal -0.6845471059286887 0.7289686274214113 0
    outer loop
      vertex 1.1154919820602074 -1.3483981748576308 29.5
      vertex 1.2756950979874704 -1.197957435375205 42.5
      vertex 1.2756950979874704 -1.197957435375205 29.5
    endloop
  endfacet
  facet normal -0.7705132427757891 0.6374239897486896 0
    outer loop
      vertex 1.2756950979874704 -1.197957435375205 29.5
      vertex 1.2756950979874704 -1.197957435375205 42.5
      vertex 1.415779740156158 -1.028624191511828 29.5
    endloop
  endfacet
  facet normal -0.597619343134377 0.3792607677387331 0.7064080908128547
    outer loop
      vertex 1.415779740156158 -1.028624191511828 29.5
      vertex 1.3582753540679884 -0.7467181948576589 29.3
      vertex 1.2539763412811686 -0.9110671410533333 29.3
    endloop
  endfacet
  facet normal -0.5976193431343769 0.37926076773873324 0.7064080908128549
    outer loop
      vertex 1.415779740156158 -1.028624191511828 29.5
      vertex 1.533536690076761 -0.843068929678002 29.5
      vertex 1.3582753540679884 -0.7467181948576589 29.3
    endloop
  endfacet
  facet normal -0.6404409144982925 0.30136861858980624 0.7064080908128548
    outer loop
      vertex 1.3582753540679884 -0.7467181948576589 29.3
      vertex 1.533536690076761 -0.843068929678002 29.5
      vertex 1.4411535531267894 -0.5705930566612514 29.3
    endloop
  endfacet
  facet normal -0.8443279255020153 0.5358267949789963 0
    outer loop
      vertex 1.415779740156158 -1.028624191511828 29.5
      vertex 1.415779740156158 -1.028624191511828 42.5
      vertex 1.533536690076761 -0.843068929678002 29.5
    endloop
  endfacet
  facet normal -0.6404409144982921 0.30136861858980657 0.706408090812855
    outer loop
      vertex 1.533536690076761 -0.843068929678002 29.5
      vertex 1.6271088503044397 -0.6442179671981871 29.5
      vertex 1.4411535531267894 -0.5705930566612514 29.3
    endloop
  endfacet
  facet normal -0.6731623500597123 0.21872370629683136 0.706408090812855
    outer loop
      vertex 1.6271088503044397 -0.6442179671981871 29.5
      vertex 1.5013038997493784 -0.3854693251055244 29.3
      vertex 1.4411535531267894 -0.5705930566612514 29.3
    endloop
  endfacet
  facet normal -0.9048270524660191 0.4257792915650735 0
    outer loop
      vertex 1.533536690076761 -0.843068929678002 29.5
      vertex 1.533536690076761 -0.843068929678002 42.5
      vertex 1.6271088503044397 -0.6442179671981871 29.5
    endloop
  endfacet
  facet normal -0.9510565162951538 0.3090169943749471 0
    outer loop
      vertex 1.6271088503044397 -0.6442179671981871 29.5
      vertex 1.6271088503044397 -0.6442179671981871 42.5
      vertex 1.6950205319751046 -0.43520730253849527 29.5
    endloop
  endfacet
  facet normal -0.6731623500597127 0.21872370629683094 0.7064080908128548
    outer loop
      vertex 1.6271088503044397 -0.6442179671981871 29.5
      vertex 1.6950205319751046 -0.43520730253849527 29.5
      vertex 1.5013038997493784 -0.3854693251055244 29.3
    endloop
  endfacet
  facet normal -0.6952676132329947 0.13262939049634626 0.7064080908128547
    outer loop
      vertex 1.5013038997493784 -0.3854693251055244 29.3
      vertex 1.6950205319751046 -0.43520730253849527 29.5
      vertex 1.5377777870374407 -0.1942665120246713 29.3
    endloop
  endfacet
  facet normal -0.6952676132329946 0.13262939049634653 0.7064080908128549
    outer loop
      vertex 1.6950205319751046 -0.43520730253849527 29.5
      vertex 1.7362007273003364 -0.21933315873753212 29.5
      vertex 1.5377777870374407 -0.1942665120246713 29.3
    endloop
  endfacet
  facet normal -0.7064080908128523 0.04444342997877651 0.706408090812855
    outer loop
      vertex 1.5377777870374407 -0.1942665120246713 29.3
      vertex 1.7362007273003364 -0.21933315873753212 29.5
      vertex 1.55 0 29.3
    endloop
  endfacet
  facet normal -0.7064080908128525 0.04444342997877616 0.7064080908128548
    outer loop
      vertex 1.7362007273003364 -0.21933315873753212 29.5
      vertex 1.75 0 29.5
      vertex 1.55 0 29.3
    endloop
  endfacet
  facet normal -0.9822872507286887 0.18738131458572496 0
    outer loop
      vertex 1.6950205319751046 -0.43520730253849527 29.5
      vertex 1.7362007273003364 -0.21933315873753212 42.5
      vertex 1.7362007273003364 -0.21933315873753212 29.5
    endloop
  endfacet
  facet normal -0.9980267284282717 0.06279051952931274 0
    outer loop
      vertex 1.7362007273003364 -0.21933315873753212 29.5
      vertex 1.7362007273003364 -0.21933315873753212 42.5
      vertex 1.75 0 29.5
    endloop
  endfacet
  facet normal -0.12533323356430498 0.9921147013144779 0
    outer loop
      vertex 0.32791730052501844 -1.719002688775205 29.5
      vertex 0.10988340917629909 -1.7465467747494752 42.5
      vertex 0.32791730052501844 -1.719002688775205 42.5
    endloop
  endfacet
  facet normal -0.2486898871648549 0.9685831611286311 0
    outer loop
      vertex 0.32791730052501844 -1.719002688775205 29.5
      vertex 0.32791730052501844 -1.719002688775205 42.5
      vertex 0.5407797401561579 -1.6643489035165187 42.5
    endloop
  endfacet
  facet normal 0 0.7078047818672509 -0.7064080908128482
    outer loop
      vertex -0.09732530527043634 -1.546941429063821 42.7
      vertex 0.09732530527043634 -1.546941429063821 42.7
      vertex 0.10988340917629909 -1.7465467747494752 42.5
    endloop
  endfacet
  facet normal -0.08871146204370009 0.7022235297511868 -0.7064080908128483
    outer loop
      vertex 0.10988340917629909 -1.7465467747494752 42.5
      vertex 0.09732530527043634 -1.546941429063821 42.7
      vertex 0.32791730052501844 -1.719002688775205 42.5
    endloop
  endfacet
  facet normal -0.08871146204370055 0.7022235297511864 -0.7064080908128485
    outer loop
      vertex 0.32791730052501844 -1.719002688775205 42.5
      vertex 0.09732530527043634 -1.546941429063821 42.7
      vertex 0.2904410376078735 -1.5225452386294673 42.7
    endloop
  endfacet
  facet normal -0.1760238913373113 0.6855677930829429 -0.7064080908128484
    outer loop
      vertex 0.32791730052501844 -1.719002688775205 42.5
      vertex 0.2904410376078735 -1.5225452386294673 42.7
      vertex 0.5407797401561579 -1.6643489035165187 42.5
    endloop
  endfacet
  facet normal -0.1760238913373114 0.6855677930829428 -0.7064080908128485
    outer loop
      vertex 0.2904410376078735 -1.5225452386294673 42.7
      vertex 0.47897634128116845 -1.474137600257488 42.7
      vertex 0.5407797401561579 -1.6643489035165187 42.5
    endloop
  endfacet
  facet normal -0.36812455268467814 0.9297764858882513 0
    outer loop
      vertex 0.7451137602388768 -1.5834473418155341 29.5
      vertex 0.5407797401561579 -1.6643489035165187 42.5
      vertex 0.7451137602388768 -1.5834473418155341 42.5
    endloop
  endfacet
  facet normal -0.2605603187129578 0.6581002427794327 -0.7064080908128485
    outer loop
      vertex 0.5407797401561579 -1.6643489035165187 42.5
      vertex 0.47897634128116845 -1.474137600257488 42.7
      vertex 0.7451137602388768 -1.5834473418155341 42.5
    endloop
  endfacet
  facet normal -0.4817536741017145 0.876306680043864 0
    outer loop
      vertex 0.9376968912132434 -1.4775738696285268 29.5
      vertex 0.7451137602388768 -1.5834473418155341 42.5
      vertex 0.9376968912132434 -1.4775738696285268 42.5
    endloop
  endfacet
  facet normal -0.587785252292473 0.8090169943749476 0
    outer loop
      vertex 0.9376968912132434 -1.4775738696285268 29.5
      vertex 0.9376968912132434 -1.4775738696285268 42.5
      vertex 1.1154919820602074 -1.3483981748576308 42.5
    endloop
  endfacet
  facet normal -0.2605603187129573 0.6581002427794332 -0.706408090812848
    outer loop
      vertex 0.47897634128116845 -1.474137600257488 42.7
      vertex 0.6599579019258623 -1.4024819313223305 42.7
      vertex 0.7451137602388768 -1.5834473418155341 42.5
    endloop
  endfacet
  facet normal -0.34098755421131083 0.6202540585172622 -0.706408090812848
    outer loop
      vertex 0.6599579019258623 -1.4024819313223305 42.7
      vertex 0.9376968912132434 -1.4775738696285268 42.5
      vertex 0.7451137602388768 -1.5834473418155341 42.5
    endloop
  endfacet
  facet normal -0.3409875542113113 0.6202540585172615 -0.7064080908128486
    outer loop
      vertex 0.6599579019258623 -1.4024819313223305 42.7
      vertex 0.8305315322174441 -1.3087082845281237 42.7
      vertex 0.9376968912132434 -1.4775738696285268 42.5
    endloop
  endfacet
  facet normal -0.4160372122836608 0.5726260972304585 -0.7064080908128486
    outer loop
      vertex 0.8305315322174441 -1.3087082845281237 42.7
      vertex 1.1154919820602074 -1.3483981748576308 42.5
      vertex 0.9376968912132434 -1.4775738696285268 42.5
    endloop
  endfacet
  facet normal -0.4160372122836606 0.572626097230459 -0.7064080908128483
    outer loop
      vertex 0.8305315322174441 -1.3087082845281237 42.7
      vertex 0.9880071841104695 -1.194295526302473 42.7
      vertex 1.1154919820602074 -1.3483981748576308 42.5
    endloop
  endfacet
  facet normal -0.6845471059286887 0.7289686274214113 0
    outer loop
      vertex 1.1154919820602074 -1.3483981748576308 29.5
      vertex 1.1154919820602074 -1.3483981748576308 42.5
      vertex 1.2756950979874704 -1.197957435375205 42.5
    endloop
  endfacet
  facet normal -0.7705132427757891 0.6374239897486896 0
    outer loop
      vertex 1.415779740156158 -1.028624191511828 29.5
      vertex 1.2756950979874704 -1.197957435375205 42.5
      vertex 1.415779740156158 -1.028624191511828 42.5
    endloop
  endfacet
  facet normal -0.4845257149897135 0.5159674803200813 -0.7064080908128484
    outer loop
      vertex 1.1154919820602074 -1.3483981748576308 42.5
      vertex 0.9880071841104695 -1.194295526302473 42.7
      vertex 1.2756950979874704 -1.197957435375205 42.5
    endloop
  endfacet
  facet normal -0.48452571498971364 0.5159674803200809 -0.7064080908128485
    outer loop
      vertex 0.9880071841104695 -1.194295526302473 42.7
      vertex 1.129901372503188 -1.0610480141894674 42.7
      vertex 1.2756950979874704 -1.197957435375205 42.5
    endloop
  endfacet
  facet normal -0.5453729577287454 0.45117174802102394 -0.7064080908128486
    outer loop
      vertex 1.129901372503188 -1.0610480141894674 42.7
      vertex 1.415779740156158 -1.028624191511828 42.5
      vertex 1.2756950979874704 -1.197957435375205 42.5
    endloop
  endfacet
  facet normal -0.8443279255020153 0.5358267949789963 0
    outer loop
      vertex 1.415779740156158 -1.028624191511828 42.5
      vertex 1.533536690076761 -0.843068929678002 42.5
      vertex 1.533536690076761 -0.843068929678002 29.5
    endloop
  endfacet
  facet normal -0.5453729577287452 0.45117174802102455 -0.7064080908128483
    outer loop
      vertex 1.129901372503188 -1.0610480141894674 42.7
      vertex 1.2539763412811686 -0.9110671410533334 42.7
      vertex 1.415779740156158 -1.028624191511828 42.5
    endloop
  endfacet
  facet normal -0.5976193431343825 0.3792607677387362 -0.7064080908128485
    outer loop
      vertex 1.2539763412811686 -0.9110671410533334 42.7
      vertex 1.3582753540679884 -0.7467181948576589 42.7
      vertex 1.533536690076761 -0.843068929678002 42.5
    endloop
  endfacet
  facet normal -0.5976193431343824 0.3792607677387367 -0.7064080908128483
    outer loop
      vertex 1.415779740156158 -1.028624191511828 42.5
      vertex 1.2539763412811686 -0.9110671410533334 42.7
      vertex 1.533536690076761 -0.843068929678002 42.5
    endloop
  endfacet
  facet normal -0.6404409144982981 0.3013686185898094 -0.7064080908128485
    outer loop
      vertex 1.3582753540679884 -0.7467181948576589 42.7
      vertex 1.6271088503044397 -0.6442179671981871 42.5
      vertex 1.533536690076761 -0.843068929678002 42.5
    endloop
  endfacet
  facet normal -0.6404409144982981 0.301368618589809 -0.7064080908128487
    outer loop
      vertex 1.3582753540679884 -0.7467181948576589 42.7
      vertex 1.4411535531267894 -0.5705930566612515 42.7
      vertex 1.6271088503044397 -0.6442179671981871 42.5
    endloop
  endfacet
  facet normal -0.9048270524660191 0.4257792915650735 0
    outer loop
      vertex 1.6271088503044397 -0.6442179671981871 29.5
      vertex 1.533536690076761 -0.843068929678002 42.5
      vertex 1.6271088503044397 -0.6442179671981871 42.5
    endloop
  endfacet
  facet normal -0.6731623500597185 0.21872370629683283 -0.7064080908128487
    outer loop
      vertex 1.6271088503044397 -0.6442179671981871 42.5
      vertex 1.4411535531267894 -0.5705930566612515 42.7
      vertex 1.6950205319751046 -0.43520730253849527 42.5
    endloop
  endfacet
  facet normal -0.9510565162951538 0.3090169943749471 0
    outer loop
      vertex 1.6950205319751046 -0.43520730253849527 29.5
      vertex 1.6271088503044397 -0.6442179671981871 42.5
      vertex 1.6950205319751046 -0.43520730253849527 42.5
    endloop
  endfacet
  facet normal -0.9822872507286887 0.18738131458572496 0
    outer loop
      vertex 1.6950205319751046 -0.43520730253849527 29.5
      vertex 1.6950205319751046 -0.43520730253849527 42.5
      vertex 1.7362007273003364 -0.21933315873753212 42.5
    endloop
  endfacet
  facet normal -0.9980267284282717 0.06279051952931274 0
    outer loop
      vertex 1.7362007273003364 -0.21933315873753212 42.5
      vertex 1.75 0 42.5
      vertex 1.75 0 29.5
    endloop
  endfacet
  facet normal -0.6731623500597186 0.2187237062968333 -0.7064080908128485
    outer loop
      vertex 1.4411535531267894 -0.5705930566612515 42.7
      vertex 1.5013038997493784 -0.3854693251055244 42.7
      vertex 1.6950205319751046 -0.43520730253849527 42.5
    endloop
  endfacet
  facet normal -0.6952676132330009 0.13262939049634773 -0.7064080908128485
    outer loop
      vertex 1.5013038997493784 -0.3854693251055244 42.7
      vertex 1.7362007273003364 -0.21933315873753212 42.5
      vertex 1.6950205319751046 -0.43520730253849527 42.5
    endloop
  endfacet
  facet normal -0.6952676132330007 0.1326293904963474 -0.7064080908128487
    outer loop
      vertex 1.5013038997493784 -0.3854693251055244 42.7
      vertex 1.5377777870374407 -0.1942665120246713 42.7
      vertex 1.7362007273003364 -0.21933315873753212 42.5
    endloop
  endfacet
  facet normal -0.7064080908128587 0.04444342997877691 -0.7064080908128485
    outer loop
      vertex 1.5377777870374407 -0.1942665120246713 42.7
      vertex 1.55 0 42.7
      vertex 1.75 0 42.5
    endloop
  endfacet
  facet normal -0.7064080908128585 0.04444342997877661 -0.7064080908128486
    outer loop
      vertex 1.5377777870374407 -0.1942665120246713 42.7
      vertex 1.75 0 42.5
      vertex 1.7362007273003364 -0.21933315873753212 42.5
    endloop
  endfacet
  facet normal 0 -0.7078047818672447 0.7064080908128545
    outer loop
      vertex -0.09732530527043559 1.546941429063821 29.3
      vertex 0.09732530527043558 1.546941429063821 29.3
      vertex 0.10988340917629824 1.7465467747494752 29.5
    endloop
  endfacet
  facet normal -0.08871146204369881 -0.7022235297511804 0.7064080908128547
    outer loop
      vertex 0.09732530527043558 1.546941429063821 29.3
      vertex 0.2904410376078731 1.5225452386294676 29.3
      vertex 0.327917300525018 1.7190026887752052 29.5
    endloop
  endfacet
  facet normal -0.08871146204369841 -0.7022235297511807 0.7064080908128546
    outer loop
      vertex 0.09732530527043558 1.546941429063821 29.3
      vertex 0.327917300525018 1.7190026887752052 29.5
      vertex 0.10988340917629824 1.7465467747494752 29.5
    endloop
  endfacet
  facet normal -0.17602389133731022 -0.6855677930829366 0.7064080908128547
    outer loop
      vertex 0.2904410376078731 1.5225452386294676 29.3
      vertex 0.47897634128116845 1.474137600257488 29.3
      vertex 0.5407797401561579 1.6643489035165187 29.5
    endloop
  endfacet
  facet normal -0.1760238913373101 -0.6855677930829368 0.7064080908128547
    outer loop
      vertex 0.2904410376078731 1.5225452386294676 29.3
      vertex 0.5407797401561579 1.6643489035165187 29.5
      vertex 0.327917300525018 1.7190026887752052 29.5
    endloop
  endfacet
  facet normal 0 -1 0
    outer loop
      vertex -0.10988340917629824 1.7465467747494752 29.5
      vertex 0.10988340917629824 1.7465467747494752 29.5
      vertex 0.10988340917629824 1.7465467747494752 42.5
    endloop
  endfacet
  facet normal -0.12533323356430373 -0.9921147013144779 0
    outer loop
      vertex 0.10988340917629824 1.7465467747494752 29.5
      vertex 0.327917300525018 1.7190026887752052 29.5
      vertex 0.10988340917629824 1.7465467747494752 42.5
    endloop
  endfacet
  facet normal -0.24868988716485538 -0.968583161128631 0
    outer loop
      vertex 0.327917300525018 1.7190026887752052 29.5
      vertex 0.5407797401561579 1.6643489035165187 29.5
      vertex 0.327917300525018 1.7190026887752052 42.5
    endloop
  endfacet
  facet normal -0.26056031871295515 -0.6581002427794269 0.7064080908128549
    outer loop
      vertex 0.47897634128116845 1.474137600257488 29.3
      vertex 0.6599579019258627 1.4024819313223302 29.3
      vertex 0.7451137602388772 1.5834473418155341 29.5
    endloop
  endfacet
  facet normal -0.34098755421130783 -0.6202540585172563 0.7064080908128546
    outer loop
      vertex 0.6599579019258627 1.4024819313223302 29.3
      vertex 0.8305315322174448 1.3087082845281235 29.3
      vertex 0.9376968912132442 1.4775738696285263 29.5
    endloop
  endfacet
  facet normal -0.3409875542113081 -0.6202540585172559 0.7064080908128548
    outer loop
      vertex 0.6599579019258627 1.4024819313223302 29.3
      vertex 0.9376968912132442 1.4775738696285263 29.5
      vertex 0.7451137602388772 1.5834473418155341 29.5
    endloop
  endfacet
  facet normal -0.4160372122836577 -0.5726260972304532 0.7064080908128547
    outer loop
      vertex 0.9880071841104691 1.1942955263024733 29.3
      vertex 1.115491982060207 1.348398174857631 29.5
      vertex 0.8305315322174448 1.3087082845281235 29.3
    endloop
  endfacet
  facet normal -0.41603721228365775 -0.5726260972304533 0.7064080908128546
    outer loop
      vertex 0.8305315322174448 1.3087082845281235 29.3
      vertex 1.115491982060207 1.348398174857631 29.5
      vertex 0.9376968912132442 1.4775738696285263 29.5
    endloop
  endfacet
  facet normal -0.4817536741017154 -0.8763066800438636 0
    outer loop
      vertex 0.9376968912132442 1.4775738696285263 29.5
      vertex 0.9376968912132442 1.4775738696285263 42.5
      vertex 0.7451137602388772 1.5834473418155341 29.5
    endloop
  endfacet
  facet normal -0.260560318712955 -0.6581002427794269 0.7064080908128548
    outer loop
      vertex 0.47897634128116845 1.474137600257488 29.3
      vertex 0.7451137602388772 1.5834473418155341 29.5
      vertex 0.5407797401561579 1.6643489035165187 29.5
    endloop
  endfacet
  facet normal -0.3681245526846775 -0.9297764858882517 0
    outer loop
      vertex 0.5407797401561579 1.6643489035165187 29.5
      vertex 0.7451137602388772 1.5834473418155341 29.5
      vertex 0.7451137602388772 1.5834473418155341 42.5
    endloop
  endfacet
  facet normal -0.6404409144982928 -0.30136861858980574 0.7064080908128548
    outer loop
      vertex 1.3582753540679886 0.7467181948576588 29.3
      vertex 1.4411535531267896 0.5705930566612509 29.3
      vertex 1.62710885030444 0.6442179671981865 29.5
    endloop
  endfacet
  facet normal -0.6404409144982928 -0.30136861858980596 0.7064080908128548
    outer loop
      vertex 1.3582753540679886 0.7467181948576588 29.3
      vertex 1.62710885030444 0.6442179671981865 29.5
      vertex 1.5335366900767613 0.8430689296780018 29.5
    endloop
  endfacet
  facet normal -0.5976193431343769 -0.3792607677387332 0.7064080908128548
    outer loop
      vertex 1.3582753540679886 0.7467181948576588 29.3
      vertex 1.5335366900767613 0.8430689296780018 29.5
      vertex 1.2539763412811686 0.9110671410533334 29.3
    endloop
  endfacet
  facet normal -0.5453729577287408 -0.4511717480210202 0.7064080908128546
    outer loop
      vertex 1.2539763412811686 0.9110671410533334 29.3
      vertex 1.415779740156158 1.028624191511828 29.5
      vertex 1.129901372503188 1.0610480141894676 29.3
    endloop
  endfacet
  facet normal -0.5976193431343768 -0.37926076773873374 0.7064080908128546
    outer loop
      vertex 1.2539763412811686 0.9110671410533334 29.3
      vertex 1.5335366900767613 0.8430689296780018 29.5
      vertex 1.415779740156158 1.028624191511828 29.5
    endloop
  endfacet
  facet normal -0.844327925502015 -0.5358267949789969 0
    outer loop
      vertex 1.415779740156158 1.028624191511828 29.5
      vertex 1.5335366900767613 0.8430689296780018 29.5
      vertex 1.415779740156158 1.028624191511828 42.5
    endloop
  endfacet
  facet normal -0.7064080908128524 -0.04444342997877645 0.7064080908128548
    outer loop
      vertex 1.55 0 29.3
      vertex 1.75 0 29.5
      vertex 1.5377777870374407 0.1942665120246716 29.3
    endloop
  endfacet
  facet normal -0.7064080908128523 -0.04444342997877605 0.7064080908128549
    outer loop
      vertex 1.5377777870374407 0.1942665120246716 29.3
      vertex 1.75 0 29.5
      vertex 1.7362007273003364 0.21933315873753245 29.5
    endloop
  endfacet
  facet normal -0.6952676132329945 -0.13262939049634684 0.7064080908128549
    outer loop
      vertex 1.5377777870374407 0.1942665120246716 29.3
      vertex 1.7362007273003364 0.21933315873753245 29.5
      vertex 1.5013038997493782 0.38546932510552495 29.3
    endloop
  endfacet
  facet normal -0.6952676132329946 -0.1326293904963471 0.7064080908128548
    outer loop
      vertex 1.7362007273003364 0.21933315873753245 29.5
      vertex 1.6950205319751044 0.4352073025384959 29.5
      vertex 1.5013038997493782 0.38546932510552495 29.3
    endloop
  endfacet
  facet normal -0.6731623500597126 -0.21872370629683108 0.7064080908128548
    outer loop
      vertex 1.5013038997493782 0.38546932510552495 29.3
      vertex 1.6950205319751044 0.4352073025384959 29.5
      vertex 1.4411535531267896 0.5705930566612509 29.3
    endloop
  endfacet
  facet normal -0.9980267284282717 -0.06279051952931264 0
    outer loop
      vertex 1.75 0 29.5
      vertex 1.7362007273003364 0.21933315873753245 42.5
      vertex 1.7362007273003364 0.21933315873753245 29.5
    endloop
  endfacet
  facet normal -0.9822872507286885 -0.1873813145857257 0
    outer loop
      vertex 1.7362007273003364 0.21933315873753245 29.5
      vertex 1.7362007273003364 0.21933315873753245 42.5
      vertex 1.6950205319751044 0.4352073025384959 29.5
    endloop
  endfacet
  facet normal -0.6731623500597125 -0.21872370629683088 0.7064080908128549
    outer loop
      vertex 1.4411535531267896 0.5705930566612509 29.3
      vertex 1.6950205319751044 0.4352073025384959 29.5
      vertex 1.62710885030444 0.6442179671981865 29.5
    endloop
  endfacet
  facet normal -0.9048270524660196 -0.4257792915650725 0
    outer loop
      vertex 1.5335366900767613 0.8430689296780018 29.5
      vertex 1.62710885030444 0.6442179671981865 29.5
      vertex 1.62710885030444 0.6442179671981865 42.5
    endloop
  endfacet
  facet normal -0.9510565162951538 -0.309016994374947 0
    outer loop
      vertex 1.6950205319751044 0.4352073025384959 29.5
      vertex 1.62710885030444 0.6442179671981865 42.5
      vertex 1.62710885030444 0.6442179671981865 29.5
    endloop
  endfacet
  facet normal -0.48452571498970853 -0.5159674803200771 0.7064080908128548
    outer loop
      vertex 0.9880071841104691 1.1942955263024733 29.3
      vertex 1.129901372503188 1.0610480141894676 29.3
      vertex 1.2756950979874702 1.1979574353752054 29.5
    endloop
  endfacet
  facet normal -0.48452571498970837 -0.5159674803200774 0.7064080908128546
    outer loop
      vertex 0.9880071841104691 1.1942955263024733 29.3
      vertex 1.2756950979874702 1.1979574353752054 29.5
      vertex 1.115491982060207 1.348398174857631 29.5
    endloop
  endfacet
  facet normal -0.5453729577287408 -0.4511717480210197 0.7064080908128548
    outer loop
      vertex 1.129901372503188 1.0610480141894676 29.3
      vertex 1.415779740156158 1.028624191511828 29.5
      vertex 1.2756950979874702 1.1979574353752054 29.5
    endloop
  endfacet
  facet normal -0.5877852522924737 -0.8090169943749471 0
    outer loop
      vertex 0.9376968912132442 1.4775738696285263 29.5
      vertex 1.115491982060207 1.348398174857631 29.5
      vertex 1.115491982060207 1.348398174857631 42.5
    endloop
  endfacet
  facet normal -0.6845471059286877 -0.7289686274214124 0
    outer loop
      vertex 1.2756950979874702 1.1979574353752054 29.5
      vertex 1.115491982060207 1.348398174857631 42.5
      vertex 1.115491982060207 1.348398174857631 29.5
    endloop
  endfacet
  facet normal -0.7705132427757896 -0.6374239897486893 0
    outer loop
      vertex 1.415779740156158 1.028624191511828 29.5
      vertex 1.415779740156158 1.028624191511828 42.5
      vertex 1.2756950979874702 1.1979574353752054 29.5
    endloop
  endfacet
  facet normal -0.12533323356430373 -0.9921147013144779 0
    outer loop
      vertex 0.327917300525018 1.7190026887752052 29.5
      vertex 0.327917300525018 1.7190026887752052 42.5
      vertex 0.10988340917629824 1.7465467747494752 42.5
    endloop
  endfacet
  facet normal -0.24868988716485538 -0.968583161128631 0
    outer loop
      vertex 0.5407797401561579 1.6643489035165187 29.5
      vertex 0.5407797401561579 1.6643489035165187 42.5
      vertex 0.327917300525018 1.7190026887752052 42.5
    endloop
  endfacet
  facet normal 0 -0.707804781867251 -0.7064080908128483
    outer loop
      vertex -0.10988340917629824 1.7465467747494752 42.5
      vertex 0.10988340917629824 1.7465467747494752 42.5
      vertex 0.09732530527043559 1.546941429063821 42.7
    endloop
  endfacet
  facet normal -0.08871146204369963 -0.702223529751187 -0.7064080908128483
    outer loop
      vertex 0.09732530527043559 1.546941429063821 42.7
      vertex 0.10988340917629824 1.7465467747494752 42.5
      vertex 0.2904410376078731 1.5225452386294676 42.7
    endloop
  endfacet
  facet normal -0.08871146204369927 -0.7022235297511866 -0.7064080908128485
    outer loop
      vertex 0.2904410376078731 1.5225452386294676 42.7
      vertex 0.10988340917629824 1.7465467747494752 42.5
      vertex 0.327917300525018 1.7190026887752052 42.5
    endloop
  endfacet
  facet normal -0.17602389133731183 -0.6855677930829429 -0.7064080908128485
    outer loop
      vertex 0.2904410376078731 1.5225452386294676 42.7
      vertex 0.327917300525018 1.7190026887752052 42.5
      vertex 0.47897634128116845 1.474137600257488 42.7
    endloop
  endfacet
  facet normal -0.1760238913373116 -0.6855677930829428 -0.7064080908128484
    outer loop
      vertex 0.327917300525018 1.7190026887752052 42.5
      vertex 0.5407797401561579 1.6643489035165187 42.5
      vertex 0.47897634128116845 1.474137600257488 42.7
    endloop
  endfacet
  facet normal -0.5877852522924737 -0.8090169943749471 0
    outer loop
      vertex 0.9376968912132442 1.4775738696285263 29.5
      vertex 1.115491982060207 1.348398174857631 42.5
      vertex 0.9376968912132442 1.4775738696285263 42.5
    endloop
  endfacet
  facet normal -0.2605603187129575 -0.6581002427794328 -0.7064080908128485
    outer loop
      vertex 0.47897634128116845 1.474137600257488 42.7
      vertex 0.5407797401561579 1.6643489035165187 42.5
      vertex 0.6599579019258627 1.4024819313223302 42.7
    endloop
  endfacet
  facet normal -0.34098755421131055 -0.6202540585172618 -0.7064080908128486
    outer loop
      vertex 0.6599579019258627 1.4024819313223302 42.7
      vertex 0.7451137602388772 1.5834473418155341 42.5
      vertex 0.8305315322174449 1.3087082845281235 42.7
    endloop
  endfacet
  facet normal -0.3409875542113114 -0.6202540585172617 -0.7064080908128482
    outer loop
      vertex 0.8305315322174449 1.3087082845281235 42.7
      vertex 0.7451137602388772 1.5834473418155341 42.5
      vertex 0.9376968912132442 1.4775738696285263 42.5
    endloop
  endfacet
  facet normal -0.4160372122836615 -0.5726260972304584 -0.7064080908128482
    outer loop
      vertex 0.9880071841104692 1.1942955263024733 42.7
      vertex 0.8305315322174449 1.3087082845281235 42.7
      vertex 0.9376968912132442 1.4775738696285263 42.5
    endloop
  endfacet
  facet normal -0.3681245526846775 -0.9297764858882517 0
    outer loop
      vertex 0.5407797401561579 1.6643489035165187 29.5
      vertex 0.7451137602388772 1.5834473418155341 42.5
      vertex 0.5407797401561579 1.6643489035165187 42.5
    endloop
  endfacet
  facet normal -0.4817536741017154 -0.8763066800438636 0
    outer loop
      vertex 0.7451137602388772 1.5834473418155341 29.5
      vertex 0.9376968912132442 1.4775738696285263 42.5
      vertex 0.7451137602388772 1.5834473418155341 42.5
    endloop
  endfacet
  facet normal -0.2605603187129574 -0.6581002427794329 -0.7064080908128485
    outer loop
      vertex 0.6599579019258627 1.4024819313223302 42.7
      vertex 0.5407797401561579 1.6643489035165187 42.5
      vertex 0.7451137602388772 1.5834473418155341 42.5
    endloop
  endfacet
  facet normal -0.844327925502015 -0.5358267949789969 0
    outer loop
      vertex 1.415779740156158 1.028624191511828 42.5
      vertex 1.5335366900767613 0.8430689296780018 29.5
      vertex 1.5335366900767613 0.8430689296780018 42.5
    endloop
  endfacet
  facet normal -0.6404409144982987 -0.3013686185898083 -0.7064080908128485
    outer loop
      vertex 1.3582753540679886 0.7467181948576588 42.7
      vertex 1.5335366900767613 0.8430689296780018 42.5
      vertex 1.4411535531267896 0.5705930566612508 42.7
    endloop
  endfacet
  facet normal -0.5976193431343823 -0.37926076773873685 -0.7064080908128484
    outer loop
      vertex 1.3582753540679886 0.7467181948576588 42.7
      vertex 1.2539763412811686 0.9110671410533333 42.7
      vertex 1.415779740156158 1.028624191511828 42.5
    endloop
  endfacet
  facet normal -0.597619343134382 -0.3792607677387369 -0.7064080908128485
    outer loop
      vertex 1.3582753540679886 0.7467181948576588 42.7
      vertex 1.415779740156158 1.028624191511828 42.5
      vertex 1.5335366900767613 0.8430689296780018 42.5
    endloop
  endfacet
  facet normal -0.9980267284282717 -0.06279051952931264 0
    outer loop
      vertex 1.75 0 29.5
      vertex 1.75 0 42.5
      vertex 1.7362007273003364 0.21933315873753245 42.5
    endloop
  endfacet
  facet normal -0.9822872507286885 -0.1873813145857257 0
    outer loop
      vertex 1.6950205319751044 0.4352073025384959 29.5
      vertex 1.7362007273003364 0.21933315873753245 42.5
      vertex 1.6950205319751044 0.4352073025384959 42.5
    endloop
  endfacet
  facet normal -0.9510565162951538 -0.309016994374947 0
    outer loop
      vertex 1.6950205319751044 0.4352073025384959 29.5
      vertex 1.6950205319751044 0.4352073025384959 42.5
      vertex 1.62710885030444 0.6442179671981865 42.5
    endloop
  endfacet
  facet normal -0.7064080908128585 -0.04444342997877684 -0.7064080908128486
    outer loop
      vertex 1.55 0 42.7
      vertex 1.5377777870374407 0.1942665120246716 42.7
      vertex 1.7362007273003364 0.21933315873753245 42.5
    endloop
  endfacet
  facet normal -0.7064080908128586 -0.04444342997877656 -0.7064080908128485
    outer loop
      vertex 1.55 0 42.7
      vertex 1.7362007273003364 0.21933315873753245 42.5
      vertex 1.75 0 42.5
    endloop
  endfacet
  facet normal -0.6952676132330008 -0.13262939049634806 -0.7064080908128485
    outer loop
      vertex 1.5377777870374407 0.1942665120246716 42.7
      vertex 1.5013038997493782 0.3854693251055249 42.7
      vertex 1.6950205319751044 0.4352073025384959 42.5
    endloop
  endfacet
  facet normal -0.6731623500597186 -0.21872370629683285 -0.7064080908128486
    outer loop
      vertex 1.5013038997493782 0.3854693251055249 42.7
      vertex 1.62710885030444 0.6442179671981865 42.5
      vertex 1.6950205319751044 0.4352073025384959 42.5
    endloop
  endfacet
  facet normal -0.6952676132330006 -0.1326293904963482 -0.7064080908128487
    outer loop
      vertex 1.5377777870374407 0.1942665120246716 42.7
      vertex 1.6950205319751044 0.4352073025384959 42.5
      vertex 1.7362007273003364 0.21933315873753245 42.5
    endloop
  endfacet
  facet normal -0.9048270524660196 -0.4257792915650725 0
    outer loop
      vertex 1.5335366900767613 0.8430689296780018 29.5
      vertex 1.62710885030444 0.6442179671981865 42.5
      vertex 1.5335366900767613 0.8430689296780018 42.5
    endloop
  endfacet
  facet normal -0.6731623500597184 -0.21872370629683302 -0.7064080908128487
    outer loop
      vertex 1.5013038997493782 0.3854693251055249 42.7
      vertex 1.4411535531267896 0.5705930566612508 42.7
      vertex 1.62710885030444 0.6442179671981865 42.5
    endloop
  endfacet
  facet normal -0.6404409144982982 -0.3013686185898086 -0.7064080908128487
    outer loop
      vertex 1.4411535531267896 0.5705930566612508 42.7
      vertex 1.5335366900767613 0.8430689296780018 42.5
      vertex 1.62710885030444 0.6442179671981865 42.5
    endloop
  endfacet
  facet normal -0.6845471059286877 -0.7289686274214124 0
    outer loop
      vertex 1.2756950979874702 1.1979574353752054 29.5
      vertex 1.2756950979874702 1.1979574353752054 42.5
      vertex 1.115491982060207 1.348398174857631 42.5
    endloop
  endfacet
  facet normal -0.7705132427757896 -0.6374239897486893 0
    outer loop
      vertex 1.2756950979874702 1.1979574353752054 29.5
      vertex 1.415779740156158 1.028624191511828 42.5
      vertex 1.2756950979874702 1.1979574353752054 42.5
    endloop
  endfacet
  facet normal -0.48452571498971325 -0.5159674803200818 -0.7064080908128483
    outer loop
      vertex 0.9880071841104692 1.1942955263024733 42.7
      vertex 1.115491982060207 1.348398174857631 42.5
      vertex 1.129901372503188 1.0610480141894676 42.7
    endloop
  endfacet
  facet normal -0.5453729577287456 -0.45117174802102383 -0.7064080908128485
    outer loop
      vertex 1.2539763412811686 0.9110671410533333 42.7
      vertex 1.129901372503188 1.0610480141894676 42.7
      vertex 1.2756950979874702 1.1979574353752054 42.5
    endloop
  endfacet
  facet normal -0.48452571498971264 -0.5159674803200819 -0.7064080908128486
    outer loop
      vertex 1.129901372503188 1.0610480141894676 42.7
      vertex 1.115491982060207 1.348398174857631 42.5
      vertex 1.2756950979874702 1.1979574353752054 42.5
    endloop
  endfacet
  facet normal -0.4160372122836614 -0.5726260972304584 -0.7064080908128482
    outer loop
      vertex 0.9880071841104692 1.1942955263024733 42.7
      vertex 0.9376968912132442 1.4775738696285263 42.5
      vertex 1.115491982060207 1.348398174857631 42.5
    endloop
  endfacet
  facet normal -0.5453729577287459 -0.4511717480210237 -0.7064080908128485
    outer loop
      vertex 1.2539763412811686 0.9110671410533333 42.7
      vertex 1.2756950979874702 1.1979574353752054 42.5
      vertex 1.415779740156158 1.028624191511828 42.5
    endloop
  endfacet
  facet normal -0.48452571498971025 -0.5159674803200774 -0.7064080908128535
    outer loop
      vertex -2.952322941056717 -2.7724157790111885 0.8
      vertex -2.369148039119588 -2.224778094268238 0
      vertex -2.590466173337397 -3.112221902052712 0.8
    endloop
  endfacet
  facet normal -0.5453729577287417 -0.4511717480210208 -0.7064080908128535
    outer loop
      vertex -3.276518827218537 -2.380530271784516 0.8
      vertex -2.369148039119588 -2.224778094268238 0
      vertex -2.952322941056717 -2.7724157790111885 0.8
    endloop
  endfacet
  facet normal -0.545372957728742 -0.4511717480210204 -0.7064080908128535
    outer loop
      vertex -3.276518827218537 -2.380530271784516 0.8
      vertex -2.629305231718579 -1.9103020699505378 0
      vertex -2.369148039119588 -2.224778094268238 0
    endloop
  endfacet
  facet normal -0.4845257149897003 -0.5159674803200881 -0.7064080908128524
    outer loop
      vertex -2.0716279666832413 -2.5041680390213155 0
      vertex -2.570150574387349 -3.106778353720292 0.7820894972915208
      vertex -2.590466173337397 -3.112221902052712 0.8
    endloop
  endfacet
  facet normal -0.4160372122836574 -0.5726260972304545 -0.7064080908128537
    outer loop
      vertex -2.0716279666832413 -2.5041680390213155 0
      vertex -2.4545284632676534 -3.075797502418588 0.6888805637944596
      vertex -2.570150574387349 -3.106778353720292 0.7820894972915208
    endloop
  endfacet
  facet normal -0.48452571498970987 -0.5159674803200776 -0.7064080908128536
    outer loop
      vertex -2.369148039119588 -2.224778094268238 0
      vertex -2.0716279666832413 -2.5041680390213155 0
      vertex -2.590466173337397 -3.112221902052712 0.8
    endloop
  endfacet
  facet normal -0.4160372122836577 -0.5726260972304547 -0.7064080908128535
    outer loop
      vertex -2.0716279666832413 -2.5041680390213155 0
      vertex -2.142088309182241 -3.092171797053056 0.5181430200880307
      vertex -2.4545284632676534 -3.075797502418588 0.6888805637944596
    endloop
  endfacet
  facet normal 0 0 -1
    outer loop
      vertex -2.369148039119588 -2.224778094268238 0
      vertex -2.8479967101425565 -1.5656994408305749 0
      vertex -1.3837826975864855 -2.9406879205145637 0
    endloop
  endfacet
  facet normal -0.6845471059286892 -0.728968627421411 0
    outer loop
      vertex -2.952322941056717 -2.7724157790111885 0.8
      vertex -2.590466173337397 -3.112221902052712 0.8
      vertex -2.590466173337397 -3.112221902052712 28.6
    endloop
  endfacet
  facet normal -0.7705132427757894 -0.6374239897486896 0
    outer loop
      vertex -3.276518827218537 -2.380530271784516 0.8
      vertex -2.952322941056717 -2.7724157790111885 0.8
      vertex -2.952322941056717 -2.7724157790111885 72.2
    endloop
  endfacet
  facet normal -0.8443279255020154 -0.535826794978996 0
    outer loop
      vertex -3.276518827218537 -2.380530271784516 0.8
      vertex -3.276518827218537 -2.380530271784516 72.2
      vertex -3.549042054177647 -1.9511023801119471 0.8
    endloop
  endfacet
  facet normal -0.6845471059286823 -0.7289686274214175 0
    outer loop
      vertex -2.581567158482193 -3.120578633241947 28.6
      vertex -2.581567158482193 -3.120578633241947 47.4
      vertex -2.590466173337397 -3.112221902052712 28.6
    endloop
  endfacet
  facet normal -0.5877852522924724 -0.8090169943749479 0
    outer loop
      vertex -2.581567158482193 -3.120578633241947 28.6
      vertex -2.1700985196649367 -3.4195280982831604 28.6
      vertex -2.581567158482193 -3.120578633241947 47.4
    endloop
  endfacet
  facet normal -0.6845471059286892 -0.728968627421411 0
    outer loop
      vertex -2.952322941056717 -2.7724157790111885 0.8
      vertex -2.590466173337397 -3.112221902052712 28.6
      vertex -2.952322941056717 -2.7724157790111885 72.2
    endloop
  endfacet
  facet normal -0.6731623500597138 -0.21872370629683158 -0.7064080908128536
    outer loop
      vertex -3.765594767847418 -1.4909044383729453 0.8
      vertex -3.922761802570956 -1.007194043017662 0.8
      vertex -3.147895273668051 -0.8082421332857783 0
    endloop
  endfacet
  facet normal -0.6404409144982939 -0.3013686185898072 -0.7064080908128534
    outer loop
      vertex -3.549042054177647 -1.9511023801119471 0.8
      vertex -3.765594767847418 -1.4909044383729453 0.8
      vertex -2.8479967101425565 -1.5656994408305749 0
    endloop
  endfacet
  facet normal -0.5976193431343781 -0.37926076773873374 -0.7064080908128534
    outer loop
      vertex -3.276518827218537 -2.380530271784516 0.8
      vertex -3.549042054177647 -1.9511023801119471 0.8
      vertex -2.8479967101425565 -1.5656994408305749 0
    endloop
  endfacet
  facet normal -0.6731623500597139 -0.21872370629683122 -0.7064080908128535
    outer loop
      vertex -3.765594767847418 -1.4909044383729453 0.8
      vertex -3.147895273668051 -0.8082421332857783 0
      vertex -3.021773579136817 -1.1964047962252031 0
    endloop
  endfacet
  facet normal -0.6404409144982939 -0.3013686185898069 -0.7064080908128534
    outer loop
      vertex -3.765594767847418 -1.4909044383729453 0.8
      vertex -3.021773579136817 -1.1964047962252031 0
      vertex -2.8479967101425565 -1.5656994408305749 0
    endloop
  endfacet
  facet normal -0.6952676132329959 -0.13262939049634676 -0.7064080908128536
    outer loop
      vertex -3.922761802570956 -1.007194043017662 0.8
      vertex -3.9848602635890087 -0.6816625102564293 0.8
      vertex -3.147895273668051 -0.8082421332857783 0
    endloop
  endfacet
  facet normal -0.6952676132329959 -0.1326293904963476 -0.7064080908128534
    outer loop
      vertex -3.147895273668051 -0.8082421332857783 0
      vertex -3.9848602635890087 -0.6816625102564293 0.8
      vertex -3.8909830056250527 -0.5877852522924731 0.6899776183236326
    endloop
  endfacet
  facet normal -0.6952676132329959 -0.13262939049634653 -0.7064080908128536
    outer loop
      vertex -3.147895273668051 -0.8082421332857783 0
      vertex -3.8909830056250527 -0.5877852522924731 0.6899776183236326
      vertex -3.838572845639568 -0.4849245217097546 0.6190817105660721
    endloop
  endfacet
  facet normal -0.7064080908128534 -0.04444342997877616 -0.7064080908128537
    outer loop
      vertex -3.224372779272053 -0.40733300908398823 0
      vertex -3.838572845639568 -0.4849245217097546 0.6190817105660721
      vertex -3.7489434837048465 -0.3090169943749474 0.5183851850816693
    endloop
  endfacet
  facet normal -0.7064080908128535 -0.04444342997877652 -0.7064080908128536
    outer loop
      vertex -3.224372779272053 -0.40733300908398823 0
      vertex -3.7489434837048465 -0.3090169943749474 0.5183851850816693
      vertex -3.7 0 0.4500000000000003
    endloop
  endfacet
  facet normal -0.6952676132329959 -0.13262939049634645 -0.7064080908128538
    outer loop
      vertex -3.147895273668051 -0.8082421332857783 0
      vertex -3.838572845639568 -0.4849245217097546 0.6190817105660721
      vertex -3.224372779272053 -0.40733300908398823 0
    endloop
  endfacet
  facet normal 0 0 -1
    outer loop
      vertex -3.147895273668051 -0.8082421332857783 0
      vertex -3.224372779272053 -0.40733300908398823 0
      vertex -2.8479967101425565 -1.5656994408305749 0
    endloop
  endfacet
  facet normal -0.7064080908128536 -0.04444342997877684 -0.7064080908128535
    outer loop
      vertex -3.224372779272053 -0.40733300908398823 0
      vertex -3.7 0 0.4500000000000003
      vertex -3.25 0 0
    endloop
  endfacet
  facet normal -0.5976193431343778 -0.3792607677387341 -0.7064080908128536
    outer loop
      vertex -3.276518827218537 -2.380530271784516 0.8
      vertex -2.8479967101425565 -1.5656994408305749 0
      vertex -2.629305231718579 -1.9103020699505378 0
    endloop
  endfacet
  facet normal 0 0 -1
    outer loop
      vertex -2.369148039119588 -2.224778094268238 0
      vertex -2.629305231718579 -1.9103020699505378 0
      vertex -2.8479967101425565 -1.5656994408305749 0
    endloop
  endfacet
  facet normal 0 0 -1
    outer loop
      vertex -3.147895273668051 -0.8082421332857783 0
      vertex -2.8479967101425565 -1.5656994408305749 0
      vertex -3.021773579136817 -1.1964047962252031 0
    endloop
  endfacet
  facet normal 0 0 -1
    outer loop
      vertex -3.224372779272053 -0.40733300908398823 0
      vertex -1.3837826975864855 -2.9406879205145637 0
      vertex -2.8479967101425565 -1.5656994408305749 0
    endloop
  endfacet
  facet normal 0 0 -1
    outer loop
      vertex -3.224372779272053 -0.40733300908398823 0
      vertex -2.369148039119588 2.224778094268238 0
      vertex -1.3837826975864855 -2.9406879205145637 0
    endloop
  endfacet
  facet normal -0.9048270524660192 -0.4257792915650732 0
    outer loop
      vertex -3.549042054177647 -1.9511023801119471 0.8
      vertex -3.765594767847418 -1.4909044383729453 72.2
      vertex -3.765594767847418 -1.4909044383729453 0.8
    endloop
  endfacet
  facet normal -0.9510565162951534 -0.3090169943749474 0
    outer loop
      vertex -3.765594767847418 -1.4909044383729453 0.8
      vertex -3.765594767847418 -1.4909044383729453 72.2
      vertex -3.922761802570956 -1.007194043017662 0.8
    endloop
  endfacet
  facet normal -0.9822872507286886 -0.18738131458572493 0
    outer loop
      vertex -3.922761802570956 -1.007194043017662 0.8
      vertex -3.922761802570956 -1.007194043017662 72.2
      vertex -3.9848602635890087 -0.6816625102564293 0.8
    endloop
  endfacet
  facet normal -0.9822872507286886 -0.187381314585725 0
    outer loop
      vertex -3.922761802570956 -1.007194043017662 72.2
      vertex -3.9848602635890087 -0.6816625102564293 28.6
      vertex -3.9848602635890087 -0.6816625102564293 0.8
    endloop
  endfacet
  facet normal -0.9822872507286886 -0.18738131458572557 0
    outer loop
      vertex -4.0180645403236355 -0.5075995959354315 28.6
      vertex -3.9848602635890087 -0.6816625102564293 28.6
      vertex -3.9848602635890087 -0.6816625102564293 47.4
    endloop
  endfacet
  facet normal -0.9980267284282717 -0.06279051952931262 0
    outer loop
      vertex -4.0180645403236355 -0.5075995959354315 28.6
      vertex -4.05 0 47.4
      vertex -4.05 0 28.6
    endloop
  endfacet
  facet normal -0.3409875542113097 -0.6202540585172568 -0.7064080908128534
    outer loop
      vertex -1.7414370836817394 -2.7440657578815486 0
      vertex -1.85 -3.204293994002423 0.45650246480126216
      vertex -1.9975600621723208 -3.147650993126879 0.4779958391230156
    endloop
  endfacet
  facet normal -0.3409875542113084 -0.6202540585172576 -0.7064080908128533
    outer loop
      vertex -1.3837826975864855 -2.9406879205145637 0
      vertex -1.6068551745226058 -3.4011887914280035 0.5120163219547851
      vertex -1.85 -3.204293994002423 0.45650246480126216
    endloop
  endfacet
  facet normal -0.34098755421132027 -0.6202540585172499 -0.7064080908128543
    outer loop
      vertex -1.3837826975864855 -2.9406879205145637 0
      vertex -1.6031573921587414 -3.40688287693393 0.5152310103337392
      vertex -1.6068551745226058 -3.4011887914280035 0.5120163219547851
    endloop
  endfacet
  facet normal -0.2605603187129557 -0.6581002427794279 -0.7064080908128537
    outer loop
      vertex -1.251518827218537 -3.8517788909953716 0.8
      vertex -1.4019909108399538 -3.7922027785475 0.8
      vertex -1.4364545423573993 -3.6635827547110615 0.6928876734497793
    endloop
  endfacet
  facet normal -0.26056031871295604 -0.6581002427794281 -0.7064080908128533
    outer loop
      vertex -1.3837826975864855 -2.9406879205145637 0
      vertex -1.4364545423573993 -3.6635827547110615 0.6928876734497793
      vertex -1.6031573921587414 -3.40688287693393 0.5152310103337392
    endloop
  endfacet
  facet normal -0.2605603187129563 -0.6581002427794281 -0.7064080908128534
    outer loop
      vertex -1.251518827218537 -3.8517788909953716 0.8
      vertex -1.4364545423573993 -3.6635827547110615 0.6928876734497793
      vertex -1.3837826975864855 -2.9406879205145637 0
    endloop
  endfacet
  facet normal -0.2605603187129554 -0.6581002427794282 -0.7064080908128535
    outer loop
      vertex -1.251518827218537 -3.8517788909953716 0.8
      vertex -1.3837826975864855 -2.9406879205145637 0
      vertex -1.004305231718579 -3.090933677959249 0
    endloop
  endfacet
  facet normal -0.3681245526846779 -0.9297764858882515 0
    outer loop
      vertex -1.251518827218537 -3.8517788909953716 0.8
      vertex -1.4019909108399538 -3.7922027785475 28.6
      vertex -1.4019909108399538 -3.7922027785475 0.8
    endloop
  endfacet
  facet normal -0.4160372122836569 -0.5726260972304552 -0.7064080908128534
    outer loop
      vertex -1.7414370836817394 -2.7440657578815486 0
      vertex -1.9975600621723208 -3.147650993126879 0.4779958391230156
      vertex -2.142088309182241 -3.092171797053056 0.5181430200880307
    endloop
  endfacet
  facet normal -0.4160372122836576 -0.5726260972304548 -0.7064080908128535
    outer loop
      vertex -2.0716279666832413 -2.5041680390213155 0
      vertex -1.7414370836817394 -2.7440657578815486 0
      vertex -2.142088309182241 -3.092171797053056 0.5181430200880307
    endloop
  endfacet
  facet normal 0 0 -1
    outer loop
      vertex -2.369148039119588 -2.224778094268238 0
      vertex -1.3837826975864855 -2.9406879205145637 0
      vertex -2.0716279666832413 -2.5041680390213155 0
    endloop
  endfacet
  facet normal -0.340987554211309 -0.6202540585172572 -0.7064080908128535
    outer loop
      vertex -1.7414370836817394 -2.7440657578815486 0
      vertex -1.3837826975864855 -2.9406879205145637 0
      vertex -1.85 -3.204293994002423 0.45650246480126216
    endloop
  endfacet
  facet normal 0 0 -1
    outer loop
      vertex -2.0716279666832413 -2.5041680390213155 0
      vertex -1.3837826975864855 -2.9406879205145637 0
      vertex -1.7414370836817394 -2.7440657578815486 0
    endloop
  endfacet
  facet normal -0.17602389133730992 -0.6855677930829381 -0.7064080908128534
    outer loop
      vertex -1.251518827218537 -3.8517788909953716 0.8
      vertex -0.6089892724036057 -3.192433564868238 0
      vertex -0.7588943240721855 -3.9782633654511885 0.8
    endloop
  endfacet
  facet normal -0.08871146204369994 -0.7022235297511815 -0.7064080908128535
    outer loop
      vertex -0.7588943240721855 -3.9782633654511885 0.8
      vertex -0.6089892724036057 -3.192433564868238 0
      vertex -0.2543016040937207 -4.0420082501345 0.8
    endloop
  endfacet
  facet normal -0.17602389133731003 -0.685567793082938 -0.7064080908128536
    outer loop
      vertex -1.251518827218537 -3.8517788909953716 0.8
      vertex -1.004305231718579 -3.090933677959249 0
      vertex -0.6089892724036057 -3.192433564868238 0
    endloop
  endfacet
  facet normal 0 0 -1
    outer loop
      vertex -1.3837826975864855 -2.9406879205145637 0
      vertex -0.6089892724036057 -3.192433564868238 0
      vertex -1.004305231718579 -3.090933677959249 0
    endloop
  endfacet
  facet normal 0 -0.7078047818672456 -0.7064080908128537
    outer loop
      vertex -0.2543016040937207 -4.0420082501345 0.8
      vertex -0.20406918847026972 -3.2435868673918824 0
      vertex 0.2543016040937207 -4.0420082501345 0.8
    endloop
  endfacet
  facet normal -0.08871146204369942 -0.7022235297511814 -0.7064080908128536
    outer loop
      vertex -0.6089892724036057 -3.192433564868238 0
      vertex -0.20406918847026972 -3.2435868673918824 0
      vertex -0.2543016040937207 -4.0420082501345 0.8
    endloop
  endfacet
  facet normal 0 0 -1
    outer loop
      vertex -1.3837826975864855 -2.9406879205145637 0
      vertex 0.6089892724036057 -3.192433564868238 0
      vertex -0.6089892724036057 -3.192433564868238 0
    endloop
  endfacet
  facet normal 0 0 -1
    outer loop
      vertex -0.6089892724036057 -3.192433564868238 0
      vertex 0.6089892724036057 -3.192433564868238 0
      vertex -0.20406918847026972 -3.2435868673918824 0
    endloop
  endfacet
  facet normal -0.3681245526846778 -0.9297764858882515 0
    outer loop
      vertex -1.251518827218537 -3.8517788909953716 0.8
      vertex -1.4019909108399538 -3.7922027785475 47.4
      vertex -1.4019909108399538 -3.7922027785475 28.6
    endloop
  endfacet
  facet normal -0.36812455268467836 -0.9297764858882512 0
    outer loop
      vertex -1.7244061308385432 -3.664549562487379 28.6
      vertex -1.4019909108399538 -3.7922027785475 28.6
      vertex -1.7244061308385432 -3.664549562487379 47.4
    endloop
  endfacet
  facet normal -0.481753674101715 -0.8763066800438638 0
    outer loop
      vertex -2.1700985196649367 -3.4195280982831604 28.6
      vertex -1.7244061308385432 -3.664549562487379 28.6
      vertex -2.1700985196649367 -3.4195280982831604 47.4
    endloop
  endfacet
  facet normal -0.2486898871648547 -0.9685831611286313 0
    outer loop
      vertex -1.251518827218537 -3.8517788909953716 0.8
      vertex -0.7588943240721855 -3.9782633654511885 0.8
      vertex -0.7588943240721855 -3.9782633654511885 72.2
    endloop
  endfacet
  facet normal -0.12533323356430565 -0.9921147013144777 0
    outer loop
      vertex -0.7588943240721855 -3.9782633654511885 0.8
      vertex -0.2543016040937207 -4.0420082501345 0.8
      vertex -0.7588943240721855 -3.9782633654511885 72.2
    endloop
  endfacet
  facet normal 0 -1 0
    outer loop
      vertex -0.2543016040937207 -4.0420082501345 0.8
      vertex 0.2543016040937207 -4.0420082501345 0.8
      vertex -0.2543016040937207 -4.0420082501345 72.2
    endloop
  endfacet
  facet normal 0 0 -1
    outer loop
      vertex -1.3837826975864855 -2.9406879205145637 0
      vertex -1.3582753540679884 -0.7467181948576589 0
      vertex -1.2539763412811686 -0.9110671410533334 0
    endloop
  endfacet
  facet normal 0 0 -1
    outer loop
      vertex -1.3837826975864855 -2.9406879205145637 0
      vertex -0.988007184110469 -1.1942955263024735 0
      vertex -0.830531532217445 -1.3087082845281233 0
    endloop
  endfacet
  facet normal 0 0 -1
    outer loop
      vertex -1.3837826975864855 -2.9406879205145637 0
      vertex -1.129901372503188 -1.0610480141894674 0
      vertex -0.988007184110469 -1.1942955263024735 0
    endloop
  endfacet
  facet normal 0 0 -1
    outer loop
      vertex -1.3837826975864855 -2.9406879205145637 0
      vertex -1.2539763412811686 -0.9110671410533334 0
      vertex -1.129901372503188 -1.0610480141894674 0
    endloop
  endfacet
  facet normal 0 0 -1
    outer loop
      vertex -1.3837826975864855 -2.9406879205145637 0
      vertex -1.4411535531267898 -0.5705930566612507 0
      vertex -1.3582753540679884 -0.7467181948576589 0
    endloop
  endfacet
  facet normal 0 0 -1
    outer loop
      vertex -1.3837826975864855 -2.9406879205145637 0
      vertex -1.5013038997493782 -0.385469325105525 0
      vertex -1.4411535531267898 -0.5705930566612507 0
    endloop
  endfacet
  facet normal 0 0 -1
    outer loop
      vertex -1.3837826975864855 -2.9406879205145637 0
      vertex -1.5377777870374407 -0.1942665120246713 0
      vertex -1.5013038997493782 -0.385469325105525 0
    endloop
  endfacet
  facet normal 0 0 -1
    outer loop
      vertex -1.3837826975864855 -2.9406879205145637 0
      vertex -1.55 0 0
      vertex -1.5377777870374407 -0.1942665120246713 0
    endloop
  endfacet
  facet normal 0 0 -1
    outer loop
      vertex -1.3837826975864855 -2.9406879205145637 0
      vertex -2.369148039119588 2.224778094268238 0
      vertex -1.55 0 0
    endloop
  endfacet
  facet normal 0 0 -1
    outer loop
      vertex -1.3837826975864855 -2.9406879205145637 0
      vertex -0.830531532217445 -1.3087082845281233 0
      vertex -0.6599579019258623 -1.4024819313223305 0
    endloop
  endfacet
  facet normal 0 0 -1
    outer loop
      vertex -1.3837826975864855 -2.9406879205145637 0
      vertex -0.6599579019258623 -1.4024819313223305 0
      vertex -0.47897634128116845 -1.474137600257488 0
    endloop
  endfacet
  facet normal 0 0 -1
    outer loop
      vertex -1.3837826975864855 -2.9406879205145637 0
      vertex -0.47897634128116845 -1.474137600257488 0
      vertex -0.2904410376078735 -1.5225452386294673 0
    endloop
  endfacet
  facet normal 0 0 -1
    outer loop
      vertex -1.3837826975864855 -2.9406879205145637 0
      vertex -0.2904410376078735 -1.5225452386294673 0
      vertex -0.09732530527043634 -1.546941429063821 0
    endloop
  endfacet
  facet normal 0 0 -1
    outer loop
      vertex -1.3837826975864855 -2.9406879205145637 0
      vertex -0.09732530527043634 -1.546941429063821 0
      vertex 0.09732530527043634 -1.546941429063821 0
    endloop
  endfacet
  facet normal 0 0 -1
    outer loop
      vertex -1.3837826975864855 -2.9406879205145637 0
      vertex 0.09732530527043634 -1.546941429063821 0
      vertex 0.2904410376078735 -1.5225452386294673 0
    endloop
  endfacet
  facet normal 0 0 -1
    outer loop
      vertex -1.3837826975864855 -2.9406879205145637 0
      vertex 0.2904410376078735 -1.5225452386294673 0
      vertex 0.47897634128116845 -1.474137600257488 0
    endloop
  endfacet
  facet normal 0 0 -1
    outer loop
      vertex -1.3837826975864855 -2.9406879205145637 0
      vertex 0.47897634128116845 -1.474137600257488 0
      vertex 0.6599579019258623 -1.4024819313223305 0
    endloop
  endfacet
  facet normal -0.8443279255020154 -0.535826794978996 0
    outer loop
      vertex -3.549042054177647 -1.9511023801119471 0.8
      vertex -3.276518827218537 -2.380530271784516 72.2
      vertex -3.549042054177647 -1.9511023801119471 72.2
    endloop
  endfacet
  facet normal -0.7705132427757894 -0.6374239897486896 0
    outer loop
      vertex -3.276518827218537 -2.380530271784516 0.8
      vertex -2.952322941056717 -2.7724157790111885 72.2
      vertex -3.276518827218537 -2.380530271784516 72.2
    endloop
  endfacet
  facet normal -0.6845471059286823 -0.7289686274214175 0
    outer loop
      vertex -2.581567158482193 -3.120578633241947 47.4
      vertex -2.590466173337397 -3.112221902052712 47.4
      vertex -2.590466173337397 -3.112221902052712 28.6
    endloop
  endfacet
  facet normal -0.5877852522924724 -0.8090169943749479 0
    outer loop
      vertex -2.1700985196649367 -3.4195280982831604 47.4
      vertex -2.581567158482193 -3.120578633241947 47.4
      vertex -2.1700985196649367 -3.4195280982831604 28.6
    endloop
  endfacet
  facet normal -0.6845471059286892 -0.7289686274214111 0
    outer loop
      vertex -2.952322941056717 -2.7724157790111885 72.2
      vertex -2.590466173337397 -3.112221902052712 28.6
      vertex -2.590466173337397 -3.112221902052712 47.4
    endloop
  endfacet
  facet normal -0.597619343134377 -0.37926076773873296 0.7064080908128548
    outer loop
      vertex -3.276518827218537 -2.380530271784516 72.2
      vertex -2.629305231718579 -1.9103020699505378 73
      vertex -3.549042054177647 -1.9511023801119471 72.2
    endloop
  endfacet
  facet normal -0.6845471059286892 -0.728968627421411 0
    outer loop
      vertex -2.952322941056717 -2.7724157790111885 72.2
      vertex -2.590466173337397 -3.112221902052712 47.4
      vertex -2.590466173337397 -3.112221902052712 72.2
    endloop
  endfacet
  facet normal -0.48452571498964275 -0.5159674803200055 0.7064080908129522
    outer loop
      vertex -2.952322941056717 -2.7724157790111885 72.2
      vertex -2.590466173337397 -3.112221902052712 72.2
      vertex -2.570150574387349 -3.106778353720292 72.21791050270848
    endloop
  endfacet
  facet normal -0.4845257149897044 -0.5159674803200814 0.7064080908128546
    outer loop
      vertex -2.952322941056717 -2.7724157790111885 72.2
      vertex -2.570150574387349 -3.106778353720292 72.21791050270848
      vertex -2.369148039119588 -2.224778094268238 73
    endloop
  endfacet
  facet normal -0.5453729577287407 -0.45117174802101984 0.7064080908128548
    outer loop
      vertex -3.276518827218537 -2.380530271784516 72.2
      vertex -2.952322941056717 -2.7724157790111885 72.2
      vertex -2.629305231718579 -1.9103020699505378 73
    endloop
  endfacet
  facet normal -0.5453729577287411 -0.4511717480210197 0.7064080908128547
    outer loop
      vertex -2.952322941056717 -2.7724157790111885 72.2
      vertex -2.369148039119588 -2.224778094268238 73
      vertex -2.629305231718579 -1.9103020699505378 73
    endloop
  endfacet
  facet normal -0.4160372122837028 -0.5726260972304206 0.7064080908128546
    outer loop
      vertex -2.0716279666832413 -2.5041680390213155 73
      vertex -2.570150574387349 -3.106778353720292 72.21791050270848
      vertex -2.4545284632676534 -3.075797502418588 72.31111943620554
    endloop
  endfacet
  facet normal -0.48452571498971053 -0.5159674803200783 0.7064080908128526
    outer loop
      vertex -2.369148039119588 -2.224778094268238 73
      vertex -2.570150574387349 -3.106778353720292 72.21791050270848
      vertex -2.0716279666832413 -2.5041680390213155 73
    endloop
  endfacet
  facet normal -0.416037212283643 -0.5726260972304702 0.7064080908128496
    outer loop
      vertex -1.7414370836817394 -2.7440657578815486 73
      vertex -2.4545284632676534 -3.075797502418588 72.31111943620554
      vertex -2.142088309182241 -3.092171797053056 72.48185697991197
    endloop
  endfacet
  facet normal -0.41603721228365637 -0.5726260972304532 0.7064080908128555
    outer loop
      vertex -2.0716279666832413 -2.5041680390213155 73
      vertex -2.4545284632676534 -3.075797502418588 72.31111943620554
      vertex -1.7414370836817394 -2.7440657578815486 73
    endloop
  endfacet
  facet normal 0 0 1
    outer loop
      vertex -2.369148039119588 -2.224778094268238 73
      vertex -2.0716279666832413 -2.5041680390213155 73
      vertex -2.629305231718579 -1.9103020699505378 73
    endloop
  endfacet
  facet normal 0 0 1
    outer loop
      vertex -2.0716279666832413 -2.5041680390213155 73
      vertex -1.004305231718579 -3.090933677959249 73
      vertex -3.021773579136817 -1.1964047962252031 73
    endloop
  endfacet
  facet normal -0.9048270524660192 -0.4257792915650732 0
    outer loop
      vertex -3.549042054177647 -1.9511023801119471 0.8
      vertex -3.549042054177647 -1.9511023801119471 72.2
      vertex -3.765594767847418 -1.4909044383729453 72.2
    endloop
  endfacet
  facet normal -0.9510565162951534 -0.3090169943749474 0
    outer loop
      vertex -3.922761802570956 -1.007194043017662 0.8
      vertex -3.765594767847418 -1.4909044383729453 72.2
      vertex -3.922761802570956 -1.007194043017662 72.2
    endloop
  endfacet
  facet normal -0.9822872507286886 -0.18738131458572557 0
    outer loop
      vertex -4.0180645403236355 -0.5075995959354315 28.6
      vertex -3.9848602635890087 -0.6816625102564293 47.4
      vertex -4.0180645403236355 -0.5075995959354315 47.4
    endloop
  endfacet
  facet normal -0.9980267284282717 -0.06279051952931262 0
    outer loop
      vertex -4.0180645403236355 -0.5075995959354315 28.6
      vertex -4.0180645403236355 -0.5075995959354315 47.4
      vertex -4.05 0 47.4
    endloop
  endfacet
  facet normal -0.9822872507286886 -0.18738131458572485 0
    outer loop
      vertex -3.922761802570956 -1.007194043017662 72.2
      vertex -3.9848602635890087 -0.6816625102564293 47.4
      vertex -3.9848602635890087 -0.6816625102564293 28.6
    endloop
  endfacet
  facet normal -0.6731623500597126 -0.2187237062968312 0.7064080908128548
    outer loop
      vertex -3.765594767847418 -1.4909044383729453 72.2
      vertex -3.147895273668051 -0.8082421332857783 73
      vertex -3.922761802570956 -1.007194043017662 72.2
    endloop
  endfacet
  facet normal -0.6404409144982927 -0.3013686185898066 0.7064080908128546
    outer loop
      vertex -3.549042054177647 -1.9511023801119471 72.2
      vertex -2.8479967101425565 -1.5656994408305749 73
      vertex -3.765594767847418 -1.4909044383729453 72.2
    endloop
  endfacet
  facet normal -0.6731623500597128 -0.2187237062968309 0.7064080908128548
    outer loop
      vertex -3.765594767847418 -1.4909044383729453 72.2
      vertex -3.021773579136817 -1.1964047962252031 73
      vertex -3.147895273668051 -0.8082421332857783 73
    endloop
  endfacet
  facet normal -0.6404409144982927 -0.3013686185898063 0.7064080908128548
    outer loop
      vertex -3.765594767847418 -1.4909044383729453 72.2
      vertex -2.8479967101425565 -1.5656994408305749 73
      vertex -3.021773579136817 -1.1964047962252031 73
    endloop
  endfacet
  facet normal -0.9822872507286886 -0.1873813145857249 0
    outer loop
      vertex -3.922761802570956 -1.007194043017662 72.2
      vertex -3.9848602635890087 -0.6816625102564293 72.2
      vertex -3.9848602635890087 -0.6816625102564293 47.4
    endloop
  endfacet
  facet normal -0.6952676132330137 -0.13262939049635017 0.7064080908128354
    outer loop
      vertex -3.922761802570956 -1.007194043017662 72.2
      vertex -3.8909830056250527 -0.5877852522924731 72.31002238167638
      vertex -3.9848602635890087 -0.6816625102564293 72.2
    endloop
  endfacet
  facet normal -0.6952676132329888 -0.13262939049635816 0.7064080908128585
    outer loop
      vertex -3.922761802570956 -1.007194043017662 72.2
      vertex -3.224372779272053 -0.40733300908398823 73
      vertex -3.8909830056250527 -0.5877852522924731 72.31002238167638
    endloop
  endfacet
  facet normal -0.6952676132329909 -0.1326293904963485 0.7064080908128582
    outer loop
      vertex -3.224372779272053 -0.40733300908398823 73
      vertex -3.838572845639568 -0.4849245217097546 72.38091828943394
      vertex -3.8909830056250527 -0.5877852522924731 72.31002238167638
    endloop
  endfacet
  facet normal -0.7064080908128699 -0.044443429978728 0.7064080908128402
    outer loop
      vertex -3.25 0 73
      vertex -3.7489434837048465 -0.3090169943749474 72.48161481491833
      vertex -3.838572845639568 -0.4849245217097546 72.38091828943394
    endloop
  endfacet
  facet normal -0.7064080908128559 -0.04444342997877021 0.7064080908128517
    outer loop
      vertex -3.25 0 73
      vertex -3.7 0 72.55
      vertex -3.7489434837048465 -0.3090169943749474 72.48161481491833
    endloop
  endfacet
  facet normal -0.6952676132329948 -0.132629390496346 0.7064080908128548
    outer loop
      vertex -3.922761802570956 -1.007194043017662 72.2
      vertex -3.147895273668051 -0.8082421332857783 73
      vertex -3.224372779272053 -0.40733300908398823 73
    endloop
  endfacet
  facet normal 0 0 1
    outer loop
      vertex -3.147895273668051 -0.8082421332857783 73
      vertex -3.021773579136817 -1.1964047962252031 73
      vertex -3.224372779272053 -0.40733300908398823 73
    endloop
  endfacet
  facet normal 0 0 1
    outer loop
      vertex -3.224372779272053 -0.40733300908398823 73
      vertex -3.021773579136817 -1.1964047962252031 73
      vertex -3.25 0 73
    endloop
  endfacet
  facet normal -0.7064080908128488 -0.04444342997877653 0.7064080908128583
    outer loop
      vertex -3.224372779272053 -0.40733300908398823 73
      vertex -3.25 0 73
      vertex -3.838572845639568 -0.4849245217097546 72.38091828943394
    endloop
  endfacet
  facet normal 0 0 1
    outer loop
      vertex -3.021773579136817 -1.1964047962252031 73
      vertex -3.147895273668051 0.8082421332857783 73
      vertex -3.25 0 73
    endloop
  endfacet
  facet normal -0.5976193431343768 -0.3792607677387338 0.7064080908128546
    outer loop
      vertex -3.549042054177647 -1.9511023801119471 72.2
      vertex -2.629305231718579 -1.9103020699505378 73
      vertex -2.8479967101425565 -1.5656994408305749 73
    endloop
  endfacet
  facet normal 0 0 1
    outer loop
      vertex -2.8479967101425565 -1.5656994408305749 73
      vertex -2.629305231718579 -1.9103020699505378 73
      vertex -3.021773579136817 -1.1964047962252031 73
    endloop
  endfacet
  facet normal 0 0 1
    outer loop
      vertex -2.0716279666832413 -2.5041680390213155 73
      vertex -3.021773579136817 -1.1964047962252031 73
      vertex -2.629305231718579 -1.9103020699505378 73
    endloop
  endfacet
  facet normal 0 0 1
    outer loop
      vertex -3.021773579136817 -1.1964047962252031 73
      vertex -1.5377777870374407 -0.1942665120246713 73
      vertex -1.55 0 73
    endloop
  endfacet
  facet normal 0 0 1
    outer loop
      vertex -3.021773579136817 -1.1964047962252031 73
      vertex -1.55 0 73
      vertex -1.5377777870374407 0.1942665120246713 73
    endloop
  endfacet
  facet normal -0.481753674101715 -0.8763066800438638 0
    outer loop
      vertex -1.7244061308385432 -3.664549562487379 47.4
      vertex -2.1700985196649367 -3.4195280982831604 47.4
      vertex -1.7244061308385432 -3.664549562487379 28.6
    endloop
  endfacet
  facet normal -0.36812455268467786 -0.9297764858882515 0
    outer loop
      vertex -1.251518827218537 -3.8517788909953716 0.8
      vertex -1.251518827218537 -3.8517788909953716 72.2
      vertex -1.4019909108399538 -3.7922027785475 47.4
    endloop
  endfacet
  facet normal -0.36812455268467836 -0.9297764858882512 0
    outer loop
      vertex -1.7244061308385432 -3.664549562487379 47.4
      vertex -1.4019909108399538 -3.7922027785475 28.6
      vertex -1.4019909108399538 -3.7922027785475 47.4
    endloop
  endfacet
  facet normal -0.2486898871648547 -0.9685831611286313 0
    outer loop
      vertex -1.251518827218537 -3.8517788909953716 0.8
      vertex -0.7588943240721855 -3.9782633654511885 72.2
      vertex -1.251518827218537 -3.8517788909953716 72.2
    endloop
  endfacet
  facet normal -0.12533323356430565 -0.9921147013144777 0
    outer loop
      vertex -0.2543016040937207 -4.0420082501345 0.8
      vertex -0.2543016040937207 -4.0420082501345 72.2
      vertex -0.7588943240721855 -3.9782633654511885 72.2
    endloop
  endfacet
  facet normal -0.3409875542112955 -0.6202540585172612 0.7064080908128563
    outer loop
      vertex -1.7414370836817394 -2.7440657578815486 73
      vertex -1.9975600621723208 -3.147650993126879 72.52200416087699
      vertex -1.85 -3.204293994002423 72.54349753519874
    endloop
  endfacet
  facet normal -0.3409875542112999 -0.6202540585172651 0.7064080908128508
    outer loop
      vertex -1.3837826975864855 -2.9406879205145637 73
      vertex -1.85 -3.204293994002423 72.54349753519874
      vertex -1.6068551745226058 -3.4011887914280035 72.48798367804521
    endloop
  endfacet
  facet normal -0.34098755421213833 -0.6202540585168307 0.7064080908128275
    outer loop
      vertex -1.3837826975864855 -2.9406879205145637 73
      vertex -1.6068551745226058 -3.4011887914280035 72.48798367804521
      vertex -1.6031573921587414 -3.40688287693393 72.48476898966626
    endloop
  endfacet
  facet normal -0.3681245526846779 -0.9297764858882515 0
    outer loop
      vertex -1.251518827218537 -3.8517788909953716 72.2
      vertex -1.4019909108399538 -3.7922027785475 72.2
      vertex -1.4019909108399538 -3.7922027785475 47.4
    endloop
  endfacet
  facet normal -0.2605603187129576 -0.6581002427794327 0.7064080908128486
    outer loop
      vertex -1.251518827218537 -3.8517788909953716 72.2
      vertex -1.4364545423573993 -3.6635827547110615 72.30711232655023
      vertex -1.4019909108399538 -3.7922027785475 72.2
    endloop
  endfacet
  facet normal -0.26056031871295426 -0.6581002427794262 0.7064080908128557
    outer loop
      vertex -1.3837826975864855 -2.9406879205145637 73
      vertex -1.6031573921587414 -3.40688287693393 72.48476898966626
      vertex -1.4364545423573993 -3.6635827547110615 72.30711232655023
    endloop
  endfacet
  facet normal -0.2605603187129479 -0.6581002427794277 0.7064080908128568
    outer loop
      vertex -1.251518827218537 -3.8517788909953716 72.2
      vertex -1.3837826975864855 -2.9406879205145637 73
      vertex -1.4364545423573993 -3.6635827547110615 72.30711232655023
    endloop
  endfacet
  facet normal -0.2605603187129551 -0.658100242779427 0.7064080908128548
    outer loop
      vertex -1.251518827218537 -3.8517788909953716 72.2
      vertex -1.004305231718579 -3.090933677959249 73
      vertex -1.3837826975864855 -2.9406879205145637 73
    endloop
  endfacet
  facet normal -0.4160372122836821 -0.5726260972304341 0.7064080908128558
    outer loop
      vertex -1.7414370836817394 -2.7440657578815486 73
      vertex -2.142088309182241 -3.092171797053056 72.48185697991197
      vertex -1.9975600621723208 -3.147650993126879 72.52200416087699
    endloop
  endfacet
  facet normal -0.3409875542113085 -0.6202540585172563 0.7064080908128544
    outer loop
      vertex -1.7414370836817394 -2.7440657578815486 73
      vertex -1.85 -3.204293994002423 72.54349753519874
      vertex -1.3837826975864855 -2.9406879205145637 73
    endloop
  endfacet
  facet normal 0 0 1
    outer loop
      vertex -2.0716279666832413 -2.5041680390213155 73
      vertex -1.7414370836817394 -2.7440657578815486 73
      vertex -1.3837826975864855 -2.9406879205145637 73
    endloop
  endfacet
  facet normal 0 0 1
    outer loop
      vertex -2.0716279666832413 -2.5041680390213155 73
      vertex -1.3837826975864855 -2.9406879205145637 73
      vertex -1.004305231718579 -3.090933677959249 73
    endloop
  endfacet
  facet normal 0 0 1
    outer loop
      vertex -3.021773579136817 -1.1964047962252031 73
      vertex -1.004305231718579 -3.090933677959249 73
      vertex 0.6089892724036057 -3.192433564868238 73
    endloop
  endfacet
  facet normal -0.17602389133730958 -0.6855677930829369 0.7064080908128546
    outer loop
      vertex -1.251518827218537 -3.8517788909953716 72.2
      vertex -0.7588943240721855 -3.9782633654511885 72.2
      vertex -0.6089892724036057 -3.192433564868238 73
    endloop
  endfacet
  facet normal -0.08871146204369977 -0.7022235297511803 0.7064080908128547
    outer loop
      vertex -0.7588943240721855 -3.9782633654511885 72.2
      vertex -0.2543016040937207 -4.0420082501345 72.2
      vertex -0.6089892724036057 -3.192433564868238 73
    endloop
  endfacet
  facet normal -0.17602389133730958 -0.6855677930829369 0.7064080908128547
    outer loop
      vertex -1.251518827218537 -3.8517788909953716 72.2
      vertex -0.6089892724036057 -3.192433564868238 73
      vertex -1.004305231718579 -3.090933677959249 73
    endloop
  endfacet
  facet normal 0 0 1
    outer loop
      vertex -1.004305231718579 -3.090933677959249 73
      vertex -0.6089892724036057 -3.192433564868238 73
      vertex -0.20406918847026972 -3.2435868673918824 73
    endloop
  endfacet
  facet normal -0.08871146204369927 -0.7022235297511802 0.7064080908128548
    outer loop
      vertex -0.6089892724036057 -3.192433564868238 73
      vertex -0.2543016040937207 -4.0420082501345 72.2
      vertex -0.20406918847026972 -3.2435868673918824 73
    endloop
  endfacet
  facet normal 0 -0.7078047818672444 0.7064080908128549
    outer loop
      vertex -0.2543016040937207 -4.0420082501345 72.2
      vertex 0.20406918847026972 -3.2435868673918824 73
      vertex -0.20406918847026972 -3.2435868673918824 73
    endloop
  endfacet
  facet normal 0 0 1
    outer loop
      vertex -1.004305231718579 -3.090933677959249 73
      vertex -0.20406918847026972 -3.2435868673918824 73
      vertex 0.6089892724036057 -3.192433564868238 73
    endloop
  endfacet
  facet normal 0 0 1
    outer loop
      vertex 0.6089892724036057 -3.192433564868238 73
      vertex -0.47897634128116845 -1.474137600257488 73
      vertex -0.6599579019258623 -1.4024819313223305 73
    endloop
  endfacet
  facet normal 0 0 1
    outer loop
      vertex 0.6089892724036057 -3.192433564868238 73
      vertex -0.2904410376078735 -1.5225452386294673 73
      vertex -0.47897634128116845 -1.474137600257488 73
    endloop
  endfacet
  facet normal 0 0 1
    outer loop
      vertex -3.021773579136817 -1.1964047962252031 73
      vertex -1.1299013725031881 -1.0610480141894671 73
      vertex -1.2539763412811686 -0.9110671410533333 73
    endloop
  endfacet
  facet normal 0 0 1
    outer loop
      vertex -3.021773579136817 -1.1964047962252031 73
      vertex -0.988007184110469 -1.1942955263024735 73
      vertex -1.1299013725031881 -1.0610480141894671 73
    endloop
  endfacet
  facet normal 0 0 1
    outer loop
      vertex -3.021773579136817 -1.1964047962252031 73
      vertex 0.6089892724036057 -3.192433564868238 73
      vertex -0.988007184110469 -1.1942955263024735 73
    endloop
  endfacet
  facet normal 0 0 1
    outer loop
      vertex -3.021773579136817 -1.1964047962252031 73
      vertex -1.3582753540679884 -0.7467181948576589 73
      vertex -1.4411535531267898 -0.5705930566612507 73
    endloop
  endfacet
  facet normal 0 0 1
    outer loop
      vertex -3.021773579136817 -1.1964047962252031 73
      vertex -1.2539763412811686 -0.9110671410533333 73
      vertex -1.3582753540679884 -0.7467181948576589 73
    endloop
  endfacet
  facet normal 0 0 1
    outer loop
      vertex -3.021773579136817 -1.1964047962252031 73
      vertex -1.4411535531267898 -0.5705930566612507 73
      vertex -1.5013038997493782 -0.385469325105525 73
    endloop
  endfacet
  facet normal 0 0 1
    outer loop
      vertex -3.021773579136817 -1.1964047962252031 73
      vertex -1.5013038997493782 -0.385469325105525 73
      vertex -1.5377777870374407 -0.1942665120246713 73
    endloop
  endfacet
  facet normal 0 0 1
    outer loop
      vertex -3.021773579136817 -1.1964047962252031 73
      vertex -1.5377777870374407 0.1942665120246713 73
      vertex -1.5013038997493782 0.385469325105525 73
    endloop
  endfacet
  facet normal 0 0 1
    outer loop
      vertex -3.021773579136817 -1.1964047962252031 73
      vertex -1.5013038997493782 0.385469325105525 73
      vertex -1.4411535531267898 0.5705930566612507 73
    endloop
  endfacet
  facet normal 0 0 1
    outer loop
      vertex 0.6089892724036057 -3.192433564868238 73
      vertex -0.8305315322174451 -1.3087082845281233 73
      vertex -0.988007184110469 -1.1942955263024735 73
    endloop
  endfacet
  facet normal 0 0 1
    outer loop
      vertex 0.6089892724036057 -3.192433564868238 73
      vertex -0.6599579019258623 -1.4024819313223305 73
      vertex -0.8305315322174451 -1.3087082845281233 73
    endloop
  endfacet
  facet normal -0.7064080908128537 0.044443429978776094 -0.7064080908128535
    outer loop
      vertex -3.25 0 0
      vertex -3.7 0 0.4500000000000003
      vertex -3.7489434837048465 0.3090169943749474 0.5183851850816692
    endloop
  endfacet
  facet normal -0.7064080908128536 0.0444434299787765 -0.7064080908128536
    outer loop
      vertex -3.25 0 0
      vertex -3.7489434837048465 0.3090169943749474 0.5183851850816692
      vertex -3.838572845639568 0.4849245217097546 0.6190817105660721
    endloop
  endfacet
  facet normal -0.6952676132329957 0.13262939049634764 -0.7064080908128536
    outer loop
      vertex -3.224372779272053 0.40733300908398823 0
      vertex -3.838572845639568 0.4849245217097546 0.6190817105660721
      vertex -3.8909830056250527 0.5877852522924731 0.6899776183236326
    endloop
  endfacet
  facet normal -0.6952676132329959 0.1326293904963476 -0.7064080908128534
    outer loop
      vertex -3.147895273668051 0.8082421332857783 0
      vertex -3.8909830056250527 0.5877852522924731 0.6899776183236326
      vertex -3.9848602635890087 0.6816625102564293 0.8
    endloop
  endfacet
  facet normal -0.6952676132329959 0.13262939049634676 -0.7064080908128536
    outer loop
      vertex -3.922761802570956 1.007194043017662 0.8
      vertex -3.147895273668051 0.8082421332857783 0
      vertex -3.9848602635890087 0.6816625102564293 0.8
    endloop
  endfacet
  facet normal -0.7064080908128534 0.044443429978776816 -0.7064080908128536
    outer loop
      vertex -3.25 0 0
      vertex -3.838572845639568 0.4849245217097546 0.6190817105660721
      vertex -3.224372779272053 0.40733300908398823 0
    endloop
  endfacet
  facet normal 0 0 -1
    outer loop
      vertex -3.224372779272053 -0.40733300908398823 0
      vertex -3.25 0 0
      vertex -3.147895273668051 0.8082421332857783 0
    endloop
  endfacet
  facet normal 0 0 -1
    outer loop
      vertex -3.25 0 0
      vertex -3.224372779272053 0.40733300908398823 0
      vertex -3.147895273668051 0.8082421332857783 0
    endloop
  endfacet
  facet normal -0.6952676132329959 0.13262939049634642 -0.7064080908128537
    outer loop
      vertex -3.224372779272053 0.40733300908398823 0
      vertex -3.8909830056250527 0.5877852522924731 0.6899776183236326
      vertex -3.147895273668051 0.8082421332857783 0
    endloop
  endfacet
  facet normal -0.9822872507286886 0.1873813145857249 0
    outer loop
      vertex -3.922761802570956 1.007194043017662 0.8
      vertex -3.9848602635890087 0.6816625102564293 0.8
      vertex -3.9848602635890087 0.6816625102564293 28.6
    endloop
  endfacet
  facet normal -0.6731623500597138 0.21872370629683158 -0.7064080908128536
    outer loop
      vertex -3.922761802570956 1.007194043017662 0.8
      vertex -3.765594767847418 1.4909044383729453 0.8
      vertex -3.147895273668051 0.8082421332857783 0
    endloop
  endfacet
  facet normal -0.6731623500597139 0.21872370629683136 -0.7064080908128535
    outer loop
      vertex -3.147895273668051 0.8082421332857783 0
      vertex -3.765594767847418 1.4909044383729453 0.8
      vertex -3.021773579136817 1.1964047962252031 0
    endloop
  endfacet
  facet normal -0.6404409144982939 0.3013686185898069 -0.7064080908128534
    outer loop
      vertex -3.765594767847418 1.4909044383729453 0.8
      vertex -2.8479967101425565 1.5656994408305749 0
      vertex -3.021773579136817 1.1964047962252031 0
    endloop
  endfacet
  facet normal -0.6404409144982939 0.3013686185898072 -0.7064080908128534
    outer loop
      vertex -3.765594767847418 1.4909044383729453 0.8
      vertex -3.549042054177647 1.9511023801119471 0.8
      vertex -2.8479967101425565 1.5656994408305749 0
    endloop
  endfacet
  facet normal -0.5976193431343781 0.37926076773873374 -0.7064080908128534
    outer loop
      vertex -3.549042054177647 1.9511023801119471 0.8
      vertex -3.276518827218537 2.380530271784516 0.8
      vertex -2.8479967101425565 1.5656994408305749 0
    endloop
  endfacet
  facet normal 0 0 -1
    outer loop
      vertex -3.224372779272053 -0.40733300908398823 0
      vertex -3.147895273668051 0.8082421332857783 0
      vertex -2.369148039119588 2.224778094268238 0
    endloop
  endfacet
  facet normal 0 0 -1
    outer loop
      vertex -3.147895273668051 0.8082421332857783 0
      vertex -3.021773579136817 1.1964047962252031 0
      vertex -2.8479967101425565 1.5656994408305749 0
    endloop
  endfacet
  facet normal 0 0 -1
    outer loop
      vertex -3.147895273668051 0.8082421332857783 0
      vertex -2.8479967101425565 1.5656994408305749 0
      vertex -2.369148039119588 2.224778094268238 0
    endloop
  endfacet
  facet normal -0.5976193431343778 0.3792607677387342 -0.7064080908128536
    outer loop
      vertex -2.8479967101425565 1.5656994408305749 0
      vertex -3.276518827218537 2.380530271784516 0.8
      vertex -2.629305231718579 1.9103020699505378 0
    endloop
  endfacet
  facet normal 0 0 -1
    outer loop
      vertex -2.8479967101425565 1.5656994408305749 0
      vertex -2.629305231718579 1.9103020699505378 0
      vertex -2.369148039119588 2.224778094268238 0
    endloop
  endfacet
  facet normal -0.9980267284282717 0.06279051952931262 0
    outer loop
      vertex -4.05 0 28.6
      vertex -4.0180645403236355 0.5075995959354315 47.4
      vertex -4.0180645403236355 0.5075995959354315 28.6
    endloop
  endfacet
  facet normal -0.9822872507286886 0.18738131458572557 0
    outer loop
      vertex -4.0180645403236355 0.5075995959354315 28.6
      vertex -4.0180645403236355 0.5075995959354315 47.4
      vertex -3.9848602635890087 0.6816625102564293 28.6
    endloop
  endfacet
  facet normal -0.9822872507286886 0.18738131458572493 0
    outer loop
      vertex -3.922761802570956 1.007194043017662 0.8
      vertex -3.9848602635890087 0.6816625102564293 28.6
      vertex -3.922761802570956 1.007194043017662 72.2
    endloop
  endfacet
  facet normal -0.9510565162951534 0.3090169943749474 0
    outer loop
      vertex -3.922761802570956 1.007194043017662 0.8
      vertex -3.922761802570956 1.007194043017662 72.2
      vertex -3.765594767847418 1.4909044383729453 0.8
    endloop
  endfacet
  facet normal -0.9048270524660192 0.4257792915650732 0
    outer loop
      vertex -3.765594767847418 1.4909044383729453 0.8
      vertex -3.549042054177647 1.9511023801119471 72.2
      vertex -3.549042054177647 1.9511023801119471 0.8
    endloop
  endfacet
  facet normal -0.5453729577287417 0.4511717480210208 -0.7064080908128535
    outer loop
      vertex -3.276518827218537 2.380530271784516 0.8
      vertex -2.952322941056717 2.7724157790111885 0.8
      vertex -2.369148039119588 2.224778094268238 0
    endloop
  endfacet
  facet normal -0.545372957728742 0.4511717480210204 -0.7064080908128535
    outer loop
      vertex -2.629305231718579 1.9103020699505378 0
      vertex -3.276518827218537 2.380530271784516 0.8
      vertex -2.369148039119588 2.224778094268238 0
    endloop
  endfacet
  facet normal -0.48452571498971 0.5159674803200777 -0.7064080908128534
    outer loop
      vertex -2.952322941056717 2.7724157790111885 0.8
      vertex -2.570150574387349 3.106778353720292 0.7820894972915208
      vertex -2.369148039119588 2.224778094268238 0
    endloop
  endfacet
  facet normal -0.4845257149897072 0.5159674803200741 -0.7064080908128578
    outer loop
      vertex -2.952322941056717 2.7724157790111885 0.8
      vertex -2.590466173337397 3.112221902052712 0.8
      vertex -2.570150574387349 3.106778353720292 0.7820894972915208
    endloop
  endfacet
  facet normal 0 0 -1
    outer loop
      vertex -2.369148039119588 2.224778094268238 0
      vertex -2.0716279666832413 2.5041680390213155 0
      vertex -1.7414370836817394 2.7440657578815486 0
    endloop
  endfacet
  facet normal -0.48452571498971 0.5159674803200777 -0.7064080908128535
    outer loop
      vertex -2.369148039119588 2.224778094268238 0
      vertex -2.570150574387349 3.106778353720292 0.7820894972915208
      vertex -2.0716279666832413 2.5041680390213155 0
    endloop
  endfacet
  facet normal -0.4160372122836589 0.5726260972304532 -0.7064080908128538
    outer loop
      vertex -2.0716279666832413 2.5041680390213155 0
      vertex -2.570150574387349 3.106778353720292 0.7820894972915208
      vertex -2.4545284632676534 3.075797502418588 0.6888805637944594
    endloop
  endfacet
  facet normal -0.41603721228365736 0.5726260972304547 -0.7064080908128535
    outer loop
      vertex -2.0716279666832413 2.5041680390213155 0
      vertex -2.4545284632676534 3.075797502418588 0.6888805637944594
      vertex -1.7414370836817394 2.7440657578815486 0
    endloop
  endfacet
  facet normal -0.4160372122836574 0.5726260972304549 -0.7064080908128534
    outer loop
      vertex -1.7414370836817394 2.7440657578815486 0
      vertex -2.4545284632676534 3.075797502418588 0.6888805637944594
      vertex -2.142088309182241 3.092171797053056 0.5181430200880306
    endloop
  endfacet
  facet normal -0.6845471059286892 0.728968627421411 0
    outer loop
      vertex -2.952322941056717 2.7724157790111885 0.8
      vertex -2.590466173337397 3.112221902052712 28.6
      vertex -2.590466173337397 3.112221902052712 0.8
    endloop
  endfacet
  facet normal -0.8443279255020154 0.535826794978996 0
    outer loop
      vertex -3.549042054177647 1.9511023801119471 0.8
      vertex -3.549042054177647 1.9511023801119471 72.2
      vertex -3.276518827218537 2.380530271784516 0.8
    endloop
  endfacet
  facet normal -0.7705132427757894 0.6374239897486896 0
    outer loop
      vertex -3.276518827218537 2.380530271784516 0.8
      vertex -3.276518827218537 2.380530271784516 72.2
      vertex -2.952322941056717 2.7724157790111885 0.8
    endloop
  endfacet
  facet normal -0.6845471059286891 0.728968627421411 0
    outer loop
      vertex -2.952322941056717 2.7724157790111885 0.8
      vertex -2.590466173337397 3.112221902052712 47.4
      vertex -2.590466173337397 3.112221902052712 28.6
    endloop
  endfacet
  facet normal -0.6845471059286823 0.7289686274214175 0
    outer loop
      vertex -2.581567158482193 3.120578633241947 28.6
      vertex -2.590466173337397 3.112221902052712 28.6
      vertex -2.590466173337397 3.112221902052712 47.4
    endloop
  endfacet
  facet normal -0.5877852522924724 0.8090169943749479 0
    outer loop
      vertex -2.1700985196649367 3.4195280982831604 28.6
      vertex -2.581567158482193 3.120578633241947 28.6
      vertex -2.1700985196649367 3.4195280982831604 47.4
    endloop
  endfacet
  facet normal 0 0 -1
    outer loop
      vertex -2.369148039119588 2.224778094268238 0
      vertex -1.5377777870374407 0.1942665120246713 0
      vertex -1.55 0 0
    endloop
  endfacet
  facet normal 0 0 -1
    outer loop
      vertex -2.369148039119588 2.224778094268238 0
      vertex -1.5013038997493782 0.385469325105525 0
      vertex -1.5377777870374407 0.1942665120246713 0
    endloop
  endfacet
  facet normal 0 0 -1
    outer loop
      vertex -2.369148039119588 2.224778094268238 0
      vertex -1.4411535531267898 0.5705930566612507 0
      vertex -1.5013038997493782 0.385469325105525 0
    endloop
  endfacet
  facet normal 0 0 -1
    outer loop
      vertex -2.369148039119588 2.224778094268238 0
      vertex -1.3582753540679884 0.7467181948576589 0
      vertex -1.4411535531267898 0.5705930566612507 0
    endloop
  endfacet
  facet normal 0 0 -1
    outer loop
      vertex -2.369148039119588 2.224778094268238 0
      vertex -1.2539763412811686 0.9110671410533333 0
      vertex -1.3582753540679884 0.7467181948576589 0
    endloop
  endfacet
  facet normal 0 0 -1
    outer loop
      vertex -2.369148039119588 2.224778094268238 0
      vertex -1.1299013725031881 1.0610480141894671 0
      vertex -1.2539763412811686 0.9110671410533333 0
    endloop
  endfacet
  facet normal 0 0 -1
    outer loop
      vertex -2.369148039119588 2.224778094268238 0
      vertex -0.988007184110469 1.1942955263024735 0
      vertex -1.1299013725031881 1.0610480141894671 0
    endloop
  endfacet
  facet normal 0 0 -1
    outer loop
      vertex -2.369148039119588 2.224778094268238 0
      vertex -0.8305315322174451 1.3087082845281233 0
      vertex -0.988007184110469 1.1942955263024735 0
    endloop
  endfacet
  facet normal 0 0 -1
    outer loop
      vertex -2.369148039119588 2.224778094268238 0
      vertex -0.6599579019258627 1.4024819313223302 0
      vertex -0.8305315322174451 1.3087082845281233 0
    endloop
  endfacet
  facet normal 0 0 -1
    outer loop
      vertex -2.369148039119588 2.224778094268238 0
      vertex -0.47897634128116845 1.474137600257488 0
      vertex -0.6599579019258627 1.4024819313223302 0
    endloop
  endfacet
  facet normal 0 0 -1
    outer loop
      vertex -2.369148039119588 2.224778094268238 0
      vertex -0.2904410376078731 1.5225452386294676 0
      vertex -0.47897634128116845 1.474137600257488 0
    endloop
  endfacet
  facet normal 0 0 -1
    outer loop
      vertex -2.369148039119588 2.224778094268238 0
      vertex -0.09732530527043559 1.546941429063821 0
      vertex -0.2904410376078731 1.5225452386294676 0
    endloop
  endfacet
  facet normal 0 0 -1
    outer loop
      vertex -2.369148039119588 2.224778094268238 0
      vertex 0.09732530527043558 1.546941429063821 0
      vertex -0.09732530527043559 1.546941429063821 0
    endloop
  endfacet
  facet normal 0 0 -1
    outer loop
      vertex -2.369148039119588 2.224778094268238 0
      vertex -1.7414370836817394 2.7440657578815486 0
      vertex -1.3837826975864864 2.9406879205145633 0
    endloop
  endfacet
  facet normal -0.4160372122836565 0.5726260972304555 -0.7064080908128535
    outer loop
      vertex -1.7414370836817394 2.7440657578815486 0
      vertex -2.142088309182241 3.092171797053056 0.5181430200880306
      vertex -1.9975600621723208 3.147650993126879 0.4779958391230156
    endloop
  endfacet
  facet normal -0.34098755421130905 0.6202540585172571 -0.7064080908128534
    outer loop
      vertex -1.7414370836817394 2.7440657578815486 0
      vertex -1.85 3.204293994002423 0.4565024648012622
      vertex -1.3837826975864864 2.9406879205145633 0
    endloop
  endfacet
  facet normal 0 0 -1
    outer loop
      vertex -2.369148039119588 2.224778094268238 0
      vertex -1.3837826975864864 2.9406879205145633 0
      vertex -0.6089892724036049 3.1924335648682383 0
    endloop
  endfacet
  facet normal -0.34098755421130944 0.6202540585172569 -0.7064080908128534
    outer loop
      vertex -1.7414370836817394 2.7440657578815486 0
      vertex -1.9975600621723208 3.147650993126879 0.4779958391230156
      vertex -1.85 3.204293994002423 0.4565024648012622
    endloop
  endfacet
  facet normal -0.3409875542113087 0.6202540585172575 -0.7064080908128533
    outer loop
      vertex -1.3837826975864864 2.9406879205145633 0
      vertex -1.85 3.204293994002423 0.4565024648012622
      vertex -1.6068551745226058 3.4011887914280035 0.512016321954785
    endloop
  endfacet
  facet normal -0.34098755421130383 0.6202540585172606 -0.7064080908128527
    outer loop
      vertex -1.3837826975864864 2.9406879205145633 0
      vertex -1.6068551745226058 3.4011887914280035 0.512016321954785
      vertex -1.603157392158742 3.4068828769339286 0.5152310103337384
    endloop
  endfacet
  facet normal -0.2605603187129564 0.6581002427794281 -0.7064080908128533
    outer loop
      vertex -1.3837826975864864 2.9406879205145633 0
      vertex -1.603157392158742 3.4068828769339286 0.5152310103337384
      vertex -1.4364545423573993 3.6635827547110615 0.6928876734497794
    endloop
  endfacet
  facet normal -0.26056031871296015 0.6581002427794274 -0.7064080908128527
    outer loop
      vertex -1.3837826975864864 2.9406879205145633 0
      vertex -1.4364545423573993 3.6635827547110615 0.6928876734497794
      vertex -1.4019909108399538 3.7922027785475 0.8
    endloop
  endfacet
  facet normal -0.26056031871295593 0.6581002427794281 -0.7064080908128535
    outer loop
      vertex -1.3837826975864864 2.9406879205145633 0
      vertex -1.4019909108399538 3.7922027785475 0.8
      vertex -1.251518827218537 3.8517788909953716 0.8
    endloop
  endfacet
  facet normal -0.26056031871295554 0.6581002427794281 -0.7064080908128535
    outer loop
      vertex -1.3837826975864864 2.9406879205145633 0
      vertex -1.251518827218537 3.8517788909953716 0.8
      vertex -1.004305231718579 3.090933677959249 0
    endloop
  endfacet
  facet normal -0.3681245526846779 0.9297764858882515 0
    outer loop
      vertex -1.251518827218537 3.8517788909953716 0.8
      vertex -1.4019909108399538 3.7922027785475 0.8
      vertex -1.4019909108399538 3.7922027785475 28.6
    endloop
  endfacet
  facet normal 0 0 -1
    outer loop
      vertex -2.369148039119588 2.224778094268238 0
      vertex -0.6089892724036049 3.1924335648682383 0
      vertex 1.3837826975864864 2.9406879205145633 0
    endloop
  endfacet
  facet normal 0 0 -1
    outer loop
      vertex -2.369148039119588 2.224778094268238 0
      vertex 1.3837826975864864 2.9406879205145633 0
      vertex 0.09732530527043558 1.546941429063821 0
    endloop
  endfacet
  facet normal 0 0 -1
    outer loop
      vertex -1.3837826975864864 2.9406879205145633 0
      vertex -1.004305231718579 3.090933677959249 0
      vertex -0.6089892724036049 3.1924335648682383 0
    endloop
  endfacet
  facet normal -0.17602389133731036 0.6855677930829379 -0.7064080908128535
    outer loop
      vertex -1.251518827218537 3.8517788909953716 0.8
      vertex -0.6089892724036049 3.1924335648682383 0
      vertex -1.004305231718579 3.090933677959249 0
    endloop
  endfacet
  facet normal -0.17602389133731017 0.6855677930829381 -0.7064080908128534
    outer loop
      vertex -1.251518827218537 3.8517788909953716 0.8
      vertex -0.7588943240721845 3.978263365451189 0.8
      vertex -0.6089892724036049 3.1924335648682383 0
    endloop
  endfacet
  facet normal -0.08871146204369927 0.7022235297511816 -0.7064080908128535
    outer loop
      vertex -0.6089892724036049 3.1924335648682383 0
      vertex -0.7588943240721845 3.978263365451189 0.8
      vertex -0.25430160409371877 4.0420082501345 0.8
    endloop
  endfacet
  facet normal -0.08871146204369848 0.7022235297511815 -0.7064080908128537
    outer loop
      vertex -0.6089892724036049 3.1924335648682383 0
      vertex -0.25430160409371877 4.0420082501345 0.8
      vertex -0.20406918847026814 3.2435868673918824 0
    endloop
  endfacet
  facet normal 0 0 -1
    outer loop
      vertex -0.6089892724036049 3.1924335648682383 0
      vertex -0.20406918847026814 3.2435868673918824 0
      vertex 0.20406918847026814 3.2435868673918824 0
    endloop
  endfacet
  facet normal 0 0.7078047818672456 -0.7064080908128536
    outer loop
      vertex -0.20406918847026814 3.2435868673918824 0
      vertex -0.25430160409371877 4.0420082501345 0.8
      vertex 0.25430160409371877 4.0420082501345 0.8
    endloop
  endfacet
  facet normal -0.3681245526846778 0.9297764858882515 0
    outer loop
      vertex -1.251518827218537 3.8517788909953716 0.8
      vertex -1.4019909108399538 3.7922027785475 28.6
      vertex -1.4019909108399538 3.7922027785475 47.4
    endloop
  endfacet
  facet normal -0.4817536741017151 0.8763066800438637 0
    outer loop
      vertex -1.7244061308385443 3.6645495624873785 28.6
      vertex -2.1700985196649367 3.4195280982831604 28.6
      vertex -1.7244061308385443 3.6645495624873785 47.4
    endloop
  endfacet
  facet normal -0.36812455268467836 0.9297764858882512 0
    outer loop
      vertex -1.4019909108399538 3.7922027785475 47.4
      vertex -1.4019909108399538 3.7922027785475 28.6
      vertex -1.7244061308385443 3.6645495624873785 28.6
    endloop
  endfacet
  facet normal -0.24868988716485504 0.9685831611286311 0
    outer loop
      vertex -1.251518827218537 3.8517788909953716 0.8
      vertex -0.7588943240721845 3.978263365451189 72.2
      vertex -0.7588943240721845 3.978263365451189 0.8
    endloop
  endfacet
  facet normal -0.1253332335643046 0.9921147013144779 0
    outer loop
      vertex -0.7588943240721845 3.978263365451189 0.8
      vertex -0.25430160409371877 4.0420082501345 72.2
      vertex -0.25430160409371877 4.0420082501345 0.8
    endloop
  endfacet
  facet normal -0.9980267284282717 0.06279051952931262 0
    outer loop
      vertex -4.05 0 47.4
      vertex -4.0180645403236355 0.5075995959354315 47.4
      vertex -4.05 0 28.6
    endloop
  endfacet
  facet normal -0.9822872507286886 0.18738131458572557 0
    outer loop
      vertex -4.0180645403236355 0.5075995959354315 47.4
      vertex -3.9848602635890087 0.6816625102564293 47.4
      vertex -3.9848602635890087 0.6816625102564293 28.6
    endloop
  endfacet
  facet normal -0.9822872507286886 0.18738131458572485 0
    outer loop
      vertex -3.922761802570956 1.007194043017662 72.2
      vertex -3.9848602635890087 0.6816625102564293 28.6
      vertex -3.9848602635890087 0.6816625102564293 47.4
    endloop
  endfacet
  facet normal -0.9510565162951534 0.3090169943749474 0
    outer loop
      vertex -3.765594767847418 1.4909044383729453 0.8
      vertex -3.922761802570956 1.007194043017662 72.2
      vertex -3.765594767847418 1.4909044383729453 72.2
    endloop
  endfacet
  facet normal -0.9048270524660192 0.4257792915650732 0
    outer loop
      vertex -3.765594767847418 1.4909044383729453 0.8
      vertex -3.765594767847418 1.4909044383729453 72.2
      vertex -3.549042054177647 1.9511023801119471 72.2
    endloop
  endfacet
  facet normal -0.7064080908128533 0.04444342997877104 0.7064080908128544
    outer loop
      vertex -3.224372779272053 0.40733300908398823 73
      vertex -3.7489434837048465 0.3090169943749474 72.48161481491833
      vertex -3.7 0 72.55
    endloop
  endfacet
  facet normal -0.6952676132329909 0.1326293904963485 0.7064080908128582
    outer loop
      vertex -3.224372779272053 0.40733300908398823 73
      vertex -3.8909830056250527 0.5877852522924731 72.31002238167638
      vertex -3.838572845639568 0.4849245217097546 72.38091828943394
    endloop
  endfacet
  facet normal -0.7064080908128516 0.0444434299787469 0.7064080908128573
    outer loop
      vertex -3.224372779272053 0.40733300908398823 73
      vertex -3.838572845639568 0.4849245217097546 72.38091828943394
      vertex -3.7489434837048465 0.3090169943749474 72.48161481491833
    endloop
  endfacet
  facet normal -0.9822872507286886 0.1873813145857249 0
    outer loop
      vertex -3.922761802570956 1.007194043017662 72.2
      vertex -3.9848602635890087 0.6816625102564293 47.4
      vertex -3.9848602635890087 0.6816625102564293 72.2
    endloop
  endfacet
  facet normal -0.6952676132330137 0.13262939049635017 0.7064080908128354
    outer loop
      vertex -3.922761802570956 1.007194043017662 72.2
      vertex -3.9848602635890087 0.6816625102564293 72.2
      vertex -3.8909830056250527 0.5877852522924731 72.31002238167638
    endloop
  endfacet
  facet normal -0.6952676132329888 0.13262939049635816 0.7064080908128585
    outer loop
      vertex -3.922761802570956 1.007194043017662 72.2
      vertex -3.8909830056250527 0.5877852522924731 72.31002238167638
      vertex -3.224372779272053 0.40733300908398823 73
    endloop
  endfacet
  facet normal -0.7064080908128557 0.04444342997877696 0.7064080908128515
    outer loop
      vertex -3.25 0 73
      vertex -3.224372779272053 0.40733300908398823 73
      vertex -3.7 0 72.55
    endloop
  endfacet
  facet normal 0 0 1
    outer loop
      vertex -3.25 0 73
      vertex -3.147895273668051 0.8082421332857783 73
      vertex -3.224372779272053 0.40733300908398823 73
    endloop
  endfacet
  facet normal -0.6952676132329948 0.132629390496346 0.7064080908128548
    outer loop
      vertex -3.922761802570956 1.007194043017662 72.2
      vertex -3.224372779272053 0.40733300908398823 73
      vertex -3.147895273668051 0.8082421332857783 73
    endloop
  endfacet
  facet normal -0.6731623500597126 0.218723706296831 0.7064080908128547
    outer loop
      vertex -3.922761802570956 1.007194043017662 72.2
      vertex -3.147895273668051 0.8082421332857783 73
      vertex -3.021773579136817 1.1964047962252031 73
    endloop
  endfacet
  facet normal -0.6731623500597126 0.2187237062968312 0.7064080908128547
    outer loop
      vertex -3.922761802570956 1.007194043017662 72.2
      vertex -3.021773579136817 1.1964047962252031 73
      vertex -3.765594767847418 1.4909044383729453 72.2
    endloop
  endfacet
  facet normal -0.6404409144982927 0.3013686185898063 0.7064080908128548
    outer loop
      vertex -3.765594767847418 1.4909044383729453 72.2
      vertex -3.021773579136817 1.1964047962252031 73
      vertex -2.8479967101425565 1.5656994408305749 73
    endloop
  endfacet
  facet normal -0.6404409144982927 0.3013686185898066 0.7064080908128546
    outer loop
      vertex -3.765594767847418 1.4909044383729453 72.2
      vertex -2.8479967101425565 1.5656994408305749 73
      vertex -3.549042054177647 1.9511023801119471 72.2
    endloop
  endfacet
  facet normal 0 0 1
    outer loop
      vertex -3.021773579136817 -1.1964047962252031 73
      vertex -2.369148039119588 2.224778094268238 73
      vertex -3.147895273668051 0.8082421332857783 73
    endloop
  endfacet
  facet normal 0 0 1
    outer loop
      vertex -3.147895273668051 0.8082421332857783 73
      vertex -2.8479967101425565 1.5656994408305749 73
      vertex -3.021773579136817 1.1964047962252031 73
    endloop
  endfacet
  facet normal 0 0 1
    outer loop
      vertex -3.147895273668051 0.8082421332857783 73
      vertex -2.369148039119588 2.224778094268238 73
      vertex -2.8479967101425565 1.5656994408305749 73
    endloop
  endfacet
  facet normal -0.5976193431343768 0.3792607677387338 0.7064080908128546
    outer loop
      vertex -3.549042054177647 1.9511023801119471 72.2
      vertex -2.8479967101425565 1.5656994408305749 73
      vertex -2.629305231718579 1.9103020699505378 73
    endloop
  endfacet
  facet normal 0 0 1
    outer loop
      vertex -2.8479967101425565 1.5656994408305749 73
      vertex -2.369148039119588 2.224778094268238 73
      vertex -2.629305231718579 1.9103020699505378 73
    endloop
  endfacet
  facet normal -0.8443279255020154 0.535826794978996 0
    outer loop
      vertex -3.276518827218537 2.380530271784516 0.8
      vertex -3.549042054177647 1.9511023801119471 72.2
      vertex -3.276518827218537 2.380530271784516 72.2
    endloop
  endfacet
  facet normal -0.7705132427757894 0.6374239897486896 0
    outer loop
      vertex -2.952322941056717 2.7724157790111885 0.8
      vertex -3.276518827218537 2.380530271784516 72.2
      vertex -2.952322941056717 2.7724157790111885 72.2
    endloop
  endfacet
  facet normal -0.6845471059286892 0.728968627421411 0
    outer loop
      vertex -2.952322941056717 2.7724157790111885 0.8
      vertex -2.952322941056717 2.7724157790111885 72.2
      vertex -2.590466173337397 3.112221902052712 47.4
    endloop
  endfacet
  facet normal -0.6845471059286823 0.7289686274214175 0
    outer loop
      vertex -2.581567158482193 3.120578633241947 28.6
      vertex -2.590466173337397 3.112221902052712 47.4
      vertex -2.581567158482193 3.120578633241947 47.4
    endloop
  endfacet
  facet normal -0.5877852522924724 0.8090169943749479 0
    outer loop
      vertex -2.581567158482193 3.120578633241947 28.6
      vertex -2.581567158482193 3.120578633241947 47.4
      vertex -2.1700985196649367 3.4195280982831604 47.4
    endloop
  endfacet
  facet normal -0.597619343134377 0.37926076773873296 0.7064080908128547
    outer loop
      vertex -3.549042054177647 1.9511023801119471 72.2
      vertex -2.629305231718579 1.9103020699505378 73
      vertex -3.276518827218537 2.380530271784516 72.2
    endloop
  endfacet
  facet normal -0.5453729577287408 0.45117174802101995 0.7064080908128547
    outer loop
      vertex -3.276518827218537 2.380530271784516 72.2
      vertex -2.369148039119588 2.224778094268238 73
      vertex -2.952322941056717 2.7724157790111885 72.2
    endloop
  endfacet
  facet normal -0.545372957728741 0.4511717480210196 0.7064080908128548
    outer loop
      vertex -2.629305231718579 1.9103020699505378 73
      vertex -2.369148039119588 2.224778094268238 73
      vertex -3.276518827218537 2.380530271784516 72.2
    endloop
  endfacet
  facet normal -0.6845471059286892 0.728968627421411 0
    outer loop
      vertex -2.952322941056717 2.7724157790111885 72.2
      vertex -2.590466173337397 3.112221902052712 72.2
      vertex -2.590466173337397 3.112221902052712 47.4
    endloop
  endfacet
  facet normal -0.4845257149897093 0.5159674803200764 0.7064080908128547
    outer loop
      vertex -2.952322941056717 2.7724157790111885 72.2
      vertex -2.369148039119588 2.224778094268238 73
      vertex -2.590466173337397 3.112221902052712 72.2
    endloop
  endfacet
  facet normal 0 0 1
    outer loop
      vertex -2.369148039119588 2.224778094268238 73
      vertex -1.7414370836817394 2.7440657578815486 73
      vertex -2.0716279666832413 2.5041680390213155 73
    endloop
  endfacet
  facet normal -0.484525714989709 0.5159674803200767 0.7064080908128549
    outer loop
      vertex -2.369148039119588 2.224778094268238 73
      vertex -2.0716279666832413 2.5041680390213155 73
      vertex -2.590466173337397 3.112221902052712 72.2
    endloop
  endfacet
  facet normal -0.4845257149894924 0.5159674803202714 0.7064080908128613
    outer loop
      vertex -2.0716279666832413 2.5041680390213155 73
      vertex -2.570150574387349 3.106778353720292 72.21791050270848
      vertex -2.590466173337397 3.112221902052712 72.2
    endloop
  endfacet
  facet normal -0.4160372122837028 0.5726260972304206 0.7064080908128546
    outer loop
      vertex -2.0716279666832413 2.5041680390213155 73
      vertex -2.4545284632676534 3.075797502418588 72.31111943620554
      vertex -2.570150574387349 3.106778353720292 72.21791050270848
    endloop
  endfacet
  facet normal -0.41603721228364565 0.5726260972304605 0.7064080908128557
    outer loop
      vertex -2.0716279666832413 2.5041680390213155 73
      vertex -2.142088309182241 3.092171797053056 72.48185697991197
      vertex -2.4545284632676534 3.075797502418588 72.31111943620554
    endloop
  endfacet
  facet normal 0 0 1
    outer loop
      vertex -3.021773579136817 -1.1964047962252031 73
      vertex -1.4411535531267898 0.5705930566612507 73
      vertex -1.3582753540679884 0.7467181948576589 73
    endloop
  endfacet
  facet normal 0 0 1
    outer loop
      vertex -3.021773579136817 -1.1964047962252031 73
      vertex -1.3582753540679884 0.7467181948576589 73
      vertex -1.2539763412811686 0.9110671410533334 73
    endloop
  endfacet
  facet normal 0 0 1
    outer loop
      vertex -3.021773579136817 -1.1964047962252031 73
      vertex -1.2539763412811686 0.9110671410533334 73
      vertex -1.129901372503188 1.0610480141894674 73
    endloop
  endfacet
  facet normal 0 0 1
    outer loop
      vertex -3.021773579136817 -1.1964047962252031 73
      vertex -0.6089892724036049 3.1924335648682383 73
      vertex -2.369148039119588 2.224778094268238 73
    endloop
  endfacet
  facet normal 0 0 1
    outer loop
      vertex -3.021773579136817 -1.1964047962252031 73
      vertex -1.129901372503188 1.0610480141894674 73
      vertex -0.6089892724036049 3.1924335648682383 73
    endloop
  endfacet
  facet normal 0 0 1
    outer loop
      vertex -0.6089892724036049 3.1924335648682383 73
      vertex -1.129901372503188 1.0610480141894674 73
      vertex -0.988007184110469 1.1942955263024735 73
    endloop
  endfacet
  facet normal 0 0 1
    outer loop
      vertex -0.6089892724036049 3.1924335648682383 73
      vertex -0.988007184110469 1.1942955263024735 73
      vertex -0.830531532217445 1.3087082845281233 73
    endloop
  endfacet
  facet normal 0 0 1
    outer loop
      vertex -0.6089892724036049 3.1924335648682383 73
      vertex -0.830531532217445 1.3087082845281233 73
      vertex -0.6599579019258627 1.4024819313223302 73
    endloop
  endfacet
  facet normal -0.4817536741017151 0.8763066800438637 0
    outer loop
      vertex -2.1700985196649367 3.4195280982831604 28.6
      vertex -2.1700985196649367 3.4195280982831604 47.4
      vertex -1.7244061308385443 3.6645495624873785 47.4
    endloop
  endfacet
  facet normal -0.36812455268467836 0.9297764858882512 0
    outer loop
      vertex -1.7244061308385443 3.6645495624873785 47.4
      vertex -1.4019909108399538 3.7922027785475 47.4
      vertex -1.7244061308385443 3.6645495624873785 28.6
    endloop
  endfacet
  facet normal -0.3681245526846778 0.9297764858882513 0
    outer loop
      vertex -1.251518827218537 3.8517788909953716 0.8
      vertex -1.4019909108399538 3.7922027785475 47.4
      vertex -1.4019909108399538 3.7922027785475 72.2
    endloop
  endfacet
  facet normal -0.36812455268467786 0.9297764858882515 0
    outer loop
      vertex -1.251518827218537 3.8517788909953716 0.8
      vertex -1.4019909108399538 3.7922027785475 72.2
      vertex -1.251518827218537 3.8517788909953716 72.2
    endloop
  endfacet
  facet normal -0.24868988716485504 0.9685831611286311 0
    outer loop
      vertex -1.251518827218537 3.8517788909953716 0.8
      vertex -1.251518827218537 3.8517788909953716 72.2
      vertex -0.7588943240721845 3.978263365451189 72.2
    endloop
  endfacet
  facet normal -0.1253332335643046 0.9921147013144779 0
    outer loop
      vertex -0.7588943240721845 3.978263365451189 0.8
      vertex -0.7588943240721845 3.978263365451189 72.2
      vertex -0.25430160409371877 4.0420082501345 72.2
    endloop
  endfacet
  facet normal 0 1 0
    outer loop
      vertex -0.25430160409371877 4.0420082501345 0.8
      vertex -0.25430160409371877 4.0420082501345 72.2
      vertex 0.25430160409371877 4.0420082501345 72.2
    endloop
  endfacet
  facet normal -0.4160372122836583 0.5726260972304559 0.7064080908128519
    outer loop
      vertex -2.0716279666832413 2.5041680390213155 73
      vertex -1.7414370836817394 2.7440657578815486 73
      vertex -2.142088309182241 3.092171797053056 72.48185697991197
    endloop
  endfacet
  facet normal -0.4160372122836821 0.5726260972304341 0.7064080908128558
    outer loop
      vertex -1.7414370836817394 2.7440657578815486 73
      vertex -1.9975600621723208 3.147650993126879 72.52200416087699
      vertex -2.142088309182241 3.092171797053056 72.48185697991197
    endloop
  endfacet
  facet normal 0 0 1
    outer loop
      vertex -2.369148039119588 2.224778094268238 73
      vertex -0.6089892724036049 3.1924335648682383 73
      vertex -1.7414370836817394 2.7440657578815486 73
    endloop
  endfacet
  facet normal -0.34098755421130855 0.6202540585172562 0.7064080908128543
    outer loop
      vertex -1.7414370836817394 2.7440657578815486 73
      vertex -1.3837826975864864 2.9406879205145633 73
      vertex -1.85 3.204293994002423 72.54349753519874
    endloop
  endfacet
  facet normal 0 0 1
    outer loop
      vertex -1.7414370836817394 2.7440657578815486 73
      vertex -1.004305231718579 3.090933677959249 73
      vertex -1.3837826975864864 2.9406879205145633 73
    endloop
  endfacet
  facet normal 0 0 1
    outer loop
      vertex -1.7414370836817394 2.7440657578815486 73
      vertex -0.6089892724036049 3.1924335648682383 73
      vertex -1.004305231718579 3.090933677959249 73
    endloop
  endfacet
  facet normal -0.3409875542112955 0.6202540585172612 0.7064080908128563
    outer loop
      vertex -1.7414370836817394 2.7440657578815486 73
      vertex -1.85 3.204293994002423 72.54349753519874
      vertex -1.9975600621723208 3.147650993126879 72.52200416087699
    endloop
  endfacet
  facet normal -0.3409875542113 0.6202540585172652 0.7064080908128507
    outer loop
      vertex -1.3837826975864864 2.9406879205145633 73
      vertex -1.6068551745226058 3.4011887914280035 72.48798367804521
      vertex -1.85 3.204293994002423 72.54349753519874
    endloop
  endfacet
  facet normal -0.34098755421204496 0.6202540585168784 0.7064080908128306
    outer loop
      vertex -1.3837826975864864 2.9406879205145633 73
      vertex -1.603157392158742 3.4068828769339286 72.48476898966626
      vertex -1.6068551745226058 3.4011887914280035 72.48798367804521
    endloop
  endfacet
  facet normal -0.26056031871295765 0.6581002427794255 0.7064080908128552
    outer loop
      vertex -1.3837826975864864 2.9406879205145633 73
      vertex -1.4364545423573993 3.6635827547110615 72.30711232655023
      vertex -1.603157392158742 3.4068828769339286 72.48476898966626
    endloop
  endfacet
  facet normal -0.26056031871294777 0.6581002427794277 0.7064080908128568
    outer loop
      vertex -1.3837826975864864 2.9406879205145633 73
      vertex -1.251518827218537 3.8517788909953716 72.2
      vertex -1.4364545423573993 3.6635827547110615 72.30711232655023
    endloop
  endfacet
  facet normal -0.26056031871295504 0.6581002427794269 0.7064080908128548
    outer loop
      vertex -1.3837826975864864 2.9406879205145633 73
      vertex -1.004305231718579 3.090933677959249 73
      vertex -1.251518827218537 3.8517788909953716 72.2
    endloop
  endfacet
  facet normal -0.2605603187129576 0.6581002427794327 0.7064080908128486
    outer loop
      vertex -1.251518827218537 3.8517788909953716 72.2
      vertex -1.4019909108399538 3.7922027785475 72.2
      vertex -1.4364545423573993 3.6635827547110615 72.30711232655023
    endloop
  endfacet
  facet normal 0 0 1
    outer loop
      vertex -0.6089892724036049 3.1924335648682383 73
      vertex -0.6599579019258627 1.4024819313223302 73
      vertex -0.47897634128116845 1.474137600257488 73
    endloop
  endfacet
  facet normal 0 0 1
    outer loop
      vertex -0.6089892724036049 3.1924335648682383 73
      vertex -0.47897634128116845 1.474137600257488 73
      vertex -0.2904410376078731 1.5225452386294676 73
    endloop
  endfacet
  facet normal 0 0 1
    outer loop
      vertex -0.6089892724036049 3.1924335648682383 73
      vertex -0.2904410376078731 1.5225452386294676 73
      vertex -0.09732530527043558 1.546941429063821 73
    endloop
  endfacet
  facet normal 0 0 1
    outer loop
      vertex -0.6089892724036049 3.1924335648682383 73
      vertex -0.09732530527043558 1.546941429063821 73
      vertex 0.09732530527043559 1.546941429063821 73
    endloop
  endfacet
  facet normal 0 0 1
    outer loop
      vertex -0.6089892724036049 3.1924335648682383 73
      vertex 0.09732530527043559 1.546941429063821 73
      vertex 0.2904410376078731 1.5225452386294676 73
    endloop
  endfacet
  facet normal -0.17602389133730995 0.6855677930829368 0.7064080908128548
    outer loop
      vertex -1.251518827218537 3.8517788909953716 72.2
      vertex -1.004305231718579 3.090933677959249 73
      vertex -0.6089892724036049 3.1924335648682383 73
    endloop
  endfacet
  facet normal -0.08871146204369834 0.7022235297511805 0.7064080908128547
    outer loop
      vertex -0.6089892724036049 3.1924335648682383 73
      vertex -0.20406918847026814 3.2435868673918824 73
      vertex -0.7588943240721845 3.978263365451189 72.2
    endloop
  endfacet
  facet normal -0.17602389133730983 0.6855677930829368 0.7064080908128546
    outer loop
      vertex -1.251518827218537 3.8517788909953716 72.2
      vertex -0.6089892724036049 3.1924335648682383 73
      vertex -0.7588943240721845 3.978263365451189 72.2
    endloop
  endfacet
  facet normal 0 0 1
    outer loop
      vertex -0.6089892724036049 3.1924335648682383 73
      vertex 0.20406918847026814 3.2435868673918824 73
      vertex -0.20406918847026814 3.2435868673918824 73
    endloop
  endfacet
  facet normal 0 0.7078047818672444 0.7064080908128549
    outer loop
      vertex -0.20406918847026814 3.2435868673918824 73
      vertex 0.20406918847026814 3.2435868673918824 73
      vertex -0.25430160409371877 4.0420082501345 72.2
    endloop
  endfacet
  facet normal -0.088711462043699 0.7022235297511803 0.7064080908128549
    outer loop
      vertex -0.7588943240721845 3.978263365451189 72.2
      vertex -0.20406918847026814 3.2435868673918824 73
      vertex -0.25430160409371877 4.0420082501345 72.2
    endloop
  endfacet
  facet normal 0 -0.7078047818672456 -0.7064080908128536
    outer loop
      vertex -0.20406918847026972 -3.2435868673918824 0
      vertex 0.20406918847026972 -3.2435868673918824 0
      vertex 0.2543016040937207 -4.0420082501345 0.8
    endloop
  endfacet
  facet normal 0 0 -1
    outer loop
      vertex -0.20406918847026972 -3.2435868673918824 0
      vertex 0.6089892724036057 -3.192433564868238 0
      vertex 0.20406918847026972 -3.2435868673918824 0
    endloop
  endfacet
  facet normal 0.08871146204369951 -0.7022235297511814 -0.7064080908128536
    outer loop
      vertex 0.2543016040937207 -4.0420082501345 0.8
      vertex 0.20406918847026972 -3.2435868673918824 0
      vertex 0.6089892724036057 -3.192433564868238 0
    endloop
  endfacet
  facet normal 0.08871146204369994 -0.7022235297511815 -0.7064080908128535
    outer loop
      vertex 0.2543016040937207 -4.0420082501345 0.8
      vertex 0.6089892724036057 -3.192433564868238 0
      vertex 0.7588943240721855 -3.9782633654511885 0.8
    endloop
  endfacet
  facet normal 0.17602389133730992 -0.6855677930829381 -0.7064080908128535
    outer loop
      vertex 0.7588943240721855 -3.9782633654511885 0.8
      vertex 0.6089892724036057 -3.192433564868238 0
      vertex 1.251518827218537 -3.8517788909953716 0.8
    endloop
  endfacet
  facet normal 0.17602389133731 -0.685567793082938 -0.7064080908128535
    outer loop
      vertex 0.6089892724036057 -3.192433564868238 0
      vertex 1.004305231718579 -3.090933677959249 0
      vertex 1.251518827218537 -3.8517788909953716 0.8
    endloop
  endfacet
  facet normal 0 0 -1
    outer loop
      vertex 0.6089892724036057 -3.192433564868238 0
      vertex 1.3837826975864855 -2.9406879205145637 0
      vertex 1.004305231718579 -3.090933677959249 0
    endloop
  endfacet
  facet normal 0 0 -1
    outer loop
      vertex -1.3837826975864855 -2.9406879205145637 0
      vertex 2.369148039119588 -2.224778094268238 0
      vertex 0.6089892724036057 -3.192433564868238 0
    endloop
  endfacet
  facet normal 0.2605603187129554 -0.6581002427794281 -0.7064080908128536
    outer loop
      vertex 1.004305231718579 -3.090933677959249 0
      vertex 1.3837826975864855 -2.9406879205145637 0
      vertex 1.251518827218537 -3.8517788909953716 0.8
    endloop
  endfacet
  facet normal 0.2605603187129558 -0.6581002427794281 -0.7064080908128535
    outer loop
      vertex 1.251518827218537 -3.8517788909953716 0.8
      vertex 1.3837826975864855 -2.9406879205145637 0
      vertex 1.4019909108399538 -3.7922027785475 0.8
    endloop
  endfacet
  facet normal 0.260560318712957 -0.6581002427794279 -0.7064080908128532
    outer loop
      vertex 1.3837826975864855 -2.9406879205145637 0
      vertex 1.4364545423573993 -3.6635827547110615 0.6928876734497793
      vertex 1.4019909108399538 -3.7922027785475 0.8
    endloop
  endfacet
  facet normal 0.26056031871295604 -0.6581002427794281 -0.7064080908128533
    outer loop
      vertex 1.3837826975864855 -2.9406879205145637 0
      vertex 1.6031573921587414 -3.40688287693393 0.5152310103337392
      vertex 1.4364545423573993 -3.6635827547110615 0.6928876734497793
    endloop
  endfacet
  facet normal 0.34098755421132027 -0.6202540585172499 -0.7064080908128543
    outer loop
      vertex 1.3837826975864855 -2.9406879205145637 0
      vertex 1.6068551745226058 -3.4011887914280035 0.5120163219547851
      vertex 1.6031573921587414 -3.40688287693393 0.5152310103337392
    endloop
  endfacet
  facet normal 0.3409875542113087 -0.6202540585172575 -0.7064080908128532
    outer loop
      vertex 1.3837826975864855 -2.9406879205145637 0
      vertex 1.85 -3.204293994002423 0.45650246480126233
      vertex 1.6068551745226058 -3.4011887914280035 0.5120163219547851
    endloop
  endfacet
  facet normal 0.3409875542113082 -0.6202540585172575 -0.7064080908128535
    outer loop
      vertex 1.7414370836817377 -2.7440657578815495 0
      vertex 1.9975600621723186 -3.14765099312688 0.47799583912301513
      vertex 1.85 -3.204293994002423 0.45650246480126233
    endloop
  endfacet
  facet normal 0.3681245526846779 -0.9297764858882515 0
    outer loop
      vertex 1.251518827218537 -3.8517788909953716 0.8
      vertex 1.4019909108399538 -3.7922027785475 0.8
      vertex 1.4019909108399538 -3.7922027785475 28.6
    endloop
  endfacet
  facet normal 0 0 -1
    outer loop
      vertex 0.6089892724036057 -3.192433564868238 0
      vertex 2.369148039119588 -2.224778094268238 0
      vertex 1.3837826975864855 -2.9406879205145637 0
    endloop
  endfacet
  facet normal 0 0 -1
    outer loop
      vertex -1.3837826975864855 -2.9406879205145637 0
      vertex 2.8479967101425565 -1.5656994408305749 0
      vertex 2.369148039119588 -2.224778094268238 0
    endloop
  endfacet
  facet normal 0.34098755421130905 -0.6202540585172571 -0.7064080908128534
    outer loop
      vertex 1.3837826975864855 -2.9406879205145637 0
      vertex 1.7414370836817377 -2.7440657578815495 0
      vertex 1.85 -3.204293994002423 0.45650246480126233
    endloop
  endfacet
  facet normal 0.4160372122836572 -0.572626097230455 -0.7064080908128534
    outer loop
      vertex 1.7414370836817377 -2.7440657578815495 0
      vertex 2.142088309182241 -3.092171797053056 0.5181430200880309
      vertex 1.9975600621723186 -3.14765099312688 0.47799583912301513
    endloop
  endfacet
  facet normal 0 0 -1
    outer loop
      vertex 1.3837826975864855 -2.9406879205145637 0
      vertex 2.369148039119588 -2.224778094268238 0
      vertex 1.7414370836817377 -2.7440657578815495 0
    endloop
  endfacet
  facet normal 0.12533323356430565 -0.9921147013144777 0
    outer loop
      vertex 0.2543016040937207 -4.0420082501345 0.8
      vertex 0.7588943240721855 -3.9782633654511885 0.8
      vertex 0.7588943240721855 -3.9782633654511885 72.2
    endloop
  endfacet
  facet normal 0.2486898871648547 -0.9685831611286313 0
    outer loop
      vertex 0.7588943240721855 -3.9782633654511885 0.8
      vertex 1.251518827218537 -3.8517788909953716 0.8
      vertex 0.7588943240721855 -3.9782633654511885 72.2
    endloop
  endfacet
  facet normal 0.3681245526846778 -0.9297764858882515 0
    outer loop
      vertex 1.251518827218537 -3.8517788909953716 0.8
      vertex 1.4019909108399538 -3.7922027785475 28.6
      vertex 1.4019909108399538 -3.7922027785475 47.4
    endloop
  endfacet
  facet normal 0.36812455268467836 -0.9297764858882512 0
    outer loop
      vertex 1.4019909108399538 -3.7922027785475 28.6
      vertex 1.7244061308385432 -3.664549562487379 28.6
      vertex 1.4019909108399538 -3.7922027785475 47.4
    endloop
  endfacet
  facet normal 0.4817536741017147 -0.8763066800438639 0
    outer loop
      vertex 1.7244061308385432 -3.664549562487379 47.4
      vertex 1.7244061308385432 -3.664549562487379 28.6
      vertex 2.1700985196649345 -3.4195280982831617 28.6
    endloop
  endfacet
  facet normal 0 0 -1
    outer loop
      vertex -1.3837826975864855 -2.9406879205145637 0
      vertex 0.6599579019258623 -1.4024819313223305 0
      vertex 0.8305315322174441 -1.3087082845281237 0
    endloop
  endfacet
  facet normal 0 0 -1
    outer loop
      vertex -1.3837826975864855 -2.9406879205145637 0
      vertex 0.8305315322174441 -1.3087082845281237 0
      vertex 0.9880071841104695 -1.194295526302473 0
    endloop
  endfacet
  facet normal 0 0 -1
    outer loop
      vertex -1.3837826975864855 -2.9406879205145637 0
      vertex 0.9880071841104695 -1.194295526302473 0
      vertex 3.25 0 0
    endloop
  endfacet
  facet normal 0 0 -1
    outer loop
      vertex -1.3837826975864855 -2.9406879205145637 0
      vertex 3.25 0 0
      vertex 2.8479967101425565 -1.5656994408305749 0
    endloop
  endfacet
  facet normal 0 0 -1
    outer loop
      vertex 3.25 0 0
      vertex 0.9880071841104695 -1.194295526302473 0
      vertex 1.1299013725031881 -1.0610480141894671 0
    endloop
  endfacet
  facet normal 0 0 -1
    outer loop
      vertex 3.25 0 0
      vertex 1.1299013725031881 -1.0610480141894671 0
      vertex 1.2539763412811686 -0.9110671410533333 0
    endloop
  endfacet
  facet normal 0 0 -1
    outer loop
      vertex 3.25 0 0
      vertex 1.2539763412811686 -0.9110671410533333 0
      vertex 1.3582753540679884 -0.7467181948576589 0
    endloop
  endfacet
  facet normal 0 0 -1
    outer loop
      vertex 3.25 0 0
      vertex 1.3582753540679884 -0.7467181948576589 0
      vertex 1.4411535531267894 -0.5705930566612514 0
    endloop
  endfacet
  facet normal 0.4160372122836571 -0.572626097230455 -0.7064080908128535
    outer loop
      vertex 1.7414370836817377 -2.7440657578815495 0
      vertex 2.4545284632676534 -3.075797502418588 0.6888805637944596
      vertex 2.142088309182241 -3.092171797053056 0.5181430200880309
    endloop
  endfacet
  facet normal 0.4160372122836577 -0.5726260972304543 -0.7064080908128537
    outer loop
      vertex 1.7414370836817377 -2.7440657578815495 0
      vertex 2.0716279666832422 -2.504168039021314 0
      vertex 2.4545284632676534 -3.075797502418588 0.6888805637944596
    endloop
  endfacet
  facet normal 0.4160372122836601 -0.5726260972304525 -0.7064080908128538
    outer loop
      vertex 2.0716279666832422 -2.504168039021314 0
      vertex 2.5701505743873523 -3.106778353720293 0.7820894972915237
      vertex 2.4545284632676534 -3.075797502418588 0.6888805637944596
    endloop
  endfacet
  facet normal 0.4845257149897094 -0.515967480320078 -0.7064080908128536
    outer loop
      vertex 2.0716279666832422 -2.504168039021314 0
      vertex 2.369148039119588 -2.224778094268238 0
      vertex 2.5701505743873523 -3.106778353720293 0.7820894972915237
    endloop
  endfacet
  facet normal 0 0 -1
    outer loop
      vertex 1.7414370836817377 -2.7440657578815495 0
      vertex 2.369148039119588 -2.224778094268238 0
      vertex 2.0716279666832422 -2.504168039021314 0
    endloop
  endfacet
  facet normal 0.4845257149897057 -0.5159674803200726 -0.7064080908128602
    outer loop
      vertex 2.952322941056717 -2.7724157790111885 0.8
      vertex 2.590466173337397 -3.112221902052712 0.8
      vertex 2.5701505743873523 -3.106778353720293 0.7820894972915237
    endloop
  endfacet
  facet normal 0.48452571498971 -0.5159674803200777 -0.7064080908128534
    outer loop
      vertex 2.369148039119588 -2.224778094268238 0
      vertex 2.952322941056717 -2.7724157790111885 0.8
      vertex 2.5701505743873523 -3.106778353720293 0.7820894972915237
    endloop
  endfacet
  facet normal 0.545372957728742 -0.4511717480210204 -0.7064080908128536
    outer loop
      vertex 2.369148039119588 -2.224778094268238 0
      vertex 2.629305231718579 -1.9103020699505378 0
      vertex 3.276518827218537 -2.380530271784516 0.8
    endloop
  endfacet
  facet normal 0.5453729577287417 -0.4511717480210208 -0.7064080908128535
    outer loop
      vertex 2.369148039119588 -2.224778094268238 0
      vertex 3.276518827218537 -2.380530271784516 0.8
      vertex 2.952322941056717 -2.7724157790111885 0.8
    endloop
  endfacet
  facet normal 0.6845471059286892 -0.728968627421411 0
    outer loop
      vertex 2.952322941056717 -2.7724157790111885 0.8
      vertex 2.590466173337397 -3.112221902052712 28.6
      vertex 2.590466173337397 -3.112221902052712 0.8
    endloop
  endfacet
  facet normal 0.5877852522924724 -0.8090169943749478 0
    outer loop
      vertex 2.1700985196649345 -3.4195280982831617 28.6
      vertex 2.581567158482194 -3.1205786332419456 28.6
      vertex 2.1700985196649345 -3.4195280982831617 47.4
    endloop
  endfacet
  facet normal 0.6845471059286786 -0.7289686274214209 0
    outer loop
      vertex 2.581567158482194 -3.1205786332419456 28.6
      vertex 2.590466173337397 -3.112221902052712 28.6
      vertex 2.590466173337397 -3.112221902052712 47.4
    endloop
  endfacet
  facet normal 0.6845471059286891 -0.728968627421411 0
    outer loop
      vertex 2.952322941056717 -2.7724157790111885 0.8
      vertex 2.590466173337397 -3.112221902052712 47.4
      vertex 2.590466173337397 -3.112221902052712 28.6
    endloop
  endfacet
  facet normal 0.7705132427757894 -0.6374239897486896 0
    outer loop
      vertex 2.952322941056717 -2.7724157790111885 0.8
      vertex 3.276518827218537 -2.380530271784516 0.8
      vertex 3.276518827218537 -2.380530271784516 72.2
    endloop
  endfacet
  facet normal 0.8443279255020154 -0.535826794978996 0
    outer loop
      vertex 3.276518827218537 -2.380530271784516 0.8
      vertex 3.549042054177647 -1.9511023801119471 0.8
      vertex 3.549042054177647 -1.9511023801119471 72.2
    endloop
  endfacet
  facet normal 0 0 -1
    outer loop
      vertex 2.369148039119588 -2.224778094268238 0
      vertex 2.8479967101425565 -1.5656994408305749 0
      vertex 2.629305231718579 -1.9103020699505378 0
    endloop
  endfacet
  facet normal 0.5976193431343778 -0.3792607677387341 -0.7064080908128536
    outer loop
      vertex 3.276518827218537 -2.380530271784516 0.8
      vertex 2.629305231718579 -1.9103020699505378 0
      vertex 2.8479967101425565 -1.5656994408305749 0
    endloop
  endfacet
  facet normal 0 0 -1
    outer loop
      vertex 2.8479967101425565 -1.5656994408305749 0
      vertex 3.1478952736680514 -0.8082421332857769 0
      vertex 3.0217735791368163 -1.1964047962252047 0
    endloop
  endfacet
  facet normal 0 0 -1
    outer loop
      vertex 3.25 0 0
      vertex 1.4411535531267894 -0.5705930566612514 0
      vertex 1.5013038997493784 -0.3854693251055244 0
    endloop
  endfacet
  facet normal 0 0 -1
    outer loop
      vertex 3.25 0 0
      vertex 1.5013038997493784 -0.3854693251055244 0
      vertex 1.5377777870374407 -0.1942665120246713 0
    endloop
  endfacet
  facet normal 0 0 -1
    outer loop
      vertex 3.25 0 0
      vertex 1.5377777870374407 -0.1942665120246713 0
      vertex 1.55 0 0
    endloop
  endfacet
  facet normal 0.5976193431343781 -0.37926076773873374 -0.7064080908128534
    outer loop
      vertex 3.276518827218537 -2.380530271784516 0.8
      vertex 2.8479967101425565 -1.5656994408305749 0
      vertex 3.549042054177647 -1.9511023801119471 0.8
    endloop
  endfacet
  facet normal 0.6404409144982939 -0.30136861858980724 -0.7064080908128534
    outer loop
      vertex 2.8479967101425565 -1.5656994408305749 0
      vertex 3.7655947678474173 -1.4909044383729473 0.8
      vertex 3.549042054177647 -1.9511023801119471 0.8
    endloop
  endfacet
  facet normal 0.6404409144982939 -0.30136861858980657 -0.7064080908128536
    outer loop
      vertex 2.8479967101425565 -1.5656994408305749 0
      vertex 3.0217735791368163 -1.1964047962252047 0
      vertex 3.7655947678474173 -1.4909044383729473 0.8
    endloop
  endfacet
  facet normal 0.6731623500597136 -0.2187237062968319 -0.7064080908128535
    outer loop
      vertex 3.0217735791368163 -1.1964047962252047 0
      vertex 3.1478952736680514 -0.8082421332857769 0
      vertex 3.7655947678474173 -1.4909044383729473 0.8
    endloop
  endfacet
  facet normal 0.6731623500597137 -0.2187237062968318 -0.7064080908128535
    outer loop
      vertex 3.7655947678474173 -1.4909044383729473 0.8
      vertex 3.1478952736680514 -0.8082421332857769 0
      vertex 3.9227618025709563 -1.0071940430176605 0.8
    endloop
  endfacet
  facet normal 0 0 -1
    outer loop
      vertex 2.8479967101425565 -1.5656994408305749 0
      vertex 3.25 0 0
      vertex 3.1478952736680514 -0.8082421332857769 0
    endloop
  endfacet
  facet normal 0.6952676132329959 -0.13262939049634617 -0.7064080908128538
    outer loop
      vertex 3.1478952736680514 -0.8082421332857769 0
      vertex 3.224372779272053 -0.40733300908398823 0
      vertex 3.8909830056250527 -0.5877852522924731 0.6899776183236325
    endloop
  endfacet
  facet normal 0 0 -1
    outer loop
      vertex 3.1478952736680514 -0.8082421332857769 0
      vertex 3.25 0 0
      vertex 3.224372779272053 -0.40733300908398823 0
    endloop
  endfacet
  facet normal 0.7064080908128534 -0.044443429978776816 -0.7064080908128538
    outer loop
      vertex 3.224372779272053 -0.40733300908398823 0
      vertex 3.25 0 0
      vertex 3.838572845639568 -0.4849245217097546 0.6190817105660721
    endloop
  endfacet
  facet normal 0.695267613232996 -0.1326293904963464 -0.7064080908128536
    outer loop
      vertex 3.1478952736680514 -0.8082421332857769 0
      vertex 3.9848602635890087 -0.6816625102564293 0.8
      vertex 3.9227618025709563 -1.0071940430176605 0.8
    endloop
  endfacet
  facet normal 0.695267613232996 -0.1326293904963478 -0.7064080908128533
    outer loop
      vertex 3.1478952736680514 -0.8082421332857769 0
      vertex 3.8909830056250527 -0.5877852522924731 0.6899776183236325
      vertex 3.9848602635890087 -0.6816625102564293 0.8
    endloop
  endfacet
  facet normal 0.6952676132329959 -0.13262939049634634 -0.7064080908128537
    outer loop
      vertex 3.224372779272053 -0.40733300908398823 0
      vertex 3.838572845639568 -0.4849245217097546 0.6190817105660721
      vertex 3.8909830056250527 -0.5877852522924731 0.6899776183236325
    endloop
  endfacet
  facet normal 0.7064080908128536 -0.0444434299787765 -0.7064080908128536
    outer loop
      vertex 3.25 0 0
      vertex 3.7489434837048465 -0.3090169943749474 0.5183851850816692
      vertex 3.838572845639568 -0.4849245217097546 0.6190817105660721
    endloop
  endfacet
  facet normal 0.7064080908128537 -0.044443429978776094 -0.7064080908128535
    outer loop
      vertex 3.25 0 0
      vertex 3.7 0 0.4500000000000003
      vertex 3.7489434837048465 -0.3090169943749474 0.5183851850816692
    endloop
  endfacet
  facet normal 0.9822872507286887 -0.1873813145857245 0
    outer loop
      vertex 3.9227618025709563 -1.0071940430176605 0.8
      vertex 3.9848602635890087 -0.6816625102564293 0.8
      vertex 3.9848602635890087 -0.6816625102564293 28.6
    endloop
  endfacet
  facet normal 0.9048270524660192 -0.42577929156507327 0
    outer loop
      vertex 3.549042054177647 -1.9511023801119471 0.8
      vertex 3.7655947678474173 -1.4909044383729473 0.8
      vertex 3.549042054177647 -1.9511023801119471 72.2
    endloop
  endfacet
  facet normal 0.9510565162951534 -0.30901699437494773 0
    outer loop
      vertex 3.7655947678474173 -1.4909044383729473 0.8
      vertex 3.9227618025709563 -1.0071940430176605 0.8
      vertex 3.9227618025709563 -1.0071940430176605 72.2
    endloop
  endfacet
  facet normal 0.9822872507286887 -0.18738131458572446 0
    outer loop
      vertex 3.9227618025709563 -1.0071940430176605 0.8
      vertex 3.9848602635890087 -0.6816625102564293 28.6
      vertex 3.9227618025709563 -1.0071940430176605 72.2
    endloop
  endfacet
  facet normal 0.9822872507286886 -0.18738131458572557 0
    outer loop
      vertex 4.0180645403236355 -0.5075995959354315 28.6
      vertex 4.0180645403236355 -0.5075995959354315 47.4
      vertex 3.9848602635890087 -0.6816625102564293 28.6
    endloop
  endfacet
  facet normal 0.9980267284282717 -0.06279051952931262 0
    outer loop
      vertex 4.0180645403236355 -0.5075995959354315 28.6
      vertex 4.05 0 28.6
      vertex 4.0180645403236355 -0.5075995959354315 47.4
    endloop
  endfacet
  facet normal 0 -1 0
    outer loop
      vertex -0.2543016040937207 -4.0420082501345 72.2
      vertex 0.2543016040937207 -4.0420082501345 0.8
      vertex 0.2543016040937207 -4.0420082501345 72.2
    endloop
  endfacet
  facet normal 0.12533323356430565 -0.9921147013144777 0
    outer loop
      vertex 0.2543016040937207 -4.0420082501345 0.8
      vertex 0.7588943240721855 -3.9782633654511885 72.2
      vertex 0.2543016040937207 -4.0420082501345 72.2
    endloop
  endfacet
  facet normal 0.36812455268467786 -0.9297764858882515 0
    outer loop
      vertex 1.251518827218537 -3.8517788909953716 0.8
      vertex 1.4019909108399538 -3.7922027785475 47.4
      vertex 1.251518827218537 -3.8517788909953716 72.2
    endloop
  endfacet
  facet normal 0.36812455268467836 -0.9297764858882512 0
    outer loop
      vertex 1.7244061308385432 -3.664549562487379 47.4
      vertex 1.4019909108399538 -3.7922027785475 47.4
      vertex 1.7244061308385432 -3.664549562487379 28.6
    endloop
  endfacet
  facet normal 0.4817536741017147 -0.8763066800438639 0
    outer loop
      vertex 2.1700985196649345 -3.4195280982831617 28.6
      vertex 2.1700985196649345 -3.4195280982831617 47.4
      vertex 1.7244061308385432 -3.664549562487379 47.4
    endloop
  endfacet
  facet normal 0.2486898871648547 -0.9685831611286313 0
    outer loop
      vertex 1.251518827218537 -3.8517788909953716 0.8
      vertex 1.251518827218537 -3.8517788909953716 72.2
      vertex 0.7588943240721855 -3.9782633654511885 72.2
    endloop
  endfacet
  facet normal 0 -0.7078047818672443 0.7064080908128549
    outer loop
      vertex -0.2543016040937207 -4.0420082501345 72.2
      vertex 0.2543016040937207 -4.0420082501345 72.2
      vertex 0.20406918847026972 -3.2435868673918824 73
    endloop
  endfacet
  facet normal 0.08871146204369974 -0.7022235297511801 0.7064080908128549
    outer loop
      vertex 0.2543016040937207 -4.0420082501345 72.2
      vertex 0.7588943240721855 -3.9782633654511885 72.2
      vertex 0.20406918847026972 -3.2435868673918824 73
    endloop
  endfacet
  facet normal 0 0 1
    outer loop
      vertex -0.20406918847026972 -3.2435868673918824 73
      vertex 0.20406918847026972 -3.2435868673918824 73
      vertex 0.6089892724036057 -3.192433564868238 73
    endloop
  endfacet
  facet normal 0.17602389133730958 -0.6855677930829369 0.7064080908128547
    outer loop
      vertex 0.7588943240721855 -3.9782633654511885 72.2
      vertex 1.251518827218537 -3.8517788909953716 72.2
      vertex 0.6089892724036057 -3.192433564868238 73
    endloop
  endfacet
  facet normal 0.0887114620436993 -0.7022235297511804 0.7064080908128547
    outer loop
      vertex 0.20406918847026972 -3.2435868673918824 73
      vertex 0.7588943240721855 -3.9782633654511885 72.2
      vertex 0.6089892724036057 -3.192433564868238 73
    endloop
  endfacet
  facet normal 0.1760238913373097 -0.6855677930829368 0.7064080908128548
    outer loop
      vertex 0.6089892724036057 -3.192433564868238 73
      vertex 1.251518827218537 -3.8517788909953716 72.2
      vertex 1.004305231718579 -3.090933677959249 73
    endloop
  endfacet
  facet normal 0 0 1
    outer loop
      vertex 0.6089892724036057 -3.192433564868238 73
      vertex 1.004305231718579 -3.090933677959249 73
      vertex 1.3837826975864855 -2.9406879205145637 73
    endloop
  endfacet
  facet normal 0 0 1
    outer loop
      vertex 0.6089892724036057 -3.192433564868238 73
      vertex -0.09732530527043634 -1.546941429063821 73
      vertex -0.2904410376078735 -1.5225452386294673 73
    endloop
  endfacet
  facet normal 0 0 1
    outer loop
      vertex 0.6089892724036057 -3.192433564868238 73
      vertex 0.09732530527043634 -1.546941429063821 73
      vertex -0.09732530527043634 -1.546941429063821 73
    endloop
  endfacet
  facet normal 0 0 1
    outer loop
      vertex 0.6089892724036057 -3.192433564868238 73
      vertex 0.2904410376078735 -1.5225452386294673 73
      vertex 0.09732530527043634 -1.546941429063821 73
    endloop
  endfacet
  facet normal 0 0 1
    outer loop
      vertex 0.6089892724036057 -3.192433564868238 73
      vertex 0.47897634128116845 -1.474137600257488 73
      vertex 0.2904410376078735 -1.5225452386294673 73
    endloop
  endfacet
  facet normal 0 0 1
    outer loop
      vertex 0.6089892724036057 -3.192433564868238 73
      vertex 0.6599579019258623 -1.4024819313223305 73
      vertex 0.47897634128116845 -1.474137600257488 73
    endloop
  endfacet
  facet normal 0.3681245526846779 -0.9297764858882515 0
    outer loop
      vertex 1.251518827218537 -3.8517788909953716 72.2
      vertex 1.4019909108399538 -3.7922027785475 47.4
      vertex 1.4019909108399538 -3.7922027785475 72.2
    endloop
  endfacet
  facet normal 0.2605603187129576 -0.6581002427794327 0.7064080908128486
    outer loop
      vertex 1.251518827218537 -3.8517788909953716 72.2
      vertex 1.4019909108399538 -3.7922027785475 72.2
      vertex 1.4364545423573993 -3.6635827547110615 72.30711232655023
    endloop
  endfacet
  facet normal 0.260560318712955 -0.658100242779427 0.7064080908128549
    outer loop
      vertex 1.004305231718579 -3.090933677959249 73
      vertex 1.251518827218537 -3.8517788909953716 72.2
      vertex 1.3837826975864855 -2.9406879205145637 73
    endloop
  endfacet
  facet normal 0.2605603187129479 -0.6581002427794277 0.7064080908128568
    outer loop
      vertex 1.251518827218537 -3.8517788909953716 72.2
      vertex 1.4364545423573993 -3.6635827547110615 72.30711232655023
      vertex 1.3837826975864855 -2.9406879205145637 73
    endloop
  endfacet
  facet normal 0.26056031871295426 -0.6581002427794262 0.7064080908128557
    outer loop
      vertex 1.3837826975864855 -2.9406879205145637 73
      vertex 1.4364545423573993 -3.6635827547110615 72.30711232655023
      vertex 1.6031573921587414 -3.40688287693393 72.48476898966626
    endloop
  endfacet
  facet normal 0.34098755421213833 -0.6202540585168307 0.7064080908128275
    outer loop
      vertex 1.3837826975864855 -2.9406879205145637 73
      vertex 1.6031573921587414 -3.40688287693393 72.48476898966626
      vertex 1.6068551745226058 -3.4011887914280035 72.48798367804521
    endloop
  endfacet
  facet normal 0.3409875542112999 -0.6202540585172651 0.7064080908128508
    outer loop
      vertex 1.3837826975864855 -2.9406879205145637 73
      vertex 1.6068551745226058 -3.4011887914280035 72.48798367804521
      vertex 1.85 -3.204293994002423 72.54349753519874
    endloop
  endfacet
  facet normal 0.34098755421135485 -0.6202540585172386 0.7064080908128476
    outer loop
      vertex 1.7414370836817377 -2.7440657578815495 73
      vertex 1.85 -3.204293994002423 72.54349753519874
      vertex 1.9975600621723186 -3.14765099312688 72.52200416087697
    endloop
  endfacet
  facet normal 0 0 1
    outer loop
      vertex 0.6089892724036057 -3.192433564868238 73
      vertex 1.3837826975864855 -2.9406879205145637 73
      vertex 2.369148039119588 -2.224778094268238 73
    endloop
  endfacet
  facet normal 0.34098755421130855 -0.6202540585172561 0.7064080908128544
    outer loop
      vertex 1.3837826975864855 -2.9406879205145637 73
      vertex 1.85 -3.204293994002423 72.54349753519874
      vertex 1.7414370836817377 -2.7440657578815495 73
    endloop
  endfacet
  facet normal 0.41603721228362694 -0.5726260972304845 0.7064080908128474
    outer loop
      vertex 1.7414370836817377 -2.7440657578815495 73
      vertex 1.9975600621723186 -3.14765099312688 72.52200416087697
      vertex 2.142088309182241 -3.092171797053056 72.48185697991197
    endloop
  endfacet
  facet normal 0 0 1
    outer loop
      vertex 1.3837826975864855 -2.9406879205145637 73
      vertex 1.7414370836817377 -2.7440657578815495 73
      vertex 2.369148039119588 -2.224778094268238 73
    endloop
  endfacet
  facet normal 0 0 1
    outer loop
      vertex 0.6089892724036057 -3.192433564868238 73
      vertex 2.369148039119588 -2.224778094268238 73
      vertex 2.629305231718579 -1.9103020699505378 73
    endloop
  endfacet
  facet normal 0 0 1
    outer loop
      vertex 0.6089892724036057 -3.192433564868238 73
      vertex 0.8305315322174441 -1.3087082845281237 73
      vertex 0.6599579019258623 -1.4024819313223305 73
    endloop
  endfacet
  facet normal 0 0 1
    outer loop
      vertex 0.6089892724036057 -3.192433564868238 73
      vertex 0.9880071841104695 -1.194295526302473 73
      vertex 0.8305315322174441 -1.3087082845281237 73
    endloop
  endfacet
  facet normal 0 0 1
    outer loop
      vertex 0.6089892724036057 -3.192433564868238 73
      vertex 3.224372779272053 0.40733300908398884 73
      vertex 0.9880071841104695 -1.194295526302473 73
    endloop
  endfacet
  facet normal 0 0 1
    outer loop
      vertex 3.224372779272053 0.40733300908398884 73
      vertex 1.129901372503188 -1.0610480141894674 73
      vertex 0.9880071841104695 -1.194295526302473 73
    endloop
  endfacet
  facet normal 0 0 1
    outer loop
      vertex 3.224372779272053 0.40733300908398884 73
      vertex 1.2539763412811686 -0.9110671410533334 73
      vertex 1.129901372503188 -1.0610480141894674 73
    endloop
  endfacet
  facet normal 0 0 1
    outer loop
      vertex 3.224372779272053 0.40733300908398884 73
      vertex 1.3582753540679884 -0.7467181948576589 73
      vertex 1.2539763412811686 -0.9110671410533334 73
    endloop
  endfacet
  facet normal 0 0 1
    outer loop
      vertex 3.224372779272053 0.40733300908398884 73
      vertex 1.4411535531267894 -0.5705930566612515 73
      vertex 1.3582753540679884 -0.7467181948576589 73
    endloop
  endfacet
  facet normal 0.5877852522924724 -0.8090169943749478 0
    outer loop
      vertex 2.581567158482194 -3.1205786332419456 28.6
      vertex 2.581567158482194 -3.1205786332419456 47.4
      vertex 2.1700985196649345 -3.4195280982831617 47.4
    endloop
  endfacet
  facet normal 0.6845471059286786 -0.7289686274214209 0
    outer loop
      vertex 2.581567158482194 -3.1205786332419456 28.6
      vertex 2.590466173337397 -3.112221902052712 47.4
      vertex 2.581567158482194 -3.1205786332419456 47.4
    endloop
  endfacet
  facet normal 0.6845471059286892 -0.728968627421411 0
    outer loop
      vertex 2.952322941056717 -2.7724157790111885 0.8
      vertex 2.952322941056717 -2.7724157790111885 72.2
      vertex 2.590466173337397 -3.112221902052712 47.4
    endloop
  endfacet
  facet normal 0.7705132427757894 -0.6374239897486896 0
    outer loop
      vertex 2.952322941056717 -2.7724157790111885 0.8
      vertex 3.276518827218537 -2.380530271784516 72.2
      vertex 2.952322941056717 -2.7724157790111885 72.2
    endloop
  endfacet
  facet normal 0.8443279255020154 -0.535826794978996 0
    outer loop
      vertex 3.276518827218537 -2.380530271784516 0.8
      vertex 3.549042054177647 -1.9511023801119471 72.2
      vertex 3.276518827218537 -2.380530271784516 72.2
    endloop
  endfacet
  facet normal 0.4160372122836429 -0.5726260972304698 0.7064080908128498
    outer loop
      vertex 1.7414370836817377 -2.7440657578815495 73
      vertex 2.142088309182241 -3.092171797053056 72.48185697991197
      vertex 2.4545284632676534 -3.075797502418588 72.31111943620554
    endloop
  endfacet
  facet normal 0.41603721228365753 -0.5726260972304541 0.706408090812854
    outer loop
      vertex 1.7414370836817377 -2.7440657578815495 73
      vertex 2.5701505743873523 -3.106778353720293 72.21791050270848
      vertex 2.0716279666832422 -2.504168039021314 73
    endloop
  endfacet
  facet normal 0.416037212283729 -0.5726260972303608 0.7064080908128875
    outer loop
      vertex 1.7414370836817377 -2.7440657578815495 73
      vertex 2.4545284632676534 -3.075797502418588 72.31111943620554
      vertex 2.5701505743873523 -3.106778353720293 72.21791050270848
    endloop
  endfacet
  facet normal 0.48452571498961383 -0.5159674803201627 0.7064080908128574
    outer loop
      vertex 2.0716279666832422 -2.504168039021314 73
      vertex 2.5701505743873523 -3.106778353720293 72.21791050270848
      vertex 2.590466173337397 -3.112221902052712 72.2
    endloop
  endfacet
  facet normal 0.4845257149897085 -0.515967480320077 0.706408090812855
    outer loop
      vertex 2.0716279666832422 -2.504168039021314 73
      vertex 2.590466173337397 -3.112221902052712 72.2
      vertex 2.369148039119588 -2.224778094268238 73
    endloop
  endfacet
  facet normal 0 0 1
    outer loop
      vertex 1.7414370836817377 -2.7440657578815495 73
      vertex 2.0716279666832422 -2.504168039021314 73
      vertex 2.369148039119588 -2.224778094268238 73
    endloop
  endfacet
  facet normal 0.6845471059286892 -0.728968627421411 0
    outer loop
      vertex 2.952322941056717 -2.7724157790111885 72.2
      vertex 2.590466173337397 -3.112221902052712 72.2
      vertex 2.590466173337397 -3.112221902052712 47.4
    endloop
  endfacet
  facet normal 0.4845257149897092 -0.5159674803200764 0.7064080908128547
    outer loop
      vertex 2.369148039119588 -2.224778094268238 73
      vertex 2.590466173337397 -3.112221902052712 72.2
      vertex 2.952322941056717 -2.7724157790111885 72.2
    endloop
  endfacet
  facet normal 0.545372957728741 -0.45117174802101956 0.7064080908128548
    outer loop
      vertex 2.369148039119588 -2.224778094268238 73
      vertex 3.276518827218537 -2.380530271784516 72.2
      vertex 2.629305231718579 -1.9103020699505378 73
    endloop
  endfacet
  facet normal 0.5453729577287408 -0.45117174802102006 0.7064080908128547
    outer loop
      vertex 2.369148039119588 -2.224778094268238 73
      vertex 2.952322941056717 -2.7724157790111885 72.2
      vertex 3.276518827218537 -2.380530271784516 72.2
    endloop
  endfacet
  facet normal 0.9048270524660192 -0.42577929156507327 0
    outer loop
      vertex 3.7655947678474173 -1.4909044383729473 0.8
      vertex 3.7655947678474173 -1.4909044383729473 72.2
      vertex 3.549042054177647 -1.9511023801119471 72.2
    endloop
  endfacet
  facet normal 0.9510565162951534 -0.30901699437494773 0
    outer loop
      vertex 3.7655947678474173 -1.4909044383729473 0.8
      vertex 3.9227618025709563 -1.0071940430176605 72.2
      vertex 3.7655947678474173 -1.4909044383729473 72.2
    endloop
  endfacet
  facet normal 0.9822872507286886 -0.18738131458572557 0
    outer loop
      vertex 4.0180645403236355 -0.5075995959354315 47.4
      vertex 3.9848602635890087 -0.6816625102564293 47.4
      vertex 3.9848602635890087 -0.6816625102564293 28.6
    endloop
  endfacet
  facet normal 0.9980267284282717 -0.06279051952931262 0
    outer loop
      vertex 4.05 0 47.4
      vertex 4.0180645403236355 -0.5075995959354315 47.4
      vertex 4.05 0 28.6
    endloop
  endfacet
  facet normal 0.9822872507286888 -0.1873813145857245 0
    outer loop
      vertex 3.9227618025709563 -1.0071940430176605 72.2
      vertex 3.9848602635890087 -0.6816625102564293 28.6
      vertex 3.9848602635890087 -0.6816625102564293 47.4
    endloop
  endfacet
  facet normal 0 0 1
    outer loop
      vertex 0.6089892724036057 -3.192433564868238 73
      vertex 2.629305231718579 -1.9103020699505378 73
      vertex 3.224372779272053 0.40733300908398884 73
    endloop
  endfacet
  facet normal 0.5976193431343767 -0.37926076773873346 0.7064080908128549
    outer loop
      vertex 3.276518827218537 -2.380530271784516 72.2
      vertex 2.8479967101425565 -1.5656994408305749 73
      vertex 2.629305231718579 -1.9103020699505378 73
    endloop
  endfacet
  facet normal 0 0 1
    outer loop
      vertex 2.629305231718579 -1.9103020699505378 73
      vertex 2.8479967101425565 -1.5656994408305749 73
      vertex 3.1478952736680514 -0.8082421332857769 73
    endloop
  endfacet
  facet normal 0 0 1
    outer loop
      vertex 2.8479967101425565 -1.5656994408305749 73
      vertex 3.0217735791368163 -1.1964047962252047 73
      vertex 3.1478952736680514 -0.8082421332857769 73
    endloop
  endfacet
  facet normal 0 0 1
    outer loop
      vertex 3.224372779272053 0.40733300908398884 73
      vertex 1.5013038997493784 -0.3854693251055244 73
      vertex 1.4411535531267894 -0.5705930566612515 73
    endloop
  endfacet
  facet normal 0 0 1
    outer loop
      vertex 3.224372779272053 0.40733300908398884 73
      vertex 1.5377777870374407 -0.1942665120246713 73
      vertex 1.5013038997493784 -0.3854693251055244 73
    endloop
  endfacet
  facet normal 0 0 1
    outer loop
      vertex 2.629305231718579 -1.9103020699505378 73
      vertex 3.1478952736680514 -0.8082421332857769 73
      vertex 3.224372779272053 0.40733300908398884 73
    endloop
  endfacet
  facet normal 0.5976193431343771 -0.379260767738733 0.7064080908128546
    outer loop
      vertex 3.276518827218537 -2.380530271784516 72.2
      vertex 3.549042054177647 -1.9511023801119471 72.2
      vertex 2.8479967101425565 -1.5656994408305749 73
    endloop
  endfacet
  facet normal 0.6404409144982925 -0.30136861858980674 0.7064080908128545
    outer loop
      vertex 2.8479967101425565 -1.5656994408305749 73
      vertex 3.549042054177647 -1.9511023801119471 72.2
      vertex 3.7655947678474173 -1.4909044383729473 72.2
    endloop
  endfacet
  facet normal 0.6404409144982928 -0.301368618589806 0.7064080908128548
    outer loop
      vertex 2.8479967101425565 -1.5656994408305749 73
      vertex 3.7655947678474173 -1.4909044383729473 72.2
      vertex 3.0217735791368163 -1.1964047962252047 73
    endloop
  endfacet
  facet normal 0.6731623500597125 -0.21872370629683147 0.7064080908128549
    outer loop
      vertex 3.0217735791368163 -1.1964047962252047 73
      vertex 3.7655947678474173 -1.4909044383729473 72.2
      vertex 3.9227618025709563 -1.0071940430176605 72.2
    endloop
  endfacet
  facet normal 0.6731623500597125 -0.21872370629683155 0.7064080908128547
    outer loop
      vertex 3.0217735791368163 -1.1964047962252047 73
      vertex 3.9227618025709563 -1.0071940430176605 72.2
      vertex 3.1478952736680514 -0.8082421332857769 73
    endloop
  endfacet
  facet normal 0.6952676132329948 -0.13262939049634592 0.7064080908128547
    outer loop
      vertex 3.1478952736680514 -0.8082421332857769 73
      vertex 3.9227618025709563 -1.0071940430176605 72.2
      vertex 3.224372779272053 -0.40733300908398823 73
    endloop
  endfacet
  facet normal 0 0 1
    outer loop
      vertex 3.1478952736680514 -0.8082421332857769 73
      vertex 3.224372779272053 -0.40733300908398823 73
      vertex 3.25 0 73
    endloop
  endfacet
  facet normal 0 0 1
    outer loop
      vertex 3.1478952736680514 -0.8082421332857769 73
      vertex 3.25 0 73
      vertex 3.224372779272053 0.40733300908398884 73
    endloop
  endfacet
  facet normal 0.7064080908128536 -0.04444342997877683 0.7064080908128536
    outer loop
      vertex 3.224372779272053 -0.40733300908398823 73
      vertex 3.7489434837048465 -0.3090169943749474 72.48161481491833
      vertex 3.25 0 73
    endloop
  endfacet
  facet normal 0.9822872507286887 -0.18738131458572452 0
    outer loop
      vertex 3.9227618025709563 -1.0071940430176605 72.2
      vertex 3.9848602635890087 -0.6816625102564293 47.4
      vertex 3.9848602635890087 -0.6816625102564293 72.2
    endloop
  endfacet
  facet normal 0.6952676132329888 -0.13262939049635777 0.7064080908128585
    outer loop
      vertex 3.224372779272053 -0.40733300908398823 73
      vertex 3.9227618025709563 -1.0071940430176605 72.2
      vertex 3.8909830056250527 -0.5877852522924731 72.31002238167638
    endloop
  endfacet
  facet normal 0.695267613233014 -0.1326293904963499 0.7064080908128352
    outer loop
      vertex 3.9227618025709563 -1.0071940430176605 72.2
      vertex 3.9848602635890087 -0.6816625102564293 72.2
      vertex 3.8909830056250527 -0.5877852522924731 72.31002238167638
    endloop
  endfacet
  facet normal 0.7064080908128516 -0.0444434299787469 0.7064080908128573
    outer loop
      vertex 3.224372779272053 -0.40733300908398823 73
      vertex 3.838572845639568 -0.4849245217097546 72.38091828943394
      vertex 3.7489434837048465 -0.3090169943749474 72.48161481491833
    endloop
  endfacet
  facet normal 0.6952676132329909 -0.1326293904963485 0.7064080908128582
    outer loop
      vertex 3.224372779272053 -0.40733300908398823 73
      vertex 3.8909830056250527 -0.5877852522924731 72.31002238167638
      vertex 3.838572845639568 -0.4849245217097546 72.38091828943394
    endloop
  endfacet
  facet normal 0.7064080908128559 -0.04444342997877021 0.7064080908128517
    outer loop
      vertex 3.25 0 73
      vertex 3.7489434837048465 -0.3090169943749474 72.48161481491833
      vertex 3.7 0 72.55
    endloop
  endfacet
  facet normal 0 0 -1
    outer loop
      vertex 1.3837826975864864 2.9406879205145633 0
      vertex 0.2904410376078731 1.5225452386294676 0
      vertex 0.09732530527043558 1.546941429063821 0
    endloop
  endfacet
  facet normal 0 0 -1
    outer loop
      vertex 1.3837826975864864 2.9406879205145633 0
      vertex 0.47897634128116845 1.474137600257488 0
      vertex 0.2904410376078731 1.5225452386294676 0
    endloop
  endfacet
  facet normal 0 0 -1
    outer loop
      vertex 1.3837826975864864 2.9406879205145633 0
      vertex 0.6599579019258627 1.4024819313223302 0
      vertex 0.47897634128116845 1.474137600257488 0
    endloop
  endfacet
  facet normal 0 0 -1
    outer loop
      vertex 1.3837826975864864 2.9406879205145633 0
      vertex 0.8305315322174448 1.3087082845281235 0
      vertex 0.6599579019258627 1.4024819313223302 0
    endloop
  endfacet
  facet normal 0 0 -1
    outer loop
      vertex 3.25 0 0
      vertex 1.4411535531267896 0.5705930566612509 0
      vertex 1.3582753540679886 0.7467181948576588 0
    endloop
  endfacet
  facet normal 0 0 -1
    outer loop
      vertex 3.25 0 0
      vertex 1.3582753540679886 0.7467181948576588 0
      vertex 1.2539763412811686 0.9110671410533334 0
    endloop
  endfacet
  facet normal 0 0 -1
    outer loop
      vertex 1.3837826975864864 2.9406879205145633 0
      vertex 1.2539763412811686 0.9110671410533334 0
      vertex 1.129901372503188 1.0610480141894676 0
    endloop
  endfacet
  facet normal 0 0 -1
    outer loop
      vertex 1.3837826975864864 2.9406879205145633 0
      vertex 1.129901372503188 1.0610480141894676 0
      vertex 0.9880071841104691 1.1942955263024733 0
    endloop
  endfacet
  facet normal 0 0 -1
    outer loop
      vertex 1.3837826975864864 2.9406879205145633 0
      vertex 0.9880071841104691 1.1942955263024733 0
      vertex 0.8305315322174448 1.3087082845281235 0
    endloop
  endfacet
  facet normal 0 0 -1
    outer loop
      vertex 1.3837826975864864 2.9406879205145633 0
      vertex 3.25 0 0
      vertex 1.2539763412811686 0.9110671410533334 0
    endloop
  endfacet
  facet normal 0 0 -1
    outer loop
      vertex -0.6089892724036049 3.1924335648682383 0
      vertex 0.20406918847026814 3.2435868673918824 0
      vertex 0.6089892724036049 3.1924335648682383 0
    endloop
  endfacet
  facet normal 0 0.7078047818672456 -0.7064080908128536
    outer loop
      vertex -0.20406918847026814 3.2435868673918824 0
      vertex 0.25430160409371877 4.0420082501345 0.8
      vertex 0.20406918847026814 3.2435868673918824 0
    endloop
  endfacet
  facet normal 0 0 -1
    outer loop
      vertex -0.6089892724036049 3.1924335648682383 0
      vertex 0.6089892724036049 3.1924335648682383 0
      vertex 1.3837826975864864 2.9406879205145633 0
    endloop
  endfacet
  facet normal 0.0887114620436985 0.7022235297511816 -0.7064080908128536
    outer loop
      vertex 0.20406918847026814 3.2435868673918824 0
      vertex 0.25430160409371877 4.0420082501345 0.8
      vertex 0.6089892724036049 3.1924335648682383 0
    endloop
  endfacet
  facet normal 0 0 -1
    outer loop
      vertex 0.6089892724036049 3.1924335648682383 0
      vertex 1.004305231718579 3.090933677959249 0
      vertex 1.3837826975864864 2.9406879205145633 0
    endloop
  endfacet
  facet normal 0.17602389133731045 0.685567793082938 -0.7064080908128534
    outer loop
      vertex 0.6089892724036049 3.1924335648682383 0
      vertex 0.7588943240721845 3.978263365451189 0.8
      vertex 1.004305231718579 3.090933677959249 0
    endloop
  endfacet
  facet normal 0.08871146204369919 0.7022235297511817 -0.7064080908128535
    outer loop
      vertex 0.25430160409371877 4.0420082501345 0.8
      vertex 0.7588943240721845 3.978263365451189 0.8
      vertex 0.6089892724036049 3.1924335648682383 0
    endloop
  endfacet
  facet normal 0.1760238913373101 0.6855677930829381 -0.7064080908128535
    outer loop
      vertex 1.004305231718579 3.090933677959249 0
      vertex 0.7588943240721845 3.978263365451189 0.8
      vertex 1.251518827218537 3.8517788909953716 0.8
    endloop
  endfacet
  facet normal 0 0 -1
    outer loop
      vertex 1.3837826975864864 2.9406879205145633 0
      vertex 1.7414370836817392 2.744065757881549 0
      vertex 2.071627966683242 2.5041680390213146 0
    endloop
  endfacet
  facet normal 0.34098755421130855 0.6202540585172573 -0.7064080908128534
    outer loop
      vertex 1.3837826975864864 2.9406879205145633 0
      vertex 1.85 3.204293994002423 0.45650246480126205
      vertex 1.7414370836817392 2.744065757881549 0
    endloop
  endfacet
  facet normal 0 0 -1
    outer loop
      vertex 1.3837826975864864 2.9406879205145633 0
      vertex 2.071627966683242 2.5041680390213146 0
      vertex 2.3691480391195876 2.2247780942682382 0
    endloop
  endfacet
  facet normal 0.4160372122836586 0.5726260972304542 -0.7064080908128535
    outer loop
      vertex 1.7414370836817392 2.744065757881549 0
      vertex 2.142088309182241 3.092171797053056 0.5181430200880308
      vertex 2.071627966683242 2.5041680390213146 0
    endloop
  endfacet
  facet normal 0.41603721228365914 0.5726260972304535 -0.7064080908128534
    outer loop
      vertex 1.7414370836817392 2.744065757881549 0
      vertex 1.9975600621723204 3.1476509931268795 0.4779958391230152
      vertex 2.142088309182241 3.092171797053056 0.5181430200880308
    endloop
  endfacet
  facet normal 0.26056031871295554 0.6581002427794281 -0.7064080908128535
    outer loop
      vertex 1.004305231718579 3.090933677959249 0
      vertex 1.251518827218537 3.8517788909953716 0.8
      vertex 1.3837826975864864 2.9406879205145633 0
    endloop
  endfacet
  facet normal 0.26056031871295676 0.6581002427794281 -0.7064080908128532
    outer loop
      vertex 1.3837826975864864 2.9406879205145633 0
      vertex 1.251518827218537 3.8517788909953716 0.8
      vertex 1.4364545423573993 3.6635827547110615 0.6928876734497794
    endloop
  endfacet
  facet normal 0.2605603187129564 0.6581002427794281 -0.7064080908128533
    outer loop
      vertex 1.3837826975864864 2.9406879205145633 0
      vertex 1.4364545423573993 3.6635827547110615 0.6928876734497794
      vertex 1.603157392158742 3.4068828769339286 0.5152310103337384
    endloop
  endfacet
  facet normal 0.2605603187129556 0.6581002427794275 -0.706408090812854
    outer loop
      vertex 1.251518827218537 3.8517788909953716 0.8
      vertex 1.4019909108399538 3.7922027785475 0.8
      vertex 1.4364545423573993 3.6635827547110615 0.6928876734497794
    endloop
  endfacet
  facet normal 0.34098755421130383 0.6202540585172606 -0.7064080908128527
    outer loop
      vertex 1.3837826975864864 2.9406879205145633 0
      vertex 1.603157392158742 3.4068828769339286 0.5152310103337384
      vertex 1.6068551745226058 3.4011887914280035 0.512016321954785
    endloop
  endfacet
  facet normal 0.3409875542113084 0.6202540585172577 -0.7064080908128534
    outer loop
      vertex 1.3837826975864864 2.9406879205145633 0
      vertex 1.6068551745226058 3.4011887914280035 0.512016321954785
      vertex 1.85 3.204293994002423 0.45650246480126205
    endloop
  endfacet
  facet normal 0.34098755421130783 0.6202540585172577 -0.7064080908128535
    outer loop
      vertex 1.7414370836817392 2.744065757881549 0
      vertex 1.85 3.204293994002423 0.45650246480126205
      vertex 1.9975600621723204 3.1476509931268795 0.4779958391230152
    endloop
  endfacet
  facet normal 0.3681245526846779 0.9297764858882515 0
    outer loop
      vertex 1.251518827218537 3.8517788909953716 0.8
      vertex 1.4019909108399538 3.7922027785475 28.6
      vertex 1.4019909108399538 3.7922027785475 0.8
    endloop
  endfacet
  facet normal 0 1 0
    outer loop
      vertex -0.25430160409371877 4.0420082501345 0.8
      vertex 0.25430160409371877 4.0420082501345 72.2
      vertex 0.25430160409371877 4.0420082501345 0.8
    endloop
  endfacet
  facet normal 0.1253332335643046 0.9921147013144779 0
    outer loop
      vertex 0.25430160409371877 4.0420082501345 0.8
      vertex 0.7588943240721845 3.978263365451189 72.2
      vertex 0.7588943240721845 3.978263365451189 0.8
    endloop
  endfacet
  facet normal 0.24868988716485504 0.9685831611286311 0
    outer loop
      vertex 0.7588943240721845 3.978263365451189 0.8
      vertex 0.7588943240721845 3.978263365451189 72.2
      vertex 1.251518827218537 3.8517788909953716 0.8
    endloop
  endfacet
  facet normal 0.3681245526846778 0.9297764858882515 0
    outer loop
      vertex 1.251518827218537 3.8517788909953716 0.8
      vertex 1.4019909108399538 3.7922027785475 47.4
      vertex 1.4019909108399538 3.7922027785475 28.6
    endloop
  endfacet
  facet normal 0.48175367410171493 0.8763066800438639 0
    outer loop
      vertex 2.1700985196649363 3.419528098283161 28.6
      vertex 1.7244061308385443 3.6645495624873785 28.6
      vertex 2.1700985196649363 3.419528098283161 47.4
    endloop
  endfacet
  facet normal 0.36812455268467836 0.9297764858882512 0
    outer loop
      vertex 1.7244061308385443 3.6645495624873785 28.6
      vertex 1.4019909108399538 3.7922027785475 28.6
      vertex 1.7244061308385443 3.6645495624873785 47.4
    endloop
  endfacet
  facet normal 0 0 -1
    outer loop
      vertex 3.25 0 0
      vertex 1.55 0 0
      vertex 1.5377777870374407 0.1942665120246716 0
    endloop
  endfacet
  facet normal 0 0 -1
    outer loop
      vertex 3.25 0 0
      vertex 1.5377777870374407 0.1942665120246716 0
      vertex 1.5013038997493782 0.38546932510552495 0
    endloop
  endfacet
  facet normal 0 0 -1
    outer loop
      vertex 3.25 0 0
      vertex 1.5013038997493782 0.38546932510552495 0
      vertex 1.4411535531267896 0.5705930566612509 0
    endloop
  endfacet
  facet normal 0 0 -1
    outer loop
      vertex 1.3837826975864864 2.9406879205145633 0
      vertex 2.8479967101425565 1.5656994408305749 0
      vertex 3.25 0 0
    endloop
  endfacet
  facet normal 0 0 -1
    outer loop
      vertex 3.0217735791368168 1.1964047962252033 0
      vertex 3.147895273668051 0.8082421332857781 0
      vertex 2.8479967101425565 1.5656994408305749 0
    endloop
  endfacet
  facet normal 0 0 -1
    outer loop
      vertex 2.629305231718579 1.9103020699505378 0
      vertex 2.8479967101425565 1.5656994408305749 0
      vertex 2.3691480391195876 2.2247780942682382 0
    endloop
  endfacet
  facet normal 0.5976193431343779 0.37926076773873424 -0.7064080908128535
    outer loop
      vertex 2.629305231718579 1.9103020699505378 0
      vertex 3.5490420541776473 1.951102380111947 0.8
      vertex 2.8479967101425565 1.5656994408305749 0
    endloop
  endfacet
  facet normal 0 0 -1
    outer loop
      vertex 3.25 0 0
      vertex 3.147895273668051 0.8082421332857781 0
      vertex 3.224372779272053 0.40733300908398884 0
    endloop
  endfacet
  facet normal 0.7064080908128534 0.04444342997877675 -0.7064080908128536
    outer loop
      vertex 3.25 0 0
      vertex 3.224372779272053 0.40733300908398884 0
      vertex 3.7489434837048465 0.3090169943749474 0.5183851850816691
    endloop
  endfacet
  facet normal 0 0 -1
    outer loop
      vertex 2.8479967101425565 1.5656994408305749 0
      vertex 3.147895273668051 0.8082421332857781 0
      vertex 3.25 0 0
    endloop
  endfacet
  facet normal 0.6952676132329958 0.1326293904963467 -0.7064080908128538
    outer loop
      vertex 3.224372779272053 0.40733300908398884 0
      vertex 3.147895273668051 0.8082421332857781 0
      vertex 3.8385728456395682 0.4849245217097554 0.6190817105660725
    endloop
  endfacet
  facet normal 0.7064080908128537 0.04444342997877581 -0.7064080908128535
    outer loop
      vertex 3.25 0 0
      vertex 3.7489434837048465 0.3090169943749474 0.5183851850816691
      vertex 3.7 0 0.4500000000000003
    endloop
  endfacet
  facet normal 0.7064080908128534 0.0444434299787767 -0.7064080908128538
    outer loop
      vertex 3.224372779272053 0.40733300908398884 0
      vertex 3.8385728456395682 0.4849245217097554 0.6190817105660725
      vertex 3.7489434837048465 0.3090169943749474 0.5183851850816691
    endloop
  endfacet
  facet normal 0.6952676132329959 0.1326293904963472 -0.7064080908128535
    outer loop
      vertex 3.147895273668051 0.8082421332857781 0
      vertex 3.8909830056250527 0.5877852522924731 0.6899776183236325
      vertex 3.8385728456395682 0.4849245217097554 0.6190817105660725
    endloop
  endfacet
  facet normal 0.6952676132329959 0.13262939049634762 -0.7064080908128534
    outer loop
      vertex 3.147895273668051 0.8082421332857781 0
      vertex 3.9848602635890087 0.6816625102564293 0.8
      vertex 3.8909830056250527 0.5877852522924731 0.6899776183236325
    endloop
  endfacet
  facet normal 0.6952676132329959 0.13262939049634673 -0.7064080908128535
    outer loop
      vertex 3.147895273668051 0.8082421332857781 0
      vertex 3.922761802570956 1.0071940430176618 0.8
      vertex 3.9848602635890087 0.6816625102564293 0.8
    endloop
  endfacet
  facet normal 0.640440914498294 0.3013686185898063 -0.7064080908128536
    outer loop
      vertex 3.0217735791368168 1.1964047962252033 0
      vertex 2.8479967101425565 1.5656994408305749 0
      vertex 3.7655947678474178 1.4909044383729457 0.8
    endloop
  endfacet
  facet normal 0.6731623500597136 0.2187237062968318 -0.7064080908128535
    outer loop
      vertex 3.0217735791368168 1.1964047962252033 0
      vertex 3.7655947678474178 1.4909044383729457 0.8
      vertex 3.147895273668051 0.8082421332857781 0
    endloop
  endfacet
  facet normal 0.6404409144982941 0.30136861858980646 -0.7064080908128535
    outer loop
      vertex 2.8479967101425565 1.5656994408305749 0
      vertex 3.5490420541776473 1.951102380111947 0.8
      vertex 3.7655947678474178 1.4909044383729457 0.8
    endloop
  endfacet
  facet normal 0.6731623500597137 0.218723706296832 -0.7064080908128536
    outer loop
      vertex 3.147895273668051 0.8082421332857781 0
      vertex 3.7655947678474178 1.4909044383729457 0.8
      vertex 3.922761802570956 1.0071940430176618 0.8
    endloop
  endfacet
  facet normal 0.9822872507286886 0.18738131458572505 0
    outer loop
      vertex 3.922761802570956 1.0071940430176618 0.8
      vertex 3.922761802570956 1.0071940430176618 72.2
      vertex 3.9848602635890087 0.6816625102564293 0.8
    endloop
  endfacet
  facet normal 0.9980267284282717 0.06279051952931253 0
    outer loop
      vertex 4.05 0 28.6
      vertex 4.0180645403236355 0.5075995959354322 28.6
      vertex 4.05 0 47.4
    endloop
  endfacet
  facet normal 0.9822872507286884 0.18738131458572635 0
    outer loop
      vertex 4.0180645403236355 0.5075995959354322 28.6
      vertex 3.9848602635890087 0.6816625102564293 28.6
      vertex 3.9848602635890087 0.6816625102564293 47.4
    endloop
  endfacet
  facet normal 0.9822872507286886 0.18738131458572505 0
    outer loop
      vertex 3.922761802570956 1.0071940430176618 72.2
      vertex 3.9848602635890087 0.6816625102564293 28.6
      vertex 3.9848602635890087 0.6816625102564293 0.8
    endloop
  endfacet
  facet normal 0.9510565162951535 0.3090169943749479 0
    outer loop
      vertex 3.922761802570956 1.0071940430176618 0.8
      vertex 3.7655947678474178 1.4909044383729457 0.8
      vertex 3.922761802570956 1.0071940430176618 72.2
    endloop
  endfacet
  facet normal 0.9048270524660197 0.42577929156507227 0
    outer loop
      vertex 3.7655947678474178 1.4909044383729457 0.8
      vertex 3.5490420541776473 1.951102380111947 0.8
      vertex 3.7655947678474178 1.4909044383729457 72.2
    endloop
  endfacet
  facet normal 0 0 -1
    outer loop
      vertex 1.3837826975864864 2.9406879205145633 0
      vertex 2.3691480391195876 2.2247780942682382 0
      vertex 2.8479967101425565 1.5656994408305749 0
    endloop
  endfacet
  facet normal 0.4845257149897095 0.515967480320078 -0.7064080908128536
    outer loop
      vertex 2.071627966683242 2.5041680390213146 0
      vertex 2.9523229410567167 2.7724157790111894 0.8
      vertex 2.3691480391195876 2.2247780942682382 0
    endloop
  endfacet
  facet normal 0.4160372122836577 0.5726260972304544 -0.7064080908128536
    outer loop
      vertex 2.071627966683242 2.5041680390213146 0
      vertex 2.142088309182241 3.092171797053056 0.5181430200880308
      vertex 2.4545284632676534 3.075797502418588 0.6888805637944597
    endloop
  endfacet
  facet normal 0.4160372122836592 0.5726260972304533 -0.7064080908128537
    outer loop
      vertex 2.071627966683242 2.5041680390213146 0
      vertex 2.4545284632676534 3.075797502418588 0.6888805637944597
      vertex 2.570150574387351 3.106778353720293 0.7820894972915229
    endloop
  endfacet
  facet normal 0.5453729577287418 0.45117174802102056 -0.7064080908128536
    outer loop
      vertex 2.629305231718579 1.9103020699505378 0
      vertex 2.3691480391195876 2.2247780942682382 0
      vertex 2.9523229410567167 2.7724157790111894 0.8
    endloop
  endfacet
  facet normal 0.545372957728742 0.45117174802102045 -0.7064080908128535
    outer loop
      vertex 2.629305231718579 1.9103020699505378 0
      vertex 2.9523229410567167 2.7724157790111894 0.8
      vertex 3.276518827218537 2.380530271784516 0.8
    endloop
  endfacet
  facet normal 0.4845257149897094 0.5159674803200782 -0.7064080908128535
    outer loop
      vertex 2.071627966683242 2.5041680390213146 0
      vertex 2.570150574387351 3.106778353720293 0.7820894972915229
      vertex 2.9523229410567167 2.7724157790111894 0.8
    endloop
  endfacet
  facet normal 0.4845257149897073 0.5159674803200757 -0.7064080908128569
    outer loop
      vertex 2.9523229410567167 2.7724157790111894 0.8
      vertex 2.570150574387351 3.106778353720293 0.7820894972915229
      vertex 2.5904661733373966 3.112221902052712 0.8
    endloop
  endfacet
  facet normal 0.6845471059286882 0.7289686274214119 0
    outer loop
      vertex 2.9523229410567167 2.7724157790111894 0.8
      vertex 2.5904661733373966 3.112221902052712 0.8
      vertex 2.5904661733373966 3.112221902052712 28.6
    endloop
  endfacet
  facet normal 0.5976193431343779 0.3792607677387341 -0.7064080908128535
    outer loop
      vertex 2.629305231718579 1.9103020699505378 0
      vertex 3.276518827218537 2.380530271784516 0.8
      vertex 3.5490420541776473 1.951102380111947 0.8
    endloop
  endfacet
  facet normal 0.6845471059286882 0.7289686274214119 0
    outer loop
      vertex 2.9523229410567167 2.7724157790111894 0.8
      vertex 2.5904661733373966 3.112221902052712 28.6
      vertex 2.5904661733373966 3.112221902052712 47.4
    endloop
  endfacet
  facet normal 0.5877852522924732 0.8090169943749473 0
    outer loop
      vertex 2.5815671584821933 3.120578633241946 28.6
      vertex 2.1700985196649363 3.419528098283161 28.6
      vertex 2.5815671584821933 3.120578633241946 47.4
    endloop
  endfacet
  facet normal 0.6845471059286798 0.7289686274214198 0
    outer loop
      vertex 2.5815671584821933 3.120578633241946 28.6
      vertex 2.5815671584821933 3.120578633241946 47.4
      vertex 2.5904661733373966 3.112221902052712 28.6
    endloop
  endfacet
  facet normal 0.7705132427757896 0.6374239897486893 0
    outer loop
      vertex 2.9523229410567167 2.7724157790111894 0.8
      vertex 3.276518827218537 2.380530271784516 72.2
      vertex 3.276518827218537 2.380530271784516 0.8
    endloop
  endfacet
  facet normal 0.8443279255020152 0.5358267949789964 0
    outer loop
      vertex 3.5490420541776473 1.951102380111947 0.8
      vertex 3.276518827218537 2.380530271784516 0.8
      vertex 3.276518827218537 2.380530271784516 72.2
    endloop
  endfacet
  facet normal 0 0 1
    outer loop
      vertex -0.6089892724036049 3.1924335648682383 73
      vertex 0.6599579019258627 1.4024819313223302 73
      vertex 0.8305315322174449 1.3087082845281235 73
    endloop
  endfacet
  facet normal 0 0 1
    outer loop
      vertex -0.6089892724036049 3.1924335648682383 73
      vertex 0.9880071841104692 1.1942955263024733 73
      vertex 1.129901372503188 1.0610480141894676 73
    endloop
  endfacet
  facet normal 0 0 1
    outer loop
      vertex -0.6089892724036049 3.1924335648682383 73
      vertex 0.8305315322174449 1.3087082845281235 73
      vertex 0.9880071841104692 1.1942955263024733 73
    endloop
  endfacet
  facet normal 0 0 1
    outer loop
      vertex 3.224372779272053 0.40733300908398884 73
      vertex 1.3582753540679886 0.7467181948576588 73
      vertex 1.4411535531267896 0.5705930566612508 73
    endloop
  endfacet
  facet normal 0 0 1
    outer loop
      vertex 3.224372779272053 0.40733300908398884 73
      vertex 1.2539763412811686 0.9110671410533333 73
      vertex 1.3582753540679886 0.7467181948576588 73
    endloop
  endfacet
  facet normal 0 0 1
    outer loop
      vertex 3.224372779272053 0.40733300908398884 73
      vertex 1.129901372503188 1.0610480141894676 73
      vertex 1.2539763412811686 0.9110671410533333 73
    endloop
  endfacet
  facet normal 0 0 1
    outer loop
      vertex -0.6089892724036049 3.1924335648682383 73
      vertex 1.129901372503188 1.0610480141894676 73
      vertex 3.224372779272053 0.40733300908398884 73
    endloop
  endfacet
  facet normal 0.1253332335643046 0.9921147013144779 0
    outer loop
      vertex 0.25430160409371877 4.0420082501345 0.8
      vertex 0.25430160409371877 4.0420082501345 72.2
      vertex 0.7588943240721845 3.978263365451189 72.2
    endloop
  endfacet
  facet normal 0.36812455268467786 0.9297764858882515 0
    outer loop
      vertex 1.251518827218537 3.8517788909953716 0.8
      vertex 1.251518827218537 3.8517788909953716 72.2
      vertex 1.4019909108399538 3.7922027785475 47.4
    endloop
  endfacet
  facet normal 0.36812455268467836 0.9297764858882512 0
    outer loop
      vertex 1.7244061308385443 3.6645495624873785 47.4
      vertex 1.4019909108399538 3.7922027785475 28.6
      vertex 1.4019909108399538 3.7922027785475 47.4
    endloop
  endfacet
  facet normal 0.48175367410171493 0.8763066800438639 0
    outer loop
      vertex 1.7244061308385443 3.6645495624873785 47.4
      vertex 2.1700985196649363 3.419528098283161 47.4
      vertex 1.7244061308385443 3.6645495624873785 28.6
    endloop
  endfacet
  facet normal 0.24868988716485504 0.9685831611286311 0
    outer loop
      vertex 1.251518827218537 3.8517788909953716 0.8
      vertex 0.7588943240721845 3.978263365451189 72.2
      vertex 1.251518827218537 3.8517788909953716 72.2
    endloop
  endfacet
  facet normal 0 0 1
    outer loop
      vertex -0.6089892724036049 3.1924335648682383 73
      vertex 0.2904410376078731 1.5225452386294676 73
      vertex 0.47897634128116845 1.474137600257488 73
    endloop
  endfacet
  facet normal 0 0 1
    outer loop
      vertex -0.6089892724036049 3.1924335648682383 73
      vertex 0.47897634128116845 1.474137600257488 73
      vertex 0.6599579019258627 1.4024819313223302 73
    endloop
  endfacet
  facet normal 0 0 1
    outer loop
      vertex -0.6089892724036049 3.1924335648682383 73
      vertex 2.071627966683242 2.5041680390213146 73
      vertex 0.6089892724036049 3.1924335648682383 73
    endloop
  endfacet
  facet normal 0 0 1
    outer loop
      vertex -0.6089892724036049 3.1924335648682383 73
      vertex 0.6089892724036049 3.1924335648682383 73
      vertex 0.20406918847026814 3.2435868673918824 73
    endloop
  endfacet
  facet normal 0 0.7078047818672444 0.7064080908128549
    outer loop
      vertex -0.25430160409371877 4.0420082501345 72.2
      vertex 0.20406918847026814 3.2435868673918824 73
      vertex 0.25430160409371877 4.0420082501345 72.2
    endloop
  endfacet
  facet normal 0.08871146204369884 0.7022235297511803 0.7064080908128549
    outer loop
      vertex 0.20406918847026814 3.2435868673918824 73
      vertex 0.7588943240721845 3.978263365451189 72.2
      vertex 0.25430160409371877 4.0420082501345 72.2
    endloop
  endfacet
  facet normal 0.08871146204369834 0.7022235297511805 0.7064080908128547
    outer loop
      vertex 0.20406918847026814 3.2435868673918824 73
      vertex 0.6089892724036049 3.1924335648682383 73
      vertex 0.7588943240721845 3.978263365451189 72.2
    endloop
  endfacet
  facet normal 0 0 1
    outer loop
      vertex 0.6089892724036049 3.1924335648682383 73
      vertex 1.3837826975864864 2.9406879205145633 73
      vertex 1.004305231718579 3.090933677959249 73
    endloop
  endfacet
  facet normal 0.17602389133731008 0.6855677930829367 0.7064080908128547
    outer loop
      vertex 0.6089892724036049 3.1924335648682383 73
      vertex 1.004305231718579 3.090933677959249 73
      vertex 1.251518827218537 3.8517788909953716 72.2
    endloop
  endfacet
  facet normal 0.17602389133730986 0.6855677930829369 0.7064080908128546
    outer loop
      vertex 0.6089892724036049 3.1924335648682383 73
      vertex 1.251518827218537 3.8517788909953716 72.2
      vertex 0.7588943240721845 3.978263365451189 72.2
    endloop
  endfacet
  facet normal 0 0 1
    outer loop
      vertex 0.6089892724036049 3.1924335648682383 73
      vertex 2.071627966683242 2.5041680390213146 73
      vertex 1.3837826975864864 2.9406879205145633 73
    endloop
  endfacet
  facet normal 0 0 1
    outer loop
      vertex -0.6089892724036049 3.1924335648682383 73
      vertex 3.224372779272053 0.40733300908398884 73
      vertex 2.071627966683242 2.5041680390213146 73
    endloop
  endfacet
  facet normal 0 0 1
    outer loop
      vertex 1.3837826975864864 2.9406879205145633 73
      vertex 2.071627966683242 2.5041680390213146 73
      vertex 1.7414370836817392 2.744065757881549 73
    endloop
  endfacet
  facet normal 0.3409875542113082 0.6202540585172566 0.7064080908128543
    outer loop
      vertex 1.3837826975864864 2.9406879205145633 73
      vertex 1.7414370836817392 2.744065757881549 73
      vertex 1.85 3.204293994002423 72.54349753519874
    endloop
  endfacet
  facet normal 0.41603721228368234 0.572626097230434 0.7064080908128556
    outer loop
      vertex 1.7414370836817392 2.744065757881549 73
      vertex 2.142088309182241 3.092171797053056 72.48185697991197
      vertex 1.9975600621723204 3.1476509931268795 72.52200416087699
    endloop
  endfacet
  facet normal 0.260560318712955 0.6581002427794267 0.7064080908128553
    outer loop
      vertex 1.004305231718579 3.090933677959249 73
      vertex 1.3837826975864864 2.9406879205145633 73
      vertex 1.603157392158742 3.4068828769339286 72.48476898966626
    endloop
  endfacet
  facet normal 0.2605603187129565 0.6581002427794251 0.706408090812856
    outer loop
      vertex 1.004305231718579 3.090933677959249 73
      vertex 1.603157392158742 3.4068828769339286 72.48476898966626
      vertex 1.4364545423573993 3.6635827547110615 72.30711232655023
    endloop
  endfacet
  facet normal 0.26056031871294283 0.6581002427794326 0.706408090812854
    outer loop
      vertex 1.004305231718579 3.090933677959249 73
      vertex 1.4364545423573993 3.6635827547110615 72.30711232655023
      vertex 1.4019909108399538 3.7922027785475 72.2
    endloop
  endfacet
  facet normal 0.3681245526846779 0.9297764858882515 0
    outer loop
      vertex 1.251518827218537 3.8517788909953716 72.2
      vertex 1.4019909108399538 3.7922027785475 72.2
      vertex 1.4019909108399538 3.7922027785475 47.4
    endloop
  endfacet
  facet normal 0.2605603187129552 0.658100242779427 0.7064080908128548
    outer loop
      vertex 1.004305231718579 3.090933677959249 73
      vertex 1.4019909108399538 3.7922027785475 72.2
      vertex 1.251518827218537 3.8517788909953716 72.2
    endloop
  endfacet
  facet normal 0.34098755421204496 0.6202540585168784 0.7064080908128306
    outer loop
      vertex 1.3837826975864864 2.9406879205145633 73
      vertex 1.6068551745226058 3.4011887914280035 72.48798367804521
      vertex 1.603157392158742 3.4068828769339286 72.48476898966626
    endloop
  endfacet
  facet normal 0.3409875542113 0.6202540585172652 0.7064080908128507
    outer loop
      vertex 1.3837826975864864 2.9406879205145633 73
      vertex 1.85 3.204293994002423 72.54349753519874
      vertex 1.6068551745226058 3.4011887914280035 72.48798367804521
    endloop
  endfacet
  facet normal 0.34098755421129484 0.6202540585172618 0.7064080908128563
    outer loop
      vertex 1.7414370836817392 2.744065757881549 73
      vertex 1.9975600621723204 3.1476509931268795 72.52200416087699
      vertex 1.85 3.204293994002423 72.54349753519874
    endloop
  endfacet
  facet normal 0.9980267284282717 0.06279051952931253 0
    outer loop
      vertex 4.0180645403236355 0.5075995959354322 28.6
      vertex 4.0180645403236355 0.5075995959354322 47.4
      vertex 4.05 0 47.4
    endloop
  endfacet
  facet normal 0.9822872507286884 0.18738131458572635 0
    outer loop
      vertex 4.0180645403236355 0.5075995959354322 28.6
      vertex 3.9848602635890087 0.6816625102564293 47.4
      vertex 4.0180645403236355 0.5075995959354322 47.4
    endloop
  endfacet
  facet normal 0.9822872507286886 0.18738131458572502 0
    outer loop
      vertex 3.922761802570956 1.0071940430176618 72.2
      vertex 3.9848602635890087 0.6816625102564293 47.4
      vertex 3.9848602635890087 0.6816625102564293 28.6
    endloop
  endfacet
  facet normal 0.9510565162951535 0.3090169943749479 0
    outer loop
      vertex 3.7655947678474178 1.4909044383729457 0.8
      vertex 3.7655947678474178 1.4909044383729457 72.2
      vertex 3.922761802570956 1.0071940430176618 72.2
    endloop
  endfacet
  facet normal 0.9048270524660197 0.42577929156507227 0
    outer loop
      vertex 3.5490420541776473 1.951102380111947 0.8
      vertex 3.5490420541776473 1.951102380111947 72.2
      vertex 3.7655947678474178 1.4909044383729457 72.2
    endloop
  endfacet
  facet normal 0 0 1
    outer loop
      vertex 3.224372779272053 0.40733300908398884 73
      vertex 1.55 0 73
      vertex 1.5377777870374407 -0.1942665120246713 73
    endloop
  endfacet
  facet normal 0 0 1
    outer loop
      vertex 3.224372779272053 0.40733300908398884 73
      vertex 1.5377777870374407 0.1942665120246716 73
      vertex 1.55 0 73
    endloop
  endfacet
  facet normal 0 0 1
    outer loop
      vertex 3.224372779272053 0.40733300908398884 73
      vertex 1.5013038997493782 0.3854693251055249 73
      vertex 1.5377777870374407 0.1942665120246716 73
    endloop
  endfacet
  facet normal 0 0 1
    outer loop
      vertex 3.224372779272053 0.40733300908398884 73
      vertex 1.4411535531267896 0.5705930566612508 73
      vertex 1.5013038997493782 0.3854693251055249 73
    endloop
  endfacet
  facet normal 0 0 1
    outer loop
      vertex 2.629305231718579 1.9103020699505378 73
      vertex 2.071627966683242 2.5041680390213146 73
      vertex 2.8479967101425565 1.5656994408305749 73
    endloop
  endfacet
  facet normal 0 0 1
    outer loop
      vertex 2.8479967101425565 1.5656994408305749 73
      vertex 2.071627966683242 2.5041680390213146 73
      vertex 3.224372779272053 0.40733300908398884 73
    endloop
  endfacet
  facet normal 0 0 1
    outer loop
      vertex 3.0217735791368168 1.1964047962252033 73
      vertex 2.8479967101425565 1.5656994408305749 73
      vertex 3.147895273668051 0.8082421332857781 73
    endloop
  endfacet
  facet normal 0.5976193431343767 0.3792607677387335 0.7064080908128548
    outer loop
      vertex 2.629305231718579 1.9103020699505378 73
      vertex 2.8479967101425565 1.5656994408305749 73
      vertex 3.276518827218537 2.380530271784516 72.2
    endloop
  endfacet
  facet normal 0.7064080908128486 0.04444342997877645 0.7064080908128586
    outer loop
      vertex 3.25 0 73
      vertex 3.8385728456395682 0.4849245217097554 72.38091828943394
      vertex 3.224372779272053 0.40733300908398884 73
    endloop
  endfacet
  facet normal 0 0 1
    outer loop
      vertex 2.8479967101425565 1.5656994408305749 73
      vertex 3.224372779272053 0.40733300908398884 73
      vertex 3.147895273668051 0.8082421332857781 73
    endloop
  endfacet
  facet normal 0.6952676132329987 0.13262939049634728 0.7064080908128507
    outer loop
      vertex 3.224372779272053 0.40733300908398884 73
      vertex 3.8909830056250527 0.5877852522924731 72.31002238167636
      vertex 3.147895273668051 0.8082421332857781 73
    endloop
  endfacet
  facet normal 0.7064080908128559 0.04444342997877021 0.7064080908128517
    outer loop
      vertex 3.25 0 73
      vertex 3.7 0 72.55
      vertex 3.7489434837048465 0.3090169943749474 72.48161481491833
    endloop
  endfacet
  facet normal 0.706408090812871 0.04444342997872513 0.7064080908128393
    outer loop
      vertex 3.25 0 73
      vertex 3.7489434837048465 0.3090169943749474 72.48161481491833
      vertex 3.8385728456395682 0.4849245217097554 72.38091828943394
    endloop
  endfacet
  facet normal 0.6952676132329734 0.132629390496457 0.7064080908128549
    outer loop
      vertex 3.224372779272053 0.40733300908398884 73
      vertex 3.8385728456395682 0.4849245217097554 72.38091828943394
      vertex 3.8909830056250527 0.5877852522924731 72.31002238167636
    endloop
  endfacet
  facet normal 0.9822872507286886 0.18738131458572502 0
    outer loop
      vertex 3.922761802570956 1.0071940430176618 72.2
      vertex 3.9848602635890087 0.6816625102564293 72.2
      vertex 3.9848602635890087 0.6816625102564293 47.4
    endloop
  endfacet
  facet normal 0.6952676132329954 0.13262939049629494 0.7064080908128638
    outer loop
      vertex 3.147895273668051 0.8082421332857781 73
      vertex 3.8909830056250527 0.5877852522924731 72.31002238167636
      vertex 3.9848602635890087 0.6816625102564293 72.2
    endloop
  endfacet
  facet normal 0.6952676132329947 0.13262939049634667 0.7064080908128548
    outer loop
      vertex 3.147895273668051 0.8082421332857781 73
      vertex 3.9848602635890087 0.6816625102564293 72.2
      vertex 3.922761802570956 1.0071940430176618 72.2
    endloop
  endfacet
  facet normal 0.6404409144982928 0.3013686185898057 0.7064080908128548
    outer loop
      vertex 3.0217735791368168 1.1964047962252033 73
      vertex 3.7655947678474178 1.4909044383729457 72.2
      vertex 2.8479967101425565 1.5656994408305749 73
    endloop
  endfacet
  facet normal 0.6731623500597125 0.21872370629683144 0.7064080908128548
    outer loop
      vertex 3.0217735791368168 1.1964047962252033 73
      vertex 3.147895273668051 0.8082421332857781 73
      vertex 3.7655947678474178 1.4909044383729457 72.2
    endloop
  endfacet
  facet normal 0.5976193431343769 0.3792607677387334 0.7064080908128547
    outer loop
      vertex 2.8479967101425565 1.5656994408305749 73
      vertex 3.5490420541776473 1.951102380111947 72.2
      vertex 3.276518827218537 2.380530271784516 72.2
    endloop
  endfacet
  facet normal 0.6404409144982928 0.30136861858980585 0.7064080908128547
    outer loop
      vertex 2.8479967101425565 1.5656994408305749 73
      vertex 3.7655947678474178 1.4909044383729457 72.2
      vertex 3.5490420541776473 1.951102380111947 72.2
    endloop
  endfacet
  facet normal 0.6731623500597126 0.2187237062968314 0.7064080908128548
    outer loop
      vertex 3.147895273668051 0.8082421332857781 73
      vertex 3.922761802570956 1.0071940430176618 72.2
      vertex 3.7655947678474178 1.4909044383729457 72.2
    endloop
  endfacet
  facet normal 0.6845471059286883 0.7289686274214119 0
    outer loop
      vertex 2.9523229410567167 2.7724157790111894 0.8
      vertex 2.5904661733373966 3.112221902052712 47.4
      vertex 2.5904661733373966 3.112221902052712 72.2
    endloop
  endfacet
  facet normal 0.6845471059286883 0.7289686274214119 0
    outer loop
      vertex 2.9523229410567167 2.7724157790111894 0.8
      vertex 2.5904661733373966 3.112221902052712 72.2
      vertex 2.9523229410567167 2.7724157790111894 72.2
    endloop
  endfacet
  facet normal 0.5877852522924732 0.8090169943749473 0
    outer loop
      vertex 2.1700985196649363 3.419528098283161 28.6
      vertex 2.1700985196649363 3.419528098283161 47.4
      vertex 2.5815671584821933 3.120578633241946 47.4
    endloop
  endfacet
  facet normal 0.6845471059286798 0.7289686274214198 0
    outer loop
      vertex 2.5815671584821933 3.120578633241946 47.4
      vertex 2.5904661733373966 3.112221902052712 47.4
      vertex 2.5904661733373966 3.112221902052712 28.6
    endloop
  endfacet
  facet normal 0.8443279255020152 0.5358267949789964 0
    outer loop
      vertex 3.5490420541776473 1.951102380111947 0.8
      vertex 3.276518827218537 2.380530271784516 72.2
      vertex 3.5490420541776473 1.951102380111947 72.2
    endloop
  endfacet
  facet normal 0.7705132427757896 0.6374239897486893 0
    outer loop
      vertex 2.9523229410567167 2.7724157790111894 0.8
      vertex 2.9523229410567167 2.7724157790111894 72.2
      vertex 3.276518827218537 2.380530271784516 72.2
    endloop
  endfacet
  facet normal 0 0 1
    outer loop
      vertex 2.629305231718579 1.9103020699505378 73
      vertex 2.3691480391195876 2.2247780942682382 73
      vertex 2.071627966683242 2.5041680390213146 73
    endloop
  endfacet
  facet normal 0.4160372122836572 0.5726260972304523 0.7064080908128556
    outer loop
      vertex 1.7414370836817392 2.744065757881549 73
      vertex 2.071627966683242 2.5041680390213146 73
      vertex 2.4545284632676534 3.075797502418588 72.31111943620554
    endloop
  endfacet
  facet normal 0.4160372122836428 0.5726260972304704 0.7064080908128496
    outer loop
      vertex 1.7414370836817392 2.744065757881549 73
      vertex 2.4545284632676534 3.075797502418588 72.31111943620554
      vertex 2.142088309182241 3.092171797053056 72.48185697991197
    endloop
  endfacet
  facet normal 0.48452571498970937 0.515967480320078 0.7064080908128536
    outer loop
      vertex 2.071627966683242 2.5041680390213146 73
      vertex 2.3691480391195876 2.2247780942682382 73
      vertex 2.570150574387351 3.106778353720293 72.21791050270848
    endloop
  endfacet
  facet normal 0.4160372122836895 0.5726260972304297 0.7064080908128548
    outer loop
      vertex 2.071627966683242 2.5041680390213146 73
      vertex 2.570150574387351 3.106778353720293 72.21791050270848
      vertex 2.4545284632676534 3.075797502418588 72.31111943620554
    endloop
  endfacet
  facet normal 0.545372957728741 0.4511717480210197 0.7064080908128548
    outer loop
      vertex 2.629305231718579 1.9103020699505378 73
      vertex 2.9523229410567167 2.7724157790111894 72.2
      vertex 2.3691480391195876 2.2247780942682382 73
    endloop
  endfacet
  facet normal 0.545372957728741 0.45117174802101967 0.7064080908128548
    outer loop
      vertex 2.629305231718579 1.9103020699505378 73
      vertex 3.276518827218537 2.380530271784516 72.2
      vertex 2.9523229410567167 2.7724157790111894 72.2
    endloop
  endfacet
  facet normal 0.48452571498970587 0.5159674803200798 0.7064080908128547
    outer loop
      vertex 2.3691480391195876 2.2247780942682382 73
      vertex 2.9523229410567167 2.7724157790111894 72.2
      vertex 2.570150574387351 3.106778353720293 72.21791050270848
    endloop
  endfacet
  facet normal 0.48452571498967134 0.5159674803200374 0.7064080908129096
    outer loop
      vertex 2.9523229410567167 2.7724157790111894 72.2
      vertex 2.5904661733373966 3.112221902052712 72.2
      vertex 2.570150574387351 3.106778353720293 72.21791050270848
    endloop
  endfacet
  facet normal 0.7071067811865483 0.7071067811865467 0
    outer loop
      vertex 3.8909830056250527 -0.5877852522924731 28.6
      vertex 3.9848602635890087 -0.6816625102564293 0.8
      vertex 3.8909830056250527 -0.5877852522924731 0.6899776183236325
    endloop
  endfacet
  facet normal 0.8910065241883677 0.45399049973954725 0
    outer loop
      vertex 3.7489434837048465 -0.3090169943749474 28.6
      vertex 3.838572845639568 -0.4849245217097546 0.6190817105660721
      vertex 3.7489434837048465 -0.3090169943749474 0.5183851850816692
    endloop
  endfacet
  facet normal 0.9876883405951378 0.15643446504023065 0
    outer loop
      vertex 3.7 0 28.6
      vertex 3.7489434837048465 -0.3090169943749474 0.5183851850816692
      vertex 3.7 0 0.4500000000000003
    endloop
  endfacet
  facet normal 0.8910065241883681 0.45399049973954636 7.48600050133933e-18
    outer loop
      vertex 3.7489434837048465 -0.3090169943749474 28.6
      vertex 3.8909830056250527 -0.5877852522924731 0.6899776183236325
      vertex 3.838572845639568 -0.4849245217097546 0.6190817105660721
    endloop
  endfacet
  facet normal 0.7071067811865483 0.7071067811865468 0
    outer loop
      vertex 3.8909830056250527 -0.5877852522924731 28.6
      vertex 3.9848602635890087 -0.6816625102564293 28.6
      vertex 3.9848602635890087 -0.6816625102564293 0.8
    endloop
  endfacet
  facet normal 0.9876883405951378 0.15643446504023065 0
    outer loop
      vertex 3.7489434837048465 -0.3090169943749474 28.6
      vertex 3.7489434837048465 -0.3090169943749474 0.5183851850816692
      vertex 3.7 0 28.6
    endloop
  endfacet
  facet normal 0.8910065241883678 0.4539904997395468 0
    outer loop
      vertex 3.8909830056250527 -0.5877852522924731 28.6
      vertex 3.8909830056250527 -0.5877852522924731 0.6899776183236325
      vertex 3.7489434837048465 -0.3090169943749474 28.6
    endloop
  endfacet
  facet normal 0.7071067811865485 0.7071067811865467 0
    outer loop
      vertex 3.8909830056250527 -0.5877852522924731 47.4
      vertex 3.9848602635890087 -0.6816625102564293 72.2
      vertex 3.9848602635890087 -0.6816625102564293 47.4
    endloop
  endfacet
  facet normal 0.9876883405951379 0.15643446504023067 0
    outer loop
      vertex 3.7489434837048465 -0.3090169943749474 47.4
      vertex 3.7 0 47.4
      vertex 3.7 0 72.55
    endloop
  endfacet
  facet normal 0.8910065241883678 0.4539904997395468 -3.3292827381097565e-18
    outer loop
      vertex 3.8909830056250527 -0.5877852522924731 47.4
      vertex 3.7489434837048465 -0.3090169943749474 47.4
      vertex 3.838572845639568 -0.4849245217097546 72.38091828943394
    endloop
  endfacet
  facet normal 0.7071067811865485 0.7071067811865467 0
    outer loop
      vertex 3.8909830056250527 -0.5877852522924731 47.4
      vertex 3.8909830056250527 -0.5877852522924731 72.31002238167638
      vertex 3.9848602635890087 -0.6816625102564293 72.2
    endloop
  endfacet
  facet normal 0.8910065241883681 0.45399049973954625 0
    outer loop
      vertex 3.8909830056250527 -0.5877852522924731 47.4
      vertex 3.838572845639568 -0.4849245217097546 72.38091828943394
      vertex 3.8909830056250527 -0.5877852522924731 72.31002238167638
    endloop
  endfacet
  facet normal 0.8910065241883676 0.4539904997395472 0
    outer loop
      vertex 3.7489434837048465 -0.3090169943749474 47.4
      vertex 3.7489434837048465 -0.3090169943749474 72.48161481491833
      vertex 3.838572845639568 -0.4849245217097546 72.38091828943394
    endloop
  endfacet
  facet normal 0.9876883405951378 0.15643446504023065 0
    outer loop
      vertex 3.7489434837048465 -0.3090169943749474 47.4
      vertex 3.7 0 72.55
      vertex 3.7489434837048465 -0.3090169943749474 72.48161481491833
    endloop
  endfacet
  facet normal 0.9876883405951378 -0.15643446504023065 0
    outer loop
      vertex 3.7489434837048465 0.3090169943749474 28.6
      vertex 3.7 0 0.4500000000000003
      vertex 3.7489434837048465 0.3090169943749474 0.5183851850816691
    endloop
  endfacet
  facet normal 0.8910065241883677 -0.45399049973954736 0
    outer loop
      vertex 3.7489434837048465 0.3090169943749474 28.6
      vertex 3.7489434837048465 0.3090169943749474 0.5183851850816691
      vertex 3.8385728456395682 0.4849245217097554 0.6190817105660725
    endloop
  endfacet
  facet normal 0.8910065241883682 -0.4539904997395461 0
    outer loop
      vertex 3.8909830056250527 0.5877852522924731 28.6
      vertex 3.8385728456395682 0.4849245217097554 0.6190817105660725
      vertex 3.8909830056250527 0.5877852522924731 0.6899776183236325
    endloop
  endfacet
  facet normal 0.7071067811865483 -0.7071067811865467 0
    outer loop
      vertex 3.8909830056250527 0.5877852522924731 28.6
      vertex 3.8909830056250527 0.5877852522924731 0.6899776183236325
      vertex 3.9848602635890087 0.6816625102564293 0.8
    endloop
  endfacet
  facet normal 0.9876883405951378 -0.15643446504023065 0
    outer loop
      vertex 3.7 0 28.6
      vertex 3.7 0 0.4500000000000003
      vertex 3.7489434837048465 0.3090169943749474 28.6
    endloop
  endfacet
  facet normal 0.8910065241883678 -0.45399049973954686 3.5667967369554945e-18
    outer loop
      vertex 3.7489434837048465 0.3090169943749474 28.6
      vertex 3.8385728456395682 0.4849245217097554 0.6190817105660725
      vertex 3.8909830056250527 0.5877852522924731 28.6
    endloop
  endfacet
  facet normal 0.7071067811865483 -0.7071067811865468 0
    outer loop
      vertex 3.8909830056250527 0.5877852522924731 28.6
      vertex 3.9848602635890087 0.6816625102564293 0.8
      vertex 3.9848602635890087 0.6816625102564293 28.6
    endloop
  endfacet
  facet normal 0.9876883405951378 -0.15643446504023065 0
    outer loop
      vertex 3.7 0 47.4
      vertex 3.7489434837048465 0.3090169943749474 47.4
      vertex 3.7489434837048465 0.3090169943749474 72.48161481491833
    endloop
  endfacet
  facet normal 0.8910065241883679 -0.45399049973954686 0
    outer loop
      vertex 3.7489434837048465 0.3090169943749474 47.4
      vertex 3.8909830056250527 0.5877852522924731 47.4
      vertex 3.8909830056250527 0.5877852522924731 72.31002238167636
    endloop
  endfacet
  facet normal 0.7071067811865485 -0.7071067811865467 0
    outer loop
      vertex 3.8909830056250527 0.5877852522924731 47.4
      vertex 3.9848602635890087 0.6816625102564293 47.4
      vertex 3.9848602635890087 0.6816625102564293 72.2
    endloop
  endfacet
  facet normal 0.9876883405951379 -0.15643446504023067 0
    outer loop
      vertex 3.7 0 47.4
      vertex 3.7489434837048465 0.3090169943749474 72.48161481491833
      vertex 3.7 0 72.55
    endloop
  endfacet
  facet normal 0.8910065241883676 -0.45399049973954736 0
    outer loop
      vertex 3.7489434837048465 0.3090169943749474 47.4
      vertex 3.8385728456395682 0.4849245217097554 72.38091828943394
      vertex 3.7489434837048465 0.3090169943749474 72.48161481491833
    endloop
  endfacet
  facet normal 0.8910065241883682 -0.45399049973954597 -1.0775140157546838e-17
    outer loop
      vertex 3.7489434837048465 0.3090169943749474 47.4
      vertex 3.8909830056250527 0.5877852522924731 72.31002238167636
      vertex 3.8385728456395682 0.4849245217097554 72.38091828943394
    endloop
  endfacet
  facet normal 0.7071067811865483 -0.7071067811865467 0
    outer loop
      vertex 3.8909830056250527 0.5877852522924731 47.4
      vertex 3.9848602635890087 0.6816625102564293 72.2
      vertex 3.8909830056250527 0.5877852522924731 72.31002238167636
    endloop
  endfacet
  facet normal 0.8386705679454244 0.5446390350150263 0
    outer loop
      vertex 1.4364545423573993 3.6635827547110615 28.6
      vertex 1.603157392158742 3.4068828769339286 0.5152310103337384
      vertex 1.4364545423573993 3.6635827547110615 0.6928876734497794
    endloop
  endfacet
  facet normal 0.965925826289068 0.25881904510252196 0
    outer loop
      vertex 1.4364545423573993 3.6635827547110615 28.6
      vertex 1.4364545423573993 3.6635827547110615 0.6928876734497794
      vertex 1.4019909108399538 3.7922027785475 0.8
    endloop
  endfacet
  facet normal 0.8386705679454166 0.5446390350150385 0
    outer loop
      vertex 1.6068551745226058 3.4011887914280035 28.6
      vertex 1.6068551745226058 3.4011887914280035 0.512016321954785
      vertex 1.603157392158742 3.4068828769339286 0.5152310103337384
    endloop
  endfacet
  facet normal 0.6293203910498377 0.7771459614569707 0
    outer loop
      vertex 1.6068551745226058 3.4011887914280035 28.6
      vertex 1.85 3.204293994002423 0.45650246480126205
      vertex 1.6068551745226058 3.4011887914280035 0.512016321954785
    endloop
  endfacet
  facet normal 0.3583679495453009 0.9335804264972015 1.2732111153286195e-17
    outer loop
      vertex 1.85 3.204293994002423 28.6
      vertex 2.142088309182241 3.092171797053056 0.5181430200880308
      vertex 1.9975600621723204 3.1476509931268795 0.4779958391230152
    endloop
  endfacet
  facet normal 0.3583679495452987 0.9335804264972023 0
    outer loop
      vertex 1.85 3.204293994002423 28.6
      vertex 1.9975600621723204 3.1476509931268795 0.4779958391230152
      vertex 1.85 3.204293994002423 0.45650246480126205
    endloop
  endfacet
  facet normal 0.9659258262890679 0.25881904510252196 0
    outer loop
      vertex 1.4364545423573993 3.6635827547110615 28.6
      vertex 1.4019909108399538 3.7922027785475 0.8
      vertex 1.4019909108399538 3.7922027785475 28.6
    endloop
  endfacet
  facet normal 0.6293203910498377 0.7771459614569707 0
    outer loop
      vertex 1.6068551745226058 3.4011887914280035 28.6
      vertex 1.85 3.204293994002423 28.6
      vertex 1.85 3.204293994002423 0.45650246480126205
    endloop
  endfacet
  facet normal 0.8386705679454243 0.5446390350150266 -3.4178795157064214e-18
    outer loop
      vertex 1.6068551745226058 3.4011887914280035 28.6
      vertex 1.603157392158742 3.4068828769339286 0.5152310103337384
      vertex 1.4364545423573993 3.6635827547110615 28.6
    endloop
  endfacet
  facet normal 0.052335956242944286 0.9986295347545739 0
    outer loop
      vertex 2.142088309182241 3.092171797053056 28.6
      vertex 2.4545284632676534 3.075797502418588 0.6888805637944597
      vertex 2.142088309182241 3.092171797053056 0.5181430200880308
    endloop
  endfacet
  facet normal -0.2588190451025223 0.9659258262890678 0
    outer loop
      vertex 2.4545284632676534 3.075797502418588 28.6
      vertex 2.570150574387351 3.106778353720293 0.7820894972915229
      vertex 2.4545284632676534 3.075797502418588 0.6888805637944597
    endloop
  endfacet
  facet normal -0.2588190451025127 0.9659258262890705 4.283506302486639e-17
    outer loop
      vertex 2.4545284632676534 3.075797502418588 28.6
      vertex 2.5904661733373966 3.112221902052712 0.8
      vertex 2.570150574387351 3.106778353720293 0.7820894972915229
    endloop
  endfacet
  facet normal 0.35836794954529977 0.933580426497202 0
    outer loop
      vertex 1.85 3.204293994002423 28.6
      vertex 2.142088309182241 3.092171797053056 28.6
      vertex 2.142088309182241 3.092171797053056 0.5181430200880308
    endloop
  endfacet
  facet normal 0.05233595624294428 0.9986295347545738 0
    outer loop
      vertex 2.142088309182241 3.092171797053056 28.6
      vertex 2.4545284632676534 3.075797502418588 28.6
      vertex 2.4545284632676534 3.075797502418588 0.6888805637944597
    endloop
  endfacet
  facet normal -0.25881904510252085 0.9659258262890683 0
    outer loop
      vertex 2.4545284632676534 3.075797502418588 28.6
      vertex 2.5904661733373966 3.112221902052712 28.6
      vertex 2.5904661733373966 3.112221902052712 0.8
    endloop
  endfacet
  facet normal 0.8386705679454244 0.5446390350150266 0
    outer loop
      vertex 1.6068551745226058 3.4011887914280035 47.4
      vertex 1.4364545423573993 3.6635827547110615 47.4
      vertex 1.4364545423573993 3.6635827547110615 72.30711232655023
    endloop
  endfacet
  facet normal 0.965925826289068 0.258819045102522 0
    outer loop
      vertex 1.4364545423573993 3.6635827547110615 47.4
      vertex 1.4019909108399538 3.7922027785475 47.4
      vertex 1.4019909108399538 3.7922027785475 72.2
    endloop
  endfacet
  facet normal 0.6293203910498377 0.7771459614569707 0
    outer loop
      vertex 1.6068551745226058 3.4011887914280035 47.4
      vertex 1.6068551745226058 3.4011887914280035 72.48798367804521
      vertex 1.85 3.204293994002423 47.4
    endloop
  endfacet
  facet normal 0.35836794954529977 0.933580426497202 -7.062582173878225e-18
    outer loop
      vertex 1.85 3.204293994002423 47.4
      vertex 1.9975600621723204 3.1476509931268795 72.52200416087699
      vertex 2.142088309182241 3.092171797053056 47.4
    endloop
  endfacet
  facet normal 0.965925826289068 0.258819045102522 0
    outer loop
      vertex 1.4364545423573993 3.6635827547110615 47.4
      vertex 1.4019909108399538 3.7922027785475 72.2
      vertex 1.4364545423573993 3.6635827547110615 72.30711232655023
    endloop
  endfacet
  facet normal 0.6293203910498377 0.7771459614569707 0
    outer loop
      vertex 1.85 3.204293994002423 47.4
      vertex 1.6068551745226058 3.4011887914280035 72.48798367804521
      vertex 1.85 3.204293994002423 72.54349753519874
    endloop
  endfacet
  facet normal 0.8386705679454244 0.5446390350150266 0
    outer loop
      vertex 1.6068551745226058 3.4011887914280035 47.4
      vertex 1.4364545423573993 3.6635827547110615 72.30711232655023
      vertex 1.6068551745226058 3.4011887914280035 72.48798367804521
    endloop
  endfacet
  facet normal 0.3583679495452987 0.9335804264972023 0
    outer loop
      vertex 1.85 3.204293994002423 47.4
      vertex 1.85 3.204293994002423 72.54349753519874
      vertex 1.9975600621723204 3.1476509931268795 72.52200416087699
    endloop
  endfacet
  facet normal 0.8386705679453818 0.5446390350150921 1.351379122909322e-13
    outer loop
      vertex 1.603157392158742 3.4068828769339286 72.48476898966626
      vertex 1.6068551745226058 3.4011887914280035 72.48798367804521
      vertex 1.4364545423573993 3.6635827547110615 72.30711232655023
    endloop
  endfacet
  facet normal 0.052335956242944286 0.9986295347545739 0
    outer loop
      vertex 2.142088309182241 3.092171797053056 47.4
      vertex 2.142088309182241 3.092171797053056 72.48185697991197
      vertex 2.4545284632676534 3.075797502418588 47.4
    endloop
  endfacet
  facet normal -0.25881904510252085 0.9659258262890682 0
    outer loop
      vertex 2.4545284632676534 3.075797502418588 47.4
      vertex 2.5904661733373966 3.112221902052712 72.2
      vertex 2.5904661733373966 3.112221902052712 47.4
    endloop
  endfacet
  facet normal 0.3583679495453008 0.9335804264972015 0
    outer loop
      vertex 2.142088309182241 3.092171797053056 47.4
      vertex 1.9975600621723204 3.1476509931268795 72.52200416087699
      vertex 2.142088309182241 3.092171797053056 72.48185697991197
    endloop
  endfacet
  facet normal 0.052335956242944286 0.9986295347545738 0
    outer loop
      vertex 2.4545284632676534 3.075797502418588 47.4
      vertex 2.142088309182241 3.092171797053056 72.48185697991197
      vertex 2.4545284632676534 3.075797502418588 72.31111943620554
    endloop
  endfacet
  facet normal -0.2588190451025209 0.9659258262890682 0
    outer loop
      vertex 2.4545284632676534 3.075797502418588 47.4
      vertex 2.4545284632676534 3.075797502418588 72.31111943620554
      vertex 2.5904661733373966 3.112221902052712 72.2
    endloop
  endfacet
  facet normal -0.25881904510262604 0.9659258262890402 -1.364796721417844e-13
    outer loop
      vertex 2.5904661733373966 3.112221902052712 72.2
      vertex 2.4545284632676534 3.075797502418588 72.31111943620554
      vertex 2.570150574387351 3.106778353720293 72.21791050270848
    endloop
  endfacet
  facet normal 0.25881904510252535 0.965925826289067 -2.954142277576658e-17
    outer loop
      vertex -2.4545284632676534 3.075797502418588 28.6
      vertex -2.570150574387349 3.106778353720292 0.7820894972915208
      vertex -2.590466173337397 3.112221902052712 0.8
    endloop
  endfacet
  facet normal 0.25881904510251913 0.9659258262890688 0
    outer loop
      vertex -2.4545284632676534 3.075797502418588 28.6
      vertex -2.4545284632676534 3.075797502418588 0.6888805637944594
      vertex -2.570150574387349 3.106778353720292 0.7820894972915208
    endloop
  endfacet
  facet normal -0.05233595624294428 0.9986295347545738 0
    outer loop
      vertex -2.4545284632676534 3.075797502418588 28.6
      vertex -2.142088309182241 3.092171797053056 0.5181430200880306
      vertex -2.4545284632676534 3.075797502418588 0.6888805637944594
    endloop
  endfacet
  facet normal -0.35836794954529927 0.9335804264972021 0
    outer loop
      vertex -2.142088309182241 3.092171797053056 28.6
      vertex -1.9975600621723208 3.147650993126879 0.4779958391230156
      vertex -2.142088309182241 3.092171797053056 0.5181430200880306
    endloop
  endfacet
  facet normal 0.2588190451025201 0.9659258262890685 0
    outer loop
      vertex -2.4545284632676534 3.075797502418588 28.6
      vertex -2.590466173337397 3.112221902052712 0.8
      vertex -2.590466173337397 3.112221902052712 28.6
    endloop
  endfacet
  facet normal -0.052335956242944286 0.9986295347545739 0
    outer loop
      vertex -2.4545284632676534 3.075797502418588 28.6
      vertex -2.142088309182241 3.092171797053056 28.6
      vertex -2.142088309182241 3.092171797053056 0.5181430200880306
    endloop
  endfacet
  facet normal -0.8386705679453818 0.5446390350150923 -1.3513791229220616e-13
    outer loop
      vertex -1.603157392158742 3.4068828769339286 0.5152310103337384
      vertex -1.6068551745226058 3.4011887914280035 0.512016321954785
      vertex -1.4364545423573993 3.6635827547110615 0.6928876734497794
    endloop
  endfacet
  facet normal -0.3583679495453002 0.9335804264972017 0
    outer loop
      vertex -1.85 3.204293994002423 28.6
      vertex -1.85 3.204293994002423 0.4565024648012622
      vertex -1.9975600621723208 3.147650993126879 0.4779958391230156
    endloop
  endfacet
  facet normal -0.6293203910498377 0.7771459614569707 0
    outer loop
      vertex -1.85 3.204293994002423 28.6
      vertex -1.6068551745226058 3.4011887914280035 0.512016321954785
      vertex -1.85 3.204293994002423 0.4565024648012622
    endloop
  endfacet
  facet normal -0.8386705679454244 0.5446390350150266 0
    outer loop
      vertex -1.6068551745226058 3.4011887914280035 28.6
      vertex -1.4364545423573993 3.6635827547110615 0.6928876734497794
      vertex -1.6068551745226058 3.4011887914280035 0.512016321954785
    endloop
  endfacet
  facet normal -0.965925826289068 0.25881904510252196 0
    outer loop
      vertex -1.4364545423573993 3.6635827547110615 28.6
      vertex -1.4019909108399538 3.7922027785475 0.8
      vertex -1.4364545423573993 3.6635827547110615 0.6928876734497794
    endloop
  endfacet
  facet normal -0.3583679495452998 0.933580426497202 -2.3659349331537574e-18
    outer loop
      vertex -2.142088309182241 3.092171797053056 28.6
      vertex -1.85 3.204293994002423 28.6
      vertex -1.9975600621723208 3.147650993126879 0.4779958391230156
    endloop
  endfacet
  facet normal -0.6293203910498377 0.7771459614569707 0
    outer loop
      vertex -1.85 3.204293994002423 28.6
      vertex -1.6068551745226058 3.4011887914280035 28.6
      vertex -1.6068551745226058 3.4011887914280035 0.512016321954785
    endloop
  endfacet
  facet normal -0.8386705679454244 0.5446390350150266 0
    outer loop
      vertex -1.6068551745226058 3.4011887914280035 28.6
      vertex -1.4364545423573993 3.6635827547110615 28.6
      vertex -1.4364545423573993 3.6635827547110615 0.6928876734497794
    endloop
  endfacet
  facet normal -0.9659258262890679 0.25881904510252196 0
    outer loop
      vertex -1.4364545423573993 3.6635827547110615 28.6
      vertex -1.4019909108399538 3.7922027785475 28.6
      vertex -1.4019909108399538 3.7922027785475 0.8
    endloop
  endfacet
  facet normal 0.2588190451025201 0.9659258262890684 4.9667107690119196e-18
    outer loop
      vertex -2.4545284632676534 3.075797502418588 47.4
      vertex -2.590466173337397 3.112221902052712 47.4
      vertex -2.570150574387349 3.106778353720292 72.21791050270848
    endloop
  endfacet
  facet normal -0.052335956242944286 0.9986295347545738 0
    outer loop
      vertex -2.4545284632676534 3.075797502418588 47.4
      vertex -2.4545284632676534 3.075797502418588 72.31111943620554
      vertex -2.142088309182241 3.092171797053056 47.4
    endloop
  endfacet
  facet normal -0.35836794954529977 0.9335804264972019 0
    outer loop
      vertex -2.142088309182241 3.092171797053056 47.4
      vertex -2.142088309182241 3.092171797053056 72.48185697991197
      vertex -1.85 3.204293994002423 47.4
    endloop
  endfacet
  facet normal 0.2588190451025257 0.9659258262890669 0
    outer loop
      vertex -2.590466173337397 3.112221902052712 47.4
      vertex -2.590466173337397 3.112221902052712 72.2
      vertex -2.570150574387349 3.106778353720292 72.21791050270848
    endloop
  endfacet
  facet normal 0.25881904510251913 0.9659258262890688 0
    outer loop
      vertex -2.4545284632676534 3.075797502418588 47.4
      vertex -2.570150574387349 3.106778353720292 72.21791050270848
      vertex -2.4545284632676534 3.075797502418588 72.31111943620554
    endloop
  endfacet
  facet normal -0.052335956242944286 0.9986295347545739 0
    outer loop
      vertex -2.142088309182241 3.092171797053056 47.4
      vertex -2.4545284632676534 3.075797502418588 72.31111943620554
      vertex -2.142088309182241 3.092171797053056 72.48185697991197
    endloop
  endfacet
  facet normal -0.6293203910498377 0.7771459614569707 0
    outer loop
      vertex -1.85 3.204293994002423 47.4
      vertex -1.85 3.204293994002423 72.54349753519874
      vertex -1.6068551745226058 3.4011887914280035 47.4
    endloop
  endfacet
  facet normal -0.8386705679454243 0.5446390350150266 3.826639052273941e-18
    outer loop
      vertex -1.6068551745226058 3.4011887914280035 47.4
      vertex -1.603157392158742 3.4068828769339286 72.48476898966626
      vertex -1.4364545423573993 3.6635827547110615 47.4
    endloop
  endfacet
  facet normal -0.965925826289068 0.258819045102522 0
    outer loop
      vertex -1.4364545423573993 3.6635827547110615 47.4
      vertex -1.4019909108399538 3.7922027785475 72.2
      vertex -1.4019909108399538 3.7922027785475 47.4
    endloop
  endfacet
  facet normal -0.3583679495452992 0.9335804264972022 5.343775427858626e-18
    outer loop
      vertex -1.85 3.204293994002423 47.4
      vertex -2.142088309182241 3.092171797053056 72.48185697991197
      vertex -1.9975600621723208 3.147650993126879 72.52200416087699
    endloop
  endfacet
  facet normal -0.3583679495453002 0.9335804264972019 0
    outer loop
      vertex -1.85 3.204293994002423 47.4
      vertex -1.9975600621723208 3.147650993126879 72.52200416087699
      vertex -1.85 3.204293994002423 72.54349753519874
    endloop
  endfacet
  facet normal -0.6293203910498377 0.7771459614569707 0
    outer loop
      vertex -1.6068551745226058 3.4011887914280035 47.4
      vertex -1.85 3.204293994002423 72.54349753519874
      vertex -1.6068551745226058 3.4011887914280035 72.48798367804521
    endloop
  endfacet
  facet normal -0.8386705679454166 0.5446390350150385 0
    outer loop
      vertex -1.6068551745226058 3.4011887914280035 47.4
      vertex -1.6068551745226058 3.4011887914280035 72.48798367804521
      vertex -1.603157392158742 3.4068828769339286 72.48476898966626
    endloop
  endfacet
  facet normal -0.8386705679454245 0.5446390350150264 0
    outer loop
      vertex -1.4364545423573993 3.6635827547110615 47.4
      vertex -1.603157392158742 3.4068828769339286 72.48476898966626
      vertex -1.4364545423573993 3.6635827547110615 72.30711232655023
    endloop
  endfacet
  facet normal -0.965925826289068 0.258819045102522 0
    outer loop
      vertex -1.4364545423573993 3.6635827547110615 47.4
      vertex -1.4364545423573993 3.6635827547110615 72.30711232655023
      vertex -1.4019909108399538 3.7922027785475 72.2
    endloop
  endfacet
  facet normal -0.7071067811865483 0.7071067811865467 0
    outer loop
      vertex -3.8909830056250527 -0.5877852522924731 28.6
      vertex -3.8909830056250527 -0.5877852522924731 0.6899776183236326
      vertex -3.9848602635890087 -0.6816625102564293 0.8
    endloop
  endfacet
  facet normal -0.8910065241883682 0.4539904997395463 0
    outer loop
      vertex -3.8909830056250527 -0.5877852522924731 28.6
      vertex -3.838572845639568 -0.4849245217097546 0.6190817105660721
      vertex -3.8909830056250527 -0.5877852522924731 0.6899776183236326
    endloop
  endfacet
  facet normal -0.8910065241883677 0.45399049973954725 0
    outer loop
      vertex -3.7489434837048465 -0.3090169943749474 28.6
      vertex -3.7489434837048465 -0.3090169943749474 0.5183851850816693
      vertex -3.838572845639568 -0.4849245217097546 0.6190817105660721
    endloop
  endfacet
  facet normal -0.9876883405951378 0.15643446504023065 0
    outer loop
      vertex -3.7489434837048465 -0.3090169943749474 28.6
      vertex -3.7 0 0.4500000000000003
      vertex -3.7489434837048465 -0.3090169943749474 0.5183851850816693
    endloop
  endfacet
  facet normal -0.7071067811865483 0.7071067811865468 0
    outer loop
      vertex -3.8909830056250527 -0.5877852522924731 28.6
      vertex -3.9848602635890087 -0.6816625102564293 0.8
      vertex -3.9848602635890087 -0.6816625102564293 28.6
    endloop
  endfacet
  facet normal -0.8910065241883678 0.45399049973954686 2.9723306141295786e-18
    outer loop
      vertex -3.8909830056250527 -0.5877852522924731 28.6
      vertex -3.7489434837048465 -0.3090169943749474 28.6
      vertex -3.838572845639568 -0.4849245217097546 0.6190817105660721
    endloop
  endfacet
  facet normal -0.9876883405951378 0.15643446504023065 0
    outer loop
      vertex -3.7489434837048465 -0.3090169943749474 28.6
      vertex -3.7 0 28.6
      vertex -3.7 0 0.4500000000000003
    endloop
  endfacet
  facet normal -0.7071067811865485 0.7071067811865467 0
    outer loop
      vertex -3.8909830056250527 -0.5877852522924731 47.4
      vertex -3.9848602635890087 -0.6816625102564293 47.4
      vertex -3.9848602635890087 -0.6816625102564293 72.2
    endloop
  endfacet
  facet normal -0.8910065241883678 0.45399049973954686 0
    outer loop
      vertex -3.8909830056250527 -0.5877852522924731 47.4
      vertex -3.8909830056250527 -0.5877852522924731 72.31002238167638
      vertex -3.7489434837048465 -0.3090169943749474 47.4
    endloop
  endfacet
  facet normal -0.9876883405951378 0.15643446504023065 0
    outer loop
      vertex -3.7489434837048465 -0.3090169943749474 47.4
      vertex -3.7489434837048465 -0.3090169943749474 72.48161481491833
      vertex -3.7 0 47.4
    endloop
  endfacet
  facet normal -0.7071067811865485 0.7071067811865467 0
    outer loop
      vertex -3.8909830056250527 -0.5877852522924731 47.4
      vertex -3.9848602635890087 -0.6816625102564293 72.2
      vertex -3.8909830056250527 -0.5877852522924731 72.31002238167638
    endloop
  endfacet
  facet normal -0.8910065241883681 0.45399049973954614 -8.380664566980814e-18
    outer loop
      vertex -3.7489434837048465 -0.3090169943749474 47.4
      vertex -3.8909830056250527 -0.5877852522924731 72.31002238167638
      vertex -3.838572845639568 -0.4849245217097546 72.38091828943394
    endloop
  endfacet
  facet normal -0.8910065241883676 0.4539904997395472 0
    outer loop
      vertex -3.7489434837048465 -0.3090169943749474 47.4
      vertex -3.838572845639568 -0.4849245217097546 72.38091828943394
      vertex -3.7489434837048465 -0.3090169943749474 72.48161481491833
    endloop
  endfacet
  facet normal -0.9876883405951379 0.15643446504023067 0
    outer loop
      vertex -3.7 0 47.4
      vertex -3.7489434837048465 -0.3090169943749474 72.48161481491833
      vertex -3.7 0 72.55
    endloop
  endfacet
  facet normal -0.8910065241883681 -0.45399049973954636 7.48600050133933e-18
    outer loop
      vertex -3.7489434837048465 0.3090169943749474 28.6
      vertex -3.8909830056250527 0.5877852522924731 0.6899776183236326
      vertex -3.838572845639568 0.4849245217097546 0.6190817105660721
    endloop
  endfacet
  facet normal -0.9876883405951378 -0.15643446504023065 0
    outer loop
      vertex -3.7 0 28.6
      vertex -3.7489434837048465 0.3090169943749474 0.5183851850816692
      vertex -3.7 0 0.4500000000000003
    endloop
  endfacet
  facet normal -0.8910065241883677 -0.45399049973954725 0
    outer loop
      vertex -3.7489434837048465 0.3090169943749474 28.6
      vertex -3.838572845639568 0.4849245217097546 0.6190817105660721
      vertex -3.7489434837048465 0.3090169943749474 0.5183851850816692
    endloop
  endfacet
  facet normal -0.7071067811865483 -0.7071067811865467 0
    outer loop
      vertex -3.8909830056250527 0.5877852522924731 28.6
      vertex -3.9848602635890087 0.6816625102564293 0.8
      vertex -3.8909830056250527 0.5877852522924731 0.6899776183236326
    endloop
  endfacet
  facet normal -0.8910065241883678 -0.4539904997395468 0
    outer loop
      vertex -3.7489434837048465 0.3090169943749474 28.6
      vertex -3.8909830056250527 0.5877852522924731 28.6
      vertex -3.8909830056250527 0.5877852522924731 0.6899776183236326
    endloop
  endfacet
  facet normal -0.9876883405951378 -0.15643446504023065 0
    outer loop
      vertex -3.7489434837048465 0.3090169943749474 28.6
      vertex -3.7489434837048465 0.3090169943749474 0.5183851850816692
      vertex -3.7 0 28.6
    endloop
  endfacet
  facet normal -0.7071067811865483 -0.7071067811865468 0
    outer loop
      vertex -3.8909830056250527 0.5877852522924731 28.6
      vertex -3.9848602635890087 0.6816625102564293 28.6
      vertex -3.9848602635890087 0.6816625102564293 0.8
    endloop
  endfacet
  facet normal -0.8910065241883678 -0.4539904997395468 -3.107330555569106e-18
    outer loop
      vertex -3.7489434837048465 0.3090169943749474 47.4
      vertex -3.838572845639568 0.4849245217097546 72.38091828943394
      vertex -3.8909830056250527 0.5877852522924731 47.4
    endloop
  endfacet
  facet normal -0.9876883405951379 -0.15643446504023067 0
    outer loop
      vertex -3.7489434837048465 0.3090169943749474 47.4
      vertex -3.7 0 47.4
      vertex -3.7 0 72.55
    endloop
  endfacet
  facet normal -0.7071067811865485 -0.7071067811865467 0
    outer loop
      vertex -3.8909830056250527 0.5877852522924731 47.4
      vertex -3.9848602635890087 0.6816625102564293 72.2
      vertex -3.9848602635890087 0.6816625102564293 47.4
    endloop
  endfacet
  facet normal -0.9876883405951378 -0.15643446504023065 0
    outer loop
      vertex -3.7489434837048465 0.3090169943749474 47.4
      vertex -3.7 0 72.55
      vertex -3.7489434837048465 0.3090169943749474 72.48161481491833
    endloop
  endfacet
  facet normal -0.8910065241883676 -0.4539904997395472 0
    outer loop
      vertex -3.7489434837048465 0.3090169943749474 47.4
      vertex -3.7489434837048465 0.3090169943749474 72.48161481491833
      vertex -3.838572845639568 0.4849245217097546 72.38091828943394
    endloop
  endfacet
  facet normal -0.8910065241883681 -0.45399049973954625 0
    outer loop
      vertex -3.8909830056250527 0.5877852522924731 47.4
      vertex -3.838572845639568 0.4849245217097546 72.38091828943394
      vertex -3.8909830056250527 0.5877852522924731 72.31002238167638
    endloop
  endfacet
  facet normal -0.7071067811865485 -0.7071067811865467 0
    outer loop
      vertex -3.8909830056250527 0.5877852522924731 47.4
      vertex -3.8909830056250527 0.5877852522924731 72.31002238167638
      vertex -3.9848602635890087 0.6816625102564293 72.2
    endloop
  endfacet
  facet normal 0.2588190451025257 -0.9659258262890671 0
    outer loop
      vertex -2.590466173337397 -3.112221902052712 0.8
      vertex -2.570150574387349 -3.106778353720292 0.7820894972915208
      vertex -2.590466173337397 -3.112221902052712 28.6
    endloop
  endfacet
  facet normal 0.25881904510251913 -0.9659258262890688 0
    outer loop
      vertex -2.4545284632676534 -3.075797502418588 28.6
      vertex -2.570150574387349 -3.106778353720292 0.7820894972915208
      vertex -2.4545284632676534 -3.075797502418588 0.6888805637944596
    endloop
  endfacet
  facet normal -0.052335956242944286 -0.9986295347545739 0
    outer loop
      vertex -2.142088309182241 -3.092171797053056 28.6
      vertex -2.4545284632676534 -3.075797502418588 0.6888805637944596
      vertex -2.142088309182241 -3.092171797053056 0.5181430200880307
    endloop
  endfacet
  facet normal 0.2588190451025201 -0.9659258262890685 -4.4310798737444615e-18
    outer loop
      vertex -2.4545284632676534 -3.075797502418588 28.6
      vertex -2.590466173337397 -3.112221902052712 28.6
      vertex -2.570150574387349 -3.106778353720292 0.7820894972915208
    endloop
  endfacet
  facet normal -0.05233595624294428 -0.9986295347545738 0
    outer loop
      vertex -2.4545284632676534 -3.075797502418588 28.6
      vertex -2.4545284632676534 -3.075797502418588 0.6888805637944596
      vertex -2.142088309182241 -3.092171797053056 28.6
    endloop
  endfacet
  facet normal -0.35836794954529977 -0.933580426497202 0
    outer loop
      vertex -2.142088309182241 -3.092171797053056 28.6
      vertex -2.142088309182241 -3.092171797053056 0.5181430200880307
      vertex -1.85 -3.204293994002423 28.6
    endloop
  endfacet
  facet normal -0.3583679495453002 -0.9335804264972017 0
    outer loop
      vertex -1.85 -3.204293994002423 28.6
      vertex -1.9975600621723208 -3.147650993126879 0.4779958391230156
      vertex -1.85 -3.204293994002423 0.45650246480126216
    endloop
  endfacet
  facet normal -0.3583679495452993 -0.9335804264972021 -4.774541682482341e-18
    outer loop
      vertex -1.85 -3.204293994002423 28.6
      vertex -2.142088309182241 -3.092171797053056 0.5181430200880307
      vertex -1.9975600621723208 -3.147650993126879 0.4779958391230156
    endloop
  endfacet
  facet normal -0.6293203910498377 -0.7771459614569707 0
    outer loop
      vertex -1.6068551745226058 -3.4011887914280035 28.6
      vertex -1.85 -3.204293994002423 0.45650246480126216
      vertex -1.6068551745226058 -3.4011887914280035 0.5120163219547851
    endloop
  endfacet
  facet normal -0.83867056794543 -0.5446390350150179 0
    outer loop
      vertex -1.6068551745226058 -3.4011887914280035 28.6
      vertex -1.6068551745226058 -3.4011887914280035 0.5120163219547851
      vertex -1.6031573921587414 -3.40688287693393 0.5152310103337392
    endloop
  endfacet
  facet normal -0.965925826289068 -0.25881904510252196 0
    outer loop
      vertex -1.4364545423573993 -3.6635827547110615 28.6
      vertex -1.4364545423573993 -3.6635827547110615 0.6928876734497793
      vertex -1.4019909108399538 -3.7922027785475 0.8
    endloop
  endfacet
  facet normal -0.8386705679454243 -0.5446390350150269 0
    outer loop
      vertex -1.4364545423573993 -3.6635827547110615 28.6
      vertex -1.6031573921587414 -3.40688287693393 0.5152310103337392
      vertex -1.4364545423573993 -3.6635827547110615 0.6928876734497793
    endloop
  endfacet
  facet normal -0.8386705679454243 -0.5446390350150266 2.369071722078097e-18
    outer loop
      vertex -1.4364545423573993 -3.6635827547110615 28.6
      vertex -1.6068551745226058 -3.4011887914280035 28.6
      vertex -1.6031573921587414 -3.40688287693393 0.5152310103337392
    endloop
  endfacet
  facet normal -0.6293203910498377 -0.7771459614569707 0
    outer loop
      vertex -1.85 -3.204293994002423 28.6
      vertex -1.85 -3.204293994002423 0.45650246480126216
      vertex -1.6068551745226058 -3.4011887914280035 28.6
    endloop
  endfacet
  facet normal -0.9659258262890679 -0.25881904510252196 0
    outer loop
      vertex -1.4364545423573993 -3.6635827547110615 28.6
      vertex -1.4019909108399538 -3.7922027785475 0.8
      vertex -1.4019909108399538 -3.7922027785475 28.6
    endloop
  endfacet
  facet normal 0.2588190451025201 -0.9659258262890684 0
    outer loop
      vertex -2.4545284632676534 -3.075797502418588 47.4
      vertex -2.590466173337397 -3.112221902052712 72.2
      vertex -2.590466173337397 -3.112221902052712 47.4
    endloop
  endfacet
  facet normal -0.052335956242944286 -0.9986295347545739 0
    outer loop
      vertex -2.4545284632676534 -3.075797502418588 47.4
      vertex -2.142088309182241 -3.092171797053056 47.4
      vertex -2.142088309182241 -3.092171797053056 72.48185697991197
    endloop
  endfacet
  facet normal 0.2588190451025255 -0.9659258262890669 3.309779602441393e-17
    outer loop
      vertex -2.4545284632676534 -3.075797502418588 47.4
      vertex -2.570150574387349 -3.106778353720292 72.21791050270848
      vertex -2.590466173337397 -3.112221902052712 72.2
    endloop
  endfacet
  facet normal 0.25881904510251913 -0.9659258262890688 0
    outer loop
      vertex -2.4545284632676534 -3.075797502418588 47.4
      vertex -2.4545284632676534 -3.075797502418588 72.31111943620554
      vertex -2.570150574387349 -3.106778353720292 72.21791050270848
    endloop
  endfacet
  facet normal -0.052335956242944286 -0.9986295347545738 0
    outer loop
      vertex -2.4545284632676534 -3.075797502418588 47.4
      vertex -2.142088309182241 -3.092171797053056 72.48185697991197
      vertex -2.4545284632676534 -3.075797502418588 72.31111943620554
    endloop
  endfacet
  facet normal -0.35836794954529927 -0.9335804264972021 0
    outer loop
      vertex -2.142088309182241 -3.092171797053056 47.4
      vertex -1.9975600621723208 -3.147650993126879 72.52200416087699
      vertex -2.142088309182241 -3.092171797053056 72.48185697991197
    endloop
  endfacet
  facet normal -0.35836794954529977 -0.933580426497202 2.6484683152043346e-18
    outer loop
      vertex -2.142088309182241 -3.092171797053056 47.4
      vertex -1.85 -3.204293994002423 47.4
      vertex -1.9975600621723208 -3.147650993126879 72.52200416087699
    endloop
  endfacet
  facet normal -0.6293203910498377 -0.7771459614569707 0
    outer loop
      vertex -1.85 -3.204293994002423 47.4
      vertex -1.6068551745226058 -3.4011887914280035 47.4
      vertex -1.6068551745226058 -3.4011887914280035 72.48798367804521
    endloop
  endfacet
  facet normal -0.965925826289068 -0.258819045102522 0
    outer loop
      vertex -1.4364545423573993 -3.6635827547110615 47.4
      vertex -1.4019909108399538 -3.7922027785475 47.4
      vertex -1.4019909108399538 -3.7922027785475 72.2
    endloop
  endfacet
  facet normal -0.8386705679454244 -0.5446390350150266 0
    outer loop
      vertex -1.4364545423573993 -3.6635827547110615 47.4
      vertex -1.4364545423573993 -3.6635827547110615 72.30711232655023
      vertex -1.6068551745226058 -3.4011887914280035 47.4
    endloop
  endfacet
  facet normal -0.3583679495453002 -0.9335804264972019 0
    outer loop
      vertex -1.85 -3.204293994002423 47.4
      vertex -1.85 -3.204293994002423 72.54349753519874
      vertex -1.9975600621723208 -3.147650993126879 72.52200416087699
    endloop
  endfacet
  facet normal -0.8386705679454244 -0.5446390350150266 0
    outer loop
      vertex -1.6068551745226058 -3.4011887914280035 47.4
      vertex -1.4364545423573993 -3.6635827547110615 72.30711232655023
      vertex -1.6068551745226058 -3.4011887914280035 72.48798367804521
    endloop
  endfacet
  facet normal -0.6293203910498377 -0.7771459614569707 0
    outer loop
      vertex -1.85 -3.204293994002423 47.4
      vertex -1.6068551745226058 -3.4011887914280035 72.48798367804521
      vertex -1.85 -3.204293994002423 72.54349753519874
    endloop
  endfacet
  facet normal -0.8386705679454558 -0.5446390350149781 -1.0049967484439901e-13
    outer loop
      vertex -1.6031573921587414 -3.40688287693393 72.48476898966626
      vertex -1.6068551745226058 -3.4011887914280035 72.48798367804521
      vertex -1.4364545423573993 -3.6635827547110615 72.30711232655023
    endloop
  endfacet
  facet normal -0.965925826289068 -0.258819045102522 0
    outer loop
      vertex -1.4364545423573993 -3.6635827547110615 47.4
      vertex -1.4019909108399538 -3.7922027785475 72.2
      vertex -1.4364545423573993 -3.6635827547110615 72.30711232655023
    endloop
  endfacet
  facet normal 0.8386705679454562 -0.5446390350149776 1.0049967484544119e-13
    outer loop
      vertex 1.6031573921587414 -3.40688287693393 0.5152310103337392
      vertex 1.6068551745226058 -3.4011887914280035 0.5120163219547851
      vertex 1.4364545423573993 -3.6635827547110615 0.6928876734497793
    endloop
  endfacet
  facet normal 0.965925826289068 -0.25881904510252196 0
    outer loop
      vertex 1.4364545423573993 -3.6635827547110615 28.6
      vertex 1.4019909108399538 -3.7922027785475 0.8
      vertex 1.4364545423573993 -3.6635827547110615 0.6928876734497793
    endloop
  endfacet
  facet normal 0.8386705679454244 -0.5446390350150266 0
    outer loop
      vertex 1.6068551745226058 -3.4011887914280035 28.6
      vertex 1.4364545423573993 -3.6635827547110615 0.6928876734497793
      vertex 1.6068551745226058 -3.4011887914280035 0.5120163219547851
    endloop
  endfacet
  facet normal 0.6293203910498377 -0.7771459614569707 0
    outer loop
      vertex 1.85 -3.204293994002423 28.6
      vertex 1.6068551745226058 -3.4011887914280035 0.5120163219547851
      vertex 1.85 -3.204293994002423 0.45650246480126233
    endloop
  endfacet
  facet normal 0.3583679495453 -0.9335804264972017 0
    outer loop
      vertex 1.85 -3.204293994002423 28.6
      vertex 1.85 -3.204293994002423 0.45650246480126233
      vertex 1.9975600621723186 -3.14765099312688 0.47799583912301513
    endloop
  endfacet
  facet normal 0.9659258262890679 -0.25881904510252196 0
    outer loop
      vertex 1.4364545423573993 -3.6635827547110615 28.6
      vertex 1.4019909108399538 -3.7922027785475 28.6
      vertex 1.4019909108399538 -3.7922027785475 0.8
    endloop
  endfacet
  facet normal 0.8386705679454244 -0.5446390350150266 0
    outer loop
      vertex 1.4364545423573993 -3.6635827547110615 28.6
      vertex 1.4364545423573993 -3.6635827547110615 0.6928876734497793
      vertex 1.6068551745226058 -3.4011887914280035 28.6
    endloop
  endfacet
  facet normal 0.6293203910498377 -0.7771459614569707 0
    outer loop
      vertex 1.6068551745226058 -3.4011887914280035 28.6
      vertex 1.6068551745226058 -3.4011887914280035 0.5120163219547851
      vertex 1.85 -3.204293994002423 28.6
    endloop
  endfacet
  facet normal 0.3583679495452998 -0.933580426497202 -1.5772899554358382e-18
    outer loop
      vertex 1.85 -3.204293994002423 28.6
      vertex 1.9975600621723186 -3.14765099312688 0.47799583912301513
      vertex 2.142088309182241 -3.092171797053056 28.6
    endloop
  endfacet
  facet normal 0.3583679495452995 -0.9335804264972021 0
    outer loop
      vertex 2.142088309182241 -3.092171797053056 28.6
      vertex 1.9975600621723186 -3.14765099312688 0.47799583912301513
      vertex 2.142088309182241 -3.092171797053056 0.5181430200880309
    endloop
  endfacet
  facet normal 0.05233595624294428 -0.9986295347545738 0
    outer loop
      vertex 2.4545284632676534 -3.075797502418588 28.6
      vertex 2.142088309182241 -3.092171797053056 0.5181430200880309
      vertex 2.4545284632676534 -3.075797502418588 0.6888805637944596
    endloop
  endfacet
  facet normal -0.2588190451025195 -0.9659258262890685 0
    outer loop
      vertex 2.4545284632676534 -3.075797502418588 28.6
      vertex 2.4545284632676534 -3.075797502418588 0.6888805637944596
      vertex 2.5701505743873523 -3.106778353720293 0.7820894972915237
    endloop
  endfacet
  facet normal -0.25881904510252324 -0.9659258262890675 -1.772485366546268e-17
    outer loop
      vertex 2.4545284632676534 -3.075797502418588 28.6
      vertex 2.5701505743873523 -3.106778353720293 0.7820894972915237
      vertex 2.590466173337397 -3.112221902052712 0.8
    endloop
  endfacet
  facet normal 0.052335956242944286 -0.9986295347545739 0
    outer loop
      vertex 2.142088309182241 -3.092171797053056 28.6
      vertex 2.142088309182241 -3.092171797053056 0.5181430200880309
      vertex 2.4545284632676534 -3.075797502418588 28.6
    endloop
  endfacet
  facet normal -0.2588190451025201 -0.9659258262890685 0
    outer loop
      vertex 2.4545284632676534 -3.075797502418588 28.6
      vertex 2.590466173337397 -3.112221902052712 0.8
      vertex 2.590466173337397 -3.112221902052712 28.6
    endloop
  endfacet
  facet normal 0.965925826289068 -0.258819045102522 0
    outer loop
      vertex 1.4364545423573993 -3.6635827547110615 47.4
      vertex 1.4019909108399538 -3.7922027785475 72.2
      vertex 1.4019909108399538 -3.7922027785475 47.4
    endloop
  endfacet
  facet normal 0.8386705679454243 -0.5446390350150266 -2.6523996319010706e-18
    outer loop
      vertex 1.4364545423573993 -3.6635827547110615 47.4
      vertex 1.6068551745226058 -3.4011887914280035 47.4
      vertex 1.6031573921587414 -3.40688287693393 72.48476898966626
    endloop
  endfacet
  facet normal 0.6293203910498377 -0.7771459614569707 0
    outer loop
      vertex 1.6068551745226058 -3.4011887914280035 47.4
      vertex 1.85 -3.204293994002423 47.4
      vertex 1.85 -3.204293994002423 72.54349753519874
    endloop
  endfacet
  facet normal 0.965925826289068 -0.258819045102522 0
    outer loop
      vertex 1.4364545423573993 -3.6635827547110615 47.4
      vertex 1.4364545423573993 -3.6635827547110615 72.30711232655023
      vertex 1.4019909108399538 -3.7922027785475 72.2
    endloop
  endfacet
  facet normal 0.8386705679454242 -0.5446390350150269 0
    outer loop
      vertex 1.4364545423573993 -3.6635827547110615 47.4
      vertex 1.6031573921587414 -3.40688287693393 72.48476898966626
      vertex 1.4364545423573993 -3.6635827547110615 72.30711232655023
    endloop
  endfacet
  facet normal 0.83867056794543 -0.5446390350150179 0
    outer loop
      vertex 1.6068551745226058 -3.4011887914280035 47.4
      vertex 1.6068551745226058 -3.4011887914280035 72.48798367804521
      vertex 1.6031573921587414 -3.40688287693393 72.48476898966626
    endloop
  endfacet
  facet normal 0.6293203910498377 -0.7771459614569707 0
    outer loop
      vertex 1.6068551745226058 -3.4011887914280035 47.4
      vertex 1.85 -3.204293994002423 72.54349753519874
      vertex 1.6068551745226058 -3.4011887914280035 72.48798367804521
    endloop
  endfacet
  facet normal 0.3583679495453 -0.9335804264972019 0
    outer loop
      vertex 1.85 -3.204293994002423 47.4
      vertex 1.9975600621723186 -3.14765099312688 72.52200416087697
      vertex 1.85 -3.204293994002423 72.54349753519874
    endloop
  endfacet
  facet normal 0.3583679495452996 -0.9335804264972021 3.5625169519057e-18
    outer loop
      vertex 1.85 -3.204293994002423 47.4
      vertex 2.142088309182241 -3.092171797053056 72.48185697991197
      vertex 1.9975600621723186 -3.14765099312688 72.52200416087697
    endloop
  endfacet
  facet normal 0.35836794954529977 -0.9335804264972019 0
    outer loop
      vertex 1.85 -3.204293994002423 47.4
      vertex 2.142088309182241 -3.092171797053056 47.4
      vertex 2.142088309182241 -3.092171797053056 72.48185697991197
    endloop
  endfacet
  facet normal 0.052335956242944286 -0.9986295347545738 0
    outer loop
      vertex 2.142088309182241 -3.092171797053056 47.4
      vertex 2.4545284632676534 -3.075797502418588 47.4
      vertex 2.4545284632676534 -3.075797502418588 72.31111943620554
    endloop
  endfacet
  facet normal -0.2588190451025201 -0.9659258262890684 2.9800264614071516e-18
    outer loop
      vertex 2.4545284632676534 -3.075797502418588 47.4
      vertex 2.590466173337397 -3.112221902052712 47.4
      vertex 2.5701505743873523 -3.106778353720293 72.21791050270848
    endloop
  endfacet
  facet normal 0.052335956242944286 -0.9986295347545739 0
    outer loop
      vertex 2.142088309182241 -3.092171797053056 47.4
      vertex 2.4545284632676534 -3.075797502418588 72.31111943620554
      vertex 2.142088309182241 -3.092171797053056 72.48185697991197
    endloop
  endfacet
  facet normal -0.2588190451025195 -0.9659258262890685 0
    outer loop
      vertex 2.4545284632676534 -3.075797502418588 47.4
      vertex 2.5701505743873523 -3.106778353720293 72.21791050270848
      vertex 2.4545284632676534 -3.075797502418588 72.31111943620554
    endloop
  endfacet
  facet normal -0.25881904510252324 -0.9659258262890678 0
    outer loop
      vertex 2.590466173337397 -3.112221902052712 47.4
      vertex 2.590466173337397 -3.112221902052712 72.2
      vertex 2.5701505743873523 -3.106778353720293 72.21791050270848
    endloop
  endfacet
  facet normal 0 0 -1
    outer loop
      vertex -2.4545284632676534 -3.075797502418588 28.6
      vertex -2.581567158482193 -3.120578633241947 28.6
      vertex -2.590466173337397 -3.112221902052712 28.6
    endloop
  endfacet
  facet normal 0 0 -1
    outer loop
      vertex -2.4545284632676534 -3.075797502418588 28.6
      vertex -2.1700985196649367 -3.4195280982831604 28.6
      vertex -2.581567158482193 -3.120578633241947 28.6
    endloop
  endfacet
  facet normal 0 0 -1
    outer loop
      vertex -2.4545284632676534 -3.075797502418588 28.6
      vertex -2.142088309182241 -3.092171797053056 28.6
      vertex -2.1700985196649367 -3.4195280982831604 28.6
    endloop
  endfacet
  facet normal 0 0 -1
    outer loop
      vertex -2.142088309182241 -3.092171797053056 28.6
      vertex -1.85 -3.204293994002423 28.6
      vertex -2.1700985196649367 -3.4195280982831604 28.6
    endloop
  endfacet
  facet normal 0 0 -1
    outer loop
      vertex -3.8909830056250527 -0.5877852522924731 28.6
      vertex -3.9848602635890087 -0.6816625102564293 28.6
      vertex -4.0180645403236355 -0.5075995959354315 28.6
    endloop
  endfacet
  facet normal 0 0 -1
    outer loop
      vertex -3.8909830056250527 -0.5877852522924731 28.6
      vertex -4.0180645403236355 -0.5075995959354315 28.6
      vertex -3.8909830056250527 0.5877852522924731 28.6
    endloop
  endfacet
  facet normal 0 0 -1
    outer loop
      vertex -3.8909830056250527 -0.5877852522924731 28.6
      vertex -3.7489434837048465 0.3090169943749474 28.6
      vertex -3.7489434837048465 -0.3090169943749474 28.6
    endloop
  endfacet
  facet normal 0 0 -1
    outer loop
      vertex -1.6068551745226058 -3.4011887914280035 28.6
      vertex -1.4019909108399538 -3.7922027785475 28.6
      vertex -1.7244061308385432 -3.664549562487379 28.6
    endloop
  endfacet
  facet normal 0 0 -1
    outer loop
      vertex -1.85 -3.204293994002423 28.6
      vertex -1.7244061308385432 -3.664549562487379 28.6
      vertex -2.1700985196649367 -3.4195280982831604 28.6
    endloop
  endfacet
  facet normal 0 0 -1
    outer loop
      vertex -1.85 -3.204293994002423 28.6
      vertex -1.6068551745226058 -3.4011887914280035 28.6
      vertex -1.7244061308385432 -3.664549562487379 28.6
    endloop
  endfacet
  facet normal 0 0 -1
    outer loop
      vertex -1.4364545423573993 -3.6635827547110615 28.6
      vertex -1.4019909108399538 -3.7922027785475 28.6
      vertex -1.6068551745226058 -3.4011887914280035 28.6
    endloop
  endfacet
  facet normal 0 0 1
    outer loop
      vertex -2.4545284632676534 -3.075797502418588 47.4
      vertex -2.590466173337397 -3.112221902052712 47.4
      vertex -2.581567158482193 -3.120578633241947 47.4
    endloop
  endfacet
  facet normal 0 0 1
    outer loop
      vertex -2.142088309182241 -3.092171797053056 47.4
      vertex -2.581567158482193 -3.120578633241947 47.4
      vertex -2.1700985196649367 -3.4195280982831604 47.4
    endloop
  endfacet
  facet normal 0 0 1
    outer loop
      vertex -2.4545284632676534 -3.075797502418588 47.4
      vertex -2.581567158482193 -3.120578633241947 47.4
      vertex -2.142088309182241 -3.092171797053056 47.4
    endloop
  endfacet
  facet normal 0 0 1
    outer loop
      vertex -2.142088309182241 -3.092171797053056 47.4
      vertex -2.1700985196649367 -3.4195280982831604 47.4
      vertex -1.85 -3.204293994002423 47.4
    endloop
  endfacet
  facet normal 0 0 1
    outer loop
      vertex -3.8909830056250527 -0.5877852522924731 47.4
      vertex -4.0180645403236355 -0.5075995959354315 47.4
      vertex -3.9848602635890087 -0.6816625102564293 47.4
    endloop
  endfacet
  facet normal 0 0 1
    outer loop
      vertex -3.8909830056250527 -0.5877852522924731 47.4
      vertex -4.05 0 47.4
      vertex -4.0180645403236355 -0.5075995959354315 47.4
    endloop
  endfacet
  facet normal 0 0 1
    outer loop
      vertex -3.8909830056250527 -0.5877852522924731 47.4
      vertex -4.0180645403236355 0.5075995959354315 47.4
      vertex -4.05 0 47.4
    endloop
  endfacet
  facet normal 0 0 1
    outer loop
      vertex -3.8909830056250527 -0.5877852522924731 47.4
      vertex -3.7489434837048465 -0.3090169943749474 47.4
      vertex -3.8909830056250527 0.5877852522924731 47.4
    endloop
  endfacet
  facet normal 0 0 1
    outer loop
      vertex -1.4364545423573993 -3.6635827547110615 47.4
      vertex -1.7244061308385432 -3.664549562487379 47.4
      vertex -1.4019909108399538 -3.7922027785475 47.4
    endloop
  endfacet
  facet normal 0 0 1
    outer loop
      vertex -1.4364545423573993 -3.6635827547110615 47.4
      vertex -1.6068551745226058 -3.4011887914280035 47.4
      vertex -1.7244061308385432 -3.664549562487379 47.4
    endloop
  endfacet
  facet normal 0 0 1
    outer loop
      vertex -1.6068551745226058 -3.4011887914280035 47.4
      vertex -2.1700985196649367 -3.4195280982831604 47.4
      vertex -1.7244061308385432 -3.664549562487379 47.4
    endloop
  endfacet
  facet normal 0 0 1
    outer loop
      vertex -1.85 -3.204293994002423 47.4
      vertex -2.1700985196649367 -3.4195280982831604 47.4
      vertex -1.6068551745226058 -3.4011887914280035 47.4
    endloop
  endfacet
  facet normal 0 0 -1
    outer loop
      vertex -3.8909830056250527 0.5877852522924731 28.6
      vertex -4.0180645403236355 -0.5075995959354315 28.6
      vertex -4.05 0 28.6
    endloop
  endfacet
  facet normal 0 0 -1
    outer loop
      vertex -3.8909830056250527 -0.5877852522924731 28.6
      vertex -3.8909830056250527 0.5877852522924731 28.6
      vertex -3.7489434837048465 0.3090169943749474 28.6
    endloop
  endfacet
  facet normal 0 0 -1
    outer loop
      vertex -3.8909830056250527 0.5877852522924731 28.6
      vertex -4.05 0 28.6
      vertex -4.0180645403236355 0.5075995959354315 28.6
    endloop
  endfacet
  facet normal 0 0 -1
    outer loop
      vertex -3.7489434837048465 -0.3090169943749474 28.6
      vertex -3.7489434837048465 0.3090169943749474 28.6
      vertex -3.7 0 28.6
    endloop
  endfacet
  facet normal 0 0 -1
    outer loop
      vertex -3.8909830056250527 0.5877852522924731 28.6
      vertex -4.0180645403236355 0.5075995959354315 28.6
      vertex -3.9848602635890087 0.6816625102564293 28.6
    endloop
  endfacet
  facet normal 0 0 -1
    outer loop
      vertex -2.4545284632676534 3.075797502418588 28.6
      vertex -2.590466173337397 3.112221902052712 28.6
      vertex -2.581567158482193 3.120578633241947 28.6
    endloop
  endfacet
  facet normal 0 0 -1
    outer loop
      vertex -2.4545284632676534 3.075797502418588 28.6
      vertex -2.581567158482193 3.120578633241947 28.6
      vertex -2.142088309182241 3.092171797053056 28.6
    endloop
  endfacet
  facet normal 0 0 -1
    outer loop
      vertex -2.142088309182241 3.092171797053056 28.6
      vertex -2.581567158482193 3.120578633241947 28.6
      vertex -2.1700985196649367 3.4195280982831604 28.6
    endloop
  endfacet
  facet normal 0 0 -1
    outer loop
      vertex -2.142088309182241 3.092171797053056 28.6
      vertex -2.1700985196649367 3.4195280982831604 28.6
      vertex -1.85 3.204293994002423 28.6
    endloop
  endfacet
  facet normal 0 0 -1
    outer loop
      vertex -1.85 3.204293994002423 28.6
      vertex -2.1700985196649367 3.4195280982831604 28.6
      vertex -1.6068551745226058 3.4011887914280035 28.6
    endloop
  endfacet
  facet normal 0 0 -1
    outer loop
      vertex -1.6068551745226058 3.4011887914280035 28.6
      vertex -2.1700985196649367 3.4195280982831604 28.6
      vertex -1.7244061308385443 3.6645495624873785 28.6
    endloop
  endfacet
  facet normal 0 0 -1
    outer loop
      vertex -1.6068551745226058 3.4011887914280035 28.6
      vertex -1.7244061308385443 3.6645495624873785 28.6
      vertex -1.4364545423573993 3.6635827547110615 28.6
    endloop
  endfacet
  facet normal 0 0 -1
    outer loop
      vertex -1.4364545423573993 3.6635827547110615 28.6
      vertex -1.7244061308385443 3.6645495624873785 28.6
      vertex -1.4019909108399538 3.7922027785475 28.6
    endloop
  endfacet
  facet normal 0 0 1
    outer loop
      vertex -3.8909830056250527 -0.5877852522924731 47.4
      vertex -3.8909830056250527 0.5877852522924731 47.4
      vertex -4.0180645403236355 0.5075995959354315 47.4
    endloop
  endfacet
  facet normal 0 0 1
    outer loop
      vertex -3.7489434837048465 -0.3090169943749474 47.4
      vertex -3.7 0 47.4
      vertex -3.7489434837048465 0.3090169943749474 47.4
    endloop
  endfacet
  facet normal 0 0 1
    outer loop
      vertex -3.7489434837048465 -0.3090169943749474 47.4
      vertex -3.7489434837048465 0.3090169943749474 47.4
      vertex -3.8909830056250527 0.5877852522924731 47.4
    endloop
  endfacet
  facet normal 0 0 1
    outer loop
      vertex -3.8909830056250527 0.5877852522924731 47.4
      vertex -3.9848602635890087 0.6816625102564293 47.4
      vertex -4.0180645403236355 0.5075995959354315 47.4
    endloop
  endfacet
  facet normal 0 0 1
    outer loop
      vertex -2.4545284632676534 3.075797502418588 47.4
      vertex -2.581567158482193 3.120578633241947 47.4
      vertex -2.590466173337397 3.112221902052712 47.4
    endloop
  endfacet
  facet normal 0 0 1
    outer loop
      vertex -2.4545284632676534 3.075797502418588 47.4
      vertex -2.1700985196649367 3.4195280982831604 47.4
      vertex -2.581567158482193 3.120578633241947 47.4
    endloop
  endfacet
  facet normal 0 0 1
    outer loop
      vertex -2.4545284632676534 3.075797502418588 47.4
      vertex -2.142088309182241 3.092171797053056 47.4
      vertex -2.1700985196649367 3.4195280982831604 47.4
    endloop
  endfacet
  facet normal 0 0 1
    outer loop
      vertex -2.142088309182241 3.092171797053056 47.4
      vertex -1.85 3.204293994002423 47.4
      vertex -2.1700985196649367 3.4195280982831604 47.4
    endloop
  endfacet
  facet normal 0 0 1
    outer loop
      vertex -1.85 3.204293994002423 47.4
      vertex -1.7244061308385443 3.6645495624873785 47.4
      vertex -2.1700985196649367 3.4195280982831604 47.4
    endloop
  endfacet
  facet normal 0 0 1
    outer loop
      vertex -1.85 3.204293994002423 47.4
      vertex -1.6068551745226058 3.4011887914280035 47.4
      vertex -1.7244061308385443 3.6645495624873785 47.4
    endloop
  endfacet
  facet normal 0 0 1
    outer loop
      vertex -1.6068551745226058 3.4011887914280035 47.4
      vertex -1.4364545423573993 3.6635827547110615 47.4
      vertex -1.7244061308385443 3.6645495624873785 47.4
    endloop
  endfacet
  facet normal 0 0 1
    outer loop
      vertex -1.4364545423573993 3.6635827547110615 47.4
      vertex -1.4019909108399538 3.7922027785475 47.4
      vertex -1.7244061308385443 3.6645495624873785 47.4
    endloop
  endfacet
  facet normal 0 0 -1
    outer loop
      vertex 1.4364545423573993 -3.6635827547110615 28.6
      vertex 1.7244061308385432 -3.664549562487379 28.6
      vertex 1.4019909108399538 -3.7922027785475 28.6
    endloop
  endfacet
  facet normal 0 0 -1
    outer loop
      vertex 1.4364545423573993 -3.6635827547110615 28.6
      vertex 1.6068551745226058 -3.4011887914280035 28.6
      vertex 1.7244061308385432 -3.664549562487379 28.6
    endloop
  endfacet
  facet normal 0 0 -1
    outer loop
      vertex 1.6068551745226058 -3.4011887914280035 28.6
      vertex 2.1700985196649345 -3.4195280982831617 28.6
      vertex 1.7244061308385432 -3.664549562487379 28.6
    endloop
  endfacet
  facet normal 0 0 -1
    outer loop
      vertex 1.6068551745226058 -3.4011887914280035 28.6
      vertex 1.85 -3.204293994002423 28.6
      vertex 2.1700985196649345 -3.4195280982831617 28.6
    endloop
  endfacet
  facet normal 0 0 -1
    outer loop
      vertex 1.85 -3.204293994002423 28.6
      vertex 2.142088309182241 -3.092171797053056 28.6
      vertex 2.1700985196649345 -3.4195280982831617 28.6
    endloop
  endfacet
  facet normal 0 0 -1
    outer loop
      vertex 2.142088309182241 -3.092171797053056 28.6
      vertex 2.581567158482194 -3.1205786332419456 28.6
      vertex 2.1700985196649345 -3.4195280982831617 28.6
    endloop
  endfacet
  facet normal 0 0 -1
    outer loop
      vertex 2.142088309182241 -3.092171797053056 28.6
      vertex 2.4545284632676534 -3.075797502418588 28.6
      vertex 2.581567158482194 -3.1205786332419456 28.6
    endloop
  endfacet
  facet normal 0 0 -1
    outer loop
      vertex 2.4545284632676534 -3.075797502418588 28.6
      vertex 2.590466173337397 -3.112221902052712 28.6
      vertex 2.581567158482194 -3.1205786332419456 28.6
    endloop
  endfacet
  facet normal 0 0 -1
    outer loop
      vertex 3.8909830056250527 -0.5877852522924731 28.6
      vertex 4.0180645403236355 -0.5075995959354315 28.6
      vertex 3.9848602635890087 -0.6816625102564293 28.6
    endloop
  endfacet
  facet normal 0 0 -1
    outer loop
      vertex 3.8909830056250527 -0.5877852522924731 28.6
      vertex 4.05 0 28.6
      vertex 4.0180645403236355 -0.5075995959354315 28.6
    endloop
  endfacet
  facet normal 0 0 -1
    outer loop
      vertex 3.8909830056250527 -0.5877852522924731 28.6
      vertex 3.7489434837048465 -0.3090169943749474 28.6
      vertex 3.8909830056250527 0.5877852522924731 28.6
    endloop
  endfacet
  facet normal 0 0 -1
    outer loop
      vertex 3.8909830056250527 -0.5877852522924731 28.6
      vertex 4.0180645403236355 0.5075995959354322 28.6
      vertex 4.05 0 28.6
    endloop
  endfacet
  facet normal 0 0 1
    outer loop
      vertex 1.4364545423573993 -3.6635827547110615 47.4
      vertex 1.4019909108399538 -3.7922027785475 47.4
      vertex 1.6068551745226058 -3.4011887914280035 47.4
    endloop
  endfacet
  facet normal 0 0 1
    outer loop
      vertex 1.6068551745226058 -3.4011887914280035 47.4
      vertex 1.4019909108399538 -3.7922027785475 47.4
      vertex 1.7244061308385432 -3.664549562487379 47.4
    endloop
  endfacet
  facet normal 0 0 1
    outer loop
      vertex 1.6068551745226058 -3.4011887914280035 47.4
      vertex 1.7244061308385432 -3.664549562487379 47.4
      vertex 1.85 -3.204293994002423 47.4
    endloop
  endfacet
  facet normal 0 0 1
    outer loop
      vertex 1.85 -3.204293994002423 47.4
      vertex 1.7244061308385432 -3.664549562487379 47.4
      vertex 2.1700985196649345 -3.4195280982831617 47.4
    endloop
  endfacet
  facet normal 0 0 1
    outer loop
      vertex 1.85 -3.204293994002423 47.4
      vertex 2.1700985196649345 -3.4195280982831617 47.4
      vertex 2.142088309182241 -3.092171797053056 47.4
    endloop
  endfacet
  facet normal 0 0 1
    outer loop
      vertex 2.142088309182241 -3.092171797053056 47.4
      vertex 2.1700985196649345 -3.4195280982831617 47.4
      vertex 2.4545284632676534 -3.075797502418588 47.4
    endloop
  endfacet
  facet normal 0 0 1
    outer loop
      vertex 2.4545284632676534 -3.075797502418588 47.4
      vertex 2.1700985196649345 -3.4195280982831617 47.4
      vertex 2.581567158482194 -3.1205786332419456 47.4
    endloop
  endfacet
  facet normal 0 0 1
    outer loop
      vertex 2.4545284632676534 -3.075797502418588 47.4
      vertex 2.581567158482194 -3.1205786332419456 47.4
      vertex 2.590466173337397 -3.112221902052712 47.4
    endloop
  endfacet
  facet normal 0 0 1
    outer loop
      vertex 3.8909830056250527 -0.5877852522924731 47.4
      vertex 3.9848602635890087 -0.6816625102564293 47.4
      vertex 4.0180645403236355 -0.5075995959354315 47.4
    endloop
  endfacet
  facet normal 0 0 1
    outer loop
      vertex 3.8909830056250527 -0.5877852522924731 47.4
      vertex 3.7489434837048465 0.3090169943749474 47.4
      vertex 3.7489434837048465 -0.3090169943749474 47.4
    endloop
  endfacet
  facet normal 0 0 1
    outer loop
      vertex 3.8909830056250527 -0.5877852522924731 47.4
      vertex 4.0180645403236355 -0.5075995959354315 47.4
      vertex 3.8909830056250527 0.5877852522924731 47.4
    endloop
  endfacet
  facet normal 0 0 -1
    outer loop
      vertex 1.6068551745226058 3.4011887914280035 28.6
      vertex 1.4364545423573993 3.6635827547110615 28.6
      vertex 1.4019909108399538 3.7922027785475 28.6
    endloop
  endfacet
  facet normal 0 0 -1
    outer loop
      vertex 1.6068551745226058 3.4011887914280035 28.6
      vertex 1.7244061308385443 3.6645495624873785 28.6
      vertex 1.85 3.204293994002423 28.6
    endloop
  endfacet
  facet normal 0 0 -1
    outer loop
      vertex 1.85 3.204293994002423 28.6
      vertex 1.7244061308385443 3.6645495624873785 28.6
      vertex 2.1700985196649363 3.419528098283161 28.6
    endloop
  endfacet
  facet normal 0 0 -1
    outer loop
      vertex 1.6068551745226058 3.4011887914280035 28.6
      vertex 1.4019909108399538 3.7922027785475 28.6
      vertex 1.7244061308385443 3.6645495624873785 28.6
    endloop
  endfacet
  facet normal 0 0 -1
    outer loop
      vertex 3.7489434837048465 -0.3090169943749474 28.6
      vertex 3.7 0 28.6
      vertex 3.7489434837048465 0.3090169943749474 28.6
    endloop
  endfacet
  facet normal 0 0 -1
    outer loop
      vertex 3.7489434837048465 -0.3090169943749474 28.6
      vertex 3.7489434837048465 0.3090169943749474 28.6
      vertex 3.8909830056250527 0.5877852522924731 28.6
    endloop
  endfacet
  facet normal 0 0 -1
    outer loop
      vertex 3.8909830056250527 -0.5877852522924731 28.6
      vertex 3.8909830056250527 0.5877852522924731 28.6
      vertex 4.0180645403236355 0.5075995959354322 28.6
    endloop
  endfacet
  facet normal 0 0 -1
    outer loop
      vertex 3.8909830056250527 0.5877852522924731 28.6
      vertex 3.9848602635890087 0.6816625102564293 28.6
      vertex 4.0180645403236355 0.5075995959354322 28.6
    endloop
  endfacet
  facet normal 0 0 -1
    outer loop
      vertex 1.85 3.204293994002423 28.6
      vertex 2.1700985196649363 3.419528098283161 28.6
      vertex 2.142088309182241 3.092171797053056 28.6
    endloop
  endfacet
  facet normal 0 0 -1
    outer loop
      vertex 2.142088309182241 3.092171797053056 28.6
      vertex 2.1700985196649363 3.419528098283161 28.6
      vertex 2.4545284632676534 3.075797502418588 28.6
    endloop
  endfacet
  facet normal 0 0 -1
    outer loop
      vertex 2.4545284632676534 3.075797502418588 28.6
      vertex 2.1700985196649363 3.419528098283161 28.6
      vertex 2.5815671584821933 3.120578633241946 28.6
    endloop
  endfacet
  facet normal 0 0 -1
    outer loop
      vertex 2.4545284632676534 3.075797502418588 28.6
      vertex 2.5815671584821933 3.120578633241946 28.6
      vertex 2.5904661733373966 3.112221902052712 28.6
    endloop
  endfacet
  facet normal 0 0 1
    outer loop
      vertex 1.6068551745226058 3.4011887914280035 47.4
      vertex 1.85 3.204293994002423 47.4
      vertex 2.1700985196649363 3.419528098283161 47.4
    endloop
  endfacet
  facet normal 0 0 1
    outer loop
      vertex 1.6068551745226058 3.4011887914280035 47.4
      vertex 2.1700985196649363 3.419528098283161 47.4
      vertex 1.7244061308385443 3.6645495624873785 47.4
    endloop
  endfacet
  facet normal 0 0 1
    outer loop
      vertex 1.6068551745226058 3.4011887914280035 47.4
      vertex 1.7244061308385443 3.6645495624873785 47.4
      vertex 1.4364545423573993 3.6635827547110615 47.4
    endloop
  endfacet
  facet normal 0 0 1
    outer loop
      vertex 1.4364545423573993 3.6635827547110615 47.4
      vertex 1.7244061308385443 3.6645495624873785 47.4
      vertex 1.4019909108399538 3.7922027785475 47.4
    endloop
  endfacet
  facet normal 0 0 1
    outer loop
      vertex 3.7489434837048465 -0.3090169943749474 47.4
      vertex 3.7489434837048465 0.3090169943749474 47.4
      vertex 3.7 0 47.4
    endloop
  endfacet
  facet normal 0 0 1
    outer loop
      vertex 3.8909830056250527 -0.5877852522924731 47.4
      vertex 3.8909830056250527 0.5877852522924731 47.4
      vertex 3.7489434837048465 0.3090169943749474 47.4
    endloop
  endfacet
  facet normal 0 0 1
    outer loop
      vertex 3.8909830056250527 0.5877852522924731 47.4
      vertex 4.0180645403236355 -0.5075995959354315 47.4
      vertex 4.05 0 47.4
    endloop
  endfacet
  facet normal 0 0 1
    outer loop
      vertex 3.8909830056250527 0.5877852522924731 47.4
      vertex 4.05 0 47.4
      vertex 4.0180645403236355 0.5075995959354322 47.4
    endloop
  endfacet
  facet normal 0 0 1
    outer loop
      vertex 3.8909830056250527 0.5877852522924731 47.4
      vertex 4.0180645403236355 0.5075995959354322 47.4
      vertex 3.9848602635890087 0.6816625102564293 47.4
    endloop
  endfacet
  facet normal 0 0 1
    outer loop
      vertex 1.85 3.204293994002423 47.4
      vertex 2.142088309182241 3.092171797053056 47.4
      vertex 2.1700985196649363 3.419528098283161 47.4
    endloop
  endfacet
  facet normal 0 0 1
    outer loop
      vertex 2.142088309182241 3.092171797053056 47.4
      vertex 2.4545284632676534 3.075797502418588 47.4
      vertex 2.5815671584821933 3.120578633241946 47.4
    endloop
  endfacet
  facet normal 0 0 1
    outer loop
      vertex 2.142088309182241 3.092171797053056 47.4
      vertex 2.5815671584821933 3.120578633241946 47.4
      vertex 2.1700985196649363 3.419528098283161 47.4
    endloop
  endfacet
  facet normal 0 0 1
    outer loop
      vertex 2.4545284632676534 3.075797502418588 47.4
      vertex 2.5904661733373966 3.112221902052712 47.4
      vertex 2.5815671584821933 3.120578633241946 47.4
    endloop
  endfacet
  facet normal 0.7705132427757886 0.6374239897486903 0
    outer loop
      vertex -1.129901372503188 -1.0610480141894674 2.8000000000000003
      vertex -1.129901372503188 -1.0610480141894674 0
      vertex -1.2539763412811686 -0.9110671410533334 2.8000000000000003
    endloop
  endfacet
  facet normal 0.6845471059286891 0.7289686274214112 0
    outer loop
      vertex -1.129901372503188 -1.0610480141894674 2.8000000000000003
      vertex -0.988007184110469 -1.1942955263024735 2.8
      vertex -0.988007184110469 -1.1942955263024735 0
    endloop
  endfacet
  facet normal 0.6845471059286891 0.7289686274214111 0
    outer loop
      vertex -1.129901372503188 -1.0610480141894674 2.8000000000000003
      vertex -0.988007184110469 -1.1942955263024735 0
      vertex -1.129901372503188 -1.0610480141894674 0
    endloop
  endfacet
  facet normal 0.9822872507286887 0.18738131458572505 0
    outer loop
      vertex -1.5377777870374407 -0.1942665120246713 2.8
      vertex -1.5013038997493782 -0.385469325105525 0
      vertex -1.5377777870374407 -0.1942665120246713 0
    endloop
  endfacet
  facet normal 0.9980267284282714 0.06279051952931325 0
    outer loop
      vertex -1.5377777870374407 -0.1942665120246713 2.8
      vertex -1.5377777870374407 -0.1942665120246713 0
      vertex -1.55 0 2.8
    endloop
  endfacet
  facet normal 0.9980267284282714 0.06279051952931325 0
    outer loop
      vertex -1.55 0 2.8
      vertex -1.5377777870374407 -0.1942665120246713 0
      vertex -1.55 0 0
    endloop
  endfacet
  facet normal 0.8443279255020155 0.5358267949789958 0
    outer loop
      vertex -1.3582753540679884 -0.7467181948576589 2.8
      vertex -1.2539763412811686 -0.9110671410533334 0
      vertex -1.3582753540679884 -0.7467181948576589 0
    endloop
  endfacet
  facet normal 0.8443279255020155 0.5358267949789958 0
    outer loop
      vertex -1.2539763412811686 -0.9110671410533334 2.8000000000000003
      vertex -1.2539763412811686 -0.9110671410533334 0
      vertex -1.3582753540679884 -0.7467181948576589 2.8
    endloop
  endfacet
  facet normal 0.9048270524660192 0.4257792915650734 0
    outer loop
      vertex -1.4411535531267898 -0.5705930566612507 2.8000000000000003
      vertex -1.3582753540679884 -0.7467181948576589 0
      vertex -1.4411535531267898 -0.5705930566612507 0
    endloop
  endfacet
  facet normal 0.9510565162951539 0.30901699437494673 0
    outer loop
      vertex -1.4411535531267898 -0.5705930566612507 2.8000000000000003
      vertex -1.4411535531267898 -0.5705930566612507 0
      vertex -1.5013038997493782 -0.385469325105525 2.8
    endloop
  endfacet
  facet normal 0.9048270524660191 0.4257792915650733 0
    outer loop
      vertex -1.4411535531267898 -0.5705930566612507 2.8000000000000003
      vertex -1.3582753540679884 -0.7467181948576589 2.8
      vertex -1.3582753540679884 -0.7467181948576589 0
    endloop
  endfacet
  facet normal 0.7705132427757886 0.6374239897486903 0
    outer loop
      vertex -1.2539763412811686 -0.9110671410533334 2.8000000000000003
      vertex -1.129901372503188 -1.0610480141894674 0
      vertex -1.2539763412811686 -0.9110671410533334 0
    endloop
  endfacet
  facet normal 0.9510565162951539 0.30901699437494673 0
    outer loop
      vertex -1.5013038997493782 -0.385469325105525 2.8
      vertex -1.4411535531267898 -0.5705930566612507 0
      vertex -1.5013038997493782 -0.385469325105525 0
    endloop
  endfacet
  facet normal 0.9822872507286887 0.18738131458572505 0
    outer loop
      vertex -1.5013038997493782 -0.385469325105525 2.8
      vertex -1.5013038997493782 -0.385469325105525 0
      vertex -1.5377777870374407 -0.1942665120246713 2.8
    endloop
  endfacet
  facet normal 0.48175367410171527 0.8763066800438636 0
    outer loop
      vertex -0.830531532217445 -1.3087082845281233 2.8
      vertex -0.6599579019258623 -1.4024819313223305 0
      vertex -0.830531532217445 -1.3087082845281233 0
    endloop
  endfacet
  facet normal 0.587785252292473 0.8090169943749473 0
    outer loop
      vertex -0.830531532217445 -1.3087082845281233 2.8
      vertex -0.830531532217445 -1.3087082845281233 0
      vertex -0.988007184110469 -1.1942955263024735 2.8
    endloop
  endfacet
  facet normal 0.587785252292473 0.8090169943749473 0
    outer loop
      vertex -0.988007184110469 -1.1942955263024735 2.8
      vertex -0.830531532217445 -1.3087082845281233 0
      vertex -0.988007184110469 -1.1942955263024735 0
    endloop
  endfacet
  facet normal 0.48175367410171527 0.8763066800438636 0
    outer loop
      vertex -0.830531532217445 -1.3087082845281233 2.8
      vertex -0.6599579019258623 -1.4024819313223305 2.8000000000000003
      vertex -0.6599579019258623 -1.4024819313223305 0
    endloop
  endfacet
  facet normal 0.36812455268467714 0.9297764858882516 0
    outer loop
      vertex -0.6599579019258623 -1.4024819313223305 2.8000000000000003
      vertex -0.47897634128116845 -1.474137600257488 0
      vertex -0.6599579019258623 -1.4024819313223305 0
    endloop
  endfacet
  facet normal 0.36812455268467725 0.9297764858882518 0
    outer loop
      vertex -0.6599579019258623 -1.4024819313223305 2.8000000000000003
      vertex -0.47897634128116845 -1.474137600257488 2.8
      vertex -0.47897634128116845 -1.474137600257488 0
    endloop
  endfacet
  facet normal 0.12533323356430565 0.9921147013144778 0
    outer loop
      vertex -0.2904410376078735 -1.5225452386294673 2.8000000000000003
      vertex -0.09732530527043634 -1.546941429063821 0
      vertex -0.2904410376078735 -1.5225452386294673 0
    endloop
  endfacet
  facet normal 0.12533323356430565 0.9921147013144778 0
    outer loop
      vertex -0.2904410376078735 -1.5225452386294673 2.8000000000000003
      vertex -0.09732530527043634 -1.546941429063821 2.8000000000000003
      vertex -0.09732530527043634 -1.546941429063821 0
    endloop
  endfacet
  facet normal 0 1 0
    outer loop
      vertex -0.09732530527043634 -1.546941429063821 2.8000000000000003
      vertex 0.09732530527043634 -1.546941429063821 0
      vertex -0.09732530527043634 -1.546941429063821 0
    endloop
  endfacet
  facet normal 0.24868988716485496 0.9685831611286311 0
    outer loop
      vertex -0.47897634128116845 -1.474137600257488 2.8
      vertex -0.2904410376078735 -1.5225452386294673 0
      vertex -0.47897634128116845 -1.474137600257488 0
    endloop
  endfacet
  facet normal 0.24868988716485496 0.9685831611286311 0
    outer loop
      vertex -0.47897634128116845 -1.474137600257488 2.8
      vertex -0.2904410376078735 -1.5225452386294673 2.8000000000000003
      vertex -0.2904410376078735 -1.5225452386294673 0
    endloop
  endfacet
  facet normal 0.770513242775789 0.63742398974869 -9.532822776828944e-18
    outer loop
      vertex -1.1299013725031881 -1.0610480141894671 26.2
      vertex -1.2539763412811686 -0.9110671410533333 26.2
      vertex -1.129901372503188 -1.0610480141894674 29.3
    endloop
  endfacet
  facet normal 0.6845471059286891 0.7289686274214111 0
    outer loop
      vertex -1.1299013725031881 -1.0610480141894671 26.2
      vertex -0.988007184110469 -1.1942955263024735 29.3
      vertex -0.988007184110469 -1.1942955263024735 26.2
    endloop
  endfacet
  facet normal 0.684547105928689 0.7289686274214111 3.1817932871033155e-18
    outer loop
      vertex -1.1299013725031881 -1.0610480141894671 26.2
      vertex -1.129901372503188 -1.0610480141894674 29.3
      vertex -0.988007184110469 -1.1942955263024735 29.3
    endloop
  endfacet
  facet normal 0.9980267284282714 0.06279051952931326 0
    outer loop
      vertex -1.5377777870374407 -0.1942665120246713 26.2
      vertex -1.55 0 26.2
      vertex -1.5377777870374407 -0.1942665120246713 29.3
    endloop
  endfacet
  facet normal 0.8443279255020155 0.5358267949789961 1.918991112892853e-17
    outer loop
      vertex -1.2539763412811686 -0.9110671410533333 26.2
      vertex -1.3582753540679884 -0.7467181948576589 26.2
      vertex -1.2539763412811686 -0.9110671410533334 29.3
    endloop
  endfacet
  facet normal 0.9510565162951539 0.30901699437494673 0
    outer loop
      vertex -1.4411535531267898 -0.5705930566612507 26.2
      vertex -1.5013038997493782 -0.385469325105525 26.2
      vertex -1.4411535531267898 -0.5705930566612507 29.3
    endloop
  endfacet
  facet normal 0.9048270524660191 0.42577929156507344 0
    outer loop
      vertex -1.4411535531267898 -0.5705930566612507 26.2
      vertex -1.3582753540679884 -0.7467181948576589 29.3
      vertex -1.3582753540679884 -0.7467181948576589 26.2
    endloop
  endfacet
  facet normal 0.9822872507286885 0.18738131458572505 0
    outer loop
      vertex -1.5013038997493782 -0.385469325105525 26.2
      vertex -1.5377777870374407 -0.1942665120246713 26.2
      vertex -1.5013038997493782 -0.385469325105525 29.3
    endloop
  endfacet
  facet normal 0.9822872507286885 0.18738131458572505 0
    outer loop
      vertex -1.5013038997493782 -0.385469325105525 29.3
      vertex -1.5377777870374407 -0.1942665120246713 26.2
      vertex -1.5377777870374407 -0.1942665120246713 29.3
    endloop
  endfacet
  facet normal 0.9980267284282714 0.06279051952931326 0
    outer loop
      vertex -1.5377777870374407 -0.1942665120246713 29.3
      vertex -1.55 0 26.2
      vertex -1.55 0 29.3
    endloop
  endfacet
  facet normal 0.8443279255020155 0.5358267949789958 0
    outer loop
      vertex -1.3582753540679884 -0.7467181948576589 26.2
      vertex -1.3582753540679884 -0.7467181948576589 29.3
      vertex -1.2539763412811686 -0.9110671410533334 29.3
    endloop
  endfacet
  facet normal 0.9048270524660191 0.42577929156507344 0
    outer loop
      vertex -1.4411535531267898 -0.5705930566612507 26.2
      vertex -1.4411535531267898 -0.5705930566612507 29.3
      vertex -1.3582753540679884 -0.7467181948576589 29.3
    endloop
  endfacet
  facet normal 0.7705132427757887 0.6374239897486903 2.299867301734605e-17
    outer loop
      vertex -1.129901372503188 -1.0610480141894674 29.3
      vertex -1.2539763412811686 -0.9110671410533333 26.2
      vertex -1.2539763412811686 -0.9110671410533334 29.3
    endloop
  endfacet
  facet normal 0.9510565162951539 0.30901699437494673 0
    outer loop
      vertex -1.5013038997493782 -0.385469325105525 26.2
      vertex -1.5013038997493782 -0.385469325105525 29.3
      vertex -1.4411535531267898 -0.5705930566612507 29.3
    endloop
  endfacet
  facet normal 0.5877852522924732 0.8090169943749471 -2.1050732923555165e-17
    outer loop
      vertex -0.8305315322174451 -1.3087082845281233 26.2
      vertex -0.988007184110469 -1.1942955263024735 26.2
      vertex -0.830531532217445 -1.3087082845281233 29.3
    endloop
  endfacet
  facet normal 0.48175367410171505 0.8763066800438637 0
    outer loop
      vertex -0.8305315322174451 -1.3087082845281233 26.2
      vertex -0.6599579019258623 -1.4024819313223305 29.3
      vertex -0.6599579019258623 -1.4024819313223305 26.2
    endloop
  endfacet
  facet normal 0.3681245526846772 0.9297764858882518 0
    outer loop
      vertex -0.6599579019258623 -1.4024819313223305 26.2
      vertex -0.47897634128116845 -1.474137600257488 29.3
      vertex -0.47897634128116845 -1.474137600257488 26.2
    endloop
  endfacet
  facet normal 0.12533323356430565 0.9921147013144777 0
    outer loop
      vertex -0.2904410376078735 -1.5225452386294673 26.2
      vertex -0.09732530527043634 -1.546941429063821 29.3
      vertex -0.09732530527043634 -1.546941429063821 26.2
    endloop
  endfacet
  facet normal 0.24868988716485502 0.9685831611286311 0
    outer loop
      vertex -0.47897634128116845 -1.474137600257488 26.2
      vertex -0.2904410376078735 -1.5225452386294673 29.3
      vertex -0.2904410376078735 -1.5225452386294673 26.2
    endloop
  endfacet
  facet normal 0.48175367410171527 0.8763066800438635 -1.7253355522112517e-17
    outer loop
      vertex -0.8305315322174451 -1.3087082845281233 26.2
      vertex -0.830531532217445 -1.3087082845281233 29.3
      vertex -0.6599579019258623 -1.4024819313223305 29.3
    endloop
  endfacet
  facet normal 0.587785252292473 0.8090169943749475 0
    outer loop
      vertex -0.830531532217445 -1.3087082845281233 29.3
      vertex -0.988007184110469 -1.1942955263024735 26.2
      vertex -0.988007184110469 -1.1942955263024735 29.3
    endloop
  endfacet
  facet normal 0.3681245526846772 0.9297764858882518 0
    outer loop
      vertex -0.6599579019258623 -1.4024819313223305 26.2
      vertex -0.6599579019258623 -1.4024819313223305 29.3
      vertex -0.47897634128116845 -1.474137600257488 29.3
    endloop
  endfacet
  facet normal 0.12533323356430565 0.9921147013144777 0
    outer loop
      vertex -0.2904410376078735 -1.5225452386294673 26.2
      vertex -0.2904410376078735 -1.5225452386294673 29.3
      vertex -0.09732530527043634 -1.546941429063821 29.3
    endloop
  endfacet
  facet normal 0 1 0
    outer loop
      vertex -0.09732530527043634 -1.546941429063821 26.2
      vertex -0.09732530527043634 -1.546941429063821 29.3
      vertex 0.09732530527043634 -1.546941429063821 29.3
    endloop
  endfacet
  facet normal 0.24868988716485502 0.9685831611286311 0
    outer loop
      vertex -0.47897634128116845 -1.474137600257488 26.2
      vertex -0.47897634128116845 -1.474137600257488 29.3
      vertex -0.2904410376078735 -1.5225452386294673 29.3
    endloop
  endfacet
  facet normal 0.7705132427757889 0.63742398974869 -9.532822776828964e-18
    outer loop
      vertex -1.1299013725031881 -1.0610480141894671 42.7
      vertex -1.2539763412811686 -0.9110671410533333 42.7
      vertex -1.129901372503188 -1.0610480141894674 45.8
    endloop
  endfacet
  facet normal 0.6845471059286891 0.7289686274214111 0
    outer loop
      vertex -1.1299013725031881 -1.0610480141894671 42.7
      vertex -0.988007184110469 -1.1942955263024735 45.8
      vertex -0.988007184110469 -1.1942955263024735 42.7
    endloop
  endfacet
  facet normal 0.6845471059286891 0.7289686274214112 3.181793287103323e-18
    outer loop
      vertex -1.1299013725031881 -1.0610480141894671 42.7
      vertex -1.129901372503188 -1.0610480141894674 45.8
      vertex -0.988007184110469 -1.1942955263024735 45.8
    endloop
  endfacet
  facet normal 0.9822872507286886 0.18738131458572505 0
    outer loop
      vertex -1.5013038997493782 -0.385469325105525 45.8
      vertex -1.5377777870374407 -0.1942665120246713 42.7
      vertex -1.5377777870374407 -0.1942665120246713 45.8
    endloop
  endfacet
  facet normal 0.9980267284282714 0.06279051952931325 0
    outer loop
      vertex -1.5377777870374407 -0.1942665120246713 42.7
      vertex -1.55 0 42.7
      vertex -1.5377777870374407 -0.1942665120246713 45.8
    endloop
  endfacet
  facet normal 0.9980267284282714 0.06279051952931325 0
    outer loop
      vertex -1.5377777870374407 -0.1942665120246713 45.8
      vertex -1.55 0 42.7
      vertex -1.55 0 45.8
    endloop
  endfacet
  facet normal 0.8443279255020155 0.5358267949789961 1.9189911128928575e-17
    outer loop
      vertex -1.2539763412811686 -0.9110671410533333 42.7
      vertex -1.3582753540679884 -0.7467181948576589 42.7
      vertex -1.2539763412811686 -0.9110671410533334 45.8
    endloop
  endfacet
  facet normal 0.8443279255020155 0.5358267949789959 0
    outer loop
      vertex -1.2539763412811686 -0.9110671410533334 45.8
      vertex -1.3582753540679884 -0.7467181948576589 42.7
      vertex -1.3582753540679884 -0.7467181948576589 45.8
    endloop
  endfacet
  facet normal 0.9510565162951538 0.30901699437494673 0
    outer loop
      vertex -1.4411535531267898 -0.5705930566612507 42.7
      vertex -1.5013038997493782 -0.385469325105525 42.7
      vertex -1.4411535531267898 -0.5705930566612507 45.8
    endloop
  endfacet
  facet normal 0.9048270524660194 0.42577929156507344 0
    outer loop
      vertex -1.4411535531267898 -0.5705930566612507 42.7
      vertex -1.4411535531267898 -0.5705930566612507 45.8
      vertex -1.3582753540679884 -0.7467181948576589 45.8
    endloop
  endfacet
  facet normal 0.9048270524660194 0.42577929156507344 0
    outer loop
      vertex -1.4411535531267898 -0.5705930566612507 42.7
      vertex -1.3582753540679884 -0.7467181948576589 45.8
      vertex -1.3582753540679884 -0.7467181948576589 42.7
    endloop
  endfacet
  facet normal 0.7705132427757887 0.6374239897486903 2.2998673017346105e-17
    outer loop
      vertex -1.129901372503188 -1.0610480141894674 45.8
      vertex -1.2539763412811686 -0.9110671410533333 42.7
      vertex -1.2539763412811686 -0.9110671410533334 45.8
    endloop
  endfacet
  facet normal 0.9510565162951538 0.30901699437494673 0
    outer loop
      vertex -1.4411535531267898 -0.5705930566612507 45.8
      vertex -1.5013038997493782 -0.385469325105525 42.7
      vertex -1.5013038997493782 -0.385469325105525 45.8
    endloop
  endfacet
  facet normal 0.9822872507286886 0.18738131458572505 0
    outer loop
      vertex -1.5013038997493782 -0.385469325105525 42.7
      vertex -1.5377777870374407 -0.1942665120246713 42.7
      vertex -1.5013038997493782 -0.385469325105525 45.8
    endloop
  endfacet
  facet normal 0.5877852522924734 0.8090169943749472 -2.1050732923555214e-17
    outer loop
      vertex -0.8305315322174451 -1.3087082845281233 42.7
      vertex -0.988007184110469 -1.1942955263024735 42.7
      vertex -0.830531532217445 -1.3087082845281233 45.8
    endloop
  endfacet
  facet normal 0.4817536741017153 0.8763066800438636 -1.7253355522112557e-17
    outer loop
      vertex -0.8305315322174451 -1.3087082845281233 42.7
      vertex -0.830531532217445 -1.3087082845281233 45.8
      vertex -0.6599579019258623 -1.4024819313223305 45.8
    endloop
  endfacet
  facet normal 0.5877852522924731 0.8090169943749475 0
    outer loop
      vertex -0.830531532217445 -1.3087082845281233 45.8
      vertex -0.988007184110469 -1.1942955263024735 42.7
      vertex -0.988007184110469 -1.1942955263024735 45.8
    endloop
  endfacet
  facet normal 0.48175367410171505 0.8763066800438637 0
    outer loop
      vertex -0.8305315322174451 -1.3087082845281233 42.7
      vertex -0.6599579019258623 -1.4024819313223305 45.8
      vertex -0.6599579019258623 -1.4024819313223305 42.7
    endloop
  endfacet
  facet normal 0.36812455268467725 0.9297764858882518 0
    outer loop
      vertex -0.6599579019258623 -1.4024819313223305 42.7
      vertex -0.47897634128116845 -1.474137600257488 45.8
      vertex -0.47897634128116845 -1.474137600257488 42.7
    endloop
  endfacet
  facet normal 0.36812455268467725 0.9297764858882518 0
    outer loop
      vertex -0.6599579019258623 -1.4024819313223305 42.7
      vertex -0.6599579019258623 -1.4024819313223305 45.8
      vertex -0.47897634128116845 -1.474137600257488 45.8
    endloop
  endfacet
  facet normal 0.12533323356430565 0.9921147013144777 0
    outer loop
      vertex -0.2904410376078735 -1.5225452386294673 42.7
      vertex -0.09732530527043634 -1.546941429063821 45.8
      vertex -0.09732530527043634 -1.546941429063821 42.7
    endloop
  endfacet
  facet normal 0.12533323356430565 0.9921147013144777 0
    outer loop
      vertex -0.2904410376078735 -1.5225452386294673 42.7
      vertex -0.2904410376078735 -1.5225452386294673 45.8
      vertex -0.09732530527043634 -1.546941429063821 45.8
    endloop
  endfacet
  facet normal 0 1 0
    outer loop
      vertex -0.09732530527043634 -1.546941429063821 42.7
      vertex -0.09732530527043634 -1.546941429063821 45.8
      vertex 0.09732530527043634 -1.546941429063821 45.8
    endloop
  endfacet
  facet normal 0.24868988716485502 0.9685831611286311 0
    outer loop
      vertex -0.47897634128116845 -1.474137600257488 42.7
      vertex -0.47897634128116845 -1.474137600257488 45.8
      vertex -0.2904410376078735 -1.5225452386294673 45.8
    endloop
  endfacet
  facet normal 0.24868988716485502 0.9685831611286311 0
    outer loop
      vertex -0.47897634128116845 -1.474137600257488 42.7
      vertex -0.2904410376078735 -1.5225452386294673 45.8
      vertex -0.2904410376078735 -1.5225452386294673 42.7
    endloop
  endfacet
  facet normal 0.6845471059286891 0.7289686274214112 0
    outer loop
      vertex -1.1299013725031881 -1.0610480141894671 69.2
      vertex -1.1299013725031881 -1.0610480141894671 73
      vertex -0.988007184110469 -1.1942955263024735 69.2
    endloop
  endfacet
  facet normal 0.7705132427757891 0.63742398974869 0
    outer loop
      vertex -1.1299013725031881 -1.0610480141894671 69.2
      vertex -1.2539763412811686 -0.9110671410533333 73
      vertex -1.1299013725031881 -1.0610480141894671 73
    endloop
  endfacet
  facet normal 0.6845471059286891 0.7289686274214112 0
    outer loop
      vertex -0.988007184110469 -1.1942955263024735 69.2
      vertex -1.1299013725031881 -1.0610480141894671 73
      vertex -0.988007184110469 -1.1942955263024735 73
    endloop
  endfacet
  facet normal 0.9822872507286885 0.18738131458572502 0
    outer loop
      vertex -1.5013038997493782 -0.385469325105525 69.2
      vertex -1.5377777870374407 -0.1942665120246713 69.2
      vertex -1.5377777870374407 -0.1942665120246713 73
    endloop
  endfacet
  facet normal 0.9980267284282716 0.06279051952931325 0
    outer loop
      vertex -1.5377777870374407 -0.1942665120246713 69.2
      vertex -1.55 0 69.2
      vertex -1.55 0 73
    endloop
  endfacet
  facet normal 0.9980267284282716 0.06279051952931325 0
    outer loop
      vertex -1.5377777870374407 -0.1942665120246713 69.2
      vertex -1.55 0 73
      vertex -1.5377777870374407 -0.1942665120246713 73
    endloop
  endfacet
  facet normal 0.8443279255020154 0.5358267949789961 0
    outer loop
      vertex -1.2539763412811686 -0.9110671410533333 69.2
      vertex -1.3582753540679884 -0.7467181948576589 69.2
      vertex -1.3582753540679884 -0.7467181948576589 73
    endloop
  endfacet
  facet normal 0.8443279255020154 0.5358267949789961 0
    outer loop
      vertex -1.2539763412811686 -0.9110671410533333 69.2
      vertex -1.3582753540679884 -0.7467181948576589 73
      vertex -1.2539763412811686 -0.9110671410533333 73
    endloop
  endfacet
  facet normal 0.9048270524660192 0.4257792915650734 0
    outer loop
      vertex -1.4411535531267898 -0.5705930566612507 69.2
      vertex -1.4411535531267898 -0.5705930566612507 73
      vertex -1.3582753540679884 -0.7467181948576589 69.2
    endloop
  endfacet
  facet normal 0.9510565162951539 0.30901699437494673 0
    outer loop
      vertex -1.4411535531267898 -0.5705930566612507 69.2
      vertex -1.5013038997493782 -0.385469325105525 73
      vertex -1.4411535531267898 -0.5705930566612507 73
    endloop
  endfacet
  facet normal 0.9048270524660192 0.4257792915650734 0
    outer loop
      vertex -1.3582753540679884 -0.7467181948576589 69.2
      vertex -1.4411535531267898 -0.5705930566612507 73
      vertex -1.3582753540679884 -0.7467181948576589 73
    endloop
  endfacet
  facet normal 0.7705132427757891 0.63742398974869 0
    outer loop
      vertex -1.1299013725031881 -1.0610480141894671 69.2
      vertex -1.2539763412811686 -0.9110671410533333 69.2
      vertex -1.2539763412811686 -0.9110671410533333 73
    endloop
  endfacet
  facet normal 0.9510565162951539 0.30901699437494673 0
    outer loop
      vertex -1.4411535531267898 -0.5705930566612507 69.2
      vertex -1.5013038997493782 -0.385469325105525 69.2
      vertex -1.5013038997493782 -0.385469325105525 73
    endloop
  endfacet
  facet normal 0.9822872507286885 0.18738131458572502 0
    outer loop
      vertex -1.5013038997493782 -0.385469325105525 69.2
      vertex -1.5377777870374407 -0.1942665120246713 73
      vertex -1.5013038997493782 -0.385469325105525 73
    endloop
  endfacet
  facet normal 0.48175367410171505 0.8763066800438637 0
    outer loop
      vertex -0.8305315322174451 -1.3087082845281233 69.2
      vertex -0.8305315322174451 -1.3087082845281233 73
      vertex -0.6599579019258623 -1.4024819313223305 69.2
    endloop
  endfacet
  facet normal 0.5877852522924732 0.8090169943749472 0
    outer loop
      vertex -0.8305315322174451 -1.3087082845281233 69.2
      vertex -0.988007184110469 -1.1942955263024735 73
      vertex -0.8305315322174451 -1.3087082845281233 73
    endloop
  endfacet
  facet normal 0.5877852522924732 0.8090169943749472 0
    outer loop
      vertex -0.8305315322174451 -1.3087082845281233 69.2
      vertex -0.988007184110469 -1.1942955263024735 69.2
      vertex -0.988007184110469 -1.1942955263024735 73
    endloop
  endfacet
  facet normal 0.3681245526846772 0.9297764858882518 0
    outer loop
      vertex -0.6599579019258623 -1.4024819313223305 69.2
      vertex -0.6599579019258623 -1.4024819313223305 73
      vertex -0.47897634128116845 -1.474137600257488 69.2
    endloop
  endfacet
  facet normal 0.48175367410171505 0.8763066800438637 0
    outer loop
      vertex -0.6599579019258623 -1.4024819313223305 69.2
      vertex -0.8305315322174451 -1.3087082845281233 73
      vertex -0.6599579019258623 -1.4024819313223305 73
    endloop
  endfacet
  facet normal 0.3681245526846772 0.9297764858882518 0
    outer loop
      vertex -0.47897634128116845 -1.474137600257488 69.2
      vertex -0.6599579019258623 -1.4024819313223305 73
      vertex -0.47897634128116845 -1.474137600257488 73
    endloop
  endfacet
  facet normal 0.12533323356430565 0.9921147013144778 0
    outer loop
      vertex -0.2904410376078735 -1.5225452386294673 69.2
      vertex -0.2904410376078735 -1.5225452386294673 73
      vertex -0.09732530527043634 -1.546941429063821 69.2
    endloop
  endfacet
  facet normal 0 1 0
    outer loop
      vertex -0.09732530527043634 -1.546941429063821 69.2
      vertex -0.09732530527043634 -1.546941429063821 73
      vertex 0.09732530527043634 -1.546941429063821 69.2
    endloop
  endfacet
  facet normal 0.12533323356430565 0.9921147013144778 0
    outer loop
      vertex -0.09732530527043634 -1.546941429063821 69.2
      vertex -0.2904410376078735 -1.5225452386294673 73
      vertex -0.09732530527043634 -1.546941429063821 73
    endloop
  endfacet
  facet normal 0.24868988716485502 0.9685831611286311 0
    outer loop
      vertex -0.47897634128116845 -1.474137600257488 69.2
      vertex -0.47897634128116845 -1.474137600257488 73
      vertex -0.2904410376078735 -1.5225452386294673 69.2
    endloop
  endfacet
  facet normal 0.24868988716485502 0.9685831611286311 0
    outer loop
      vertex -0.2904410376078735 -1.5225452386294673 69.2
      vertex -0.47897634128116845 -1.474137600257488 73
      vertex -0.2904410376078735 -1.5225452386294673 73
    endloop
  endfacet
  facet normal 0.9980267284282714 -0.06279051952931325 0
    outer loop
      vertex -1.55 0 2.8
      vertex -1.55 0 0
      vertex -1.5377777870374407 0.1942665120246713 2.8
    endloop
  endfacet
  facet normal 0.9980267284282714 -0.06279051952931325 0
    outer loop
      vertex -1.5377777870374407 0.1942665120246713 2.8
      vertex -1.55 0 0
      vertex -1.5377777870374407 0.1942665120246713 0
    endloop
  endfacet
  facet normal 0.9822872507286887 -0.18738131458572505 0
    outer loop
      vertex -1.5377777870374407 0.1942665120246713 2.8
      vertex -1.5377777870374407 0.1942665120246713 0
      vertex -1.5013038997493782 0.385469325105525 2.8
    endloop
  endfacet
  facet normal 0.9822872507286887 -0.18738131458572505 0
    outer loop
      vertex -1.5013038997493782 0.385469325105525 2.8
      vertex -1.5377777870374407 0.1942665120246713 0
      vertex -1.5013038997493782 0.385469325105525 0
    endloop
  endfacet
  facet normal 0.9510565162951539 -0.30901699437494673 0
    outer loop
      vertex -1.5013038997493782 0.385469325105525 2.8
      vertex -1.5013038997493782 0.385469325105525 0
      vertex -1.4411535531267898 0.5705930566612507 2.8000000000000003
    endloop
  endfacet
  facet normal 0.9510565162951539 -0.30901699437494673 0
    outer loop
      vertex -1.4411535531267898 0.5705930566612507 2.8000000000000003
      vertex -1.5013038997493782 0.385469325105525 0
      vertex -1.4411535531267898 0.5705930566612507 0
    endloop
  endfacet
  facet normal 0.9048270524660192 -0.4257792915650734 0
    outer loop
      vertex -1.4411535531267898 0.5705930566612507 2.8000000000000003
      vertex -1.4411535531267898 0.5705930566612507 0
      vertex -1.3582753540679884 0.7467181948576589 2.8
    endloop
  endfacet
  facet normal 0.9048270524660191 -0.4257792915650733 0
    outer loop
      vertex -1.3582753540679884 0.7467181948576589 2.8
      vertex -1.4411535531267898 0.5705930566612507 0
      vertex -1.3582753540679884 0.7467181948576589 0
    endloop
  endfacet
  facet normal 0.8443279255020154 -0.5358267949789961 0
    outer loop
      vertex -1.2539763412811686 0.9110671410533333 2.8000000000000003
      vertex -1.3582753540679884 0.7467181948576589 0
      vertex -1.2539763412811686 0.9110671410533333 0
    endloop
  endfacet
  facet normal 0.8443279255020155 -0.5358267949789961 0
    outer loop
      vertex -1.3582753540679884 0.7467181948576589 2.8
      vertex -1.3582753540679884 0.7467181948576589 0
      vertex -1.2539763412811686 0.9110671410533333 2.8000000000000003
    endloop
  endfacet
  facet normal 0.770513242775789 -0.6374239897486899 0
    outer loop
      vertex -1.2539763412811686 0.9110671410533333 2.8000000000000003
      vertex -1.2539763412811686 0.9110671410533333 0
      vertex -1.1299013725031881 1.0610480141894671 2.8000000000000003
    endloop
  endfacet
  facet normal 0.770513242775789 -0.6374239897486899 0
    outer loop
      vertex -1.1299013725031881 1.0610480141894671 2.8000000000000003
      vertex -1.2539763412811686 0.9110671410533333 0
      vertex -1.1299013725031881 1.0610480141894671 0
    endloop
  endfacet
  facet normal 0.6845471059286892 -0.7289686274214112 0
    outer loop
      vertex -1.1299013725031881 1.0610480141894671 2.8000000000000003
      vertex -1.1299013725031881 1.0610480141894671 0
      vertex -0.988007184110469 1.1942955263024735 2.8
    endloop
  endfacet
  facet normal 0.6845471059286891 -0.7289686274214111 0
    outer loop
      vertex -0.988007184110469 1.1942955263024735 2.8
      vertex -1.1299013725031881 1.0610480141894671 0
      vertex -0.988007184110469 1.1942955263024735 0
    endloop
  endfacet
  facet normal 0.5877852522924734 -0.8090169943749472 0
    outer loop
      vertex -0.988007184110469 1.1942955263024735 2.8
      vertex -0.988007184110469 1.1942955263024735 0
      vertex -0.8305315322174451 1.3087082845281233 2.8
    endloop
  endfacet
  facet normal 0.5877852522924734 -0.8090169943749472 0
    outer loop
      vertex -0.8305315322174451 1.3087082845281233 2.8
      vertex -0.988007184110469 1.1942955263024735 0
      vertex -0.8305315322174451 1.3087082845281233 0
    endloop
  endfacet
  facet normal 0.48175367410171493 -0.8763066800438639 0
    outer loop
      vertex -0.8305315322174451 1.3087082845281233 2.8
      vertex -0.8305315322174451 1.3087082845281233 0
      vertex -0.6599579019258627 1.4024819313223302 2.8
    endloop
  endfacet
  facet normal 0.48175367410171493 -0.8763066800438639 0
    outer loop
      vertex -0.6599579019258627 1.4024819313223302 2.8
      vertex -0.8305315322174451 1.3087082845281233 0
      vertex -0.6599579019258627 1.4024819313223302 0
    endloop
  endfacet
  facet normal 0.3681245526846776 -0.9297764858882516 0
    outer loop
      vertex -0.47897634128116845 1.474137600257488 2.8
      vertex -0.6599579019258627 1.4024819313223302 0
      vertex -0.47897634128116845 1.474137600257488 0
    endloop
  endfacet
  facet normal 0.3681245526846776 -0.9297764858882516 0
    outer loop
      vertex -0.6599579019258627 1.4024819313223302 2.8
      vertex -0.6599579019258627 1.4024819313223302 0
      vertex -0.47897634128116845 1.474137600257488 2.8
    endloop
  endfacet
  facet normal 0.24868988716485557 -0.9685831611286309 0
    outer loop
      vertex -0.47897634128116845 1.474137600257488 2.8
      vertex -0.47897634128116845 1.474137600257488 0
      vertex -0.2904410376078731 1.5225452386294676 2.8000000000000003
    endloop
  endfacet
  facet normal 0.24868988716485563 -0.9685831611286309 0
    outer loop
      vertex -0.2904410376078731 1.5225452386294676 2.8000000000000003
      vertex -0.47897634128116845 1.474137600257488 0
      vertex -0.2904410376078731 1.5225452386294676 0
    endloop
  endfacet
  facet normal 0.1253332335643043 -0.992114701314478 0
    outer loop
      vertex -0.09732530527043559 1.546941429063821 2.8
      vertex -0.2904410376078731 1.5225452386294676 0
      vertex -0.09732530527043559 1.546941429063821 0
    endloop
  endfacet
  facet normal 0.1253332335643043 -0.992114701314478 0
    outer loop
      vertex -0.2904410376078731 1.5225452386294676 2.8000000000000003
      vertex -0.2904410376078731 1.5225452386294676 0
      vertex -0.09732530527043559 1.546941429063821 2.8
    endloop
  endfacet
  facet normal 0 -1 0
    outer loop
      vertex -0.09732530527043559 1.546941429063821 2.8
      vertex -0.09732530527043559 1.546941429063821 0
      vertex 0.09732530527043558 1.546941429063821 2.8000000000000003
    endloop
  endfacet
  facet normal 0.9980267284282714 -0.06279051952931326 0
    outer loop
      vertex -1.55 0 26.2
      vertex -1.5377777870374407 0.1942665120246713 26.2
      vertex -1.55 0 29.3
    endloop
  endfacet
  facet normal 0.9822872507286885 -0.18738131458572505 0
    outer loop
      vertex -1.5377777870374407 0.1942665120246713 26.2
      vertex -1.5013038997493782 0.385469325105525 26.2
      vertex -1.5377777870374407 0.1942665120246713 29.3
    endloop
  endfacet
  facet normal 0.9510565162951539 -0.30901699437494673 0
    outer loop
      vertex -1.5013038997493782 0.385469325105525 26.2
      vertex -1.4411535531267898 0.5705930566612507 26.2
      vertex -1.5013038997493782 0.385469325105525 29.3
    endloop
  endfacet
  facet normal 0.9048270524660191 -0.42577929156507344 0
    outer loop
      vertex -1.4411535531267898 0.5705930566612507 26.2
      vertex -1.3582753540679884 0.7467181948576589 26.2
      vertex -1.4411535531267898 0.5705930566612507 29.3
    endloop
  endfacet
  facet normal 0.8443279255020155 -0.5358267949789958 0
    outer loop
      vertex -1.3582753540679884 0.7467181948576589 26.2
      vertex -1.2539763412811686 0.9110671410533334 26.2
      vertex -1.3582753540679884 0.7467181948576589 29.3
    endloop
  endfacet
  facet normal 0.7705132427757887 -0.6374239897486903 -2.2828477092497595e-17
    outer loop
      vertex -1.2539763412811686 0.9110671410533334 26.2
      vertex -1.129901372503188 1.0610480141894674 26.2
      vertex -1.2539763412811686 0.9110671410533333 29.3
    endloop
  endfacet
  facet normal 0.9980267284282714 -0.06279051952931326 0
    outer loop
      vertex -1.5377777870374407 0.1942665120246713 26.2
      vertex -1.5377777870374407 0.1942665120246713 29.3
      vertex -1.55 0 29.3
    endloop
  endfacet
  facet normal 0.9822872507286885 -0.18738131458572505 0
    outer loop
      vertex -1.5377777870374407 0.1942665120246713 29.3
      vertex -1.5013038997493782 0.385469325105525 26.2
      vertex -1.5013038997493782 0.385469325105525 29.3
    endloop
  endfacet
  facet normal 0.9510565162951539 -0.30901699437494673 0
    outer loop
      vertex -1.4411535531267898 0.5705930566612507 26.2
      vertex -1.4411535531267898 0.5705930566612507 29.3
      vertex -1.5013038997493782 0.385469325105525 29.3
    endloop
  endfacet
  facet normal 0.9048270524660191 -0.42577929156507344 0
    outer loop
      vertex -1.4411535531267898 0.5705930566612507 29.3
      vertex -1.3582753540679884 0.7467181948576589 26.2
      vertex -1.3582753540679884 0.7467181948576589 29.3
    endloop
  endfacet
  facet normal 0.8443279255020155 -0.5358267949789961 -1.918991112892853e-17
    outer loop
      vertex -1.2539763412811686 0.9110671410533334 26.2
      vertex -1.2539763412811686 0.9110671410533333 29.3
      vertex -1.3582753540679884 0.7467181948576589 29.3
    endloop
  endfacet
  facet normal 0.6845471059286891 -0.7289686274214112 -3.181793287103316e-18
    outer loop
      vertex -1.129901372503188 1.0610480141894674 26.2
      vertex -0.988007184110469 1.1942955263024735 26.2
      vertex -1.1299013725031881 1.0610480141894671 29.3
    endloop
  endfacet
  facet normal 0.770513242775789 -0.63742398974869 5.7496682543365194e-18
    outer loop
      vertex -1.2539763412811686 0.9110671410533333 29.3
      vertex -1.129901372503188 1.0610480141894674 26.2
      vertex -1.1299013725031881 1.0610480141894671 29.3
    endloop
  endfacet
  facet normal 0.6845471059286891 -0.7289686274214111 0
    outer loop
      vertex -1.1299013725031881 1.0610480141894671 29.3
      vertex -0.988007184110469 1.1942955263024735 26.2
      vertex -0.988007184110469 1.1942955263024735 29.3
    endloop
  endfacet
  facet normal 0.587785252292473 -0.8090169943749475 0
    outer loop
      vertex -0.988007184110469 1.1942955263024735 26.2
      vertex -0.830531532217445 1.3087082845281233 26.2
      vertex -0.988007184110469 1.1942955263024735 29.3
    endloop
  endfacet
  facet normal 0.4817536741017151 -0.8763066800438636 1.725335552211251e-17
    outer loop
      vertex -0.830531532217445 1.3087082845281233 26.2
      vertex -0.6599579019258627 1.4024819313223302 26.2
      vertex -0.8305315322174451 1.3087082845281233 29.3
    endloop
  endfacet
  facet normal 0.3681245526846776 -0.9297764858882516 0
    outer loop
      vertex -0.6599579019258627 1.4024819313223302 26.2
      vertex -0.47897634128116845 1.474137600257488 26.2
      vertex -0.6599579019258627 1.4024819313223302 29.3
    endloop
  endfacet
  facet normal 0.24868988716485557 -0.9685831611286309 0
    outer loop
      vertex -0.47897634128116845 1.474137600257488 26.2
      vertex -0.2904410376078731 1.5225452386294676 26.2
      vertex -0.47897634128116845 1.474137600257488 29.3
    endloop
  endfacet
  facet normal 0.1253332335643043 -0.9921147013144779 0
    outer loop
      vertex -0.2904410376078731 1.5225452386294676 26.2
      vertex -0.09732530527043558 1.546941429063821 26.2
      vertex -0.2904410376078731 1.5225452386294676 29.3
    endloop
  endfacet
  facet normal 0 -1 0
    outer loop
      vertex -0.09732530527043558 1.546941429063821 26.2
      vertex 0.09732530527043559 1.546941429063821 26.2
      vertex -0.09732530527043559 1.546941429063821 29.3
    endloop
  endfacet
  facet normal 0.5877852522924732 -0.8090169943749471 2.2998673017346108e-17
    outer loop
      vertex -0.988007184110469 1.1942955263024735 29.3
      vertex -0.830531532217445 1.3087082845281233 26.2
      vertex -0.8305315322174451 1.3087082845281233 29.3
    endloop
  endfacet
  facet normal 0.4817536741017149 -0.8763066800438637 0
    outer loop
      vertex -0.8305315322174451 1.3087082845281233 29.3
      vertex -0.6599579019258627 1.4024819313223302 26.2
      vertex -0.6599579019258627 1.4024819313223302 29.3
    endloop
  endfacet
  facet normal 0.3681245526846776 -0.9297764858882516 0
    outer loop
      vertex -0.47897634128116845 1.474137600257488 26.2
      vertex -0.47897634128116845 1.474137600257488 29.3
      vertex -0.6599579019258627 1.4024819313223302 29.3
    endloop
  endfacet
  facet normal 0.24868988716485557 -0.9685831611286309 0
    outer loop
      vertex -0.47897634128116845 1.474137600257488 29.3
      vertex -0.2904410376078731 1.5225452386294676 26.2
      vertex -0.2904410376078731 1.5225452386294676 29.3
    endloop
  endfacet
  facet normal 0.1253332335643043 -0.9921147013144779 5.61080006668601e-19
    outer loop
      vertex -0.09732530527043558 1.546941429063821 26.2
      vertex -0.09732530527043559 1.546941429063821 29.3
      vertex -0.2904410376078731 1.5225452386294676 29.3
    endloop
  endfacet
  facet normal 0.9980267284282714 -0.06279051952931325 0
    outer loop
      vertex -1.55 0 42.7
      vertex -1.5377777870374407 0.1942665120246713 42.7
      vertex -1.55 0 45.8
    endloop
  endfacet
  facet normal 0.9980267284282714 -0.06279051952931325 0
    outer loop
      vertex -1.55 0 45.8
      vertex -1.5377777870374407 0.1942665120246713 42.7
      vertex -1.5377777870374407 0.1942665120246713 45.8
    endloop
  endfacet
  facet normal 0.9822872507286886 -0.18738131458572505 0
    outer loop
      vertex -1.5377777870374407 0.1942665120246713 42.7
      vertex -1.5013038997493782 0.385469325105525 42.7
      vertex -1.5377777870374407 0.1942665120246713 45.8
    endloop
  endfacet
  facet normal 0.9822872507286886 -0.18738131458572505 0
    outer loop
      vertex -1.5377777870374407 0.1942665120246713 45.8
      vertex -1.5013038997493782 0.385469325105525 42.7
      vertex -1.5013038997493782 0.385469325105525 45.8
    endloop
  endfacet
  facet normal 0.9510565162951538 -0.30901699437494673 0
    outer loop
      vertex -1.5013038997493782 0.385469325105525 42.7
      vertex -1.4411535531267898 0.5705930566612507 42.7
      vertex -1.5013038997493782 0.385469325105525 45.8
    endloop
  endfacet
  facet normal 0.9048270524660194 -0.42577929156507344 0
    outer loop
      vertex -1.4411535531267898 0.5705930566612507 42.7
      vertex -1.3582753540679884 0.7467181948576589 42.7
      vertex -1.4411535531267898 0.5705930566612507 45.8
    endloop
  endfacet
  facet normal 0.9510565162951538 -0.30901699437494673 0
    outer loop
      vertex -1.5013038997493782 0.385469325105525 45.8
      vertex -1.4411535531267898 0.5705930566612507 42.7
      vertex -1.4411535531267898 0.5705930566612507 45.8
    endloop
  endfacet
  facet normal 0.9048270524660194 -0.42577929156507344 0
    outer loop
      vertex -1.4411535531267898 0.5705930566612507 45.8
      vertex -1.3582753540679884 0.7467181948576589 42.7
      vertex -1.3582753540679884 0.7467181948576589 45.8
    endloop
  endfacet
  facet normal 0.8443279255020155 -0.5358267949789959 0
    outer loop
      vertex -1.3582753540679884 0.7467181948576589 42.7
      vertex -1.2539763412811686 0.9110671410533334 42.7
      vertex -1.3582753540679884 0.7467181948576589 45.8
    endloop
  endfacet
  facet normal 0.8443279255020155 -0.5358267949789961 -2.2998673017346145e-17
    outer loop
      vertex -1.3582753540679884 0.7467181948576589 45.8
      vertex -1.2539763412811686 0.9110671410533334 42.7
      vertex -1.2539763412811686 0.9110671410533333 45.8
    endloop
  endfacet
  facet normal 0.7705132427757887 -0.6374239897486903 -2.2828477092497647e-17
    outer loop
      vertex -1.2539763412811686 0.9110671410533334 42.7
      vertex -1.129901372503188 1.0610480141894674 42.7
      vertex -1.2539763412811686 0.9110671410533333 45.8
    endloop
  endfacet
  facet normal 0.7705132427757889 -0.63742398974869 5.7496682543365325e-18
    outer loop
      vertex -1.2539763412811686 0.9110671410533333 45.8
      vertex -1.129901372503188 1.0610480141894674 42.7
      vertex -1.1299013725031881 1.0610480141894671 45.8
    endloop
  endfacet
  facet normal 0.684547105928689 -0.7289686274214112 -3.181793287103323e-18
    outer loop
      vertex -1.129901372503188 1.0610480141894674 42.7
      vertex -0.988007184110469 1.1942955263024735 42.7
      vertex -1.1299013725031881 1.0610480141894671 45.8
    endloop
  endfacet
  facet normal 0.6845471059286891 -0.7289686274214111 0
    outer loop
      vertex -1.1299013725031881 1.0610480141894671 45.8
      vertex -0.988007184110469 1.1942955263024735 42.7
      vertex -0.988007184110469 1.1942955263024735 45.8
    endloop
  endfacet
  facet normal 0.5877852522924731 -0.8090169943749475 0
    outer loop
      vertex -0.988007184110469 1.1942955263024735 42.7
      vertex -0.830531532217445 1.3087082845281233 42.7
      vertex -0.988007184110469 1.1942955263024735 45.8
    endloop
  endfacet
  facet normal 0.48175367410171516 -0.8763066800438637 1.725335552211255e-17
    outer loop
      vertex -0.830531532217445 1.3087082845281233 42.7
      vertex -0.6599579019258627 1.4024819313223302 42.7
      vertex -0.8305315322174451 1.3087082845281233 45.8
    endloop
  endfacet
  facet normal 0.5877852522924734 -0.8090169943749472 2.2998673017346164e-17
    outer loop
      vertex -0.988007184110469 1.1942955263024735 45.8
      vertex -0.830531532217445 1.3087082845281233 42.7
      vertex -0.8305315322174451 1.3087082845281233 45.8
    endloop
  endfacet
  facet normal 0.4817536741017149 -0.8763066800438638 0
    outer loop
      vertex -0.8305315322174451 1.3087082845281233 45.8
      vertex -0.6599579019258627 1.4024819313223302 42.7
      vertex -0.6599579019258627 1.4024819313223302 45.8
    endloop
  endfacet
  facet normal 0.3681245526846776 -0.9297764858882516 0
    outer loop
      vertex -0.6599579019258627 1.4024819313223302 42.7
      vertex -0.47897634128116845 1.474137600257488 42.7
      vertex -0.6599579019258627 1.4024819313223302 45.8
    endloop
  endfacet
  facet normal 0.3681245526846776 -0.9297764858882516 0
    outer loop
      vertex -0.6599579019258627 1.4024819313223302 45.8
      vertex -0.47897634128116845 1.474137600257488 42.7
      vertex -0.47897634128116845 1.474137600257488 45.8
    endloop
  endfacet
  facet normal 0.24868988716485557 -0.968583161128631 0
    outer loop
      vertex -0.47897634128116845 1.474137600257488 42.7
      vertex -0.2904410376078731 1.5225452386294676 42.7
      vertex -0.47897634128116845 1.474137600257488 45.8
    endloop
  endfacet
  facet normal 0.24868988716485557 -0.968583161128631 0
    outer loop
      vertex -0.47897634128116845 1.474137600257488 45.8
      vertex -0.2904410376078731 1.5225452386294676 42.7
      vertex -0.2904410376078731 1.5225452386294676 45.8
    endloop
  endfacet
  facet normal 0.12533323356430429 -0.9921147013144779 0
    outer loop
      vertex -0.2904410376078731 1.5225452386294676 42.7
      vertex -0.09732530527043558 1.546941429063821 42.7
      vertex -0.2904410376078731 1.5225452386294676 45.8
    endloop
  endfacet
  facet normal 0.12533323356430429 -0.9921147013144779 0
    outer loop
      vertex -0.2904410376078731 1.5225452386294676 45.8
      vertex -0.09732530527043558 1.546941429063821 42.7
      vertex -0.09732530527043559 1.546941429063821 45.8
    endloop
  endfacet
  facet normal 0 -1 0
    outer loop
      vertex -0.09732530527043558 1.546941429063821 42.7
      vertex 0.09732530527043559 1.546941429063821 42.7
      vertex -0.09732530527043559 1.546941429063821 45.8
    endloop
  endfacet
  facet normal 0.9980267284282716 -0.06279051952931325 0
    outer loop
      vertex -1.55 0 69.2
      vertex -1.5377777870374407 0.1942665120246713 69.2
      vertex -1.5377777870374407 0.1942665120246713 73
    endloop
  endfacet
  facet normal 0.9980267284282716 -0.06279051952931325 0
    outer loop
      vertex -1.55 0 69.2
      vertex -1.5377777870374407 0.1942665120246713 73
      vertex -1.55 0 73
    endloop
  endfacet
  facet normal 0.9822872507286885 -0.18738131458572502 0
    outer loop
      vertex -1.5377777870374407 0.1942665120246713 69.2
      vertex -1.5013038997493782 0.385469325105525 73
      vertex -1.5377777870374407 0.1942665120246713 73
    endloop
  endfacet
  facet normal 0.9822872507286885 -0.18738131458572502 0
    outer loop
      vertex -1.5377777870374407 0.1942665120246713 69.2
      vertex -1.5013038997493782 0.385469325105525 69.2
      vertex -1.5013038997493782 0.385469325105525 73
    endloop
  endfacet
  facet normal 0.9510565162951539 -0.30901699437494673 0
    outer loop
      vertex -1.5013038997493782 0.385469325105525 69.2
      vertex -1.4411535531267898 0.5705930566612507 73
      vertex -1.5013038997493782 0.385469325105525 73
    endloop
  endfacet
  facet normal 0.9510565162951539 -0.30901699437494673 0
    outer loop
      vertex -1.5013038997493782 0.385469325105525 69.2
      vertex -1.4411535531267898 0.5705930566612507 69.2
      vertex -1.4411535531267898 0.5705930566612507 73
    endloop
  endfacet
  facet normal 0.9048270524660192 -0.4257792915650734 0
    outer loop
      vertex -1.4411535531267898 0.5705930566612507 69.2
      vertex -1.3582753540679884 0.7467181948576589 69.2
      vertex -1.3582753540679884 0.7467181948576589 73
    endloop
  endfacet
  facet normal 0.9048270524660192 -0.4257792915650734 0
    outer loop
      vertex -1.4411535531267898 0.5705930566612507 69.2
      vertex -1.3582753540679884 0.7467181948576589 73
      vertex -1.4411535531267898 0.5705930566612507 73
    endloop
  endfacet
  facet normal 0.8443279255020155 -0.5358267949789959 0
    outer loop
      vertex -1.3582753540679884 0.7467181948576589 69.2
      vertex -1.2539763412811686 0.9110671410533334 69.2
      vertex -1.2539763412811686 0.9110671410533334 73
    endloop
  endfacet
  facet normal 0.8443279255020155 -0.5358267949789959 0
    outer loop
      vertex -1.3582753540679884 0.7467181948576589 69.2
      vertex -1.2539763412811686 0.9110671410533334 73
      vertex -1.3582753540679884 0.7467181948576589 73
    endloop
  endfacet
  facet normal 0.7705132427757886 -0.6374239897486903 0
    outer loop
      vertex -1.2539763412811686 0.9110671410533334 69.2
      vertex -1.129901372503188 1.0610480141894674 73
      vertex -1.2539763412811686 0.9110671410533334 73
    endloop
  endfacet
  facet normal 0.7705132427757886 -0.6374239897486903 0
    outer loop
      vertex -1.2539763412811686 0.9110671410533334 69.2
      vertex -1.129901372503188 1.0610480141894674 69.2
      vertex -1.129901372503188 1.0610480141894674 73
    endloop
  endfacet
  facet normal 0.6845471059286891 -0.7289686274214112 0
    outer loop
      vertex -1.129901372503188 1.0610480141894674 69.2
      vertex -0.988007184110469 1.1942955263024735 69.2
      vertex -0.988007184110469 1.1942955263024735 73
    endloop
  endfacet
  facet normal 0.6845471059286891 -0.7289686274214112 0
    outer loop
      vertex -1.129901372503188 1.0610480141894674 69.2
      vertex -0.988007184110469 1.1942955263024735 73
      vertex -1.129901372503188 1.0610480141894674 73
    endloop
  endfacet
  facet normal 0.5877852522924731 -0.8090169943749476 0
    outer loop
      vertex -0.988007184110469 1.1942955263024735 69.2
      vertex -0.830531532217445 1.3087082845281233 73
      vertex -0.988007184110469 1.1942955263024735 73
    endloop
  endfacet
  facet normal 0.5877852522924731 -0.8090169943749476 0
    outer loop
      vertex -0.988007184110469 1.1942955263024735 69.2
      vertex -0.830531532217445 1.3087082845281233 69.2
      vertex -0.830531532217445 1.3087082845281233 73
    endloop
  endfacet
  facet normal 0.48175367410171516 -0.8763066800438636 0
    outer loop
      vertex -0.830531532217445 1.3087082845281233 69.2
      vertex -0.6599579019258627 1.4024819313223302 73
      vertex -0.830531532217445 1.3087082845281233 73
    endloop
  endfacet
  facet normal 0.48175367410171516 -0.8763066800438636 0
    outer loop
      vertex -0.830531532217445 1.3087082845281233 69.2
      vertex -0.6599579019258627 1.4024819313223302 69.2
      vertex -0.6599579019258627 1.4024819313223302 73
    endloop
  endfacet
  facet normal 0.36812455268467753 -0.9297764858882515 0
    outer loop
      vertex -0.6599579019258627 1.4024819313223302 69.2
      vertex -0.47897634128116845 1.474137600257488 69.2
      vertex -0.47897634128116845 1.474137600257488 73
    endloop
  endfacet
  facet normal 0.36812455268467753 -0.9297764858882515 0
    outer loop
      vertex -0.6599579019258627 1.4024819313223302 69.2
      vertex -0.47897634128116845 1.474137600257488 73
      vertex -0.6599579019258627 1.4024819313223302 73
    endloop
  endfacet
  facet normal 0.24868988716485554 -0.9685831611286309 0
    outer loop
      vertex -0.47897634128116845 1.474137600257488 69.2
      vertex -0.2904410376078731 1.5225452386294676 69.2
      vertex -0.2904410376078731 1.5225452386294676 73
    endloop
  endfacet
  facet normal 0.24868988716485554 -0.9685831611286309 0
    outer loop
      vertex -0.47897634128116845 1.474137600257488 69.2
      vertex -0.2904410376078731 1.5225452386294676 73
      vertex -0.47897634128116845 1.474137600257488 73
    endloop
  endfacet
  facet normal 0.12533323356430429 -0.9921147013144778 0
    outer loop
      vertex -0.2904410376078731 1.5225452386294676 69.2
      vertex -0.09732530527043558 1.546941429063821 69.2
      vertex -0.09732530527043558 1.546941429063821 73
    endloop
  endfacet
  facet normal 0.12533323356430429 -0.9921147013144778 0
    outer loop
      vertex -0.2904410376078731 1.5225452386294676 69.2
      vertex -0.09732530527043558 1.546941429063821 73
      vertex -0.2904410376078731 1.5225452386294676 73
    endloop
  endfacet
  facet normal 0 -1 0
    outer loop
      vertex -0.09732530527043558 1.546941429063821 69.2
      vertex 0.09732530527043559 1.546941429063821 73
      vertex -0.09732530527043558 1.546941429063821 73
    endloop
  endfacet
  facet normal 0 1 0
    outer loop
      vertex -0.09732530527043634 -1.546941429063821 2.8000000000000003
      vertex 0.09732530527043634 -1.546941429063821 2.8000000000000003
      vertex 0.09732530527043634 -1.546941429063821 0
    endloop
  endfacet
  facet normal -0.12533323356430565 0.9921147013144778 0
    outer loop
      vertex 0.09732530527043634 -1.546941429063821 2.8000000000000003
      vertex 0.2904410376078735 -1.5225452386294673 0
      vertex 0.09732530527043634 -1.546941429063821 0
    endloop
  endfacet
  facet normal -0.12533323356430565 0.9921147013144778 0
    outer loop
      vertex 0.09732530527043634 -1.546941429063821 2.8000000000000003
      vertex 0.2904410376078735 -1.5225452386294673 2.8000000000000003
      vertex 0.2904410376078735 -1.5225452386294673 0
    endloop
  endfacet
  facet normal -0.24868988716485496 0.9685831611286311 0
    outer loop
      vertex 0.2904410376078735 -1.5225452386294673 2.8000000000000003
      vertex 0.47897634128116845 -1.474137600257488 0
      vertex 0.2904410376078735 -1.5225452386294673 0
    endloop
  endfacet
  facet normal -0.24868988716485496 0.9685831611286311 0
    outer loop
      vertex 0.2904410376078735 -1.5225452386294673 2.8000000000000003
      vertex 0.47897634128116845 -1.474137600257488 2.8
      vertex 0.47897634128116845 -1.474137600257488 0
    endloop
  endfacet
  facet normal -0.36812455268467714 0.9297764858882518 0
    outer loop
      vertex 0.47897634128116845 -1.474137600257488 2.8
      vertex 0.6599579019258623 -1.4024819313223305 0
      vertex 0.47897634128116845 -1.474137600257488 0
    endloop
  endfacet
  facet normal -0.3681245526846771 0.9297764858882516 0
    outer loop
      vertex 0.47897634128116845 -1.474137600257488 2.8
      vertex 0.6599579019258623 -1.4024819313223305 2.8000000000000003
      vertex 0.6599579019258623 -1.4024819313223305 0
    endloop
  endfacet
  facet normal -0.48175367410171555 0.8763066800438636 0
    outer loop
      vertex 0.6599579019258623 -1.4024819313223305 2.8000000000000003
      vertex 0.8305315322174441 -1.3087082845281237 0
      vertex 0.6599579019258623 -1.4024819313223305 0
    endloop
  endfacet
  facet normal -0.5877852522924726 0.8090169943749478 0
    outer loop
      vertex 0.8305315322174441 -1.3087082845281237 2.8
      vertex 0.9880071841104695 -1.194295526302473 0
      vertex 0.8305315322174441 -1.3087082845281237 0
    endloop
  endfacet
  facet normal -0.4817536741017155 0.8763066800438635 0
    outer loop
      vertex 0.6599579019258623 -1.4024819313223305 2.8000000000000003
      vertex 0.8305315322174441 -1.3087082845281237 2.8
      vertex 0.8305315322174441 -1.3087082845281237 0
    endloop
  endfacet
  facet normal -0.5877852522924727 0.8090169943749479 0
    outer loop
      vertex 0.8305315322174441 -1.3087082845281237 2.8
      vertex 0.9880071841104695 -1.194295526302473 2.8000000000000003
      vertex 0.9880071841104695 -1.194295526302473 0
    endloop
  endfacet
  facet normal -0.6845471059286893 0.728968627421411 0
    outer loop
      vertex 0.9880071841104695 -1.194295526302473 2.8000000000000003
      vertex 1.1299013725031881 -1.0610480141894671 0
      vertex 0.9880071841104695 -1.194295526302473 0
    endloop
  endfacet
  facet normal -0.6845471059286893 0.728968627421411 0
    outer loop
      vertex 0.9880071841104695 -1.194295526302473 2.8000000000000003
      vertex 1.1299013725031881 -1.0610480141894671 2.8000000000000003
      vertex 1.1299013725031881 -1.0610480141894671 0
    endloop
  endfacet
  facet normal -0.770513242775789 0.6374239897486899 0
    outer loop
      vertex 1.1299013725031881 -1.0610480141894671 2.8000000000000003
      vertex 1.2539763412811686 -0.9110671410533333 0
      vertex 1.1299013725031881 -1.0610480141894671 0
    endloop
  endfacet
  facet normal -0.770513242775789 0.6374239897486899 0
    outer loop
      vertex 1.1299013725031881 -1.0610480141894671 2.8000000000000003
      vertex 1.2539763412811686 -0.9110671410533333 2.8000000000000003
      vertex 1.2539763412811686 -0.9110671410533333 0
    endloop
  endfacet
  facet normal -0.8443279255020154 0.5358267949789961 0
    outer loop
      vertex 1.2539763412811686 -0.9110671410533333 2.8000000000000003
      vertex 1.3582753540679884 -0.7467181948576589 0
      vertex 1.2539763412811686 -0.9110671410533333 0
    endloop
  endfacet
  facet normal -0.8443279255020155 0.5358267949789961 0
    outer loop
      vertex 1.2539763412811686 -0.9110671410533333 2.8000000000000003
      vertex 1.3582753540679884 -0.7467181948576589 2.8
      vertex 1.3582753540679884 -0.7467181948576589 0
    endloop
  endfacet
  facet normal -0.9048270524660196 0.4257792915650729 0
    outer loop
      vertex 1.3582753540679884 -0.7467181948576589 2.8
      vertex 1.4411535531267894 -0.5705930566612514 0
      vertex 1.3582753540679884 -0.7467181948576589 0
    endloop
  endfacet
  facet normal -0.9510565162951534 0.3090169943749479 0
    outer loop
      vertex 1.4411535531267894 -0.5705930566612514 2.8
      vertex 1.5013038997493784 -0.3854693251055244 0
      vertex 1.4411535531267894 -0.5705930566612514 0
    endloop
  endfacet
  facet normal -0.9048270524660196 0.4257792915650729 0
    outer loop
      vertex 1.3582753540679884 -0.7467181948576589 2.8
      vertex 1.4411535531267894 -0.5705930566612514 2.8
      vertex 1.4411535531267894 -0.5705930566612514 0
    endloop
  endfacet
  facet normal -0.9510565162951534 0.3090169943749479 0
    outer loop
      vertex 1.4411535531267894 -0.5705930566612514 2.8
      vertex 1.5013038997493784 -0.3854693251055244 2.8
      vertex 1.5013038997493784 -0.3854693251055244 0
    endloop
  endfacet
  facet normal -0.9822872507286886 0.1873813145857245 0
    outer loop
      vertex 1.5013038997493784 -0.3854693251055244 2.8
      vertex 1.5377777870374407 -0.1942665120246713 0
      vertex 1.5013038997493784 -0.3854693251055244 0
    endloop
  endfacet
  facet normal -0.9822872507286886 0.1873813145857245 0
    outer loop
      vertex 1.5013038997493784 -0.3854693251055244 2.8
      vertex 1.5377777870374407 -0.1942665120246713 2.8
      vertex 1.5377777870374407 -0.1942665120246713 0
    endloop
  endfacet
  facet normal -0.9980267284282714 0.06279051952931325 0
    outer loop
      vertex 1.5377777870374407 -0.1942665120246713 2.8
      vertex 1.55 0 0
      vertex 1.5377777870374407 -0.1942665120246713 0
    endloop
  endfacet
  facet normal -0.9980267284282714 0.06279051952931325 0
    outer loop
      vertex 1.5377777870374407 -0.1942665120246713 2.8
      vertex 1.55 0 2.8
      vertex 1.55 0 0
    endloop
  endfacet
  facet normal 0 1 0
    outer loop
      vertex -0.09732530527043634 -1.546941429063821 26.2
      vertex 0.09732530527043634 -1.546941429063821 29.3
      vertex 0.09732530527043634 -1.546941429063821 26.2
    endloop
  endfacet
  facet normal -0.12533323356430565 0.9921147013144777 0
    outer loop
      vertex 0.09732530527043634 -1.546941429063821 26.2
      vertex 0.2904410376078735 -1.5225452386294673 29.3
      vertex 0.2904410376078735 -1.5225452386294673 26.2
    endloop
  endfacet
  facet normal -0.24868988716485502 0.9685831611286311 0
    outer loop
      vertex 0.2904410376078735 -1.5225452386294673 26.2
      vertex 0.47897634128116845 -1.474137600257488 29.3
      vertex 0.47897634128116845 -1.474137600257488 26.2
    endloop
  endfacet
  facet normal -0.3681245526846772 0.9297764858882518 0
    outer loop
      vertex 0.47897634128116845 -1.474137600257488 26.2
      vertex 0.6599579019258623 -1.4024819313223305 29.3
      vertex 0.6599579019258623 -1.4024819313223305 26.2
    endloop
  endfacet
  facet normal -0.48175367410171543 0.8763066800438634 0
    outer loop
      vertex 0.6599579019258623 -1.4024819313223305 26.2
      vertex 0.8305315322174441 -1.3087082845281237 29.3
      vertex 0.8305315322174441 -1.3087082845281237 26.2
    endloop
  endfacet
  facet normal -0.5877852522924725 0.8090169943749479 0
    outer loop
      vertex 0.8305315322174441 -1.3087082845281237 26.2
      vertex 0.9880071841104695 -1.194295526302473 29.3
      vertex 0.9880071841104695 -1.194295526302473 26.2
    endloop
  endfacet
  facet normal -0.12533323356430565 0.9921147013144777 0
    outer loop
      vertex 0.09732530527043634 -1.546941429063821 26.2
      vertex 0.09732530527043634 -1.546941429063821 29.3
      vertex 0.2904410376078735 -1.5225452386294673 29.3
    endloop
  endfacet
  facet normal -0.24868988716485502 0.9685831611286311 0
    outer loop
      vertex 0.2904410376078735 -1.5225452386294673 26.2
      vertex 0.2904410376078735 -1.5225452386294673 29.3
      vertex 0.47897634128116845 -1.474137600257488 29.3
    endloop
  endfacet
  facet normal -0.3681245526846772 0.9297764858882518 0
    outer loop
      vertex 0.47897634128116845 -1.474137600257488 26.2
      vertex 0.47897634128116845 -1.474137600257488 29.3
      vertex 0.6599579019258623 -1.4024819313223305 29.3
    endloop
  endfacet
  facet normal -0.48175367410171543 0.8763066800438634 0
    outer loop
      vertex 0.6599579019258623 -1.4024819313223305 26.2
      vertex 0.6599579019258623 -1.4024819313223305 29.3
      vertex 0.8305315322174441 -1.3087082845281237 29.3
    endloop
  endfacet
  facet normal -0.5877852522924725 0.8090169943749479 0
    outer loop
      vertex 0.8305315322174441 -1.3087082845281237 26.2
      vertex 0.8305315322174441 -1.3087082845281237 29.3
      vertex 0.9880071841104695 -1.194295526302473 29.3
    endloop
  endfacet
  facet normal -0.6845471059286892 0.728968627421411 -5.749668254336524e-18
    outer loop
      vertex 0.9880071841104695 -1.194295526302473 26.2
      vertex 1.1299013725031881 -1.0610480141894671 29.3
      vertex 1.129901372503188 -1.0610480141894674 26.2
    endloop
  endfacet
  facet normal -0.6845471059286893 0.728968627421411 0
    outer loop
      vertex 0.9880071841104695 -1.194295526302473 26.2
      vertex 0.9880071841104695 -1.194295526302473 29.3
      vertex 1.1299013725031881 -1.0610480141894671 29.3
    endloop
  endfacet
  facet normal -0.7705132427757891 0.63742398974869 9.532822776828944e-18
    outer loop
      vertex 1.129901372503188 -1.0610480141894674 26.2
      vertex 1.1299013725031881 -1.0610480141894671 29.3
      vertex 1.2539763412811686 -0.9110671410533333 29.3
    endloop
  endfacet
  facet normal -0.7705132427757887 0.6374239897486903 -2.299867301734605e-17
    outer loop
      vertex 1.129901372503188 -1.0610480141894674 26.2
      vertex 1.2539763412811686 -0.9110671410533333 29.3
      vertex 1.2539763412811686 -0.9110671410533334 26.2
    endloop
  endfacet
  facet normal -0.8443279255020155 0.5358267949789958 0
    outer loop
      vertex 1.2539763412811686 -0.9110671410533334 26.2
      vertex 1.3582753540679884 -0.7467181948576589 29.3
      vertex 1.3582753540679884 -0.7467181948576589 26.2
    endloop
  endfacet
  facet normal -0.9048270524660194 0.42577929156507305 -1.437417063584131e-17
    outer loop
      vertex 1.3582753540679884 -0.7467181948576589 26.2
      vertex 1.4411535531267894 -0.5705930566612514 29.3
      vertex 1.4411535531267894 -0.5705930566612515 26.2
    endloop
  endfacet
  facet normal -0.9510565162951535 0.3090169943749477 0
    outer loop
      vertex 1.4411535531267894 -0.5705930566612515 26.2
      vertex 1.5013038997493784 -0.3854693251055244 29.3
      vertex 1.5013038997493784 -0.3854693251055244 26.2
    endloop
  endfacet
  facet normal -0.9822872507286888 0.18738131458572455 0
    outer loop
      vertex 1.5013038997493784 -0.3854693251055244 26.2
      vertex 1.5377777870374407 -0.1942665120246713 29.3
      vertex 1.5377777870374407 -0.1942665120246713 26.2
    endloop
  endfacet
  facet normal -0.9980267284282714 0.06279051952931326 0
    outer loop
      vertex 1.5377777870374407 -0.1942665120246713 26.2
      vertex 1.55 0 29.3
      vertex 1.55 0 26.2
    endloop
  endfacet
  facet normal -0.8443279255020155 0.5358267949789961 -1.918991112892853e-17
    outer loop
      vertex 1.2539763412811686 -0.9110671410533334 26.2
      vertex 1.2539763412811686 -0.9110671410533333 29.3
      vertex 1.3582753540679884 -0.7467181948576589 29.3
    endloop
  endfacet
  facet normal -0.9048270524660196 0.4257792915650729 0
    outer loop
      vertex 1.3582753540679884 -0.7467181948576589 26.2
      vertex 1.3582753540679884 -0.7467181948576589 29.3
      vertex 1.4411535531267894 -0.5705930566612514 29.3
    endloop
  endfacet
  facet normal -0.9510565162951535 0.30901699437494784 -1.1067025230823531e-17
    outer loop
      vertex 1.4411535531267894 -0.5705930566612515 26.2
      vertex 1.4411535531267894 -0.5705930566612514 29.3
      vertex 1.5013038997493784 -0.3854693251055244 29.3
    endloop
  endfacet
  facet normal -0.9822872507286888 0.18738131458572455 0
    outer loop
      vertex 1.5013038997493784 -0.3854693251055244 26.2
      vertex 1.5013038997493784 -0.3854693251055244 29.3
      vertex 1.5377777870374407 -0.1942665120246713 29.3
    endloop
  endfacet
  facet normal -0.9980267284282714 0.06279051952931326 0
    outer loop
      vertex 1.5377777870374407 -0.1942665120246713 26.2
      vertex 1.5377777870374407 -0.1942665120246713 29.3
      vertex 1.55 0 29.3
    endloop
  endfacet
  facet normal 0 1 0
    outer loop
      vertex -0.09732530527043634 -1.546941429063821 42.7
      vertex 0.09732530527043634 -1.546941429063821 45.8
      vertex 0.09732530527043634 -1.546941429063821 42.7
    endloop
  endfacet
  facet normal -0.12533323356430565 0.9921147013144777 0
    outer loop
      vertex 0.09732530527043634 -1.546941429063821 42.7
      vertex 0.2904410376078735 -1.5225452386294673 45.8
      vertex 0.2904410376078735 -1.5225452386294673 42.7
    endloop
  endfacet
  facet normal -0.12533323356430565 0.9921147013144777 0
    outer loop
      vertex 0.09732530527043634 -1.546941429063821 42.7
      vertex 0.09732530527043634 -1.546941429063821 45.8
      vertex 0.2904410376078735 -1.5225452386294673 45.8
    endloop
  endfacet
  facet normal -0.24868988716485502 0.9685831611286311 0
    outer loop
      vertex 0.2904410376078735 -1.5225452386294673 42.7
      vertex 0.2904410376078735 -1.5225452386294673 45.8
      vertex 0.47897634128116845 -1.474137600257488 45.8
    endloop
  endfacet
  facet normal -0.24868988716485502 0.9685831611286311 0
    outer loop
      vertex 0.2904410376078735 -1.5225452386294673 42.7
      vertex 0.47897634128116845 -1.474137600257488 45.8
      vertex 0.47897634128116845 -1.474137600257488 42.7
    endloop
  endfacet
  facet normal -0.36812455268467725 0.9297764858882518 0
    outer loop
      vertex 0.47897634128116845 -1.474137600257488 42.7
      vertex 0.6599579019258623 -1.4024819313223305 45.8
      vertex 0.6599579019258623 -1.4024819313223305 42.7
    endloop
  endfacet
  facet normal -0.36812455268467725 0.9297764858882518 0
    outer loop
      vertex 0.47897634128116845 -1.474137600257488 42.7
      vertex 0.47897634128116845 -1.474137600257488 45.8
      vertex 0.6599579019258623 -1.4024819313223305 45.8
    endloop
  endfacet
  facet normal -0.4817536741017155 0.8763066800438635 0
    outer loop
      vertex 0.6599579019258623 -1.4024819313223305 42.7
      vertex 0.6599579019258623 -1.4024819313223305 45.8
      vertex 0.8305315322174441 -1.3087082845281237 45.8
    endloop
  endfacet
  facet normal -0.4817536741017155 0.8763066800438635 0
    outer loop
      vertex 0.6599579019258623 -1.4024819313223305 42.7
      vertex 0.8305315322174441 -1.3087082845281237 45.8
      vertex 0.8305315322174441 -1.3087082845281237 42.7
    endloop
  endfacet
  facet normal -0.5877852522924725 0.8090169943749478 0
    outer loop
      vertex 0.8305315322174441 -1.3087082845281237 42.7
      vertex 0.8305315322174441 -1.3087082845281237 45.8
      vertex 0.9880071841104695 -1.194295526302473 45.8
    endloop
  endfacet
  facet normal -0.5877852522924725 0.8090169943749478 0
    outer loop
      vertex 0.8305315322174441 -1.3087082845281237 42.7
      vertex 0.9880071841104695 -1.194295526302473 45.8
      vertex 0.9880071841104695 -1.194295526302473 42.7
    endloop
  endfacet
  facet normal -0.6845471059286893 0.728968627421411 0
    outer loop
      vertex 0.9880071841104695 -1.194295526302473 42.7
      vertex 0.9880071841104695 -1.194295526302473 45.8
      vertex 1.1299013725031881 -1.0610480141894671 45.8
    endloop
  endfacet
  facet normal -0.6845471059286893 0.728968627421411 -5.749668254336538e-18
    outer loop
      vertex 0.9880071841104695 -1.194295526302473 42.7
      vertex 1.1299013725031881 -1.0610480141894671 45.8
      vertex 1.129901372503188 -1.0610480141894674 42.7
    endloop
  endfacet
  facet normal -0.770513242775789 0.63742398974869 9.532822776828964e-18
    outer loop
      vertex 1.129901372503188 -1.0610480141894674 42.7
      vertex 1.1299013725031881 -1.0610480141894671 45.8
      vertex 1.2539763412811686 -0.9110671410533333 45.8
    endloop
  endfacet
  facet normal -0.7705132427757887 0.6374239897486903 -2.2998673017346105e-17
    outer loop
      vertex 1.129901372503188 -1.0610480141894674 42.7
      vertex 1.2539763412811686 -0.9110671410533333 45.8
      vertex 1.2539763412811686 -0.9110671410533334 42.7
    endloop
  endfacet
  facet normal -0.8443279255020155 0.5358267949789959 0
    outer loop
      vertex 1.2539763412811686 -0.9110671410533334 42.7
      vertex 1.3582753540679884 -0.7467181948576589 45.8
      vertex 1.3582753540679884 -0.7467181948576589 42.7
    endloop
  endfacet
  facet normal -0.8443279255020155 0.5358267949789961 -1.9189911128928575e-17
    outer loop
      vertex 1.2539763412811686 -0.9110671410533334 42.7
      vertex 1.2539763412811686 -0.9110671410533333 45.8
      vertex 1.3582753540679884 -0.7467181948576589 45.8
    endloop
  endfacet
  facet normal -0.9048270524660195 0.4257792915650728 0
    outer loop
      vertex 1.3582753540679884 -0.7467181948576589 42.7
      vertex 1.3582753540679884 -0.7467181948576589 45.8
      vertex 1.4411535531267894 -0.5705930566612514 45.8
    endloop
  endfacet
  facet normal -0.9048270524660192 0.42577929156507305 -1.4374170635841344e-17
    outer loop
      vertex 1.3582753540679884 -0.7467181948576589 42.7
      vertex 1.4411535531267894 -0.5705930566612514 45.8
      vertex 1.4411535531267894 -0.5705930566612515 42.7
    endloop
  endfacet
  facet normal -0.9510565162951534 0.30901699437494784 -1.1067025230823554e-17
    outer loop
      vertex 1.4411535531267894 -0.5705930566612515 42.7
      vertex 1.4411535531267894 -0.5705930566612514 45.8
      vertex 1.5013038997493784 -0.3854693251055244 45.8
    endloop
  endfacet
  facet normal -0.9510565162951534 0.3090169943749477 0
    outer loop
      vertex 1.4411535531267894 -0.5705930566612515 42.7
      vertex 1.5013038997493784 -0.3854693251055244 45.8
      vertex 1.5013038997493784 -0.3854693251055244 42.7
    endloop
  endfacet
  facet normal -0.9822872507286887 0.18738131458572455 0
    outer loop
      vertex 1.5013038997493784 -0.3854693251055244 42.7
      vertex 1.5013038997493784 -0.3854693251055244 45.8
      vertex 1.5377777870374407 -0.1942665120246713 45.8
    endloop
  endfacet
  facet normal -0.9822872507286887 0.18738131458572455 0
    outer loop
      vertex 1.5013038997493784 -0.3854693251055244 42.7
      vertex 1.5377777870374407 -0.1942665120246713 45.8
      vertex 1.5377777870374407 -0.1942665120246713 42.7
    endloop
  endfacet
  facet normal -0.9980267284282714 0.06279051952931325 0
    outer loop
      vertex 1.5377777870374407 -0.1942665120246713 42.7
      vertex 1.5377777870374407 -0.1942665120246713 45.8
      vertex 1.55 0 45.8
    endloop
  endfacet
  facet normal -0.9980267284282714 0.06279051952931325 0
    outer loop
      vertex 1.5377777870374407 -0.1942665120246713 42.7
      vertex 1.55 0 45.8
      vertex 1.55 0 42.7
    endloop
  endfacet
  facet normal -0.12533323356430565 0.9921147013144778 0
    outer loop
      vertex 0.09732530527043634 -1.546941429063821 69.2
      vertex 0.09732530527043634 -1.546941429063821 73
      vertex 0.2904410376078735 -1.5225452386294673 69.2
    endloop
  endfacet
  facet normal 0 1 0
    outer loop
      vertex 0.09732530527043634 -1.546941429063821 69.2
      vertex -0.09732530527043634 -1.546941429063821 73
      vertex 0.09732530527043634 -1.546941429063821 73
    endloop
  endfacet
  facet normal -0.12533323356430565 0.9921147013144778 0
    outer loop
      vertex 0.2904410376078735 -1.5225452386294673 69.2
      vertex 0.09732530527043634 -1.546941429063821 73
      vertex 0.2904410376078735 -1.5225452386294673 73
    endloop
  endfacet
  facet normal -0.24868988716485502 0.9685831611286311 0
    outer loop
      vertex 0.2904410376078735 -1.5225452386294673 69.2
      vertex 0.2904410376078735 -1.5225452386294673 73
      vertex 0.47897634128116845 -1.474137600257488 69.2
    endloop
  endfacet
  facet normal -0.24868988716485502 0.9685831611286311 0
    outer loop
      vertex 0.47897634128116845 -1.474137600257488 69.2
      vertex 0.2904410376078735 -1.5225452386294673 73
      vertex 0.47897634128116845 -1.474137600257488 73
    endloop
  endfacet
  facet normal -0.3681245526846772 0.9297764858882518 0
    outer loop
      vertex 0.47897634128116845 -1.474137600257488 69.2
      vertex 0.47897634128116845 -1.474137600257488 73
      vertex 0.6599579019258623 -1.4024819313223305 69.2
    endloop
  endfacet
  facet normal -0.48175367410171555 0.8763066800438635 0
    outer loop
      vertex 0.6599579019258623 -1.4024819313223305 69.2
      vertex 0.6599579019258623 -1.4024819313223305 73
      vertex 0.8305315322174441 -1.3087082845281237 69.2
    endloop
  endfacet
  facet normal -0.3681245526846772 0.9297764858882518 0
    outer loop
      vertex 0.6599579019258623 -1.4024819313223305 69.2
      vertex 0.47897634128116845 -1.474137600257488 73
      vertex 0.6599579019258623 -1.4024819313223305 73
    endloop
  endfacet
  facet normal -0.5877852522924725 0.8090169943749479 0
    outer loop
      vertex 0.8305315322174441 -1.3087082845281237 69.2
      vertex 0.8305315322174441 -1.3087082845281237 73
      vertex 0.9880071841104695 -1.194295526302473 69.2
    endloop
  endfacet
  facet normal -0.48175367410171555 0.8763066800438635 0
    outer loop
      vertex 0.8305315322174441 -1.3087082845281237 69.2
      vertex 0.6599579019258623 -1.4024819313223305 73
      vertex 0.8305315322174441 -1.3087082845281237 73
    endloop
  endfacet
  facet normal -0.5877852522924725 0.8090169943749479 0
    outer loop
      vertex 0.9880071841104695 -1.194295526302473 69.2
      vertex 0.8305315322174441 -1.3087082845281237 73
      vertex 0.9880071841104695 -1.194295526302473 73
    endloop
  endfacet
  facet normal -0.6845471059286892 0.728968627421411 0
    outer loop
      vertex 0.9880071841104695 -1.194295526302473 69.2
      vertex 0.9880071841104695 -1.194295526302473 73
      vertex 1.129901372503188 -1.0610480141894674 69.2
    endloop
  endfacet
  facet normal -0.7705132427757886 0.6374239897486903 0
    outer loop
      vertex 1.129901372503188 -1.0610480141894674 69.2
      vertex 1.129901372503188 -1.0610480141894674 73
      vertex 1.2539763412811686 -0.9110671410533334 69.2
    endloop
  endfacet
  facet normal -0.6845471059286892 0.728968627421411 0
    outer loop
      vertex 1.129901372503188 -1.0610480141894674 69.2
      vertex 0.9880071841104695 -1.194295526302473 73
      vertex 1.129901372503188 -1.0610480141894674 73
    endloop
  endfacet
  facet normal -0.7705132427757886 0.6374239897486903 0
    outer loop
      vertex 1.2539763412811686 -0.9110671410533334 69.2
      vertex 1.129901372503188 -1.0610480141894674 73
      vertex 1.2539763412811686 -0.9110671410533334 73
    endloop
  endfacet
  facet normal -0.8443279255020155 0.5358267949789959 0
    outer loop
      vertex 1.2539763412811686 -0.9110671410533334 69.2
      vertex 1.2539763412811686 -0.9110671410533334 73
      vertex 1.3582753540679884 -0.7467181948576589 69.2
    endloop
  endfacet
  facet normal -0.8443279255020155 0.5358267949789959 0
    outer loop
      vertex 1.3582753540679884 -0.7467181948576589 69.2
      vertex 1.2539763412811686 -0.9110671410533334 73
      vertex 1.3582753540679884 -0.7467181948576589 73
    endloop
  endfacet
  facet normal -0.9048270524660192 0.42577929156507305 0
    outer loop
      vertex 1.3582753540679884 -0.7467181948576589 69.2
      vertex 1.3582753540679884 -0.7467181948576589 73
      vertex 1.4411535531267894 -0.5705930566612515 69.2
    endloop
  endfacet
  facet normal -0.9510565162951536 0.30901699437494773 0
    outer loop
      vertex 1.4411535531267894 -0.5705930566612515 69.2
      vertex 1.4411535531267894 -0.5705930566612515 73
      vertex 1.5013038997493784 -0.3854693251055244 69.2
    endloop
  endfacet
  facet normal -0.9048270524660192 0.42577929156507305 0
    outer loop
      vertex 1.4411535531267894 -0.5705930566612515 69.2
      vertex 1.3582753540679884 -0.7467181948576589 73
      vertex 1.4411535531267894 -0.5705930566612515 73
    endloop
  endfacet
  facet normal -0.9822872507286886 0.18738131458572452 0
    outer loop
      vertex 1.5013038997493784 -0.3854693251055244 69.2
      vertex 1.5013038997493784 -0.3854693251055244 73
      vertex 1.5377777870374407 -0.1942665120246713 69.2
    endloop
  endfacet
  facet normal -0.9510565162951536 0.30901699437494773 0
    outer loop
      vertex 1.5013038997493784 -0.3854693251055244 69.2
      vertex 1.4411535531267894 -0.5705930566612515 73
      vertex 1.5013038997493784 -0.3854693251055244 73
    endloop
  endfacet
  facet normal -0.9822872507286886 0.18738131458572452 0
    outer loop
      vertex 1.5377777870374407 -0.1942665120246713 69.2
      vertex 1.5013038997493784 -0.3854693251055244 73
      vertex 1.5377777870374407 -0.1942665120246713 73
    endloop
  endfacet
  facet normal -0.9980267284282716 0.06279051952931325 0
    outer loop
      vertex 1.5377777870374407 -0.1942665120246713 69.2
      vertex 1.5377777870374407 -0.1942665120246713 73
      vertex 1.55 0 69.2
    endloop
  endfacet
  facet normal -0.9980267284282716 0.06279051952931325 0
    outer loop
      vertex 1.55 0 69.2
      vertex 1.5377777870374407 -0.1942665120246713 73
      vertex 1.55 0 73
    endloop
  endfacet
  facet normal -0.24868988716485563 -0.9685831611286309 0
    outer loop
      vertex 0.2904410376078731 1.5225452386294676 2.8000000000000003
      vertex 0.2904410376078731 1.5225452386294676 0
      vertex 0.47897634128116845 1.474137600257488 2.8
    endloop
  endfacet
  facet normal -0.24868988716485557 -0.9685831611286309 0
    outer loop
      vertex 0.47897634128116845 1.474137600257488 2.8
      vertex 0.2904410376078731 1.5225452386294676 0
      vertex 0.47897634128116845 1.474137600257488 0
    endloop
  endfacet
  facet normal 0 -1 0
    outer loop
      vertex 0.09732530527043558 1.546941429063821 2.8000000000000003
      vertex -0.09732530527043559 1.546941429063821 0
      vertex 0.09732530527043558 1.546941429063821 0
    endloop
  endfacet
  facet normal -0.1253332335643043 -0.992114701314478 0
    outer loop
      vertex 0.2904410376078731 1.5225452386294676 2.8000000000000003
      vertex 0.09732530527043558 1.546941429063821 0
      vertex 0.2904410376078731 1.5225452386294676 0
    endloop
  endfacet
  facet normal -0.1253332335643043 -0.992114701314478 0
    outer loop
      vertex 0.09732530527043558 1.546941429063821 2.8000000000000003
      vertex 0.09732530527043558 1.546941429063821 0
      vertex 0.2904410376078731 1.5225452386294676 2.8000000000000003
    endloop
  endfacet
  facet normal -0.3681245526846776 -0.9297764858882516 0
    outer loop
      vertex 0.6599579019258627 1.4024819313223302 2.8
      vertex 0.47897634128116845 1.474137600257488 0
      vertex 0.6599579019258627 1.4024819313223302 0
    endloop
  endfacet
  facet normal -0.3681245526846776 -0.9297764858882516 0
    outer loop
      vertex 0.47897634128116845 1.474137600257488 2.8
      vertex 0.47897634128116845 1.474137600257488 0
      vertex 0.6599579019258627 1.4024819313223302 2.8
    endloop
  endfacet
  facet normal -0.48175367410171466 -0.8763066800438638 0
    outer loop
      vertex 0.6599579019258627 1.4024819313223302 2.8
      vertex 0.6599579019258627 1.4024819313223302 0
      vertex 0.8305315322174448 1.3087082845281235 2.8
    endloop
  endfacet
  facet normal -0.5877852522924738 -0.8090169943749471 0
    outer loop
      vertex 0.9880071841104691 1.1942955263024733 2.8000000000000003
      vertex 0.8305315322174448 1.3087082845281235 0
      vertex 0.9880071841104691 1.1942955263024733 0
    endloop
  endfacet
  facet normal -0.48175367410171466 -0.8763066800438638 0
    outer loop
      vertex 0.8305315322174448 1.3087082845281235 2.8
      vertex 0.6599579019258627 1.4024819313223302 0
      vertex 0.8305315322174448 1.3087082845281235 0
    endloop
  endfacet
  facet normal -0.5877852522924737 -0.809016994374947 0
    outer loop
      vertex 0.9880071841104691 1.1942955263024733 2.8000000000000003
      vertex 0.8305315322174448 1.3087082845281235 2.8
      vertex 0.8305315322174448 1.3087082845281235 0
    endloop
  endfacet
  facet normal -0.9822872507286886 -0.1873813145857254 0
    outer loop
      vertex 1.5377777870374407 0.1942665120246716 2.8
      vertex 1.5013038997493782 0.38546932510552495 2.8
      vertex 1.5013038997493782 0.38546932510552495 0
    endloop
  endfacet
  facet normal -0.9510565162951535 -0.3090169943749473 0
    outer loop
      vertex 1.5013038997493782 0.38546932510552495 2.8
      vertex 1.4411535531267896 0.5705930566612509 0
      vertex 1.5013038997493782 0.38546932510552495 0
    endloop
  endfacet
  facet normal -0.7705132427757891 -0.6374239897486899 0
    outer loop
      vertex 1.2539763412811686 0.9110671410533334 2.8000000000000003
      vertex 1.129901372503188 1.0610480141894676 0
      vertex 1.2539763412811686 0.9110671410533334 0
    endloop
  endfacet
  facet normal -0.9048270524660198 -0.42577929156507216 0
    outer loop
      vertex 1.3582753540679886 0.7467181948576588 2.8
      vertex 1.3582753540679886 0.7467181948576588 0
      vertex 1.4411535531267896 0.5705930566612509 2.8
    endloop
  endfacet
  facet normal -0.9048270524660198 -0.42577929156507216 0
    outer loop
      vertex 1.4411535531267896 0.5705930566612509 2.8
      vertex 1.3582753540679886 0.7467181948576588 0
      vertex 1.4411535531267896 0.5705930566612509 0
    endloop
  endfacet
  facet normal -0.9510565162951535 -0.3090169943749473 0
    outer loop
      vertex 1.5013038997493782 0.38546932510552495 2.8
      vertex 1.4411535531267896 0.5705930566612509 2.8
      vertex 1.4411535531267896 0.5705930566612509 0
    endloop
  endfacet
  facet normal -0.8443279255020152 -0.5358267949789963 0
    outer loop
      vertex 1.3582753540679886 0.7467181948576588 2.8
      vertex 1.2539763412811686 0.9110671410533334 0
      vertex 1.3582753540679886 0.7467181948576588 0
    endloop
  endfacet
  facet normal -0.8443279255020152 -0.5358267949789963 0
    outer loop
      vertex 1.3582753540679886 0.7467181948576588 2.8
      vertex 1.2539763412811686 0.9110671410533334 2.8000000000000003
      vertex 1.2539763412811686 0.9110671410533334 0
    endloop
  endfacet
  facet normal -0.9980267284282714 -0.06279051952931315 0
    outer loop
      vertex 1.55 0 2.8
      vertex 1.5377777870374407 0.1942665120246716 0
      vertex 1.55 0 0
    endloop
  endfacet
  facet normal -0.9980267284282714 -0.06279051952931315 0
    outer loop
      vertex 1.55 0 2.8
      vertex 1.5377777870374407 0.1942665120246716 2.8
      vertex 1.5377777870374407 0.1942665120246716 0
    endloop
  endfacet
  facet normal -0.9822872507286886 -0.1873813145857254 0
    outer loop
      vertex 1.5377777870374407 0.1942665120246716 2.8
      vertex 1.5013038997493782 0.38546932510552495 0
      vertex 1.5377777870374407 0.1942665120246716 0
    endloop
  endfacet
  facet normal -0.6845471059286881 -0.7289686274214121 0
    outer loop
      vertex 1.129901372503188 1.0610480141894676 2.8000000000000003
      vertex 0.9880071841104691 1.1942955263024733 0
      vertex 1.129901372503188 1.0610480141894676 0
    endloop
  endfacet
  facet normal -0.6845471059286881 -0.7289686274214121 0
    outer loop
      vertex 0.9880071841104691 1.1942955263024733 2.8000000000000003
      vertex 0.9880071841104691 1.1942955263024733 0
      vertex 1.129901372503188 1.0610480141894676 2.8000000000000003
    endloop
  endfacet
  facet normal -0.7705132427757891 -0.6374239897486899 0
    outer loop
      vertex 1.2539763412811686 0.9110671410533334 2.8000000000000003
      vertex 1.129901372503188 1.0610480141894676 2.8000000000000003
      vertex 1.129901372503188 1.0610480141894676 0
    endloop
  endfacet
  facet normal -0.24868988716485557 -0.9685831611286309 0
    outer loop
      vertex 0.2904410376078731 1.5225452386294676 26.2
      vertex 0.47897634128116845 1.474137600257488 26.2
      vertex 0.2904410376078731 1.5225452386294676 29.3
    endloop
  endfacet
  facet normal -0.1253332335643043 -0.9921147013144779 -5.61080006668601e-19
    outer loop
      vertex 0.09732530527043559 1.546941429063821 26.2
      vertex 0.2904410376078731 1.5225452386294676 26.2
      vertex 0.09732530527043558 1.546941429063821 29.3
    endloop
  endfacet
  facet normal -0.3681245526846776 -0.9297764858882516 0
    outer loop
      vertex 0.47897634128116845 1.474137600257488 26.2
      vertex 0.6599579019258627 1.4024819313223302 26.2
      vertex 0.47897634128116845 1.474137600257488 29.3
    endloop
  endfacet
  facet normal -0.48175367410171444 -0.876306680043864 0
    outer loop
      vertex 0.6599579019258627 1.4024819313223302 26.2
      vertex 0.8305315322174449 1.3087082845281235 26.2
      vertex 0.6599579019258627 1.4024819313223302 29.3
    endloop
  endfacet
  facet normal -0.5877852522924738 -0.8090169943749469 -2.2998673017346038e-17
    outer loop
      vertex 0.9880071841104692 1.1942955263024733 26.2
      vertex 0.8305315322174448 1.3087082845281235 29.3
      vertex 0.8305315322174449 1.3087082845281235 26.2
    endloop
  endfacet
  facet normal -0.24868988716485557 -0.9685831611286309 0
    outer loop
      vertex 0.2904410376078731 1.5225452386294676 29.3
      vertex 0.47897634128116845 1.474137600257488 26.2
      vertex 0.47897634128116845 1.474137600257488 29.3
    endloop
  endfacet
  facet normal 0 -1 0
    outer loop
      vertex -0.09732530527043559 1.546941429063821 29.3
      vertex 0.09732530527043559 1.546941429063821 26.2
      vertex 0.09732530527043558 1.546941429063821 29.3
    endloop
  endfacet
  facet normal -0.1253332335643043 -0.9921147013144779 0
    outer loop
      vertex 0.2904410376078731 1.5225452386294676 26.2
      vertex 0.2904410376078731 1.5225452386294676 29.3
      vertex 0.09732530527043558 1.546941429063821 29.3
    endloop
  endfacet
  facet normal -0.3681245526846776 -0.9297764858882516 0
    outer loop
      vertex 0.6599579019258627 1.4024819313223302 26.2
      vertex 0.6599579019258627 1.4024819313223302 29.3
      vertex 0.47897634128116845 1.474137600257488 29.3
    endloop
  endfacet
  facet normal -0.5877852522924738 -0.8090169943749469 -2.105073292355518e-17
    outer loop
      vertex 0.9880071841104692 1.1942955263024733 26.2
      vertex 0.9880071841104691 1.1942955263024733 29.3
      vertex 0.8305315322174448 1.3087082845281235 29.3
    endloop
  endfacet
  facet normal -0.4817536741017147 -0.8763066800438639 -1.7249004763009544e-17
    outer loop
      vertex 0.6599579019258627 1.4024819313223302 29.3
      vertex 0.8305315322174449 1.3087082845281235 26.2
      vertex 0.8305315322174448 1.3087082845281235 29.3
    endloop
  endfacet
  facet normal -0.9822872507286885 -0.1873813145857254 2.8748341271682555e-18
    outer loop
      vertex 1.5377777870374407 0.1942665120246716 26.2
      vertex 1.5013038997493782 0.38546932510552495 29.3
      vertex 1.5013038997493782 0.3854693251055249 26.2
    endloop
  endfacet
  facet normal -0.9048270524660199 -0.425779291565072 0
    outer loop
      vertex 1.3582753540679886 0.7467181948576588 26.2
      vertex 1.4411535531267896 0.5705930566612508 26.2
      vertex 1.3582753540679886 0.7467181948576588 29.3
    endloop
  endfacet
  facet normal -0.9510565162951535 -0.3090169943749474 1.1499336508673022e-17
    outer loop
      vertex 1.5013038997493782 0.3854693251055249 26.2
      vertex 1.4411535531267896 0.5705930566612509 29.3
      vertex 1.4411535531267896 0.5705930566612508 26.2
    endloop
  endfacet
  facet normal -0.8443279255020151 -0.5358267949789967 1.724900476300955e-17
    outer loop
      vertex 1.3582753540679886 0.7467181948576588 26.2
      vertex 1.2539763412811686 0.9110671410533334 29.3
      vertex 1.2539763412811686 0.9110671410533333 26.2
    endloop
  endfacet
  facet normal -0.9980267284282717 -0.06279051952931317 0
    outer loop
      vertex 1.55 0 26.2
      vertex 1.5377777870374407 0.1942665120246716 29.3
      vertex 1.5377777870374407 0.1942665120246716 26.2
    endloop
  endfacet
  facet normal -0.9510565162951536 -0.30901699437494734 5.533512615411756e-18
    outer loop
      vertex 1.5013038997493782 0.3854693251055249 26.2
      vertex 1.5013038997493782 0.38546932510552495 29.3
      vertex 1.4411535531267896 0.5705930566612509 29.3
    endloop
  endfacet
  facet normal -0.7705132427757891 -0.6374239897486899 2.2828477092497576e-17
    outer loop
      vertex 1.2539763412811686 0.9110671410533333 26.2
      vertex 1.2539763412811686 0.9110671410533334 29.3
      vertex 1.129901372503188 1.0610480141894676 29.3
    endloop
  endfacet
  facet normal -0.9048270524660197 -0.42577929156507216 1.437417063584128e-17
    outer loop
      vertex 1.3582753540679886 0.7467181948576588 29.3
      vertex 1.4411535531267896 0.5705930566612508 26.2
      vertex 1.4411535531267896 0.5705930566612509 29.3
    endloop
  endfacet
  facet normal -0.8443279255020152 -0.5358267949789963 0
    outer loop
      vertex 1.3582753540679886 0.7467181948576588 26.2
      vertex 1.3582753540679886 0.7467181948576588 29.3
      vertex 1.2539763412811686 0.9110671410533334 29.3
    endloop
  endfacet
  facet normal -0.9980267284282717 -0.06279051952931317 0
    outer loop
      vertex 1.55 0 26.2
      vertex 1.55 0 29.3
      vertex 1.5377777870374407 0.1942665120246716 29.3
    endloop
  endfacet
  facet normal -0.9822872507286885 -0.18738131458572538 0
    outer loop
      vertex 1.5377777870374407 0.1942665120246716 26.2
      vertex 1.5377777870374407 0.1942665120246716 29.3
      vertex 1.5013038997493782 0.38546932510552495 29.3
    endloop
  endfacet
  facet normal -0.6845471059286883 -0.7289686274214117 -2.4516127691695012e-17
    outer loop
      vertex 0.9880071841104692 1.1942955263024733 26.2
      vertex 1.129901372503188 1.0610480141894676 26.2
      vertex 0.9880071841104691 1.1942955263024733 29.3
    endloop
  endfacet
  facet normal -0.7705132427757895 -0.6374239897486896 0
    outer loop
      vertex 1.2539763412811686 0.9110671410533333 26.2
      vertex 1.129901372503188 1.0610480141894676 29.3
      vertex 1.129901372503188 1.0610480141894676 26.2
    endloop
  endfacet
  facet normal -0.6845471059286881 -0.7289686274214121 0
    outer loop
      vertex 0.9880071841104691 1.1942955263024733 29.3
      vertex 1.129901372503188 1.0610480141894676 26.2
      vertex 1.129901372503188 1.0610480141894676 29.3
    endloop
  endfacet
  facet normal -0.24868988716485557 -0.968583161128631 0
    outer loop
      vertex 0.2904410376078731 1.5225452386294676 42.7
      vertex 0.47897634128116845 1.474137600257488 42.7
      vertex 0.2904410376078731 1.5225452386294676 45.8
    endloop
  endfacet
  facet normal -0.24868988716485557 -0.968583161128631 0
    outer loop
      vertex 0.2904410376078731 1.5225452386294676 45.8
      vertex 0.47897634128116845 1.474137600257488 42.7
      vertex 0.47897634128116845 1.474137600257488 45.8
    endloop
  endfacet
  facet normal 0 -1 0
    outer loop
      vertex -0.09732530527043559 1.546941429063821 45.8
      vertex 0.09732530527043559 1.546941429063821 42.7
      vertex 0.09732530527043558 1.546941429063821 45.8
    endloop
  endfacet
  facet normal -0.12533323356430429 -0.9921147013144779 -5.610800066686022e-19
    outer loop
      vertex 0.09732530527043559 1.546941429063821 42.7
      vertex 0.2904410376078731 1.5225452386294676 42.7
      vertex 0.09732530527043558 1.546941429063821 45.8
    endloop
  endfacet
  facet normal -0.12533323356430429 -0.9921147013144779 0
    outer loop
      vertex 0.09732530527043558 1.546941429063821 45.8
      vertex 0.2904410376078731 1.5225452386294676 42.7
      vertex 0.2904410376078731 1.5225452386294676 45.8
    endloop
  endfacet
  facet normal -0.3681245526846776 -0.9297764858882516 0
    outer loop
      vertex 0.47897634128116845 1.474137600257488 42.7
      vertex 0.6599579019258627 1.4024819313223302 42.7
      vertex 0.47897634128116845 1.474137600257488 45.8
    endloop
  endfacet
  facet normal -0.3681245526846776 -0.9297764858882516 0
    outer loop
      vertex 0.47897634128116845 1.474137600257488 45.8
      vertex 0.6599579019258627 1.4024819313223302 42.7
      vertex 0.6599579019258627 1.4024819313223302 45.8
    endloop
  endfacet
  facet normal -0.4817536741017145 -0.8763066800438641 0
    outer loop
      vertex 0.6599579019258627 1.4024819313223302 42.7
      vertex 0.8305315322174449 1.3087082845281235 42.7
      vertex 0.6599579019258627 1.4024819313223302 45.8
    endloop
  endfacet
  facet normal -0.5877852522924737 -0.8090169943749469 -2.1050732923555227e-17
    outer loop
      vertex 0.9880071841104692 1.1942955263024733 42.7
      vertex 0.9880071841104691 1.1942955263024733 45.8
      vertex 0.8305315322174448 1.3087082845281235 45.8
    endloop
  endfacet
  facet normal -0.5877852522924737 -0.8090169943749469 -2.2998673017346087e-17
    outer loop
      vertex 0.9880071841104692 1.1942955263024733 42.7
      vertex 0.8305315322174448 1.3087082845281235 45.8
      vertex 0.8305315322174449 1.3087082845281235 42.7
    endloop
  endfacet
  facet normal -0.48175367410171466 -0.8763066800438639 -1.724900476300958e-17
    outer loop
      vertex 0.6599579019258627 1.4024819313223302 45.8
      vertex 0.8305315322174449 1.3087082845281235 42.7
      vertex 0.8305315322174448 1.3087082845281235 45.8
    endloop
  endfacet
  facet normal -0.9822872507286886 -0.18738131458572543 2.8748341271682624e-18
    outer loop
      vertex 1.5377777870374407 0.1942665120246716 42.7
      vertex 1.5013038997493782 0.38546932510552495 45.8
      vertex 1.5013038997493782 0.3854693251055249 42.7
    endloop
  endfacet
  facet normal -0.9510565162951536 -0.30901699437494734 5.5335126154117694e-18
    outer loop
      vertex 1.5013038997493782 0.3854693251055249 42.7
      vertex 1.5013038997493782 0.38546932510552495 45.8
      vertex 1.4411535531267896 0.5705930566612509 45.8
    endloop
  endfacet
  facet normal -0.7705132427757891 -0.6374239897486897 2.282847709249763e-17
    outer loop
      vertex 1.2539763412811686 0.9110671410533333 42.7
      vertex 1.2539763412811686 0.9110671410533334 45.8
      vertex 1.129901372503188 1.0610480141894676 45.8
    endloop
  endfacet
  facet normal -0.9048270524660199 -0.42577929156507194 0
    outer loop
      vertex 1.3582753540679886 0.7467181948576588 42.7
      vertex 1.4411535531267896 0.5705930566612508 42.7
      vertex 1.3582753540679886 0.7467181948576588 45.8
    endloop
  endfacet
  facet normal -0.9510565162951536 -0.3090169943749474 1.149933650867305e-17
    outer loop
      vertex 1.5013038997493782 0.3854693251055249 42.7
      vertex 1.4411535531267896 0.5705930566612509 45.8
      vertex 1.4411535531267896 0.5705930566612508 42.7
    endloop
  endfacet
  facet normal -0.9048270524660198 -0.42577929156507216 1.4374170635841316e-17
    outer loop
      vertex 1.3582753540679886 0.7467181948576588 45.8
      vertex 1.4411535531267896 0.5705930566612508 42.7
      vertex 1.4411535531267896 0.5705930566612509 45.8
    endloop
  endfacet
  facet normal -0.844327925502015 -0.5358267949789967 1.7249004763009587e-17
    outer loop
      vertex 1.3582753540679886 0.7467181948576588 42.7
      vertex 1.2539763412811686 0.9110671410533334 45.8
      vertex 1.2539763412811686 0.9110671410533333 42.7
    endloop
  endfacet
  facet normal -0.8443279255020152 -0.5358267949789964 0
    outer loop
      vertex 1.3582753540679886 0.7467181948576588 42.7
      vertex 1.3582753540679886 0.7467181948576588 45.8
      vertex 1.2539763412811686 0.9110671410533334 45.8
    endloop
  endfacet
  facet normal -0.9980267284282717 -0.06279051952931317 0
    outer loop
      vertex 1.55 0 42.7
      vertex 1.55 0 45.8
      vertex 1.5377777870374407 0.1942665120246716 45.8
    endloop
  endfacet
  facet normal -0.9980267284282717 -0.06279051952931317 0
    outer loop
      vertex 1.55 0 42.7
      vertex 1.5377777870374407 0.1942665120246716 45.8
      vertex 1.5377777870374407 0.1942665120246716 42.7
    endloop
  endfacet
  facet normal -0.9822872507286886 -0.18738131458572538 0
    outer loop
      vertex 1.5377777870374407 0.1942665120246716 42.7
      vertex 1.5377777870374407 0.1942665120246716 45.8
      vertex 1.5013038997493782 0.38546932510552495 45.8
    endloop
  endfacet
  facet normal -0.6845471059286882 -0.728968627421412 0
    outer loop
      vertex 0.9880071841104691 1.1942955263024733 45.8
      vertex 1.129901372503188 1.0610480141894676 42.7
      vertex 1.129901372503188 1.0610480141894676 45.8
    endloop
  endfacet
  facet normal -0.6845471059286884 -0.7289686274214118 -2.451612769169507e-17
    outer loop
      vertex 0.9880071841104692 1.1942955263024733 42.7
      vertex 1.129901372503188 1.0610480141894676 42.7
      vertex 0.9880071841104691 1.1942955263024733 45.8
    endloop
  endfacet
  facet normal -0.7705132427757894 -0.6374239897486895 0
    outer loop
      vertex 1.2539763412811686 0.9110671410533333 42.7
      vertex 1.129901372503188 1.0610480141894676 45.8
      vertex 1.129901372503188 1.0610480141894676 42.7
    endloop
  endfacet
  facet normal -0.24868988716485554 -0.9685831611286309 0
    outer loop
      vertex 0.2904410376078731 1.5225452386294676 69.2
      vertex 0.47897634128116845 1.474137600257488 69.2
      vertex 0.47897634128116845 1.474137600257488 73
    endloop
  endfacet
  facet normal -0.24868988716485554 -0.9685831611286309 0
    outer loop
      vertex 0.2904410376078731 1.5225452386294676 69.2
      vertex 0.47897634128116845 1.474137600257488 73
      vertex 0.2904410376078731 1.5225452386294676 73
    endloop
  endfacet
  facet normal 0 -1 0
    outer loop
      vertex -0.09732530527043558 1.546941429063821 69.2
      vertex 0.09732530527043559 1.546941429063821 69.2
      vertex 0.09732530527043559 1.546941429063821 73
    endloop
  endfacet
  facet normal -0.12533323356430429 -0.9921147013144778 0
    outer loop
      vertex 0.09732530527043559 1.546941429063821 69.2
      vertex 0.2904410376078731 1.5225452386294676 69.2
      vertex 0.2904410376078731 1.5225452386294676 73
    endloop
  endfacet
  facet normal -0.12533323356430429 -0.9921147013144778 0
    outer loop
      vertex 0.09732530527043559 1.546941429063821 69.2
      vertex 0.2904410376078731 1.5225452386294676 73
      vertex 0.09732530527043559 1.546941429063821 73
    endloop
  endfacet
  facet normal -0.36812455268467753 -0.9297764858882515 0
    outer loop
      vertex 0.47897634128116845 1.474137600257488 69.2
      vertex 0.6599579019258627 1.4024819313223302 69.2
      vertex 0.6599579019258627 1.4024819313223302 73
    endloop
  endfacet
  facet normal -0.36812455268467753 -0.9297764858882515 0
    outer loop
      vertex 0.47897634128116845 1.474137600257488 69.2
      vertex 0.6599579019258627 1.4024819313223302 73
      vertex 0.47897634128116845 1.474137600257488 73
    endloop
  endfacet
  facet normal -0.4817536741017145 -0.876306680043864 0
    outer loop
      vertex 0.6599579019258627 1.4024819313223302 69.2
      vertex 0.8305315322174449 1.3087082845281235 73
      vertex 0.6599579019258627 1.4024819313223302 73
    endloop
  endfacet
  facet normal -0.5877852522924737 -0.8090169943749469 0
    outer loop
      vertex 0.9880071841104692 1.1942955263024733 69.2
      vertex 0.9880071841104692 1.1942955263024733 73
      vertex 0.8305315322174449 1.3087082845281235 69.2
    endloop
  endfacet
  facet normal -0.4817536741017145 -0.876306680043864 0
    outer loop
      vertex 0.6599579019258627 1.4024819313223302 69.2
      vertex 0.8305315322174449 1.3087082845281235 69.2
      vertex 0.8305315322174449 1.3087082845281235 73
    endloop
  endfacet
  facet normal -0.5877852522924737 -0.8090169943749469 0
    outer loop
      vertex 0.8305315322174449 1.3087082845281235 69.2
      vertex 0.9880071841104692 1.1942955263024733 73
      vertex 0.8305315322174449 1.3087082845281235 73
    endloop
  endfacet
  facet normal -0.9510565162951536 -0.3090169943749474 0
    outer loop
      vertex 1.5013038997493782 0.3854693251055249 69.2
      vertex 1.5013038997493782 0.3854693251055249 73
      vertex 1.4411535531267896 0.5705930566612508 69.2
    endloop
  endfacet
  facet normal -0.9822872507286885 -0.1873813145857254 0
    outer loop
      vertex 1.5013038997493782 0.3854693251055249 69.2
      vertex 1.5377777870374407 0.1942665120246716 73
      vertex 1.5013038997493782 0.3854693251055249 73
    endloop
  endfacet
  facet normal -0.7705132427757895 -0.6374239897486895 0
    outer loop
      vertex 1.2539763412811686 0.9110671410533333 69.2
      vertex 1.2539763412811686 0.9110671410533333 73
      vertex 1.129901372503188 1.0610480141894676 69.2
    endloop
  endfacet
  facet normal -0.9048270524660199 -0.42577929156507205 0
    outer loop
      vertex 1.3582753540679886 0.7467181948576588 69.2
      vertex 1.4411535531267896 0.5705930566612508 69.2
      vertex 1.4411535531267896 0.5705930566612508 73
    endloop
  endfacet
  facet normal -0.9048270524660199 -0.42577929156507205 0
    outer loop
      vertex 1.3582753540679886 0.7467181948576588 69.2
      vertex 1.4411535531267896 0.5705930566612508 73
      vertex 1.3582753540679886 0.7467181948576588 73
    endloop
  endfacet
  facet normal -0.9510565162951536 -0.3090169943749474 0
    outer loop
      vertex 1.4411535531267896 0.5705930566612508 69.2
      vertex 1.5013038997493782 0.3854693251055249 73
      vertex 1.4411535531267896 0.5705930566612508 73
    endloop
  endfacet
  facet normal -0.844327925502015 -0.5358267949789967 0
    outer loop
      vertex 1.3582753540679886 0.7467181948576588 69.2
      vertex 1.3582753540679886 0.7467181948576588 73
      vertex 1.2539763412811686 0.9110671410533333 69.2
    endloop
  endfacet
  facet normal -0.844327925502015 -0.5358267949789967 0
    outer loop
      vertex 1.2539763412811686 0.9110671410533333 69.2
      vertex 1.3582753540679886 0.7467181948576588 73
      vertex 1.2539763412811686 0.9110671410533333 73
    endloop
  endfacet
  facet normal -0.9980267284282717 -0.06279051952931317 0
    outer loop
      vertex 1.55 0 69.2
      vertex 1.55 0 73
      vertex 1.5377777870374407 0.1942665120246716 69.2
    endloop
  endfacet
  facet normal -0.9980267284282717 -0.06279051952931317 0
    outer loop
      vertex 1.5377777870374407 0.1942665120246716 69.2
      vertex 1.55 0 73
      vertex 1.5377777870374407 0.1942665120246716 73
    endloop
  endfacet
  facet normal -0.9822872507286885 -0.1873813145857254 0
    outer loop
      vertex 1.5377777870374407 0.1942665120246716 69.2
      vertex 1.5377777870374407 0.1942665120246716 73
      vertex 1.5013038997493782 0.3854693251055249 69.2
    endloop
  endfacet
  facet normal -0.6845471059286884 -0.7289686274214119 0
    outer loop
      vertex 0.9880071841104692 1.1942955263024733 69.2
      vertex 1.129901372503188 1.0610480141894676 69.2
      vertex 1.129901372503188 1.0610480141894676 73
    endloop
  endfacet
  facet normal -0.6845471059286884 -0.7289686274214119 0
    outer loop
      vertex 0.9880071841104692 1.1942955263024733 69.2
      vertex 1.129901372503188 1.0610480141894676 73
      vertex 0.9880071841104692 1.1942955263024733 73
    endloop
  endfacet
  facet normal -0.7705132427757895 -0.6374239897486895 0
    outer loop
      vertex 1.129901372503188 1.0610480141894676 69.2
      vertex 1.2539763412811686 0.9110671410533333 73
      vertex 1.129901372503188 1.0610480141894676 73
    endloop
  endfacet
endsolid OpenSCAD_Model
