solid OpenSCAD_Model
  facet normal -0.7071067811865511 -0.7071067811865439 0
    outer loop
      vertex 3.953385873788958 -0.5803480081230072 0
      vertex 3.953385873788958 -0.5803480081230072 25
      vertex 3.9314338553438004 -0.5583959896778494 0
    endloop
  endfacet
  facet normal -0.8910065241883679 -0.4539904997395471 0
    outer loop
      vertex 3.9314338553438004 -0.5583959896778494 25
      vertex 3.7964963095196045 -0.2935661446562 0
      vertex 3.9314338553438004 -0.5583959896778494 0
    endloop
  endfacet
  facet normal -0.9876883405951375 -0.15643446504023215 0
    outer loop
      vertex 3.7964963095196045 -0.2935661446562 25
      vertex 3.75 0 0
      vertex 3.7964963095196045 -0.2935661446562 0
    endloop
  endfacet
  facet normal -0.7071067811865511 -0.7071067811865439 0
    outer loop
      vertex 3.953385873788958 -0.5803480081230072 25
      vertex 3.9314338553438004 -0.5583959896778494 25
      vertex 3.9314338553438004 -0.5583959896778494 0
    endloop
  endfacet
  facet normal -0.8910065241883679 -0.4539904997395471 0
    outer loop
      vertex 3.7964963095196045 -0.2935661446562 25
      vertex 3.7964963095196045 -0.2935661446562 0
      vertex 3.9314338553438004 -0.5583959896778494 25
    endloop
  endfacet
  facet normal -0.9876883405951375 -0.15643446504023215 0
    outer loop
      vertex 3.75 0 25
      vertex 3.75 0 0
      vertex 3.7964963095196045 -0.2935661446562 25
    endloop
  endfacet
  facet normal -0.9876883405951375 0.15643446504023215 0
    outer loop
      vertex 3.75 0 25
      vertex 3.7964963095196045 0.2935661446562 0
      vertex 3.75 0 0
    endloop
  endfacet
  facet normal -0.8910065241883679 0.4539904997395471 0
    outer loop
      vertex 3.7964963095196045 0.2935661446562 25
      vertex 3.9314338553438004 0.5583959896778494 0
      vertex 3.7964963095196045 0.2935661446562 0
    endloop
  endfacet
  facet normal -0.7071067811865458 0.7071067811865493 0
    outer loop
      vertex 3.9314338553438004 0.5583959896778494 0
      vertex 3.9314338553438004 0.5583959896778494 25
      vertex 3.9533858737889584 0.5803480081230074 0
    endloop
  endfacet
  facet normal -0.9876883405951375 0.15643446504023215 0
    outer loop
      vertex 3.7964963095196045 0.2935661446562 25
      vertex 3.7964963095196045 0.2935661446562 0
      vertex 3.75 0 25
    endloop
  endfacet
  facet normal -0.8910065241883679 0.4539904997395471 0
    outer loop
      vertex 3.9314338553438004 0.5583959896778494 25
      vertex 3.9314338553438004 0.5583959896778494 0
      vertex 3.7964963095196045 0.2935661446562 25
    endloop
  endfacet
  facet normal -0.7071067811865458 0.7071067811865493 0
    outer loop
      vertex 3.9314338553438004 0.5583959896778494 25
      vertex 3.9533858737889584 0.5803480081230074 25
      vertex 3.9533858737889584 0.5803480081230074 0
    endloop
  endfacet
  facet normal -0.35836794954529905 -0.9335804264972022 0
    outer loop
      vertex 2.1524838937231285 3.1410791770897464 0
      vertex 2.1524838937231285 3.1410791770897464 25
      vertex 1.875 3.2475952641916446 0
    endloop
  endfacet
  facet normal -0.8386705679454239 -0.5446390350150272 0
    outer loop
      vertex 1.4821318152395295 3.6839195868648513 0
      vertex 1.6440124157964757 3.4346453217459465 0
      vertex 1.6440124157964757 3.4346453217459465 25
    endloop
  endfacet
  facet normal -0.9659258262890686 -0.2588190451025191 0
    outer loop
      vertex 1.4752726813339159 3.70951822309652 0
      vertex 1.4821318152395295 3.6839195868648513 0
      vertex 1.4821318152395295 3.6839195868648513 25
    endloop
  endfacet
  facet normal -0.6293203910498388 -0.7771459614569697 0
    outer loop
      vertex 1.875 3.2475952641916446 25
      vertex 1.6440124157964757 3.4346453217459465 0
      vertex 1.875 3.2475952641916446 0
    endloop
  endfacet
  facet normal -0.052335956242942856 -0.9986295347545739 0
    outer loop
      vertex 2.1524838937231285 3.1410791770897464 0
      vertex 2.449302040104271 3.1255235971870023 0
      vertex 2.449302040104271 3.1255235971870023 25
    endloop
  endfacet
  facet normal 0.2588190451025179 -0.965925826289069 0
    outer loop
      vertex 2.449302040104271 3.1255235971870023 0
      vertex 2.478935092785977 3.1334637497223343 0
      vertex 2.478935092785977 3.1334637497223343 25
    endloop
  endfacet
  facet normal -0.9659258262890686 -0.2588190451025191 0
    outer loop
      vertex 1.4752726813339159 3.70951822309652 0
      vertex 1.4821318152395295 3.6839195868648513 25
      vertex 1.4752726813339159 3.70951822309652 25
    endloop
  endfacet
  facet normal -0.8386705679454239 -0.5446390350150272 0
    outer loop
      vertex 1.4821318152395295 3.6839195868648513 0
      vertex 1.6440124157964757 3.4346453217459465 25
      vertex 1.4821318152395295 3.6839195868648513 25
    endloop
  endfacet
  facet normal -0.6293203910498388 -0.7771459614569697 0
    outer loop
      vertex 1.6440124157964757 3.4346453217459465 25
      vertex 1.6440124157964757 3.4346453217459465 0
      vertex 1.875 3.2475952641916446 25
    endloop
  endfacet
  facet normal -0.35836794954529905 -0.9335804264972022 0
    outer loop
      vertex 2.1524838937231285 3.1410791770897464 25
      vertex 1.875 3.2475952641916446 25
      vertex 1.875 3.2475952641916446 0
    endloop
  endfacet
  facet normal -0.052335956242942856 -0.9986295347545739 0
    outer loop
      vertex 2.1524838937231285 3.1410791770897464 0
      vertex 2.449302040104271 3.1255235971870023 25
      vertex 2.1524838937231285 3.1410791770897464 25
    endloop
  endfacet
  facet normal 0.2588190451025179 -0.965925826289069 0
    outer loop
      vertex 2.449302040104271 3.1255235971870023 0
      vertex 2.478935092785977 3.1334637497223343 25
      vertex 2.449302040104271 3.1255235971870023 25
    endloop
  endfacet
  facet normal -0.2588190451025179 -0.965925826289069 0
    outer loop
      vertex -2.449302040104271 3.1255235971870023 25
      vertex -2.478935092785977 3.1334637497223343 0
      vertex -2.449302040104271 3.1255235971870023 0
    endloop
  endfacet
  facet normal 0.052335956242942856 -0.9986295347545739 0
    outer loop
      vertex -2.1524838937231285 3.1410791770897464 0
      vertex -2.1524838937231285 3.1410791770897464 25
      vertex -2.449302040104271 3.1255235971870023 0
    endloop
  endfacet
  facet normal 0.35836794954529905 -0.9335804264972022 0
    outer loop
      vertex -2.1524838937231285 3.1410791770897464 0
      vertex -1.875 3.2475952641916446 0
      vertex -1.875 3.2475952641916446 25
    endloop
  endfacet
  facet normal 0.6293203910498388 -0.7771459614569697 0
    outer loop
      vertex -1.6440124157964757 3.4346453217459465 0
      vertex -1.6440124157964757 3.4346453217459465 25
      vertex -1.875 3.2475952641916446 0
    endloop
  endfacet
  facet normal 0.8386705679454239 -0.5446390350150272 0
    outer loop
      vertex -1.6440124157964757 3.4346453217459465 0
      vertex -1.4821318152395295 3.6839195868648513 0
      vertex -1.4821318152395295 3.6839195868648513 25
    endloop
  endfacet
  facet normal 0.9659258262890686 -0.2588190451025191 0
    outer loop
      vertex -1.4752726813339159 3.70951822309652 25
      vertex -1.4821318152395295 3.6839195868648513 0
      vertex -1.4752726813339159 3.70951822309652 0
    endloop
  endfacet
  facet normal -0.2588190451025179 -0.965925826289069 0
    outer loop
      vertex -2.449302040104271 3.1255235971870023 25
      vertex -2.478935092785977 3.1334637497223343 25
      vertex -2.478935092785977 3.1334637497223343 0
    endloop
  endfacet
  facet normal 0.052335956242942856 -0.9986295347545739 0
    outer loop
      vertex -2.449302040104271 3.1255235971870023 25
      vertex -2.449302040104271 3.1255235971870023 0
      vertex -2.1524838937231285 3.1410791770897464 25
    endloop
  endfacet
  facet normal 0.35836794954529905 -0.9335804264972022 0
    outer loop
      vertex -2.1524838937231285 3.1410791770897464 0
      vertex -1.875 3.2475952641916446 25
      vertex -2.1524838937231285 3.1410791770897464 25
    endloop
  endfacet
  facet normal 0.6293203910498388 -0.7771459614569697 0
    outer loop
      vertex -1.875 3.2475952641916446 0
      vertex -1.6440124157964757 3.4346453217459465 25
      vertex -1.875 3.2475952641916446 25
    endloop
  endfacet
  facet normal 0.8386705679454239 -0.5446390350150272 0
    outer loop
      vertex -1.4821318152395295 3.6839195868648513 25
      vertex -1.6440124157964757 3.4346453217459465 25
      vertex -1.6440124157964757 3.4346453217459465 0
    endloop
  endfacet
  facet normal 0.9659258262890686 -0.2588190451025191 0
    outer loop
      vertex -1.4752726813339159 3.70951822309652 25
      vertex -1.4821318152395295 3.6839195868648513 25
      vertex -1.4821318152395295 3.6839195868648513 0
    endloop
  endfacet
  facet normal 0.7071067811865511 -0.7071067811865439 0
    outer loop
      vertex -3.953385873788958 -0.5803480081230072 0
      vertex -3.9314338553438004 -0.5583959896778494 0
      vertex -3.9314338553438004 -0.5583959896778494 25
    endloop
  endfacet
  facet normal 0.8910065241883679 -0.4539904997395471 0
    outer loop
      vertex -3.7964963095196045 -0.2935661446562 0
      vertex -3.7964963095196045 -0.2935661446562 25
      vertex -3.9314338553438004 -0.5583959896778494 0
    endloop
  endfacet
  facet normal 0.9876883405951375 -0.15643446504023215 0
    outer loop
      vertex -3.7964963095196045 -0.2935661446562 0
      vertex -3.75 0 0
      vertex -3.75 0 25
    endloop
  endfacet
  facet normal 0.7071067811865511 -0.7071067811865439 0
    outer loop
      vertex -3.953385873788958 -0.5803480081230072 0
      vertex -3.9314338553438004 -0.5583959896778494 25
      vertex -3.953385873788958 -0.5803480081230072 25
    endloop
  endfacet
  facet normal 0.8910065241883679 -0.4539904997395471 0
    outer loop
      vertex -3.9314338553438004 -0.5583959896778494 0
      vertex -3.7964963095196045 -0.2935661446562 25
      vertex -3.9314338553438004 -0.5583959896778494 25
    endloop
  endfacet
  facet normal 0.9876883405951375 -0.15643446504023215 0
    outer loop
      vertex -3.7964963095196045 -0.2935661446562 0
      vertex -3.75 0 25
      vertex -3.7964963095196045 -0.2935661446562 25
    endloop
  endfacet
  facet normal 0.9876883405951375 0.15643446504023215 0
    outer loop
      vertex -3.7964963095196045 0.2935661446562 0
      vertex -3.7964963095196045 0.2935661446562 25
      vertex -3.75 0 0
    endloop
  endfacet
  facet normal 0.8910065241883679 0.4539904997395471 0
    outer loop
      vertex -3.7964963095196045 0.2935661446562 0
      vertex -3.9314338553438004 0.5583959896778494 0
      vertex -3.9314338553438004 0.5583959896778494 25
    endloop
  endfacet
  facet normal 0.7071067811865511 0.7071067811865439 0
    outer loop
      vertex -3.9314338553438004 0.5583959896778494 0
      vertex -3.953385873788958 0.5803480081230072 0
      vertex -3.953385873788958 0.5803480081230072 25
    endloop
  endfacet
  facet normal 0.9876883405951375 0.15643446504023215 0
    outer loop
      vertex -3.75 0 0
      vertex -3.7964963095196045 0.2935661446562 25
      vertex -3.75 0 25
    endloop
  endfacet
  facet normal 0.8910065241883679 0.4539904997395471 0
    outer loop
      vertex -3.7964963095196045 0.2935661446562 0
      vertex -3.9314338553438004 0.5583959896778494 25
      vertex -3.7964963095196045 0.2935661446562 25
    endloop
  endfacet
  facet normal 0.7071067811865511 0.7071067811865439 0
    outer loop
      vertex -3.9314338553438004 0.5583959896778494 0
      vertex -3.953385873788958 0.5803480081230072 25
      vertex -3.9314338553438004 0.5583959896778494 25
    endloop
  endfacet
  facet normal -0.2588190451025179 0.965925826289069 0
    outer loop
      vertex -2.478935092785977 -3.1334637497223343 0
      vertex -2.478935092785977 -3.1334637497223343 25
      vertex -2.449302040104271 -3.1255235971870023 0
    endloop
  endfacet
  facet normal 0.052335956242942856 0.9986295347545739 0
    outer loop
      vertex -2.1524838937231285 -3.1410791770897464 0
      vertex -2.449302040104271 -3.1255235971870023 0
      vertex -2.449302040104271 -3.1255235971870023 25
    endloop
  endfacet
  facet normal 0.6293203910498388 0.7771459614569697 0
    outer loop
      vertex -1.875 -3.2475952641916446 0
      vertex -1.875 -3.2475952641916446 25
      vertex -1.6440124157964757 -3.4346453217459465 0
    endloop
  endfacet
  facet normal 0.9659258262890686 0.2588190451025191 0
    outer loop
      vertex -1.4821318152395295 -3.6839195868648513 0
      vertex -1.4821318152395295 -3.6839195868648513 25
      vertex -1.4752726813339159 -3.70951822309652 0
    endloop
  endfacet
  facet normal 0.8386705679454239 0.5446390350150272 0
    outer loop
      vertex -1.4821318152395295 -3.6839195868648513 0
      vertex -1.6440124157964757 -3.4346453217459465 0
      vertex -1.6440124157964757 -3.4346453217459465 25
    endloop
  endfacet
  facet normal 0.35836794954529905 0.9335804264972022 0
    outer loop
      vertex -2.1524838937231285 -3.1410791770897464 0
      vertex -2.1524838937231285 -3.1410791770897464 25
      vertex -1.875 -3.2475952641916446 0
    endloop
  endfacet
  facet normal -0.2588190451025179 0.965925826289069 0
    outer loop
      vertex -2.478935092785977 -3.1334637497223343 25
      vertex -2.449302040104271 -3.1255235971870023 25
      vertex -2.449302040104271 -3.1255235971870023 0
    endloop
  endfacet
  facet normal 0.052335956242942856 0.9986295347545739 0
    outer loop
      vertex -2.1524838937231285 -3.1410791770897464 0
      vertex -2.449302040104271 -3.1255235971870023 25
      vertex -2.1524838937231285 -3.1410791770897464 25
    endloop
  endfacet
  facet normal 0.35836794954529905 0.9335804264972022 0
    outer loop
      vertex -2.1524838937231285 -3.1410791770897464 25
      vertex -1.875 -3.2475952641916446 25
      vertex -1.875 -3.2475952641916446 0
    endloop
  endfacet
  facet normal 0.6293203910498388 0.7771459614569697 0
    outer loop
      vertex -1.6440124157964757 -3.4346453217459465 0
      vertex -1.875 -3.2475952641916446 25
      vertex -1.6440124157964757 -3.4346453217459465 25
    endloop
  endfacet
  facet normal 0.8386705679454239 0.5446390350150272 0
    outer loop
      vertex -1.4821318152395295 -3.6839195868648513 25
      vertex -1.4821318152395295 -3.6839195868648513 0
      vertex -1.6440124157964757 -3.4346453217459465 25
    endloop
  endfacet
  facet normal 0.9659258262890686 0.2588190451025191 0
    outer loop
      vertex -1.4821318152395295 -3.6839195868648513 25
      vertex -1.4752726813339159 -3.70951822309652 25
      vertex -1.4752726813339159 -3.70951822309652 0
    endloop
  endfacet
  facet normal -0.9659258262890686 0.2588190451025191 0
    outer loop
      vertex 1.4752726813339159 -3.70951822309652 0
      vertex 1.4752726813339159 -3.70951822309652 25
      vertex 1.4821318152395295 -3.6839195868648513 0
    endloop
  endfacet
  facet normal -0.8386705679454239 0.5446390350150272 0
    outer loop
      vertex 1.4821318152395295 -3.6839195868648513 0
      vertex 1.4821318152395295 -3.6839195868648513 25
      vertex 1.6440124157964757 -3.4346453217459465 0
    endloop
  endfacet
  facet normal -0.6293203910498388 0.7771459614569697 0
    outer loop
      vertex 1.6440124157964757 -3.4346453217459465 25
      vertex 1.875 -3.2475952641916446 0
      vertex 1.6440124157964757 -3.4346453217459465 0
    endloop
  endfacet
  facet normal -0.35836794954529905 0.9335804264972022 0
    outer loop
      vertex 2.1524838937231285 -3.1410791770897464 0
      vertex 1.875 -3.2475952641916446 0
      vertex 1.875 -3.2475952641916446 25
    endloop
  endfacet
  facet normal -0.052335956242942856 0.9986295347545739 0
    outer loop
      vertex 2.1524838937231285 -3.1410791770897464 0
      vertex 2.1524838937231285 -3.1410791770897464 25
      vertex 2.449302040104271 -3.1255235971870023 0
    endloop
  endfacet
  facet normal 0.2588190451025179 0.965925826289069 0
    outer loop
      vertex 2.449302040104271 -3.1255235971870023 0
      vertex 2.449302040104271 -3.1255235971870023 25
      vertex 2.478935092785977 -3.1334637497223343 0
    endloop
  endfacet
  facet normal -0.9659258262890686 0.2588190451025191 0
    outer loop
      vertex 1.4821318152395295 -3.6839195868648513 0
      vertex 1.4752726813339159 -3.70951822309652 25
      vertex 1.4821318152395295 -3.6839195868648513 25
    endloop
  endfacet
  facet normal -0.8386705679454239 0.5446390350150272 0
    outer loop
      vertex 1.4821318152395295 -3.6839195868648513 25
      vertex 1.6440124157964757 -3.4346453217459465 25
      vertex 1.6440124157964757 -3.4346453217459465 0
    endloop
  endfacet
  facet normal -0.6293203910498388 0.7771459614569697 0
    outer loop
      vertex 1.875 -3.2475952641916446 25
      vertex 1.875 -3.2475952641916446 0
      vertex 1.6440124157964757 -3.4346453217459465 25
    endloop
  endfacet
  facet normal -0.35836794954529905 0.9335804264972022 0
    outer loop
      vertex 2.1524838937231285 -3.1410791770897464 0
      vertex 1.875 -3.2475952641916446 25
      vertex 2.1524838937231285 -3.1410791770897464 25
    endloop
  endfacet
  facet normal -0.052335956242942856 0.9986295347545739 0
    outer loop
      vertex 2.449302040104271 -3.1255235971870023 0
      vertex 2.1524838937231285 -3.1410791770897464 25
      vertex 2.449302040104271 -3.1255235971870023 25
    endloop
  endfacet
  facet normal 0.2588190451025179 0.965925826289069 0
    outer loop
      vertex 2.478935092785977 -3.1334637497223343 0
      vertex 2.449302040104271 -3.1255235971870023 25
      vertex 2.478935092785977 -3.1334637497223343 25
    endloop
  endfacet
  facet normal 0.6845471059286891 0.7289686274214111 0
    outer loop
      vertex -2.9158745096856467 -2.738188423714754 0
      vertex -2.9158745096856467 -2.738188423714754 25
      vertex -2.5496959589947585 -3.0820529711031575 0
    endloop
  endfacet
  facet normal 0.7705132427757891 0.6374239897486899 0
    outer loop
      vertex -2.9158745096856467 -2.738188423714754 0
      vertex -3.23606797749979 -2.3511410091698925 0
      vertex -3.23606797749979 -2.3511410091698925 25
    endloop
  endfacet
  facet normal 0.5877852522924703 0.8090169943749494 0
    outer loop
      vertex -2.5496959589947585 -3.0820529711031575 25
      vertex -2.478935092785977 -3.1334637497223343 0
      vertex -2.5496959589947585 -3.0820529711031575 0
    endloop
  endfacet
  facet normal 0.9510565162951538 0.3090169943749471 0
    outer loop
      vertex -3.719105943553006 -1.4724982107387115 0
      vertex -3.8743326445145243 -0.9947595486594194 0
      vertex -3.8743326445145243 -0.9947595486594194 25
    endloop
  endfacet
  facet normal 0.9048270524660194 0.42577929156507305 0
    outer loop
      vertex -3.505226720175454 -1.9270146964068615 0
      vertex -3.719105943553006 -1.4724982107387115 0
      vertex -3.719105943553006 -1.4724982107387115 25
    endloop
  endfacet
  facet normal 0.8443279255020154 0.5358267949789962 0
    outer loop
      vertex -3.505226720175454 -1.9270146964068615 25
      vertex -3.23606797749979 -2.3511410091698925 0
      vertex -3.505226720175454 -1.9270146964068615 0
    endloop
  endfacet
  facet normal 0.9822872507286886 0.18738131458572452 0
    outer loop
      vertex -3.8743326445145243 -0.9947595486594194 0
      vertex -3.953385873788958 -0.5803480081230072 0
      vertex -3.953385873788958 -0.5803480081230072 25
    endloop
  endfacet
  facet normal 0.3681245526846775 0.9297764858882517 0
    outer loop
      vertex -1.4752726813339159 -3.70951822309652 25
      vertex -1.2360679774997896 -3.804226065180614 0
      vertex -1.4752726813339159 -3.70951822309652 0
    endloop
  endfacet
  facet normal 0.248689887164855 0.9685831611286311 0
    outer loop
      vertex -1.2360679774997896 -3.804226065180614 0
      vertex -1.2360679774997896 -3.804226065180614 25
      vertex -0.7495252583428993 -3.9291490029147544 0
    endloop
  endfacet
  facet normal 0.12533323356430495 0.9921147013144777 0
    outer loop
      vertex -0.25116207811725505 -3.9921069137130862 0
      vertex -0.7495252583428993 -3.9291490029147544 0
      vertex -0.7495252583428993 -3.9291490029147544 25
    endloop
  endfacet
  facet normal 0 1 0
    outer loop
      vertex -0.25116207811725505 -3.9921069137130862 25
      vertex 0.25116207811725505 -3.9921069137130862 0
      vertex -0.25116207811725505 -3.9921069137130862 0
    endloop
  endfacet
  facet normal 0.8443279255020154 0.5358267949789962 0
    outer loop
      vertex -3.23606797749979 -2.3511410091698925 0
      vertex -3.505226720175454 -1.9270146964068615 25
      vertex -3.23606797749979 -2.3511410091698925 25
    endloop
  endfacet
  facet normal 0.6845471059286891 0.7289686274214111 0
    outer loop
      vertex -2.9158745096856467 -2.738188423714754 25
      vertex -2.5496959589947585 -3.0820529711031575 25
      vertex -2.5496959589947585 -3.0820529711031575 0
    endloop
  endfacet
  facet normal 0.7705132427757891 0.6374239897486899 0
    outer loop
      vertex -3.23606797749979 -2.3511410091698925 25
      vertex -2.9158745096856467 -2.738188423714754 25
      vertex -2.9158745096856467 -2.738188423714754 0
    endloop
  endfacet
  facet normal 0.5877852522924703 0.8090169943749494 0
    outer loop
      vertex -2.478935092785977 -3.1334637497223343 25
      vertex -2.478935092785977 -3.1334637497223343 0
      vertex -2.5496959589947585 -3.0820529711031575 25
    endloop
  endfacet
  facet normal 0.9510565162951538 0.3090169943749471 0
    outer loop
      vertex -3.719105943553006 -1.4724982107387115 0
      vertex -3.8743326445145243 -0.9947595486594194 25
      vertex -3.719105943553006 -1.4724982107387115 25
    endloop
  endfacet
  facet normal 0.9048270524660194 0.42577929156507305 0
    outer loop
      vertex -3.719105943553006 -1.4724982107387115 25
      vertex -3.505226720175454 -1.9270146964068615 25
      vertex -3.505226720175454 -1.9270146964068615 0
    endloop
  endfacet
  facet normal 0.9822872507286886 0.18738131458572452 0
    outer loop
      vertex -3.8743326445145243 -0.9947595486594194 0
      vertex -3.953385873788958 -0.5803480081230072 25
      vertex -3.8743326445145243 -0.9947595486594194 25
    endloop
  endfacet
  facet normal 0.3681245526846775 0.9297764858882517 0
    outer loop
      vertex -1.2360679774997896 -3.804226065180614 0
      vertex -1.4752726813339159 -3.70951822309652 25
      vertex -1.2360679774997896 -3.804226065180614 25
    endloop
  endfacet
  facet normal 0.248689887164855 0.9685831611286311 0
    outer loop
      vertex -1.2360679774997896 -3.804226065180614 25
      vertex -0.7495252583428993 -3.9291490029147544 25
      vertex -0.7495252583428993 -3.9291490029147544 0
    endloop
  endfacet
  facet normal 0.12533323356430495 0.9921147013144777 0
    outer loop
      vertex -0.25116207811725505 -3.9921069137130862 0
      vertex -0.7495252583428993 -3.9291490029147544 25
      vertex -0.25116207811725505 -3.9921069137130862 25
    endloop
  endfacet
  facet normal 0.9822872507286886 -0.18738131458572452 0
    outer loop
      vertex -3.953385873788958 0.5803480081230072 0
      vertex -3.8743326445145243 0.9947595486594194 0
      vertex -3.8743326445145243 0.9947595486594194 25
    endloop
  endfacet
  facet normal 0.9510565162951538 -0.3090169943749471 0
    outer loop
      vertex -3.8743326445145243 0.9947595486594194 0
      vertex -3.719105943553006 1.4724982107387115 0
      vertex -3.719105943553006 1.4724982107387115 25
    endloop
  endfacet
  facet normal 0.9048270524660194 -0.42577929156507305 0
    outer loop
      vertex -3.505226720175454 1.9270146964068615 25
      vertex -3.719105943553006 1.4724982107387115 0
      vertex -3.505226720175454 1.9270146964068615 0
    endloop
  endfacet
  facet normal 0.8443279255020154 -0.5358267949789962 0
    outer loop
      vertex -3.23606797749979 2.3511410091698925 25
      vertex -3.505226720175454 1.9270146964068615 0
      vertex -3.23606797749979 2.3511410091698925 0
    endloop
  endfacet
  facet normal 0.7705132427757891 -0.6374239897486899 0
    outer loop
      vertex -3.23606797749979 2.3511410091698925 0
      vertex -2.9158745096856467 2.738188423714754 0
      vertex -2.9158745096856467 2.738188423714754 25
    endloop
  endfacet
  facet normal 0.6845471059286891 -0.7289686274214111 0
    outer loop
      vertex -2.9158745096856467 2.738188423714754 0
      vertex -2.5496959589947585 3.0820529711031575 0
      vertex -2.5496959589947585 3.0820529711031575 25
    endloop
  endfacet
  facet normal 0.5877852522924703 -0.8090169943749494 0
    outer loop
      vertex -2.5496959589947585 3.0820529711031575 0
      vertex -2.478935092785977 3.1334637497223343 0
      vertex -2.478935092785977 3.1334637497223343 25
    endloop
  endfacet
  facet normal 0.3681245526846775 -0.9297764858882517 0
    outer loop
      vertex -1.2360679774997896 3.804226065180614 25
      vertex -1.4752726813339159 3.70951822309652 0
      vertex -1.2360679774997896 3.804226065180614 0
    endloop
  endfacet
  facet normal 0.24868988716485535 -0.968583161128631 0
    outer loop
      vertex -1.2360679774997896 3.804226065180614 0
      vertex -0.7495252583428983 3.929149002914755 0
      vertex -0.7495252583428983 3.929149002914755 25
    endloop
  endfacet
  facet normal 0.1253332335643039 -0.992114701314478 -5.565913666152506e-18
    outer loop
      vertex -0.251162078117252 3.9921069137130862 25
      vertex -0.7495252583428983 3.929149002914755 0
      vertex -0.2511620781172531 3.9921069137130862 0
    endloop
  endfacet
  facet normal 0.9822872507286886 -0.18738131458572452 0
    outer loop
      vertex -3.953385873788958 0.5803480081230072 0
      vertex -3.8743326445145243 0.9947595486594194 25
      vertex -3.953385873788958 0.5803480081230072 25
    endloop
  endfacet
  facet normal 0.9510565162951538 -0.3090169943749471 0
    outer loop
      vertex -3.8743326445145243 0.9947595486594194 0
      vertex -3.719105943553006 1.4724982107387115 25
      vertex -3.8743326445145243 0.9947595486594194 25
    endloop
  endfacet
  facet normal 0.9048270524660194 -0.42577929156507305 0
    outer loop
      vertex -3.505226720175454 1.9270146964068615 25
      vertex -3.719105943553006 1.4724982107387115 25
      vertex -3.719105943553006 1.4724982107387115 0
    endloop
  endfacet
  facet normal 0.8443279255020154 -0.5358267949789962 0
    outer loop
      vertex -3.23606797749979 2.3511410091698925 25
      vertex -3.505226720175454 1.9270146964068615 25
      vertex -3.505226720175454 1.9270146964068615 0
    endloop
  endfacet
  facet normal 0.7705132427757891 -0.6374239897486899 0
    outer loop
      vertex -3.23606797749979 2.3511410091698925 0
      vertex -2.9158745096856467 2.738188423714754 25
      vertex -3.23606797749979 2.3511410091698925 25
    endloop
  endfacet
  facet normal 0.6845471059286891 -0.7289686274214111 0
    outer loop
      vertex -2.9158745096856467 2.738188423714754 0
      vertex -2.5496959589947585 3.0820529711031575 25
      vertex -2.9158745096856467 2.738188423714754 25
    endloop
  endfacet
  facet normal 0.5877852522924703 -0.8090169943749494 0
    outer loop
      vertex -2.5496959589947585 3.0820529711031575 25
      vertex -2.5496959589947585 3.0820529711031575 0
      vertex -2.478935092785977 3.1334637497223343 25
    endloop
  endfacet
  facet normal 0.3681245526846775 -0.9297764858882517 0
    outer loop
      vertex -1.4752726813339159 3.70951822309652 25
      vertex -1.4752726813339159 3.70951822309652 0
      vertex -1.2360679774997896 3.804226065180614 25
    endloop
  endfacet
  facet normal 0.24868988716485535 -0.968583161128631 0
    outer loop
      vertex -1.2360679774997896 3.804226065180614 0
      vertex -0.7495252583428983 3.929149002914755 25
      vertex -1.2360679774997896 3.804226065180614 25
    endloop
  endfacet
  facet normal 0.12533323356430362 -0.992114701314478 0
    outer loop
      vertex -0.7495252583428983 3.929149002914755 0
      vertex -0.251162078117252 3.9921069137130862 25
      vertex -0.7495252583428983 3.929149002914755 25
    endloop
  endfacet
  facet normal 0 -1 0
    outer loop
      vertex -0.251162078117252 3.9921069137130862 25
      vertex -0.2511620781172531 3.9921069137130862 0
      vertex 0.2511620781172531 3.9921069137130862 25
    endloop
  endfacet
  facet normal -0.12533323356430495 0.9921147013144777 0
    outer loop
      vertex 0.25116207811725505 -3.9921069137130862 25
      vertex 0.7495252583428993 -3.9291490029147544 0
      vertex 0.25116207811725505 -3.9921069137130862 0
    endloop
  endfacet
  facet normal -0.248689887164855 0.9685831611286311 0
    outer loop
      vertex 1.2360679774997896 -3.804226065180614 0
      vertex 0.7495252583428993 -3.9291490029147544 0
      vertex 0.7495252583428993 -3.9291490029147544 25
    endloop
  endfacet
  facet normal -0.3681245526846775 0.9297764858882517 0
    outer loop
      vertex 1.2360679774997896 -3.804226065180614 25
      vertex 1.4752726813339159 -3.70951822309652 0
      vertex 1.2360679774997896 -3.804226065180614 0
    endloop
  endfacet
  facet normal -0.587785252292473 0.8090169943749475 0
    outer loop
      vertex 2.478935092785977 -3.1334637497223343 0
      vertex 2.478935092785977 -3.1334637497223343 25
      vertex 2.54969595899476 -3.082052971103156 0
    endloop
  endfacet
  facet normal -0.6845471059286892 0.7289686274214112 0
    outer loop
      vertex 2.9158745096856467 -2.738188423714754 0
      vertex 2.54969595899476 -3.082052971103156 0
      vertex 2.54969595899476 -3.082052971103156 25
    endloop
  endfacet
  facet normal -0.7705132427757891 0.6374239897486899 0
    outer loop
      vertex 3.23606797749979 -2.3511410091698925 0
      vertex 2.9158745096856467 -2.738188423714754 0
      vertex 2.9158745096856467 -2.738188423714754 25
    endloop
  endfacet
  facet normal -0.8443279255020154 0.5358267949789962 0
    outer loop
      vertex 3.23606797749979 -2.3511410091698925 25
      vertex 3.505226720175454 -1.9270146964068615 0
      vertex 3.23606797749979 -2.3511410091698925 0
    endloop
  endfacet
  facet normal -0.9048270524660191 0.42577929156507327 0
    outer loop
      vertex 3.719105943553005 -1.4724982107387135 0
      vertex 3.505226720175454 -1.9270146964068615 0
      vertex 3.505226720175454 -1.9270146964068615 25
    endloop
  endfacet
  facet normal -0.9510565162951536 0.30901699437494734 0
    outer loop
      vertex 3.719105943553005 -1.4724982107387135 25
      vertex 3.8743326445145247 -0.9947595486594177 0
      vertex 3.719105943553005 -1.4724982107387135 0
    endloop
  endfacet
  facet normal -0.9822872507286887 0.1873813145857242 0
    outer loop
      vertex 3.8743326445145247 -0.9947595486594177 25
      vertex 3.953385873788958 -0.5803480081230072 0
      vertex 3.8743326445145247 -0.9947595486594177 0
    endloop
  endfacet
  facet normal 0 1 0
    outer loop
      vertex -0.25116207811725505 -3.9921069137130862 25
      vertex 0.25116207811725505 -3.9921069137130862 25
      vertex 0.25116207811725505 -3.9921069137130862 0
    endloop
  endfacet
  facet normal -0.12533323356430495 0.9921147013144777 0
    outer loop
      vertex 0.7495252583428993 -3.9291490029147544 25
      vertex 0.7495252583428993 -3.9291490029147544 0
      vertex 0.25116207811725505 -3.9921069137130862 25
    endloop
  endfacet
  facet normal -0.248689887164855 0.9685831611286311 0
    outer loop
      vertex 1.2360679774997896 -3.804226065180614 0
      vertex 0.7495252583428993 -3.9291490029147544 25
      vertex 1.2360679774997896 -3.804226065180614 25
    endloop
  endfacet
  facet normal -0.3681245526846775 0.9297764858882517 0
    outer loop
      vertex 1.4752726813339159 -3.70951822309652 0
      vertex 1.2360679774997896 -3.804226065180614 25
      vertex 1.4752726813339159 -3.70951822309652 25
    endloop
  endfacet
  facet normal -0.587785252292473 0.8090169943749475 0
    outer loop
      vertex 2.54969595899476 -3.082052971103156 0
      vertex 2.478935092785977 -3.1334637497223343 25
      vertex 2.54969595899476 -3.082052971103156 25
    endloop
  endfacet
  facet normal -0.6845471059286892 0.7289686274214112 0
    outer loop
      vertex 2.9158745096856467 -2.738188423714754 25
      vertex 2.9158745096856467 -2.738188423714754 0
      vertex 2.54969595899476 -3.082052971103156 25
    endloop
  endfacet
  facet normal -0.7705132427757891 0.6374239897486899 0
    outer loop
      vertex 3.23606797749979 -2.3511410091698925 0
      vertex 2.9158745096856467 -2.738188423714754 25
      vertex 3.23606797749979 -2.3511410091698925 25
    endloop
  endfacet
  facet normal -0.8443279255020154 0.5358267949789962 0
    outer loop
      vertex 3.505226720175454 -1.9270146964068615 0
      vertex 3.23606797749979 -2.3511410091698925 25
      vertex 3.505226720175454 -1.9270146964068615 25
    endloop
  endfacet
  facet normal -0.9048270524660191 0.42577929156507327 0
    outer loop
      vertex 3.505226720175454 -1.9270146964068615 25
      vertex 3.719105943553005 -1.4724982107387135 25
      vertex 3.719105943553005 -1.4724982107387135 0
    endloop
  endfacet
  facet normal -0.9510565162951536 0.30901699437494734 0
    outer loop
      vertex 3.719105943553005 -1.4724982107387135 25
      vertex 3.8743326445145247 -0.9947595486594177 25
      vertex 3.8743326445145247 -0.9947595486594177 0
    endloop
  endfacet
  facet normal -0.9822872507286887 0.1873813145857242 0
    outer loop
      vertex 3.953385873788958 -0.5803480081230072 25
      vertex 3.953385873788958 -0.5803480081230072 0
      vertex 3.8743326445145247 -0.9947595486594177 25
    endloop
  endfacet
  facet normal 0 -1 0
    outer loop
      vertex -0.2511620781172531 3.9921069137130862 0
      vertex 0.251162078117252 3.9921069137130862 0
      vertex 0.2511620781172531 3.9921069137130862 25
    endloop
  endfacet
  facet normal -0.12533323356430362 -0.992114701314478 0
    outer loop
      vertex 0.251162078117252 3.9921069137130862 0
      vertex 0.7495252583428983 3.929149002914755 0
      vertex 0.7495252583428983 3.929149002914755 25
    endloop
  endfacet
  facet normal -0.24868988716485535 -0.968583161128631 0
    outer loop
      vertex 1.2360679774997896 3.804226065180614 0
      vertex 1.2360679774997896 3.804226065180614 25
      vertex 0.7495252583428983 3.929149002914755 0
    endloop
  endfacet
  facet normal -0.3681245526846775 -0.9297764858882517 0
    outer loop
      vertex 1.2360679774997896 3.804226065180614 0
      vertex 1.4752726813339159 3.70951822309652 0
      vertex 1.4752726813339159 3.70951822309652 25
    endloop
  endfacet
  facet normal -0.9822872507286885 -0.18738131458572566 0
    outer loop
      vertex 3.9533858737889584 0.5803480081230074 25
      vertex 3.8743326445145243 0.9947595486594192 0
      vertex 3.9533858737889584 0.5803480081230074 0
    endloop
  endfacet
  facet normal -0.8443279255020151 -0.5358267949789965 0
    outer loop
      vertex 3.23606797749979 2.3511410091698925 0
      vertex 3.5052267201754543 1.9270146964068613 0
      vertex 3.5052267201754543 1.9270146964068613 25
    endloop
  endfacet
  facet normal -0.9048270524660197 -0.4257792915650722 0
    outer loop
      vertex 3.5052267201754543 1.9270146964068613 0
      vertex 3.7191059435530054 1.472498210738712 0
      vertex 3.7191059435530054 1.472498210738712 25
    endloop
  endfacet
  facet normal -0.9510565162951535 -0.3090169943749475 0
    outer loop
      vertex 3.8743326445145243 0.9947595486594192 0
      vertex 3.8743326445145243 0.9947595486594192 25
      vertex 3.7191059435530054 1.472498210738712 0
    endloop
  endfacet
  facet normal -0.5877852522924745 -0.8090169943749463 0
    outer loop
      vertex 2.549695958994759 3.0820529711031566 0
      vertex 2.549695958994759 3.0820529711031566 25
      vertex 2.478935092785977 3.1334637497223343 0
    endloop
  endfacet
  facet normal -0.7705132427757895 -0.6374239897486895 0
    outer loop
      vertex 2.915874509685646 2.738188423714755 0
      vertex 3.23606797749979 2.3511410091698925 0
      vertex 3.23606797749979 2.3511410091698925 25
    endloop
  endfacet
  facet normal -0.6845471059286882 -0.7289686274214121 0
    outer loop
      vertex 2.549695958994759 3.0820529711031566 0
      vertex 2.915874509685646 2.738188423714755 0
      vertex 2.915874509685646 2.738188423714755 25
    endloop
  endfacet
  facet normal -0.1253332335643039 -0.992114701314478 5.565913666152506e-18
    outer loop
      vertex 0.251162078117252 3.9921069137130862 0
      vertex 0.7495252583428983 3.929149002914755 25
      vertex 0.2511620781172531 3.9921069137130862 25
    endloop
  endfacet
  facet normal -0.24868988716485535 -0.968583161128631 0
    outer loop
      vertex 1.2360679774997896 3.804226065180614 25
      vertex 0.7495252583428983 3.929149002914755 25
      vertex 0.7495252583428983 3.929149002914755 0
    endloop
  endfacet
  facet normal -0.3681245526846775 -0.9297764858882517 0
    outer loop
      vertex 1.2360679774997896 3.804226065180614 0
      vertex 1.4752726813339159 3.70951822309652 25
      vertex 1.2360679774997896 3.804226065180614 25
    endloop
  endfacet
  facet normal -0.9822872507286885 -0.18738131458572566 0
    outer loop
      vertex 3.8743326445145243 0.9947595486594192 25
      vertex 3.8743326445145243 0.9947595486594192 0
      vertex 3.9533858737889584 0.5803480081230074 25
    endloop
  endfacet
  facet normal -0.9048270524660197 -0.4257792915650722 0
    outer loop
      vertex 3.7191059435530054 1.472498210738712 25
      vertex 3.5052267201754543 1.9270146964068613 25
      vertex 3.5052267201754543 1.9270146964068613 0
    endloop
  endfacet
  facet normal -0.9510565162951535 -0.3090169943749475 0
    outer loop
      vertex 3.8743326445145243 0.9947595486594192 25
      vertex 3.7191059435530054 1.472498210738712 25
      vertex 3.7191059435530054 1.472498210738712 0
    endloop
  endfacet
  facet normal -0.5877852522924745 -0.8090169943749463 0
    outer loop
      vertex 2.478935092785977 3.1334637497223343 0
      vertex 2.549695958994759 3.0820529711031566 25
      vertex 2.478935092785977 3.1334637497223343 25
    endloop
  endfacet
  facet normal -0.7705132427757895 -0.6374239897486895 0
    outer loop
      vertex 3.23606797749979 2.3511410091698925 25
      vertex 2.915874509685646 2.738188423714755 25
      vertex 2.915874509685646 2.738188423714755 0
    endloop
  endfacet
  facet normal -0.6845471059286882 -0.7289686274214121 0
    outer loop
      vertex 2.915874509685646 2.738188423714755 25
      vertex 2.549695958994759 3.0820529711031566 25
      vertex 2.549695958994759 3.0820529711031566 0
    endloop
  endfacet
  facet normal -0.8443279255020151 -0.5358267949789965 0
    outer loop
      vertex 3.23606797749979 2.3511410091698925 0
      vertex 3.5052267201754543 1.9270146964068613 25
      vertex 3.23606797749979 2.3511410091698925 25
    endloop
  endfacet
  facet normal -0.8443279255020151 -0.5358267949789967 0
    outer loop
      vertex -6.876644452187053 -4.996174644486022 0
      vertex -7.44860678037284 -4.094906229864581 25
      vertex -7.44860678037284 -4.094906229864581 0
    endloop
  endfacet
  facet normal -0.7705132427757891 -0.6374239897486899 0
    outer loop
      vertex -6.876644452187053 -4.996174644486022 0
      vertex -6.196233333081999 -5.818650400393852 0
      vertex -6.876644452187053 -4.996174644486022 25
    endloop
  endfacet
  facet normal -0.5877852522924721 -0.809016994374948 0
    outer loop
      vertex -5.418103912863862 -6.54936256359421 0
      vertex -4.554527757321472 -7.176787366767127 0
      vertex -4.554527757321472 -7.176787366767127 25
    endloop
  endfacet
  facet normal -0.6845471059286896 -0.7289686274214106 0
    outer loop
      vertex -5.418103912863862 -6.54936256359421 0
      vertex -5.418103912863862 -6.54936256359421 25
      vertex -6.196233333081999 -5.818650400393852 0
    endloop
  endfacet
  facet normal 0 0 -1
    outer loop
      vertex -7.903100130050137 -3.1290586978197616 0
      vertex -8.232956869593364 -2.1138640409012663 0
      vertex -7.903100130050137 3.1290586978197616 0
    endloop
  endfacet
  facet normal 0 0 -1
    outer loop
      vertex -8.232956869593364 -2.1138640409012663 0
      vertex -8.432974961173063 -1.0653324852965846 0
      vertex -8.232956869593364 2.1138640409012663 0
    endloop
  endfacet
  facet normal 0 0 -1
    outer loop
      vertex -7.44860678037284 -4.094906229864581 0
      vertex -7.903100130050137 -3.1290586978197616 0
      vertex -7.44860678037284 4.094906229864581 0
    endloop
  endfacet
  facet normal 0 0 -1
    outer loop
      vertex -6.876644452187053 -4.996174644486022 0
      vertex -7.44860678037284 -4.094906229864581 0
      vertex -6.876644452187053 4.996174644486022 0
    endloop
  endfacet
  facet normal 0 0 -1
    outer loop
      vertex -6.876644452187053 -4.996174644486022 0
      vertex -6.196233333081999 5.818650400393852 0
      vertex -6.196233333081999 -5.818650400393852 0
    endloop
  endfacet
  facet normal 0 0 -1
    outer loop
      vertex -5.418103912863862 -6.54936256359421 0
      vertex -4.554527757321472 7.176787366767127 0
      vertex -4.554527757321472 -7.176787366767127 0
    endloop
  endfacet
  facet normal 0 0 -1
    outer loop
      vertex -5.418103912863862 -6.54936256359421 0
      vertex -6.196233333081999 -5.818650400393852 0
      vertex -5.418103912863862 6.54936256359421 0
    endloop
  endfacet
  facet normal -0.9048270524660197 -0.42577929156507255 0
    outer loop
      vertex -7.44860678037284 -4.094906229864581 0
      vertex -7.903100130050137 -3.1290586978197616 25
      vertex -7.903100130050137 -3.1290586978197616 0
    endloop
  endfacet
  facet normal -0.9510565162951535 -0.30901699437494745 0
    outer loop
      vertex -7.903100130050137 -3.1290586978197616 0
      vertex -8.232956869593364 -2.1138640409012663 25
      vertex -8.232956869593364 -2.1138640409012663 0
    endloop
  endfacet
  facet normal -0.9822872507286885 -0.1873813145857256 0
    outer loop
      vertex -8.232956869593364 -2.1138640409012663 0
      vertex -8.432974961173063 -1.0653324852965846 25
      vertex -8.432974961173063 -1.0653324852965846 0
    endloop
  endfacet
  facet normal -0.9980267284282716 -0.06279051952931243 0
    outer loop
      vertex -8.432974961173063 -1.0653324852965846 0
      vertex -8.5 0 25
      vertex -8.5 0 0
    endloop
  endfacet
  facet normal 0 0 -1
    outer loop
      vertex -4.554527757321472 -7.176787366767127 0
      vertex -3.505226720175454 -1.9270146964068615 0
      vertex -3.619123978303116 -7.691029945961167 0
    endloop
  endfacet
  facet normal 0 0 -1
    outer loop
      vertex -3.619123978303116 -7.691029945961167 0
      vertex -3.23606797749979 -2.3511410091698925 0
      vertex -2.9158745096856467 -2.738188423714754 0
    endloop
  endfacet
  facet normal 0 0 -1
    outer loop
      vertex -3.619123978303116 -7.691029945961167 0
      vertex -2.5496959589947585 -3.0820529711031575 0
      vertex -2.626644452187053 -8.083980388508804 0
    endloop
  endfacet
  facet normal 0 0 -1
    outer loop
      vertex -3.619123978303116 -7.691029945961167 0
      vertex -2.9158745096856467 -2.738188423714754 0
      vertex -2.5496959589947585 -3.0820529711031575 0
    endloop
  endfacet
  facet normal 0 0 -1
    outer loop
      vertex -2.626644452187053 -8.083980388508804 0
      vertex -2.478935092785977 -3.1334637497223343 0
      vertex -2.449302040104271 -3.1255235971870023 0
    endloop
  endfacet
  facet normal 0 0 -1
    outer loop
      vertex -2.626644452187053 -8.083980388508804 0
      vertex -2.449302040104271 -3.1255235971870023 0
      vertex -2.1524838937231285 -3.1410791770897464 0
    endloop
  endfacet
  facet normal 0 0 -1
    outer loop
      vertex -2.626644452187053 -8.083980388508804 0
      vertex -2.1524838937231285 -3.1410791770897464 0
      vertex -1.875 -3.2475952641916446 0
    endloop
  endfacet
  facet normal 0 0 -1
    outer loop
      vertex -2.626644452187053 -8.083980388508804 0
      vertex -2.5496959589947585 -3.0820529711031575 0
      vertex -2.478935092785977 -3.1334637497223343 0
    endloop
  endfacet
  facet normal 0 0 -1
    outer loop
      vertex -2.626644452187053 -8.083980388508804 0
      vertex -1.4821318152395295 -3.6839195868648513 0
      vertex -1.592741173978661 -8.349441631193853 0
    endloop
  endfacet
  facet normal 0 0 -1
    outer loop
      vertex -1.592741173978661 -8.349441631193853 0
      vertex -0.25116207811725505 -3.9921069137130862 0
      vertex -0.533719415999167 -8.483227191640308 0
    endloop
  endfacet
  facet normal 0 0 -1
    outer loop
      vertex -0.533719415999167 -8.483227191640308 0
      vertex -0.25116207811725505 -3.9921069137130862 0
      vertex 0.533719415999167 -8.483227191640308 0
    endloop
  endfacet
  facet normal 0 0 -1
    outer loop
      vertex -1.592741173978661 -8.349441631193853 0
      vertex -1.2360679774997896 -3.804226065180614 0
      vertex -0.7495252583428993 -3.9291490029147544 0
    endloop
  endfacet
  facet normal 0 0 -1
    outer loop
      vertex -2.626644452187053 -8.083980388508804 0
      vertex -1.6440124157964757 -3.4346453217459465 0
      vertex -1.4821318152395295 -3.6839195868648513 0
    endloop
  endfacet
  facet normal 0 0 -1
    outer loop
      vertex -2.626644452187053 -8.083980388508804 0
      vertex -1.875 -3.2475952641916446 0
      vertex -1.6440124157964757 -3.4346453217459465 0
    endloop
  endfacet
  facet normal 0 0 -1
    outer loop
      vertex -1.592741173978661 -8.349441631193853 0
      vertex -1.4821318152395295 -3.6839195868648513 0
      vertex -1.4752726813339159 -3.70951822309652 0
    endloop
  endfacet
  facet normal 0 0 -1
    outer loop
      vertex -1.592741173978661 -8.349441631193853 0
      vertex -1.4752726813339159 -3.70951822309652 0
      vertex -1.2360679774997896 -3.804226065180614 0
    endloop
  endfacet
  facet normal 0 0 -1
    outer loop
      vertex -1.592741173978661 -8.349441631193853 0
      vertex -0.7495252583428993 -3.9291490029147544 0
      vertex -0.25116207811725505 -3.9921069137130862 0
    endloop
  endfacet
  facet normal -0.4817536741017155 -0.8763066800438635 0
    outer loop
      vertex -4.554527757321472 -7.176787366767127 0
      vertex -3.619123978303116 -7.691029945961167 0
      vertex -3.619123978303116 -7.691029945961167 25
    endloop
  endfacet
  facet normal -0.3681245526846769 -0.9297764858882519 0
    outer loop
      vertex -3.619123978303116 -7.691029945961167 0
      vertex -2.626644452187053 -8.083980388508804 0
      vertex -2.626644452187053 -8.083980388508804 25
    endloop
  endfacet
  facet normal -0.2486898871648558 -0.9685831611286309 0
    outer loop
      vertex -2.626644452187053 -8.083980388508804 0
      vertex -1.592741173978661 -8.349441631193853 0
      vertex -1.592741173978661 -8.349441631193853 25
    endloop
  endfacet
  facet normal -0.12533323356430498 -0.9921147013144779 0
    outer loop
      vertex -1.592741173978661 -8.349441631193853 0
      vertex -0.533719415999167 -8.483227191640308 0
      vertex -0.533719415999167 -8.483227191640308 25
    endloop
  endfacet
  facet normal 0 0 -1
    outer loop
      vertex -4.554527757321472 -7.176787366767127 0
      vertex -3.8743326445145243 -0.9947595486594194 0
      vertex -3.719105943553006 -1.4724982107387115 0
    endloop
  endfacet
  facet normal 0 0 -1
    outer loop
      vertex -4.554527757321472 -7.176787366767127 0
      vertex -3.719105943553006 -1.4724982107387115 0
      vertex -3.505226720175454 -1.9270146964068615 0
    endloop
  endfacet
  facet normal 0 0 -1
    outer loop
      vertex -3.619123978303116 -7.691029945961167 0
      vertex -3.505226720175454 -1.9270146964068615 0
      vertex -3.23606797749979 -2.3511410091698925 0
    endloop
  endfacet
  facet normal 0 0 -1
    outer loop
      vertex -4.554527757321472 -7.176787366767127 0
      vertex -3.953385873788958 -0.5803480081230072 0
      vertex -3.8743326445145243 -0.9947595486594194 0
    endloop
  endfacet
  facet normal 0 0 -1
    outer loop
      vertex -4.554527757321472 -7.176787366767127 0
      vertex -3.953385873788958 0.5803480081230072 0
      vertex -3.953385873788958 -0.5803480081230072 0
    endloop
  endfacet
  facet normal 0 0 -1
    outer loop
      vertex -3.953385873788958 -0.5803480081230072 0
      vertex -3.953385873788958 0.5803480081230072 0
      vertex -3.9314338553438004 -0.5583959896778494 0
    endloop
  endfacet
  facet normal 0 0 -1
    outer loop
      vertex -3.7964963095196045 -0.2935661446562 0
      vertex -3.9314338553438004 -0.5583959896778494 0
      vertex -3.7964963095196045 0.2935661446562 0
    endloop
  endfacet
  facet normal -0.7705132427757891 -0.6374239897486899 0
    outer loop
      vertex -6.196233333081999 -5.818650400393852 0
      vertex -6.196233333081999 -5.818650400393852 25
      vertex -6.876644452187053 -4.996174644486022 25
    endloop
  endfacet
  facet normal -0.8443279255020151 -0.5358267949789967 0
    outer loop
      vertex -6.876644452187053 -4.996174644486022 0
      vertex -6.876644452187053 -4.996174644486022 25
      vertex -7.44860678037284 -4.094906229864581 25
    endloop
  endfacet
  facet normal -0.5877852522924721 -0.809016994374948 0
    outer loop
      vertex -5.418103912863862 -6.54936256359421 0
      vertex -4.554527757321472 -7.176787366767127 25
      vertex -5.418103912863862 -6.54936256359421 25
    endloop
  endfacet
  facet normal -0.6845471059286896 -0.7289686274214106 0
    outer loop
      vertex -6.196233333081999 -5.818650400393852 0
      vertex -5.418103912863862 -6.54936256359421 25
      vertex -6.196233333081999 -5.818650400393852 25
    endloop
  endfacet
  facet normal -0.9048270524660197 -0.42577929156507255 0
    outer loop
      vertex -7.44860678037284 -4.094906229864581 0
      vertex -7.44860678037284 -4.094906229864581 25
      vertex -7.903100130050137 -3.1290586978197616 25
    endloop
  endfacet
  facet normal -0.9510565162951535 -0.30901699437494745 0
    outer loop
      vertex -7.903100130050137 -3.1290586978197616 0
      vertex -7.903100130050137 -3.1290586978197616 25
      vertex -8.232956869593364 -2.1138640409012663 25
    endloop
  endfacet
  facet normal -0.9822872507286885 -0.1873813145857256 0
    outer loop
      vertex -8.232956869593364 -2.1138640409012663 0
      vertex -8.232956869593364 -2.1138640409012663 25
      vertex -8.432974961173063 -1.0653324852965846 25
    endloop
  endfacet
  facet normal -0.9980267284282716 -0.06279051952931243 0
    outer loop
      vertex -8.432974961173063 -1.0653324852965846 0
      vertex -8.432974961173063 -1.0653324852965846 25
      vertex -8.5 0 25
    endloop
  endfacet
  facet normal 0 0 1
    outer loop
      vertex -7.44860678037284 -4.094906229864581 25
      vertex -7.903100130050137 3.1290586978197616 25
      vertex -7.903100130050137 -3.1290586978197616 25
    endloop
  endfacet
  facet normal 0 0 1
    outer loop
      vertex -8.232956869593364 -2.1138640409012663 25
      vertex -8.432974961173063 1.0653324852965846 25
      vertex -8.432974961173063 -1.0653324852965846 25
    endloop
  endfacet
  facet normal 0 0 1
    outer loop
      vertex -7.903100130050137 -3.1290586978197616 25
      vertex -8.232956869593364 2.1138640409012663 25
      vertex -8.232956869593364 -2.1138640409012663 25
    endloop
  endfacet
  facet normal 0 0 1
    outer loop
      vertex -6.876644452187053 -4.996174644486022 25
      vertex -7.44860678037284 4.094906229864581 25
      vertex -7.44860678037284 -4.094906229864581 25
    endloop
  endfacet
  facet normal 0 0 1
    outer loop
      vertex -6.876644452187053 -4.996174644486022 25
      vertex -6.196233333081999 -5.818650400393852 25
      vertex -6.876644452187053 4.996174644486022 25
    endloop
  endfacet
  facet normal 0 0 1
    outer loop
      vertex -5.418103912863862 -6.54936256359421 25
      vertex -6.196233333081999 5.818650400393852 25
      vertex -6.196233333081999 -5.818650400393852 25
    endloop
  endfacet
  facet normal 0 0 1
    outer loop
      vertex -5.418103912863862 -6.54936256359421 25
      vertex -4.554527757321472 -7.176787366767127 25
      vertex -5.418103912863862 6.54936256359421 25
    endloop
  endfacet
  facet normal -0.3681245526846769 -0.9297764858882519 0
    outer loop
      vertex -3.619123978303116 -7.691029945961167 0
      vertex -2.626644452187053 -8.083980388508804 25
      vertex -3.619123978303116 -7.691029945961167 25
    endloop
  endfacet
  facet normal -0.4817536741017155 -0.8763066800438635 0
    outer loop
      vertex -4.554527757321472 -7.176787366767127 0
      vertex -3.619123978303116 -7.691029945961167 25
      vertex -4.554527757321472 -7.176787366767127 25
    endloop
  endfacet
  facet normal -0.2486898871648558 -0.9685831611286309 0
    outer loop
      vertex -2.626644452187053 -8.083980388508804 0
      vertex -1.592741173978661 -8.349441631193853 25
      vertex -2.626644452187053 -8.083980388508804 25
    endloop
  endfacet
  facet normal -0.12533323356430498 -0.9921147013144779 0
    outer loop
      vertex -1.592741173978661 -8.349441631193853 0
      vertex -0.533719415999167 -8.483227191640308 25
      vertex -1.592741173978661 -8.349441631193853 25
    endloop
  endfacet
  facet normal 0 -1 0
    outer loop
      vertex -0.533719415999167 -8.483227191640308 0
      vertex 0.533719415999167 -8.483227191640308 25
      vertex -0.533719415999167 -8.483227191640308 25
    endloop
  endfacet
  facet normal 0 0 1
    outer loop
      vertex -3.619123978303116 -7.691029945961167 25
      vertex -2.626644452187053 -8.083980388508804 25
      vertex -3.23606797749979 -2.3511410091698925 25
    endloop
  endfacet
  facet normal 0 0 1
    outer loop
      vertex -2.626644452187053 -8.083980388508804 25
      vertex -2.9158745096856467 -2.738188423714754 25
      vertex -3.23606797749979 -2.3511410091698925 25
    endloop
  endfacet
  facet normal 0 0 1
    outer loop
      vertex -2.626644452187053 -8.083980388508804 25
      vertex -2.5496959589947585 -3.0820529711031575 25
      vertex -2.9158745096856467 -2.738188423714754 25
    endloop
  endfacet
  facet normal 0 0 1
    outer loop
      vertex -2.626644452187053 -8.083980388508804 25
      vertex -2.449302040104271 -3.1255235971870023 25
      vertex -2.478935092785977 -3.1334637497223343 25
    endloop
  endfacet
  facet normal 0 0 1
    outer loop
      vertex -2.626644452187053 -8.083980388508804 25
      vertex -2.1524838937231285 -3.1410791770897464 25
      vertex -2.449302040104271 -3.1255235971870023 25
    endloop
  endfacet
  facet normal 0 0 1
    outer loop
      vertex -2.626644452187053 -8.083980388508804 25
      vertex -2.478935092785977 -3.1334637497223343 25
      vertex -2.5496959589947585 -3.0820529711031575 25
    endloop
  endfacet
  facet normal 0 0 1
    outer loop
      vertex -2.626644452187053 -8.083980388508804 25
      vertex -1.592741173978661 -8.349441631193853 25
      vertex -2.1524838937231285 -3.1410791770897464 25
    endloop
  endfacet
  facet normal 0 0 1
    outer loop
      vertex -1.592741173978661 -8.349441631193853 25
      vertex -0.533719415999167 -8.483227191640308 25
      vertex -1.2360679774997896 -3.804226065180614 25
    endloop
  endfacet
  facet normal 0 0 1
    outer loop
      vertex -1.592741173978661 -8.349441631193853 25
      vertex -1.875 -3.2475952641916446 25
      vertex -2.1524838937231285 -3.1410791770897464 25
    endloop
  endfacet
  facet normal 0 0 1
    outer loop
      vertex -1.592741173978661 -8.349441631193853 25
      vertex -1.6440124157964757 -3.4346453217459465 25
      vertex -1.875 -3.2475952641916446 25
    endloop
  endfacet
  facet normal 0 0 1
    outer loop
      vertex -1.592741173978661 -8.349441631193853 25
      vertex -1.4752726813339159 -3.70951822309652 25
      vertex -1.4821318152395295 -3.6839195868648513 25
    endloop
  endfacet
  facet normal 0 0 1
    outer loop
      vertex -1.592741173978661 -8.349441631193853 25
      vertex -1.4821318152395295 -3.6839195868648513 25
      vertex -1.6440124157964757 -3.4346453217459465 25
    endloop
  endfacet
  facet normal 0 0 1
    outer loop
      vertex -1.592741173978661 -8.349441631193853 25
      vertex -1.2360679774997896 -3.804226065180614 25
      vertex -1.4752726813339159 -3.70951822309652 25
    endloop
  endfacet
  facet normal 0 0 1
    outer loop
      vertex -0.533719415999167 -8.483227191640308 25
      vertex -0.7495252583428993 -3.9291490029147544 25
      vertex -1.2360679774997896 -3.804226065180614 25
    endloop
  endfacet
  facet normal 0 0 1
    outer loop
      vertex -0.533719415999167 -8.483227191640308 25
      vertex -0.25116207811725505 -3.9921069137130862 25
      vertex -0.7495252583428993 -3.9291490029147544 25
    endloop
  endfacet
  facet normal 0 0 1
    outer loop
      vertex -0.533719415999167 -8.483227191640308 25
      vertex 0.25116207811725505 -3.9921069137130862 25
      vertex -0.25116207811725505 -3.9921069137130862 25
    endloop
  endfacet
  facet normal 0 0 1
    outer loop
      vertex -3.619123978303116 -7.691029945961167 25
      vertex -3.719105943553006 -1.4724982107387115 25
      vertex -3.8743326445145243 -0.9947595486594194 25
    endloop
  endfacet
  facet normal 0 0 1
    outer loop
      vertex -3.619123978303116 -7.691029945961167 25
      vertex -3.23606797749979 -2.3511410091698925 25
      vertex -3.505226720175454 -1.9270146964068615 25
    endloop
  endfacet
  facet normal 0 0 1
    outer loop
      vertex -3.619123978303116 -7.691029945961167 25
      vertex -3.505226720175454 -1.9270146964068615 25
      vertex -3.719105943553006 -1.4724982107387115 25
    endloop
  endfacet
  facet normal 0 0 1
    outer loop
      vertex -3.619123978303116 -7.691029945961167 25
      vertex -3.8743326445145243 -0.9947595486594194 25
      vertex -3.953385873788958 -0.5803480081230072 25
    endloop
  endfacet
  facet normal 0 0 1
    outer loop
      vertex -4.554527757321472 -7.176787366767127 25
      vertex -3.619123978303116 -7.691029945961167 25
      vertex -4.554527757321472 7.176787366767127 25
    endloop
  endfacet
  facet normal 0 0 1
    outer loop
      vertex -3.619123978303116 -7.691029945961167 25
      vertex -3.953385873788958 -0.5803480081230072 25
      vertex -4.554527757321472 7.176787366767127 25
    endloop
  endfacet
  facet normal 0 0 1
    outer loop
      vertex -3.9314338553438004 -0.5583959896778494 25
      vertex -3.953385873788958 0.5803480081230072 25
      vertex -3.953385873788958 -0.5803480081230072 25
    endloop
  endfacet
  facet normal 0 0 1
    outer loop
      vertex -3.9314338553438004 -0.5583959896778494 25
      vertex -3.7964963095196045 -0.2935661446562 25
      vertex -3.953385873788958 0.5803480081230072 25
    endloop
  endfacet
  facet normal 0 0 -1
    outer loop
      vertex -8.432974961173063 -1.0653324852965846 0
      vertex -8.5 0 0
      vertex -8.432974961173063 1.0653324852965846 0
    endloop
  endfacet
  facet normal 0 0 -1
    outer loop
      vertex -8.432974961173063 -1.0653324852965846 0
      vertex -8.432974961173063 1.0653324852965846 0
      vertex -8.232956869593364 2.1138640409012663 0
    endloop
  endfacet
  facet normal 0 0 -1
    outer loop
      vertex -8.232956869593364 -2.1138640409012663 0
      vertex -8.232956869593364 2.1138640409012663 0
      vertex -7.903100130050137 3.1290586978197616 0
    endloop
  endfacet
  facet normal 0 0 -1
    outer loop
      vertex -7.903100130050137 -3.1290586978197616 0
      vertex -7.903100130050137 3.1290586978197616 0
      vertex -7.44860678037284 4.094906229864581 0
    endloop
  endfacet
  facet normal 0 0 -1
    outer loop
      vertex -7.44860678037284 -4.094906229864581 0
      vertex -7.44860678037284 4.094906229864581 0
      vertex -6.876644452187053 4.996174644486022 0
    endloop
  endfacet
  facet normal 0 0 -1
    outer loop
      vertex -6.876644452187053 -4.996174644486022 0
      vertex -6.876644452187053 4.996174644486022 0
      vertex -6.196233333081999 5.818650400393852 0
    endloop
  endfacet
  facet normal 0 0 -1
    outer loop
      vertex -6.196233333081999 -5.818650400393852 0
      vertex -6.196233333081999 5.818650400393852 0
      vertex -5.418103912863862 6.54936256359421 0
    endloop
  endfacet
  facet normal 0 0 -1
    outer loop
      vertex -5.418103912863862 -6.54936256359421 0
      vertex -5.418103912863862 6.54936256359421 0
      vertex -4.554527757321472 7.176787366767127 0
    endloop
  endfacet
  facet normal -0.9980267284282716 0.06279051952931243 0
    outer loop
      vertex -8.5 0 0
      vertex -8.432974961173063 1.0653324852965846 25
      vertex -8.432974961173063 1.0653324852965846 0
    endloop
  endfacet
  facet normal -0.9822872507286885 0.1873813145857256 0
    outer loop
      vertex -8.432974961173063 1.0653324852965846 0
      vertex -8.232956869593364 2.1138640409012663 25
      vertex -8.232956869593364 2.1138640409012663 0
    endloop
  endfacet
  facet normal -0.9510565162951535 0.30901699437494745 0
    outer loop
      vertex -8.232956869593364 2.1138640409012663 0
      vertex -7.903100130050137 3.1290586978197616 25
      vertex -7.903100130050137 3.1290586978197616 0
    endloop
  endfacet
  facet normal -0.9048270524660197 0.42577929156507255 0
    outer loop
      vertex -7.903100130050137 3.1290586978197616 0
      vertex -7.44860678037284 4.094906229864581 25
      vertex -7.44860678037284 4.094906229864581 0
    endloop
  endfacet
  facet normal -0.8443279255020151 0.5358267949789967 0
    outer loop
      vertex -7.44860678037284 4.094906229864581 0
      vertex -6.876644452187053 4.996174644486022 25
      vertex -6.876644452187053 4.996174644486022 0
    endloop
  endfacet
  facet normal -0.7705132427757891 0.6374239897486899 0
    outer loop
      vertex -6.876644452187053 4.996174644486022 0
      vertex -6.196233333081999 5.818650400393852 25
      vertex -6.196233333081999 5.818650400393852 0
    endloop
  endfacet
  facet normal -0.6845471059286896 0.7289686274214106 0
    outer loop
      vertex -6.196233333081999 5.818650400393852 0
      vertex -6.196233333081999 5.818650400393852 25
      vertex -5.418103912863862 6.54936256359421 0
    endloop
  endfacet
  facet normal -0.5877852522924721 0.809016994374948 0
    outer loop
      vertex -5.418103912863862 6.54936256359421 0
      vertex -5.418103912863862 6.54936256359421 25
      vertex -4.554527757321472 7.176787366767127 0
    endloop
  endfacet
  facet normal 0 0 -1
    outer loop
      vertex -4.554527757321472 -7.176787366767127 0
      vertex -3.619123978303118 7.691029945961166 0
      vertex -3.953385873788958 0.5803480081230072 0
    endloop
  endfacet
  facet normal 0 0 -1
    outer loop
      vertex -3.9314338553438004 -0.5583959896778494 0
      vertex -3.9314338553438004 0.5583959896778494 0
      vertex -3.7964963095196045 0.2935661446562 0
    endloop
  endfacet
  facet normal 0 0 -1
    outer loop
      vertex -3.9314338553438004 -0.5583959896778494 0
      vertex -3.953385873788958 0.5803480081230072 0
      vertex -3.9314338553438004 0.5583959896778494 0
    endloop
  endfacet
  facet normal 0 0 -1
    outer loop
      vertex -3.7964963095196045 -0.2935661446562 0
      vertex -3.7964963095196045 0.2935661446562 0
      vertex -3.75 0 0
    endloop
  endfacet
  facet normal 0 0 -1
    outer loop
      vertex -4.554527757321472 -7.176787366767127 0
      vertex -4.554527757321472 7.176787366767127 0
      vertex -3.619123978303118 7.691029945961166 0
    endloop
  endfacet
  facet normal 0 0 -1
    outer loop
      vertex -3.619123978303118 7.691029945961166 0
      vertex -3.8743326445145243 0.9947595486594194 0
      vertex -3.953385873788958 0.5803480081230072 0
    endloop
  endfacet
  facet normal 0 0 -1
    outer loop
      vertex -3.619123978303118 7.691029945961166 0
      vertex -3.719105943553006 1.4724982107387115 0
      vertex -3.8743326445145243 0.9947595486594194 0
    endloop
  endfacet
  facet normal 0 0 -1
    outer loop
      vertex -3.619123978303118 7.691029945961166 0
      vertex -3.505226720175454 1.9270146964068615 0
      vertex -3.719105943553006 1.4724982107387115 0
    endloop
  endfacet
  facet normal 0 0 -1
    outer loop
      vertex -3.619123978303118 7.691029945961166 0
      vertex -3.23606797749979 2.3511410091698925 0
      vertex -3.505226720175454 1.9270146964068615 0
    endloop
  endfacet
  facet normal 0 0 -1
    outer loop
      vertex -2.626644452187053 8.083980388508804 0
      vertex -2.9158745096856467 2.738188423714754 0
      vertex -3.23606797749979 2.3511410091698925 0
    endloop
  endfacet
  facet normal 0 0 -1
    outer loop
      vertex -2.626644452187053 8.083980388508804 0
      vertex -2.5496959589947585 3.0820529711031575 0
      vertex -2.9158745096856467 2.738188423714754 0
    endloop
  endfacet
  facet normal 0 0 -1
    outer loop
      vertex -2.626644452187053 8.083980388508804 0
      vertex -2.478935092785977 3.1334637497223343 0
      vertex -2.5496959589947585 3.0820529711031575 0
    endloop
  endfacet
  facet normal 0 0 -1
    outer loop
      vertex -2.626644452187053 8.083980388508804 0
      vertex -2.449302040104271 3.1255235971870023 0
      vertex -2.478935092785977 3.1334637497223343 0
    endloop
  endfacet
  facet normal 0 0 -1
    outer loop
      vertex -2.626644452187053 8.083980388508804 0
      vertex -2.1524838937231285 3.1410791770897464 0
      vertex -2.449302040104271 3.1255235971870023 0
    endloop
  endfacet
  facet normal 0 0 -1
    outer loop
      vertex -3.619123978303118 7.691029945961166 0
      vertex -2.626644452187053 8.083980388508804 0
      vertex -3.23606797749979 2.3511410091698925 0
    endloop
  endfacet
  facet normal 0 0 -1
    outer loop
      vertex -1.5927411739786588 8.349441631193853 0
      vertex -1.875 3.2475952641916446 0
      vertex -2.1524838937231285 3.1410791770897464 0
    endloop
  endfacet
  facet normal 0 0 -1
    outer loop
      vertex -1.5927411739786588 8.349441631193853 0
      vertex -1.6440124157964757 3.4346453217459465 0
      vertex -1.875 3.2475952641916446 0
    endloop
  endfacet
  facet normal 0 0 -1
    outer loop
      vertex -1.5927411739786588 8.349441631193853 0
      vertex -1.4821318152395295 3.6839195868648513 0
      vertex -1.6440124157964757 3.4346453217459465 0
    endloop
  endfacet
  facet normal 0 0 -1
    outer loop
      vertex -1.5927411739786588 8.349441631193853 0
      vertex -1.4752726813339159 3.70951822309652 0
      vertex -1.4821318152395295 3.6839195868648513 0
    endloop
  endfacet
  facet normal 0 0 -1
    outer loop
      vertex -1.5927411739786588 8.349441631193853 0
      vertex -1.2360679774997896 3.804226065180614 0
      vertex -1.4752726813339159 3.70951822309652 0
    endloop
  endfacet
  facet normal 0 0 -1
    outer loop
      vertex -0.5337194159991628 8.483227191640308 0
      vertex -0.7495252583428983 3.929149002914755 0
      vertex -1.2360679774997896 3.804226065180614 0
    endloop
  endfacet
  facet normal 0 0 -1
    outer loop
      vertex -0.5337194159991628 8.483227191640308 0
      vertex -0.2511620781172531 3.9921069137130862 0
      vertex -0.7495252583428983 3.929149002914755 0
    endloop
  endfacet
  facet normal 0 0 -1
    outer loop
      vertex -0.5337194159991628 8.483227191640308 0
      vertex 0.251162078117252 3.9921069137130862 0
      vertex -0.2511620781172531 3.9921069137130862 0
    endloop
  endfacet
  facet normal 0 0 -1
    outer loop
      vertex -2.626644452187053 8.083980388508804 0
      vertex -1.5927411739786588 8.349441631193853 0
      vertex -2.1524838937231285 3.1410791770897464 0
    endloop
  endfacet
  facet normal 0 0 -1
    outer loop
      vertex -1.5927411739786588 8.349441631193853 0
      vertex -0.5337194159991628 8.483227191640308 0
      vertex -1.2360679774997896 3.804226065180614 0
    endloop
  endfacet
  facet normal -0.4817536741017158 0.8763066800438633 0
    outer loop
      vertex -4.554527757321472 7.176787366767127 0
      vertex -4.554527757321472 7.176787366767127 25
      vertex -3.619123978303118 7.691029945961166 0
    endloop
  endfacet
  facet normal -0.3681245526846769 0.9297764858882518 0
    outer loop
      vertex -3.619123978303118 7.691029945961166 0
      vertex -3.619123978303118 7.691029945961166 25
      vertex -2.626644452187053 8.083980388508804 0
    endloop
  endfacet
  facet normal -0.2486898871648553 0.968583161128631 0
    outer loop
      vertex -2.626644452187053 8.083980388508804 0
      vertex -2.626644452187053 8.083980388508804 25
      vertex -1.5927411739786588 8.349441631193853 0
    endloop
  endfacet
  facet normal -0.12533323356430473 0.9921147013144779 0
    outer loop
      vertex -1.5927411739786588 8.349441631193853 0
      vertex -1.5927411739786588 8.349441631193853 25
      vertex -0.5337194159991628 8.483227191640308 0
    endloop
  endfacet
  facet normal 0 1 0
    outer loop
      vertex -0.5337194159991628 8.483227191640308 0
      vertex -0.5337194159991628 8.483227191640308 25
      vertex 0.5337194159991628 8.483227191640308 0
    endloop
  endfacet
  facet normal -0.9980267284282716 0.06279051952931243 0
    outer loop
      vertex -8.5 0 0
      vertex -8.5 0 25
      vertex -8.432974961173063 1.0653324852965846 25
    endloop
  endfacet
  facet normal -0.9822872507286885 0.1873813145857256 0
    outer loop
      vertex -8.432974961173063 1.0653324852965846 0
      vertex -8.432974961173063 1.0653324852965846 25
      vertex -8.232956869593364 2.1138640409012663 25
    endloop
  endfacet
  facet normal -0.9510565162951535 0.30901699437494745 0
    outer loop
      vertex -8.232956869593364 2.1138640409012663 0
      vertex -8.232956869593364 2.1138640409012663 25
      vertex -7.903100130050137 3.1290586978197616 25
    endloop
  endfacet
  facet normal -0.9048270524660197 0.42577929156507255 0
    outer loop
      vertex -7.903100130050137 3.1290586978197616 0
      vertex -7.903100130050137 3.1290586978197616 25
      vertex -7.44860678037284 4.094906229864581 25
    endloop
  endfacet
  facet normal 0 0 1
    outer loop
      vertex -8.432974961173063 -1.0653324852965846 25
      vertex -8.432974961173063 1.0653324852965846 25
      vertex -8.5 0 25
    endloop
  endfacet
  facet normal 0 0 1
    outer loop
      vertex -8.232956869593364 -2.1138640409012663 25
      vertex -8.232956869593364 2.1138640409012663 25
      vertex -8.432974961173063 1.0653324852965846 25
    endloop
  endfacet
  facet normal 0 0 1
    outer loop
      vertex -7.903100130050137 -3.1290586978197616 25
      vertex -7.903100130050137 3.1290586978197616 25
      vertex -8.232956869593364 2.1138640409012663 25
    endloop
  endfacet
  facet normal 0 0 1
    outer loop
      vertex -7.44860678037284 -4.094906229864581 25
      vertex -7.44860678037284 4.094906229864581 25
      vertex -7.903100130050137 3.1290586978197616 25
    endloop
  endfacet
  facet normal 0 0 1
    outer loop
      vertex -6.876644452187053 -4.996174644486022 25
      vertex -6.876644452187053 4.996174644486022 25
      vertex -7.44860678037284 4.094906229864581 25
    endloop
  endfacet
  facet normal 0 0 1
    outer loop
      vertex -6.196233333081999 -5.818650400393852 25
      vertex -6.196233333081999 5.818650400393852 25
      vertex -6.876644452187053 4.996174644486022 25
    endloop
  endfacet
  facet normal 0 0 1
    outer loop
      vertex -5.418103912863862 -6.54936256359421 25
      vertex -5.418103912863862 6.54936256359421 25
      vertex -6.196233333081999 5.818650400393852 25
    endloop
  endfacet
  facet normal 0 0 1
    outer loop
      vertex -4.554527757321472 -7.176787366767127 25
      vertex -4.554527757321472 7.176787366767127 25
      vertex -5.418103912863862 6.54936256359421 25
    endloop
  endfacet
  facet normal -0.8443279255020151 0.5358267949789967 0
    outer loop
      vertex -7.44860678037284 4.094906229864581 0
      vertex -7.44860678037284 4.094906229864581 25
      vertex -6.876644452187053 4.996174644486022 25
    endloop
  endfacet
  facet normal -0.7705132427757891 0.6374239897486899 0
    outer loop
      vertex -6.876644452187053 4.996174644486022 0
      vertex -6.876644452187053 4.996174644486022 25
      vertex -6.196233333081999 5.818650400393852 25
    endloop
  endfacet
  facet normal -0.6845471059286896 0.7289686274214106 0
    outer loop
      vertex -5.418103912863862 6.54936256359421 0
      vertex -6.196233333081999 5.818650400393852 25
      vertex -5.418103912863862 6.54936256359421 25
    endloop
  endfacet
  facet normal -0.5877852522924721 0.809016994374948 0
    outer loop
      vertex -4.554527757321472 7.176787366767127 0
      vertex -5.418103912863862 6.54936256359421 25
      vertex -4.554527757321472 7.176787366767127 25
    endloop
  endfacet
  facet normal 0 0 1
    outer loop
      vertex -3.75 0 25
      vertex -3.9314338553438004 0.5583959896778494 25
      vertex -3.7964963095196045 -0.2935661446562 25
    endloop
  endfacet
  facet normal 0 0 1
    outer loop
      vertex -3.7964963095196045 -0.2935661446562 25
      vertex -3.9314338553438004 0.5583959896778494 25
      vertex -3.953385873788958 0.5803480081230072 25
    endloop
  endfacet
  facet normal 0 0 1
    outer loop
      vertex -3.75 0 25
      vertex -3.7964963095196045 0.2935661446562 25
      vertex -3.9314338553438004 0.5583959896778494 25
    endloop
  endfacet
  facet normal 0 0 1
    outer loop
      vertex -4.554527757321472 7.176787366767127 25
      vertex -3.953385873788958 -0.5803480081230072 25
      vertex -3.953385873788958 0.5803480081230072 25
    endloop
  endfacet
  facet normal 0 0 1
    outer loop
      vertex -4.554527757321472 7.176787366767127 25
      vertex -3.953385873788958 0.5803480081230072 25
      vertex -3.8743326445145243 0.9947595486594194 25
    endloop
  endfacet
  facet normal 0 0 1
    outer loop
      vertex -4.554527757321472 7.176787366767127 25
      vertex -3.8743326445145243 0.9947595486594194 25
      vertex -3.719105943553006 1.4724982107387115 25
    endloop
  endfacet
  facet normal 0 0 1
    outer loop
      vertex -4.554527757321472 7.176787366767127 25
      vertex -3.719105943553006 1.4724982107387115 25
      vertex -3.505226720175454 1.9270146964068615 25
    endloop
  endfacet
  facet normal 0 0 1
    outer loop
      vertex -3.619123978303118 7.691029945961166 25
      vertex -3.505226720175454 1.9270146964068615 25
      vertex -3.23606797749979 2.3511410091698925 25
    endloop
  endfacet
  facet normal -0.4817536741017158 0.8763066800438633 0
    outer loop
      vertex -3.619123978303118 7.691029945961166 0
      vertex -4.554527757321472 7.176787366767127 25
      vertex -3.619123978303118 7.691029945961166 25
    endloop
  endfacet
  facet normal -0.3681245526846769 0.9297764858882518 0
    outer loop
      vertex -2.626644452187053 8.083980388508804 0
      vertex -3.619123978303118 7.691029945961166 25
      vertex -2.626644452187053 8.083980388508804 25
    endloop
  endfacet
  facet normal -0.2486898871648553 0.968583161128631 0
    outer loop
      vertex -1.5927411739786588 8.349441631193853 0
      vertex -2.626644452187053 8.083980388508804 25
      vertex -1.5927411739786588 8.349441631193853 25
    endloop
  endfacet
  facet normal -0.12533323356430473 0.9921147013144779 0
    outer loop
      vertex -0.5337194159991628 8.483227191640308 0
      vertex -1.5927411739786588 8.349441631193853 25
      vertex -0.5337194159991628 8.483227191640308 25
    endloop
  endfacet
  facet normal 0 0 1
    outer loop
      vertex -3.619123978303118 7.691029945961166 25
      vertex -3.23606797749979 2.3511410091698925 25
      vertex -2.9158745096856467 2.738188423714754 25
    endloop
  endfacet
  facet normal 0 0 1
    outer loop
      vertex -4.554527757321472 7.176787366767127 25
      vertex -3.505226720175454 1.9270146964068615 25
      vertex -3.619123978303118 7.691029945961166 25
    endloop
  endfacet
  facet normal 0 0 1
    outer loop
      vertex -3.619123978303118 7.691029945961166 25
      vertex -2.9158745096856467 2.738188423714754 25
      vertex -2.5496959589947585 3.0820529711031575 25
    endloop
  endfacet
  facet normal 0 0 1
    outer loop
      vertex -2.626644452187053 8.083980388508804 25
      vertex -2.5496959589947585 3.0820529711031575 25
      vertex -2.478935092785977 3.1334637497223343 25
    endloop
  endfacet
  facet normal 0 0 1
    outer loop
      vertex -2.626644452187053 8.083980388508804 25
      vertex -2.478935092785977 3.1334637497223343 25
      vertex -2.449302040104271 3.1255235971870023 25
    endloop
  endfacet
  facet normal 0 0 1
    outer loop
      vertex -2.626644452187053 8.083980388508804 25
      vertex -2.449302040104271 3.1255235971870023 25
      vertex -2.1524838937231285 3.1410791770897464 25
    endloop
  endfacet
  facet normal 0 0 1
    outer loop
      vertex -2.626644452187053 8.083980388508804 25
      vertex -2.1524838937231285 3.1410791770897464 25
      vertex -1.875 3.2475952641916446 25
    endloop
  endfacet
  facet normal 0 0 1
    outer loop
      vertex -3.619123978303118 7.691029945961166 25
      vertex -2.5496959589947585 3.0820529711031575 25
      vertex -2.626644452187053 8.083980388508804 25
    endloop
  endfacet
  facet normal 0 0 1
    outer loop
      vertex -2.626644452187053 8.083980388508804 25
      vertex -1.875 3.2475952641916446 25
      vertex -1.6440124157964757 3.4346453217459465 25
    endloop
  endfacet
  facet normal 0 0 1
    outer loop
      vertex -2.626644452187053 8.083980388508804 25
      vertex -1.6440124157964757 3.4346453217459465 25
      vertex -1.4821318152395295 3.6839195868648513 25
    endloop
  endfacet
  facet normal 0 0 1
    outer loop
      vertex -1.5927411739786588 8.349441631193853 25
      vertex -1.4821318152395295 3.6839195868648513 25
      vertex -1.4752726813339159 3.70951822309652 25
    endloop
  endfacet
  facet normal 0 0 1
    outer loop
      vertex -1.5927411739786588 8.349441631193853 25
      vertex -1.4752726813339159 3.70951822309652 25
      vertex -1.2360679774997896 3.804226065180614 25
    endloop
  endfacet
  facet normal 0 0 1
    outer loop
      vertex -1.5927411739786588 8.349441631193853 25
      vertex -1.2360679774997896 3.804226065180614 25
      vertex -0.7495252583428983 3.929149002914755 25
    endloop
  endfacet
  facet normal 0 0 1
    outer loop
      vertex -1.5927411739786588 8.349441631193853 25
      vertex -0.7495252583428983 3.929149002914755 25
      vertex -0.251162078117252 3.9921069137130862 25
    endloop
  endfacet
  facet normal 0 0 1
    outer loop
      vertex -2.626644452187053 8.083980388508804 25
      vertex -1.4821318152395295 3.6839195868648513 25
      vertex -1.5927411739786588 8.349441631193853 25
    endloop
  endfacet
  facet normal 0 0 1
    outer loop
      vertex -1.5927411739786588 8.349441631193853 25
      vertex -0.251162078117252 3.9921069137130862 25
      vertex -0.5337194159991628 8.483227191640308 25
    endloop
  endfacet
  facet normal 0 0 1
    outer loop
      vertex -0.5337194159991628 8.483227191640308 25
      vertex -0.251162078117252 3.9921069137130862 25
      vertex 0.5337194159991628 8.483227191640308 25
    endloop
  endfacet
  facet normal 0 0 -1
    outer loop
      vertex 0.533719415999167 -8.483227191640308 0
      vertex 1.2360679774997896 -3.804226065180614 0
      vertex 1.592741173978661 -8.349441631193853 0
    endloop
  endfacet
  facet normal 0 0 -1
    outer loop
      vertex 1.592741173978661 -8.349441631193853 0
      vertex 2.1524838937231285 -3.1410791770897464 0
      vertex 2.626644452187053 -8.083980388508804 0
    endloop
  endfacet
  facet normal 0 0 -1
    outer loop
      vertex 0.533719415999167 -8.483227191640308 0
      vertex -0.25116207811725505 -3.9921069137130862 0
      vertex 0.25116207811725505 -3.9921069137130862 0
    endloop
  endfacet
  facet normal 0 0 -1
    outer loop
      vertex 0.533719415999167 -8.483227191640308 0
      vertex 0.25116207811725505 -3.9921069137130862 0
      vertex 0.7495252583428993 -3.9291490029147544 0
    endloop
  endfacet
  facet normal 0 0 -1
    outer loop
      vertex 0.533719415999167 -8.483227191640308 0
      vertex 0.7495252583428993 -3.9291490029147544 0
      vertex 1.2360679774997896 -3.804226065180614 0
    endloop
  endfacet
  facet normal 0 0 -1
    outer loop
      vertex 1.592741173978661 -8.349441631193853 0
      vertex 1.2360679774997896 -3.804226065180614 0
      vertex 1.4752726813339159 -3.70951822309652 0
    endloop
  endfacet
  facet normal 0 0 -1
    outer loop
      vertex 1.592741173978661 -8.349441631193853 0
      vertex 1.4752726813339159 -3.70951822309652 0
      vertex 1.4821318152395295 -3.6839195868648513 0
    endloop
  endfacet
  facet normal 0 0 -1
    outer loop
      vertex 1.592741173978661 -8.349441631193853 0
      vertex 1.4821318152395295 -3.6839195868648513 0
      vertex 1.6440124157964757 -3.4346453217459465 0
    endloop
  endfacet
  facet normal 0 0 -1
    outer loop
      vertex 1.592741173978661 -8.349441631193853 0
      vertex 1.6440124157964757 -3.4346453217459465 0
      vertex 1.875 -3.2475952641916446 0
    endloop
  endfacet
  facet normal 0 0 -1
    outer loop
      vertex 1.592741173978661 -8.349441631193853 0
      vertex 1.875 -3.2475952641916446 0
      vertex 2.1524838937231285 -3.1410791770897464 0
    endloop
  endfacet
  facet normal 0 0 -1
    outer loop
      vertex 2.626644452187053 -8.083980388508804 0
      vertex 3.23606797749979 -2.3511410091698925 0
      vertex 3.619123978303116 -7.691029945961167 0
    endloop
  endfacet
  facet normal 0 0 -1
    outer loop
      vertex 2.626644452187053 -8.083980388508804 0
      vertex 2.1524838937231285 -3.1410791770897464 0
      vertex 2.449302040104271 -3.1255235971870023 0
    endloop
  endfacet
  facet normal 0 0 -1
    outer loop
      vertex 2.626644452187053 -8.083980388508804 0
      vertex 2.449302040104271 -3.1255235971870023 0
      vertex 2.478935092785977 -3.1334637497223343 0
    endloop
  endfacet
  facet normal 0 0 -1
    outer loop
      vertex 2.626644452187053 -8.083980388508804 0
      vertex 2.478935092785977 -3.1334637497223343 0
      vertex 2.54969595899476 -3.082052971103156 0
    endloop
  endfacet
  facet normal 0 0 -1
    outer loop
      vertex 2.626644452187053 -8.083980388508804 0
      vertex 2.54969595899476 -3.082052971103156 0
      vertex 2.9158745096856467 -2.738188423714754 0
    endloop
  endfacet
  facet normal 0 0 -1
    outer loop
      vertex 2.626644452187053 -8.083980388508804 0
      vertex 2.9158745096856467 -2.738188423714754 0
      vertex 3.23606797749979 -2.3511410091698925 0
    endloop
  endfacet
  facet normal 0 -1 0
    outer loop
      vertex -0.533719415999167 -8.483227191640308 0
      vertex 0.533719415999167 -8.483227191640308 0
      vertex 0.533719415999167 -8.483227191640308 25
    endloop
  endfacet
  facet normal 0.12533323356430498 -0.9921147013144779 0
    outer loop
      vertex 0.533719415999167 -8.483227191640308 0
      vertex 1.592741173978661 -8.349441631193853 0
      vertex 1.592741173978661 -8.349441631193853 25
    endloop
  endfacet
  facet normal 0.2486898871648558 -0.9685831611286309 0
    outer loop
      vertex 1.592741173978661 -8.349441631193853 0
      vertex 2.626644452187053 -8.083980388508804 0
      vertex 2.626644452187053 -8.083980388508804 25
    endloop
  endfacet
  facet normal 0.3681245526846769 -0.9297764858882519 0
    outer loop
      vertex 2.626644452187053 -8.083980388508804 0
      vertex 3.619123978303116 -7.691029945961167 0
      vertex 3.619123978303116 -7.691029945961167 25
    endloop
  endfacet
  facet normal 0.4817536741017154 -0.8763066800438635 0
    outer loop
      vertex 3.619123978303116 -7.691029945961167 0
      vertex 4.554527757321468 -7.17678736676713 0
      vertex 4.554527757321468 -7.17678736676713 25
    endloop
  endfacet
  facet normal 0 0 -1
    outer loop
      vertex 3.619123978303116 -7.691029945961167 0
      vertex 3.23606797749979 -2.3511410091698925 0
      vertex 3.505226720175454 -1.9270146964068615 0
    endloop
  endfacet
  facet normal 0 0 -1
    outer loop
      vertex 3.619123978303116 -7.691029945961167 0
      vertex 3.505226720175454 -1.9270146964068615 0
      vertex 3.719105943553005 -1.4724982107387135 0
    endloop
  endfacet
  facet normal 0 0 -1
    outer loop
      vertex 3.619123978303116 -7.691029945961167 0
      vertex 3.719105943553005 -1.4724982107387135 0
      vertex 3.8743326445145247 -0.9947595486594177 0
    endloop
  endfacet
  facet normal 0 0 -1
    outer loop
      vertex 3.619123978303116 -7.691029945961167 0
      vertex 3.8743326445145247 -0.9947595486594177 0
      vertex 3.953385873788958 -0.5803480081230072 0
    endloop
  endfacet
  facet normal 0 0 -1
    outer loop
      vertex 3.619123978303116 -7.691029945961167 0
      vertex 4.5545277573214715 7.176787366767128 0
      vertex 4.554527757321468 -7.17678736676713 0
    endloop
  endfacet
  facet normal 0 0 -1
    outer loop
      vertex 3.953385873788958 -0.5803480081230072 0
      vertex 3.9314338553438004 -0.5583959896778494 0
      vertex 3.9533858737889584 0.5803480081230074 0
    endloop
  endfacet
  facet normal 0 0 -1
    outer loop
      vertex 3.9314338553438004 -0.5583959896778494 0
      vertex 3.7964963095196045 -0.2935661446562 0
      vertex 3.9533858737889584 0.5803480081230074 0
    endloop
  endfacet
  facet normal 0 0 -1
    outer loop
      vertex 3.619123978303116 -7.691029945961167 0
      vertex 3.953385873788958 -0.5803480081230072 0
      vertex 4.5545277573214715 7.176787366767128 0
    endloop
  endfacet
  facet normal 0.5877852522924728 -0.8090169943749476 0
    outer loop
      vertex 4.554527757321468 -7.17678736676713 0
      vertex 5.418103912863865 -6.549362563594206 0
      vertex 5.418103912863865 -6.549362563594206 25
    endloop
  endfacet
  facet normal 0.684547105928689 -0.7289686274214111 0
    outer loop
      vertex 5.418103912863865 -6.549362563594206 0
      vertex 6.196233333081999 -5.818650400393852 0
      vertex 6.196233333081999 -5.818650400393852 25
    endloop
  endfacet
  facet normal 0.7705132427757891 -0.6374239897486899 0
    outer loop
      vertex 6.196233333081999 -5.818650400393852 0
      vertex 6.876644452187053 -4.996174644486022 0
      vertex 6.196233333081999 -5.818650400393852 25
    endloop
  endfacet
  facet normal 0.8443279255020151 -0.5358267949789967 0
    outer loop
      vertex 6.876644452187053 -4.996174644486022 0
      vertex 7.44860678037284 -4.094906229864581 0
      vertex 6.876644452187053 -4.996174644486022 25
    endloop
  endfacet
  facet normal 0 0 -1
    outer loop
      vertex 4.554527757321468 -7.17678736676713 0
      vertex 5.418103912863863 6.549362563594208 0
      vertex 5.418103912863865 -6.549362563594206 0
    endloop
  endfacet
  facet normal 0 0 -1
    outer loop
      vertex 5.418103912863865 -6.549362563594206 0
      vertex 6.196233333081998 5.818650400393854 0
      vertex 6.196233333081999 -5.818650400393852 0
    endloop
  endfacet
  facet normal 0 0 -1
    outer loop
      vertex 6.196233333081999 -5.818650400393852 0
      vertex 6.876644452187053 4.996174644486022 0
      vertex 6.876644452187053 -4.996174644486022 0
    endloop
  endfacet
  facet normal 0 0 -1
    outer loop
      vertex 6.876644452187053 -4.996174644486022 0
      vertex 7.448606780372841 4.094906229864581 0
      vertex 7.44860678037284 -4.094906229864581 0
    endloop
  endfacet
  facet normal 0 0 -1
    outer loop
      vertex 7.44860678037284 -4.094906229864581 0
      vertex 7.903100130050136 3.129058697819763 0
      vertex 7.903100130050135 -3.129058697819766 0
    endloop
  endfacet
  facet normal 0 0 -1
    outer loop
      vertex 7.903100130050135 -3.129058697819766 0
      vertex 8.232956869593364 2.113864040901266 0
      vertex 8.232956869593366 -2.113864040901263 0
    endloop
  endfacet
  facet normal 0 0 -1
    outer loop
      vertex 8.232956869593366 -2.113864040901263 0
      vertex 8.432974961173063 1.0653324852965862 0
      vertex 8.432974961173063 -1.0653324852965846 0
    endloop
  endfacet
  facet normal 0.9048270524660194 -0.42577929156507277 0
    outer loop
      vertex 7.44860678037284 -4.094906229864581 0
      vertex 7.903100130050135 -3.129058697819766 0
      vertex 7.44860678037284 -4.094906229864581 25
    endloop
  endfacet
  facet normal 0.9510565162951533 -0.30901699437494823 0
    outer loop
      vertex 7.903100130050135 -3.129058697819766 0
      vertex 8.232956869593366 -2.113864040901263 0
      vertex 7.903100130050135 -3.129058697819766 25
    endloop
  endfacet
  facet normal 0.9822872507286887 -0.18738131458572463 0
    outer loop
      vertex 8.232956869593366 -2.113864040901263 0
      vertex 8.432974961173063 -1.0653324852965846 0
      vertex 8.232956869593366 -2.113864040901263 25
    endloop
  endfacet
  facet normal 0.9980267284282716 -0.06279051952931243 0
    outer loop
      vertex 8.432974961173063 -1.0653324852965846 0
      vertex 8.5 0 0
      vertex 8.432974961173063 -1.0653324852965846 25
    endloop
  endfacet
  facet normal 0.12533323356430498 -0.9921147013144779 0
    outer loop
      vertex 0.533719415999167 -8.483227191640308 0
      vertex 1.592741173978661 -8.349441631193853 25
      vertex 0.533719415999167 -8.483227191640308 25
    endloop
  endfacet
  facet normal 0.2486898871648558 -0.9685831611286309 0
    outer loop
      vertex 1.592741173978661 -8.349441631193853 0
      vertex 2.626644452187053 -8.083980388508804 25
      vertex 1.592741173978661 -8.349441631193853 25
    endloop
  endfacet
  facet normal 0.3681245526846769 -0.9297764858882519 0
    outer loop
      vertex 2.626644452187053 -8.083980388508804 0
      vertex 3.619123978303116 -7.691029945961167 25
      vertex 2.626644452187053 -8.083980388508804 25
    endloop
  endfacet
  facet normal 0.4817536741017154 -0.8763066800438635 0
    outer loop
      vertex 3.619123978303116 -7.691029945961167 0
      vertex 4.554527757321468 -7.17678736676713 25
      vertex 3.619123978303116 -7.691029945961167 25
    endloop
  endfacet
  facet normal 0 0 1
    outer loop
      vertex -0.533719415999167 -8.483227191640308 25
      vertex 0.533719415999167 -8.483227191640308 25
      vertex 0.25116207811725505 -3.9921069137130862 25
    endloop
  endfacet
  facet normal 0 0 1
    outer loop
      vertex 0.533719415999167 -8.483227191640308 25
      vertex 1.592741173978661 -8.349441631193853 25
      vertex 0.25116207811725505 -3.9921069137130862 25
    endloop
  endfacet
  facet normal 0 0 1
    outer loop
      vertex 1.592741173978661 -8.349441631193853 25
      vertex 2.626644452187053 -8.083980388508804 25
      vertex 1.4821318152395295 -3.6839195868648513 25
    endloop
  endfacet
  facet normal 0 0 1
    outer loop
      vertex 1.592741173978661 -8.349441631193853 25
      vertex 0.7495252583428993 -3.9291490029147544 25
      vertex 0.25116207811725505 -3.9921069137130862 25
    endloop
  endfacet
  facet normal 0 0 1
    outer loop
      vertex 1.592741173978661 -8.349441631193853 25
      vertex 1.2360679774997896 -3.804226065180614 25
      vertex 0.7495252583428993 -3.9291490029147544 25
    endloop
  endfacet
  facet normal 0 0 1
    outer loop
      vertex 1.592741173978661 -8.349441631193853 25
      vertex 1.4752726813339159 -3.70951822309652 25
      vertex 1.2360679774997896 -3.804226065180614 25
    endloop
  endfacet
  facet normal 0 0 1
    outer loop
      vertex 1.592741173978661 -8.349441631193853 25
      vertex 1.4821318152395295 -3.6839195868648513 25
      vertex 1.4752726813339159 -3.70951822309652 25
    endloop
  endfacet
  facet normal 0 0 1
    outer loop
      vertex 2.626644452187053 -8.083980388508804 25
      vertex 1.6440124157964757 -3.4346453217459465 25
      vertex 1.4821318152395295 -3.6839195868648513 25
    endloop
  endfacet
  facet normal 0 0 1
    outer loop
      vertex 2.626644452187053 -8.083980388508804 25
      vertex 1.875 -3.2475952641916446 25
      vertex 1.6440124157964757 -3.4346453217459465 25
    endloop
  endfacet
  facet normal 0 0 1
    outer loop
      vertex 2.626644452187053 -8.083980388508804 25
      vertex 3.619123978303116 -7.691029945961167 25
      vertex 2.54969595899476 -3.082052971103156 25
    endloop
  endfacet
  facet normal 0 0 1
    outer loop
      vertex 2.626644452187053 -8.083980388508804 25
      vertex 2.1524838937231285 -3.1410791770897464 25
      vertex 1.875 -3.2475952641916446 25
    endloop
  endfacet
  facet normal 0 0 1
    outer loop
      vertex 2.626644452187053 -8.083980388508804 25
      vertex 2.449302040104271 -3.1255235971870023 25
      vertex 2.1524838937231285 -3.1410791770897464 25
    endloop
  endfacet
  facet normal 0 0 1
    outer loop
      vertex 2.626644452187053 -8.083980388508804 25
      vertex 2.478935092785977 -3.1334637497223343 25
      vertex 2.449302040104271 -3.1255235971870023 25
    endloop
  endfacet
  facet normal 0 0 1
    outer loop
      vertex 2.626644452187053 -8.083980388508804 25
      vertex 2.54969595899476 -3.082052971103156 25
      vertex 2.478935092785977 -3.1334637497223343 25
    endloop
  endfacet
  facet normal 0 0 1
    outer loop
      vertex 3.619123978303116 -7.691029945961167 25
      vertex 2.9158745096856467 -2.738188423714754 25
      vertex 2.54969595899476 -3.082052971103156 25
    endloop
  endfacet
  facet normal 0 0 1
    outer loop
      vertex 3.619123978303116 -7.691029945961167 25
      vertex 4.554527757321468 -7.17678736676713 25
      vertex 3.505226720175454 -1.9270146964068615 25
    endloop
  endfacet
  facet normal 0 0 1
    outer loop
      vertex 3.619123978303116 -7.691029945961167 25
      vertex 3.23606797749979 -2.3511410091698925 25
      vertex 2.9158745096856467 -2.738188423714754 25
    endloop
  endfacet
  facet normal 0 0 1
    outer loop
      vertex 3.619123978303116 -7.691029945961167 25
      vertex 3.505226720175454 -1.9270146964068615 25
      vertex 3.23606797749979 -2.3511410091698925 25
    endloop
  endfacet
  facet normal 0 0 1
    outer loop
      vertex 4.554527757321468 -7.17678736676713 25
      vertex 3.719105943553005 -1.4724982107387135 25
      vertex 3.505226720175454 -1.9270146964068615 25
    endloop
  endfacet
  facet normal 0 0 1
    outer loop
      vertex 4.554527757321468 -7.17678736676713 25
      vertex 3.8743326445145247 -0.9947595486594177 25
      vertex 3.719105943553005 -1.4724982107387135 25
    endloop
  endfacet
  facet normal 0 0 1
    outer loop
      vertex 4.554527757321468 -7.17678736676713 25
      vertex 3.953385873788958 -0.5803480081230072 25
      vertex 3.8743326445145247 -0.9947595486594177 25
    endloop
  endfacet
  facet normal 0 0 1
    outer loop
      vertex 4.554527757321468 -7.17678736676713 25
      vertex 3.9533858737889584 0.5803480081230074 25
      vertex 3.953385873788958 -0.5803480081230072 25
    endloop
  endfacet
  facet normal 0 0 1
    outer loop
      vertex 3.9314338553438004 -0.5583959896778494 25
      vertex 3.75 0 25
      vertex 3.7964963095196045 -0.2935661446562 25
    endloop
  endfacet
  facet normal 0 0 1
    outer loop
      vertex 3.953385873788958 -0.5803480081230072 25
      vertex 3.7964963095196045 0.2935661446562 25
      vertex 3.9314338553438004 -0.5583959896778494 25
    endloop
  endfacet
  facet normal 0 0 1
    outer loop
      vertex 3.9314338553438004 -0.5583959896778494 25
      vertex 3.7964963095196045 0.2935661446562 25
      vertex 3.75 0 25
    endloop
  endfacet
  facet normal 0.5877852522924728 -0.8090169943749476 0
    outer loop
      vertex 4.554527757321468 -7.17678736676713 0
      vertex 5.418103912863865 -6.549362563594206 25
      vertex 4.554527757321468 -7.17678736676713 25
    endloop
  endfacet
  facet normal 0.684547105928689 -0.7289686274214111 0
    outer loop
      vertex 5.418103912863865 -6.549362563594206 0
      vertex 6.196233333081999 -5.818650400393852 25
      vertex 5.418103912863865 -6.549362563594206 25
    endloop
  endfacet
  facet normal 0.7705132427757891 -0.6374239897486899 0
    outer loop
      vertex 6.876644452187053 -4.996174644486022 0
      vertex 6.876644452187053 -4.996174644486022 25
      vertex 6.196233333081999 -5.818650400393852 25
    endloop
  endfacet
  facet normal 0.8443279255020151 -0.5358267949789967 0
    outer loop
      vertex 7.44860678037284 -4.094906229864581 0
      vertex 7.44860678037284 -4.094906229864581 25
      vertex 6.876644452187053 -4.996174644486022 25
    endloop
  endfacet
  facet normal 0.9048270524660194 -0.42577929156507277 0
    outer loop
      vertex 7.903100130050135 -3.129058697819766 0
      vertex 7.903100130050135 -3.129058697819766 25
      vertex 7.44860678037284 -4.094906229864581 25
    endloop
  endfacet
  facet normal 0.9510565162951533 -0.30901699437494823 0
    outer loop
      vertex 8.232956869593366 -2.113864040901263 0
      vertex 8.232956869593366 -2.113864040901263 25
      vertex 7.903100130050135 -3.129058697819766 25
    endloop
  endfacet
  facet normal 0.9822872507286887 -0.18738131458572463 0
    outer loop
      vertex 8.432974961173063 -1.0653324852965846 0
      vertex 8.432974961173063 -1.0653324852965846 25
      vertex 8.232956869593366 -2.113864040901263 25
    endloop
  endfacet
  facet normal 0.9980267284282716 -0.06279051952931243 0
    outer loop
      vertex 8.432974961173063 -1.0653324852965846 25
      vertex 8.5 0 0
      vertex 8.5 0 25
    endloop
  endfacet
  facet normal 0 0 1
    outer loop
      vertex 4.554527757321468 -7.17678736676713 25
      vertex 5.418103912863865 -6.549362563594206 25
      vertex 4.5545277573214715 7.176787366767128 25
    endloop
  endfacet
  facet normal 0 0 1
    outer loop
      vertex 5.418103912863865 -6.549362563594206 25
      vertex 6.196233333081999 -5.818650400393852 25
      vertex 5.418103912863863 6.549362563594208 25
    endloop
  endfacet
  facet normal 0 0 1
    outer loop
      vertex 6.196233333081999 -5.818650400393852 25
      vertex 6.876644452187053 -4.996174644486022 25
      vertex 6.196233333081998 5.818650400393854 25
    endloop
  endfacet
  facet normal 0 0 1
    outer loop
      vertex 6.876644452187053 -4.996174644486022 25
      vertex 7.44860678037284 -4.094906229864581 25
      vertex 6.876644452187053 4.996174644486022 25
    endloop
  endfacet
  facet normal 0 0 1
    outer loop
      vertex 7.44860678037284 -4.094906229864581 25
      vertex 7.903100130050135 -3.129058697819766 25
      vertex 7.448606780372841 4.094906229864581 25
    endloop
  endfacet
  facet normal 0 0 1
    outer loop
      vertex 7.903100130050135 -3.129058697819766 25
      vertex 8.232956869593366 -2.113864040901263 25
      vertex 7.903100130050136 3.129058697819763 25
    endloop
  endfacet
  facet normal 0 0 1
    outer loop
      vertex 8.232956869593366 -2.113864040901263 25
      vertex 8.432974961173063 -1.0653324852965846 25
      vertex 8.232956869593364 2.113864040901266 25
    endloop
  endfacet
  facet normal 0 0 -1
    outer loop
      vertex 3.7964963095196045 -0.2935661446562 0
      vertex 3.75 0 0
      vertex 3.7964963095196045 0.2935661446562 0
    endloop
  endfacet
  facet normal 0 0 -1
    outer loop
      vertex 3.7964963095196045 -0.2935661446562 0
      vertex 3.7964963095196045 0.2935661446562 0
      vertex 3.9314338553438004 0.5583959896778494 0
    endloop
  endfacet
  facet normal 0 0 -1
    outer loop
      vertex 3.7964963095196045 -0.2935661446562 0
      vertex 3.9314338553438004 0.5583959896778494 0
      vertex 3.9533858737889584 0.5803480081230074 0
    endloop
  endfacet
  facet normal 0 0 -1
    outer loop
      vertex 4.5545277573214715 7.176787366767128 0
      vertex 3.953385873788958 -0.5803480081230072 0
      vertex 3.9533858737889584 0.5803480081230074 0
    endloop
  endfacet
  facet normal 0 0 -1
    outer loop
      vertex 4.5545277573214715 7.176787366767128 0
      vertex 3.9533858737889584 0.5803480081230074 0
      vertex 3.8743326445145243 0.9947595486594192 0
    endloop
  endfacet
  facet normal 0 0 -1
    outer loop
      vertex 3.619123978303118 7.691029945961166 0
      vertex 3.5052267201754543 1.9270146964068613 0
      vertex 3.23606797749979 2.3511410091698925 0
    endloop
  endfacet
  facet normal 0 0 -1
    outer loop
      vertex 4.5545277573214715 7.176787366767128 0
      vertex 3.7191059435530054 1.472498210738712 0
      vertex 3.5052267201754543 1.9270146964068613 0
    endloop
  endfacet
  facet normal 0 0 -1
    outer loop
      vertex 4.5545277573214715 7.176787366767128 0
      vertex 3.8743326445145243 0.9947595486594192 0
      vertex 3.7191059435530054 1.472498210738712 0
    endloop
  endfacet
  facet normal 0 0 -1
    outer loop
      vertex 1.5927411739786588 8.349441631193853 0
      vertex 0.7495252583428983 3.929149002914755 0
      vertex 0.251162078117252 3.9921069137130862 0
    endloop
  endfacet
  facet normal 0 0 -1
    outer loop
      vertex 1.5927411739786588 8.349441631193853 0
      vertex 1.4752726813339159 3.70951822309652 0
      vertex 1.2360679774997896 3.804226065180614 0
    endloop
  endfacet
  facet normal 0 0 -1
    outer loop
      vertex 1.5927411739786588 8.349441631193853 0
      vertex 1.4821318152395295 3.6839195868648513 0
      vertex 1.4752726813339159 3.70951822309652 0
    endloop
  endfacet
  facet normal 0 0 -1
    outer loop
      vertex 2.626644452187053 8.083980388508804 0
      vertex 1.875 3.2475952641916446 0
      vertex 1.6440124157964757 3.4346453217459465 0
    endloop
  endfacet
  facet normal 0 0 -1
    outer loop
      vertex 2.626644452187053 8.083980388508804 0
      vertex 1.6440124157964757 3.4346453217459465 0
      vertex 1.4821318152395295 3.6839195868648513 0
    endloop
  endfacet
  facet normal 0 0 -1
    outer loop
      vertex 1.5927411739786588 8.349441631193853 0
      vertex 1.2360679774997896 3.804226065180614 0
      vertex 0.7495252583428983 3.929149002914755 0
    endloop
  endfacet
  facet normal 0 0 -1
    outer loop
      vertex -0.5337194159991628 8.483227191640308 0
      vertex 0.5337194159991628 8.483227191640308 0
      vertex 0.251162078117252 3.9921069137130862 0
    endloop
  endfacet
  facet normal 0 0 -1
    outer loop
      vertex 0.5337194159991628 8.483227191640308 0
      vertex 1.5927411739786588 8.349441631193853 0
      vertex 0.251162078117252 3.9921069137130862 0
    endloop
  endfacet
  facet normal 0 0 -1
    outer loop
      vertex 1.5927411739786588 8.349441631193853 0
      vertex 2.626644452187053 8.083980388508804 0
      vertex 1.4821318152395295 3.6839195868648513 0
    endloop
  endfacet
  facet normal 0 0 -1
    outer loop
      vertex 2.626644452187053 8.083980388508804 0
      vertex 2.549695958994759 3.0820529711031566 0
      vertex 2.478935092785977 3.1334637497223343 0
    endloop
  endfacet
  facet normal 0 0 -1
    outer loop
      vertex 2.626644452187053 8.083980388508804 0
      vertex 2.1524838937231285 3.1410791770897464 0
      vertex 1.875 3.2475952641916446 0
    endloop
  endfacet
  facet normal 0 0 -1
    outer loop
      vertex 2.626644452187053 8.083980388508804 0
      vertex 2.449302040104271 3.1255235971870023 0
      vertex 2.1524838937231285 3.1410791770897464 0
    endloop
  endfacet
  facet normal 0 0 -1
    outer loop
      vertex 2.626644452187053 8.083980388508804 0
      vertex 2.478935092785977 3.1334637497223343 0
      vertex 2.449302040104271 3.1255235971870023 0
    endloop
  endfacet
  facet normal 0 0 -1
    outer loop
      vertex 3.619123978303118 7.691029945961166 0
      vertex 2.915874509685646 2.738188423714755 0
      vertex 2.549695958994759 3.0820529711031566 0
    endloop
  endfacet
  facet normal 0 0 -1
    outer loop
      vertex 2.626644452187053 8.083980388508804 0
      vertex 3.619123978303118 7.691029945961166 0
      vertex 2.549695958994759 3.0820529711031566 0
    endloop
  endfacet
  facet normal 0 0 -1
    outer loop
      vertex 3.619123978303118 7.691029945961166 0
      vertex 3.23606797749979 2.3511410091698925 0
      vertex 2.915874509685646 2.738188423714755 0
    endloop
  endfacet
  facet normal 0 0 -1
    outer loop
      vertex 3.619123978303118 7.691029945961166 0
      vertex 4.5545277573214715 7.176787366767128 0
      vertex 3.5052267201754543 1.9270146964068613 0
    endloop
  endfacet
  facet normal 0.12533323356430473 0.9921147013144779 0
    outer loop
      vertex 0.5337194159991628 8.483227191640308 0
      vertex 0.5337194159991628 8.483227191640308 25
      vertex 1.5927411739786588 8.349441631193853 0
    endloop
  endfacet
  facet normal 0.2486898871648553 0.968583161128631 0
    outer loop
      vertex 1.5927411739786588 8.349441631193853 0
      vertex 1.5927411739786588 8.349441631193853 25
      vertex 2.626644452187053 8.083980388508804 0
    endloop
  endfacet
  facet normal 0.3681245526846769 0.9297764858882518 0
    outer loop
      vertex 2.626644452187053 8.083980388508804 0
      vertex 2.626644452187053 8.083980388508804 25
      vertex 3.619123978303118 7.691029945961166 0
    endloop
  endfacet
  facet normal 0.4817536741017155 0.8763066800438636 0
    outer loop
      vertex 3.619123978303118 7.691029945961166 0
      vertex 3.619123978303118 7.691029945961166 25
      vertex 4.5545277573214715 7.176787366767128 0
    endloop
  endfacet
  facet normal 0 0 -1
    outer loop
      vertex 5.418103912863865 -6.549362563594206 0
      vertex 5.418103912863863 6.549362563594208 0
      vertex 6.196233333081998 5.818650400393854 0
    endloop
  endfacet
  facet normal 0 0 -1
    outer loop
      vertex 4.554527757321468 -7.17678736676713 0
      vertex 4.5545277573214715 7.176787366767128 0
      vertex 5.418103912863863 6.549362563594208 0
    endloop
  endfacet
  facet normal 0 0 -1
    outer loop
      vertex 6.196233333081999 -5.818650400393852 0
      vertex 6.196233333081998 5.818650400393854 0
      vertex 6.876644452187053 4.996174644486022 0
    endloop
  endfacet
  facet normal 0 0 -1
    outer loop
      vertex 6.876644452187053 -4.996174644486022 0
      vertex 6.876644452187053 4.996174644486022 0
      vertex 7.448606780372841 4.094906229864581 0
    endloop
  endfacet
  facet normal 0 0 -1
    outer loop
      vertex 7.44860678037284 -4.094906229864581 0
      vertex 7.448606780372841 4.094906229864581 0
      vertex 7.903100130050136 3.129058697819763 0
    endloop
  endfacet
  facet normal 0 0 -1
    outer loop
      vertex 8.432974961173063 -1.0653324852965846 0
      vertex 8.432974961173063 1.0653324852965862 0
      vertex 8.5 0 0
    endloop
  endfacet
  facet normal 0 0 -1
    outer loop
      vertex 8.232956869593366 -2.113864040901263 0
      vertex 8.232956869593364 2.113864040901266 0
      vertex 8.432974961173063 1.0653324852965862 0
    endloop
  endfacet
  facet normal 0 0 -1
    outer loop
      vertex 7.903100130050135 -3.129058697819766 0
      vertex 7.903100130050136 3.129058697819763 0
      vertex 8.232956869593364 2.113864040901266 0
    endloop
  endfacet
  facet normal 0.9980267284282716 0.06279051952931233 0
    outer loop
      vertex 8.5 0 0
      vertex 8.432974961173063 1.0653324852965862 0
      vertex 8.5 0 25
    endloop
  endfacet
  facet normal 0.9822872507286884 0.18738131458572593 0
    outer loop
      vertex 8.432974961173063 1.0653324852965862 0
      vertex 8.232956869593364 2.113864040901266 0
      vertex 8.432974961173063 1.0653324852965862 25
    endloop
  endfacet
  facet normal 0.9510565162951535 0.3090169943749477 0
    outer loop
      vertex 8.232956869593364 2.113864040901266 0
      vertex 7.903100130050136 3.129058697819763 0
      vertex 8.232956869593364 2.113864040901266 25
    endloop
  endfacet
  facet normal 0.90482705246602 0.4257792915650717 0
    outer loop
      vertex 7.903100130050136 3.129058697819763 0
      vertex 7.448606780372841 4.094906229864581 0
      vertex 7.903100130050136 3.129058697819763 25
    endloop
  endfacet
  facet normal 0.6845471059286887 0.7289686274214116 0
    outer loop
      vertex 6.196233333081998 5.818650400393854 0
      vertex 5.418103912863863 6.549362563594208 0
      vertex 5.418103912863863 6.549362563594208 25
    endloop
  endfacet
  facet normal 0.587785252292473 0.8090169943749475 0
    outer loop
      vertex 4.5545277573214715 7.176787366767128 0
      vertex 4.5545277573214715 7.176787366767128 25
      vertex 5.418103912863863 6.549362563594208 0
    endloop
  endfacet
  facet normal 0.7705132427757893 0.6374239897486896 0
    outer loop
      vertex 6.196233333081998 5.818650400393854 0
      vertex 6.876644452187053 4.996174644486022 25
      vertex 6.876644452187053 4.996174644486022 0
    endloop
  endfacet
  facet normal 0.8443279255020147 0.5358267949789973 0
    outer loop
      vertex 7.448606780372841 4.094906229864581 0
      vertex 6.876644452187053 4.996174644486022 0
      vertex 7.448606780372841 4.094906229864581 25
    endloop
  endfacet
  facet normal 0 0 1
    outer loop
      vertex 3.953385873788958 -0.5803480081230072 25
      vertex 3.9314338553438004 0.5583959896778494 25
      vertex 3.7964963095196045 0.2935661446562 25
    endloop
  endfacet
  facet normal 0 0 1
    outer loop
      vertex 3.953385873788958 -0.5803480081230072 25
      vertex 3.9533858737889584 0.5803480081230074 25
      vertex 3.9314338553438004 0.5583959896778494 25
    endloop
  endfacet
  facet normal 0 0 1
    outer loop
      vertex 4.554527757321468 -7.17678736676713 25
      vertex 3.619123978303118 7.691029945961166 25
      vertex 3.9533858737889584 0.5803480081230074 25
    endloop
  endfacet
  facet normal 0 0 1
    outer loop
      vertex 4.554527757321468 -7.17678736676713 25
      vertex 4.5545277573214715 7.176787366767128 25
      vertex 3.619123978303118 7.691029945961166 25
    endloop
  endfacet
  facet normal 0 0 1
    outer loop
      vertex 3.619123978303118 7.691029945961166 25
      vertex 3.8743326445145243 0.9947595486594192 25
      vertex 3.9533858737889584 0.5803480081230074 25
    endloop
  endfacet
  facet normal 0 0 1
    outer loop
      vertex 3.619123978303118 7.691029945961166 25
      vertex 3.5052267201754543 1.9270146964068613 25
      vertex 3.7191059435530054 1.472498210738712 25
    endloop
  endfacet
  facet normal 0 0 1
    outer loop
      vertex 3.619123978303118 7.691029945961166 25
      vertex 3.23606797749979 2.3511410091698925 25
      vertex 3.5052267201754543 1.9270146964068613 25
    endloop
  endfacet
  facet normal 0 0 1
    outer loop
      vertex 3.619123978303118 7.691029945961166 25
      vertex 3.7191059435530054 1.472498210738712 25
      vertex 3.8743326445145243 0.9947595486594192 25
    endloop
  endfacet
  facet normal 0 1 0
    outer loop
      vertex -0.5337194159991628 8.483227191640308 25
      vertex 0.5337194159991628 8.483227191640308 25
      vertex 0.5337194159991628 8.483227191640308 0
    endloop
  endfacet
  facet normal 0.12533323356430473 0.9921147013144779 0
    outer loop
      vertex 1.5927411739786588 8.349441631193853 0
      vertex 0.5337194159991628 8.483227191640308 25
      vertex 1.5927411739786588 8.349441631193853 25
    endloop
  endfacet
  facet normal 0.2486898871648553 0.968583161128631 0
    outer loop
      vertex 2.626644452187053 8.083980388508804 0
      vertex 1.5927411739786588 8.349441631193853 25
      vertex 2.626644452187053 8.083980388508804 25
    endloop
  endfacet
  facet normal 0.4817536741017155 0.8763066800438636 0
    outer loop
      vertex 4.5545277573214715 7.176787366767128 0
      vertex 3.619123978303118 7.691029945961166 25
      vertex 4.5545277573214715 7.176787366767128 25
    endloop
  endfacet
  facet normal 0.3681245526846769 0.9297764858882518 0
    outer loop
      vertex 3.619123978303118 7.691029945961166 0
      vertex 2.626644452187053 8.083980388508804 25
      vertex 3.619123978303118 7.691029945961166 25
    endloop
  endfacet
  facet normal 0 0 1
    outer loop
      vertex 0.5337194159991628 8.483227191640308 25
      vertex -0.251162078117252 3.9921069137130862 25
      vertex 0.2511620781172531 3.9921069137130862 25
    endloop
  endfacet
  facet normal 0 0 1
    outer loop
      vertex 0.5337194159991628 8.483227191640308 25
      vertex 0.2511620781172531 3.9921069137130862 25
      vertex 0.7495252583428983 3.929149002914755 25
    endloop
  endfacet
  facet normal 0 0 1
    outer loop
      vertex 0.5337194159991628 8.483227191640308 25
      vertex 0.7495252583428983 3.929149002914755 25
      vertex 1.2360679774997896 3.804226065180614 25
    endloop
  endfacet
  facet normal 0 0 1
    outer loop
      vertex 1.5927411739786588 8.349441631193853 25
      vertex 1.2360679774997896 3.804226065180614 25
      vertex 1.4752726813339159 3.70951822309652 25
    endloop
  endfacet
  facet normal 0 0 1
    outer loop
      vertex 1.5927411739786588 8.349441631193853 25
      vertex 1.4821318152395295 3.6839195868648513 25
      vertex 1.6440124157964757 3.4346453217459465 25
    endloop
  endfacet
  facet normal 0 0 1
    outer loop
      vertex 1.5927411739786588 8.349441631193853 25
      vertex 1.4752726813339159 3.70951822309652 25
      vertex 1.4821318152395295 3.6839195868648513 25
    endloop
  endfacet
  facet normal 0 0 1
    outer loop
      vertex 1.5927411739786588 8.349441631193853 25
      vertex 1.6440124157964757 3.4346453217459465 25
      vertex 1.875 3.2475952641916446 25
    endloop
  endfacet
  facet normal 0 0 1
    outer loop
      vertex 1.5927411739786588 8.349441631193853 25
      vertex 1.875 3.2475952641916446 25
      vertex 2.1524838937231285 3.1410791770897464 25
    endloop
  endfacet
  facet normal 0 0 1
    outer loop
      vertex 0.5337194159991628 8.483227191640308 25
      vertex 1.2360679774997896 3.804226065180614 25
      vertex 1.5927411739786588 8.349441631193853 25
    endloop
  endfacet
  facet normal 0 0 1
    outer loop
      vertex 1.5927411739786588 8.349441631193853 25
      vertex 2.1524838937231285 3.1410791770897464 25
      vertex 2.626644452187053 8.083980388508804 25
    endloop
  endfacet
  facet normal 0 0 1
    outer loop
      vertex 2.626644452187053 8.083980388508804 25
      vertex 2.478935092785977 3.1334637497223343 25
      vertex 2.549695958994759 3.0820529711031566 25
    endloop
  endfacet
  facet normal 0 0 1
    outer loop
      vertex 2.626644452187053 8.083980388508804 25
      vertex 2.1524838937231285 3.1410791770897464 25
      vertex 2.449302040104271 3.1255235971870023 25
    endloop
  endfacet
  facet normal 0 0 1
    outer loop
      vertex 2.626644452187053 8.083980388508804 25
      vertex 2.449302040104271 3.1255235971870023 25
      vertex 2.478935092785977 3.1334637497223343 25
    endloop
  endfacet
  facet normal 0 0 1
    outer loop
      vertex 2.626644452187053 8.083980388508804 25
      vertex 2.549695958994759 3.0820529711031566 25
      vertex 2.915874509685646 2.738188423714755 25
    endloop
  endfacet
  facet normal 0 0 1
    outer loop
      vertex 2.626644452187053 8.083980388508804 25
      vertex 2.915874509685646 2.738188423714755 25
      vertex 3.23606797749979 2.3511410091698925 25
    endloop
  endfacet
  facet normal 0 0 1
    outer loop
      vertex 2.626644452187053 8.083980388508804 25
      vertex 3.23606797749979 2.3511410091698925 25
      vertex 3.619123978303118 7.691029945961166 25
    endloop
  endfacet
  facet normal 0.9980267284282716 0.06279051952931233 0
    outer loop
      vertex 8.432974961173063 1.0653324852965862 0
      vertex 8.432974961173063 1.0653324852965862 25
      vertex 8.5 0 25
    endloop
  endfacet
  facet normal 0.9822872507286884 0.18738131458572593 0
    outer loop
      vertex 8.232956869593364 2.113864040901266 0
      vertex 8.232956869593364 2.113864040901266 25
      vertex 8.432974961173063 1.0653324852965862 25
    endloop
  endfacet
  facet normal 0.9510565162951535 0.3090169943749477 0
    outer loop
      vertex 7.903100130050136 3.129058697819763 0
      vertex 7.903100130050136 3.129058697819763 25
      vertex 8.232956869593364 2.113864040901266 25
    endloop
  endfacet
  facet normal 0.90482705246602 0.4257792915650717 0
    outer loop
      vertex 7.448606780372841 4.094906229864581 0
      vertex 7.448606780372841 4.094906229864581 25
      vertex 7.903100130050136 3.129058697819763 25
    endloop
  endfacet
  facet normal 0 0 1
    outer loop
      vertex 5.418103912863865 -6.549362563594206 25
      vertex 5.418103912863863 6.549362563594208 25
      vertex 4.5545277573214715 7.176787366767128 25
    endloop
  endfacet
  facet normal 0 0 1
    outer loop
      vertex 6.196233333081999 -5.818650400393852 25
      vertex 6.196233333081998 5.818650400393854 25
      vertex 5.418103912863863 6.549362563594208 25
    endloop
  endfacet
  facet normal 0 0 1
    outer loop
      vertex 6.876644452187053 -4.996174644486022 25
      vertex 6.876644452187053 4.996174644486022 25
      vertex 6.196233333081998 5.818650400393854 25
    endloop
  endfacet
  facet normal 0 0 1
    outer loop
      vertex 7.44860678037284 -4.094906229864581 25
      vertex 7.448606780372841 4.094906229864581 25
      vertex 6.876644452187053 4.996174644486022 25
    endloop
  endfacet
  facet normal 0 0 1
    outer loop
      vertex 8.432974961173063 -1.0653324852965846 25
      vertex 8.5 0 25
      vertex 8.432974961173063 1.0653324852965862 25
    endloop
  endfacet
  facet normal 0 0 1
    outer loop
      vertex 8.232956869593366 -2.113864040901263 25
      vertex 8.232956869593364 2.113864040901266 25
      vertex 7.903100130050136 3.129058697819763 25
    endloop
  endfacet
  facet normal 0 0 1
    outer loop
      vertex 8.432974961173063 -1.0653324852965846 25
      vertex 8.432974961173063 1.0653324852965862 25
      vertex 8.232956869593364 2.113864040901266 25
    endloop
  endfacet
  facet normal 0 0 1
    outer loop
      vertex 7.903100130050135 -3.129058697819766 25
      vertex 7.903100130050136 3.129058697819763 25
      vertex 7.448606780372841 4.094906229864581 25
    endloop
  endfacet
  facet normal 0.6845471059286887 0.7289686274214116 0
    outer loop
      vertex 6.196233333081998 5.818650400393854 0
      vertex 5.418103912863863 6.549362563594208 25
      vertex 6.196233333081998 5.818650400393854 25
    endloop
  endfacet
  facet normal 0.587785252292473 0.8090169943749475 0
    outer loop
      vertex 5.418103912863863 6.549362563594208 0
      vertex 4.5545277573214715 7.176787366767128 25
      vertex 5.418103912863863 6.549362563594208 25
    endloop
  endfacet
  facet normal 0.8443279255020147 0.5358267949789973 0
    outer loop
      vertex 6.876644452187053 4.996174644486022 0
      vertex 6.876644452187053 4.996174644486022 25
      vertex 7.448606780372841 4.094906229864581 25
    endloop
  endfacet
  facet normal 0.7705132427757893 0.6374239897486896 0
    outer loop
      vertex 6.196233333081998 5.818650400393854 0
      vertex 6.196233333081998 5.818650400393854 25
      vertex 6.876644452187053 4.996174644486022 25
    endloop
  endfacet
endsolid OpenSCAD_Model
